/*******************************************************************************
 * Size: 22 px
 * Bpp: 4
 * Opts: --font <noto-sans-sc-dir>/NotoSansSC-Medium.otf -r 0x20-0x7E --symbols °·×÷–—‘’“”•…←↑→↓□　、。〈〉《》「」『』【】〔〕上不与且丢个中为了事交仅他令以件任休会低作例保信候允入共关其具内再写冲准出分切列刚创初别到刷前办功加务动化区单即压原发取口另只可号合吊同名后启命和响唤啊器回因固在地址块填处备多大天失头如始字存完审容密对射将小尚屏工已幕并应座建开式形待得忽态总息情成或户手打批找投拒择持按换排接提擦支收放效数文断新方无时是显暂更最有服期未本机条析果查校格检模次止正步段求法浏消清满点热状现理生用界留略的盖看眠知码确示离秒积称稍空端符等结络绝缓缺网置能自节获行表被覆览解认许设评试该详误请败超达过运返这进连送选递通配醒里重钟铃销错长闭闲队限除随需面音页频首验！％（）＋，－：；＝？～￥ --size 22 --bpp 4 --format lvgl --no-compress --lv-font-name codeloom_font_22 --lv-include lvgl.h -o assets/fonts/codeloom_font_22.c
 ******************************************************************************/

#ifdef LV_LVGL_H_INCLUDE_SIMPLE
#include "lvgl.h"
#else
#include "lvgl.h"
#endif

#ifndef CODELOOM_FONT_22
#define CODELOOM_FONT_22 1
#endif

#if CODELOOM_FONT_22

/*-----------------
 *    BITMAPS
 *----------------*/

/*Store the image of the glyphs*/
static LV_ATTRIBUTE_LARGE_CONST const uint8_t glyph_bitmap[] = {
    /* U+0020 " " */

    /* U+0021 "!" */
    0x8f, 0xf0, 0x7f, 0xf0, 0x6f, 0xf0, 0x6f, 0xf0,
    0x5f, 0xe0, 0x5f, 0xe0, 0x4f, 0xd0, 0x3f, 0xc0,
    0x3f, 0xc0, 0x2f, 0xb0, 0x2f, 0xa0, 0x1f, 0x90,
    0x0, 0x0, 0x2b, 0x80, 0xbf, 0xf4, 0xcf, 0xf5,
    0x4e, 0xc0,

    /* U+0022 "\"" */
    0xf, 0xf9, 0x3, 0xff, 0x60, 0xff, 0x80, 0x2f,
    0xf6, 0xf, 0xf8, 0x2, 0xff, 0x50, 0xef, 0x60,
    0xf, 0xf4, 0xc, 0xf5, 0x0, 0xff, 0x20, 0xaf,
    0x30, 0xd, 0xf0, 0x8, 0xf1, 0x0, 0xbe, 0x0,
    0x24, 0x0, 0x3, 0x40,

    /* U+0023 "#" */
    0x0, 0x0, 0xea, 0x0, 0x4f, 0x40, 0x0, 0x0,
    0xf8, 0x0, 0x6f, 0x20, 0x0, 0x2, 0xf6, 0x0,
    0x8f, 0x0, 0x0, 0x4, 0xf4, 0x0, 0xae, 0x0,
    0xa, 0xff, 0xff, 0xff, 0xff, 0xfc, 0x8, 0xce,
    0xfc, 0xcc, 0xfe, 0xca, 0x0, 0xa, 0xe0, 0x0,
    0xf9, 0x0, 0x0, 0xc, 0xc0, 0x2, 0xf7, 0x0,
    0x0, 0xd, 0xb0, 0x3, 0xf5, 0x0, 0x0, 0xf,
    0x90, 0x5, 0xf4, 0x0, 0x2f, 0xff, 0xff, 0xff,
    0xff, 0xf4, 0x1c, 0xdf, 0xdc, 0xce, 0xfc, 0xc3,
    0x0, 0x4f, 0x40, 0xa, 0xe0, 0x0, 0x0, 0x6f,
    0x20, 0xc, 0xc0, 0x0, 0x0, 0x8f, 0x0, 0xe,
    0xb0, 0x0, 0x0, 0xae, 0x0, 0xf, 0x90, 0x0,
    0x0, 0xbd, 0x0, 0x2f, 0x70, 0x0,

    /* U+0024 "$" */
    0x0, 0x0, 0x8f, 0x30, 0x0, 0x0, 0x0, 0x8,
    0xf3, 0x0, 0x0, 0x0, 0x1, 0xaf, 0x70, 0x0,
    0x0, 0x7, 0xff, 0xff, 0xf7, 0x0, 0x7, 0xff,
    0xec, 0xef, 0xf7, 0x0, 0xef, 0xb0, 0x0, 0x6d,
    0x10, 0x1f, 0xf5, 0x0, 0x0, 0x0, 0x1, 0xff,
    0x60, 0x0, 0x0, 0x0, 0xe, 0xfe, 0x20, 0x0,
    0x0, 0x0, 0x5f, 0xff, 0x80, 0x0, 0x0, 0x0,
    0x3e, 0xff, 0xe6, 0x0, 0x0, 0x0, 0x9, 0xff,
    0xfa, 0x0, 0x0, 0x0, 0x3, 0xcf, 0xf6, 0x0,
    0x0, 0x0, 0x0, 0xdf, 0xd0, 0x0, 0x0, 0x0,
    0x7, 0xff, 0x0, 0x10, 0x0, 0x0, 0x7f, 0xe0,
    0x3f, 0x81, 0x0, 0x1e, 0xfb, 0x8, 0xff, 0xfd,
    0xcf, 0xff, 0x30, 0x5, 0xef, 0xff, 0xfe, 0x40,
    0x0, 0x0, 0x2b, 0xf6, 0x0, 0x0, 0x0, 0x0,
    0x8f, 0x30, 0x0, 0x0, 0x0, 0x8, 0xf3, 0x0,
    0x0,

    /* U+0025 "%" */
    0x0, 0x4c, 0xfc, 0x50, 0x0, 0x0, 0x4, 0xf4,
    0x0, 0x0, 0x3, 0xfe, 0xae, 0xf6, 0x0, 0x0,
    0xd, 0xc0, 0x0, 0x0, 0xc, 0xf3, 0x1, 0xfe,
    0x0, 0x0, 0x5f, 0x30, 0x0, 0x0, 0xf, 0xc0,
    0x0, 0xaf, 0x20, 0x0, 0xdb, 0x0, 0x0, 0x0,
    0x2f, 0xa0, 0x0, 0x8f, 0x40, 0x6, 0xf3, 0x0,
    0x0, 0x0, 0x2f, 0xa0, 0x0, 0x8f, 0x40, 0xe,
    0xa0, 0x0, 0x0, 0x0, 0xf, 0xd0, 0x0, 0xaf,
    0x20, 0x7f, 0x20, 0x26, 0x73, 0x0, 0xb, 0xf3,
    0x1, 0xfe, 0x0, 0xea, 0x5, 0xff, 0xff, 0x70,
    0x3, 0xfe, 0x9d, 0xf6, 0x7, 0xf2, 0xe, 0xe3,
    0x2d, 0xf2, 0x0, 0x4c, 0xfc, 0x50, 0x1f, 0x90,
    0x6f, 0x70, 0x4, 0xf8, 0x0, 0x0, 0x0, 0x0,
    0x8f, 0x10, 0x8f, 0x30, 0x1, 0xfb, 0x0, 0x0,
    0x0, 0x1, 0xf8, 0x0, 0xaf, 0x20, 0x0, 0xfd,
    0x0, 0x0, 0x0, 0x9, 0xf1, 0x0, 0x9f, 0x30,
    0x0, 0xfc, 0x0, 0x0, 0x0, 0x1f, 0x80, 0x0,
    0x7f, 0x50, 0x2, 0xfa, 0x0, 0x0, 0x0, 0x9e,
    0x0, 0x0, 0x2f, 0xb0, 0x9, 0xf5, 0x0, 0x0,
    0x2, 0xf7, 0x0, 0x0, 0xa, 0xfc, 0xbf, 0xc0,
    0x0, 0x0, 0xa, 0xe0, 0x0, 0x0, 0x0, 0x8d,
    0xea, 0x0,

    /* U+0026 "&" */
    0x0, 0x0, 0x3b, 0xed, 0x80, 0x0, 0x0, 0x0,
    0x0, 0x4, 0xff, 0xef, 0xfa, 0x0, 0x0, 0x0,
    0x0, 0xd, 0xf8, 0x2, 0xff, 0x0, 0x0, 0x0,
    0x0, 0x1f, 0xf0, 0x0, 0xef, 0x20, 0x0, 0x0,
    0x0, 0x1f, 0xf0, 0x1, 0xff, 0x0, 0x0, 0x0,
    0x0, 0xf, 0xf2, 0xb, 0xf7, 0x0, 0x0, 0x0,
    0x0, 0x9, 0xfa, 0xdf, 0x90, 0x0, 0x0, 0x0,
    0x0, 0x4, 0xff, 0xf7, 0x0, 0x0, 0x14, 0x40,
    0x0, 0x2d, 0xff, 0xd0, 0x0, 0x0, 0xaf, 0xa0,
    0x3, 0xef, 0xce, 0xfb, 0x0, 0x1, 0xff, 0x40,
    0xc, 0xfd, 0x14, 0xff, 0x90, 0x7, 0xfd, 0x0,
    0x1f, 0xf6, 0x0, 0x6f, 0xfa, 0x2f, 0xf5, 0x0,
    0x3f, 0xf4, 0x0, 0x7, 0xff, 0xff, 0xb0, 0x0,
    0xf, 0xf9, 0x0, 0x0, 0x7f, 0xff, 0x80, 0x0,
    0xb, 0xff, 0x93, 0x26, 0xef, 0xff, 0xfd, 0x70,
    0x1, 0xdf, 0xff, 0xff, 0xfc, 0x49, 0xff, 0xe0,
    0x0, 0x8, 0xcf, 0xec, 0x60, 0x0, 0x3a, 0x90,

    /* U+0027 "'" */
    0xf, 0xf9, 0xf, 0xf8, 0xf, 0xf8, 0xe, 0xf6,
    0xc, 0xf5, 0xa, 0xf3, 0x8, 0xf1, 0x2, 0x40,

    /* U+0028 "(" */
    0x0, 0x0, 0x0, 0x0, 0x1, 0xd5, 0x0, 0x8,
    0xf6, 0x0, 0x1f, 0xe0, 0x0, 0x7f, 0x80, 0x0,
    0xdf, 0x30, 0x2, 0xfe, 0x0, 0x6, 0xfa, 0x0,
    0x9, 0xf7, 0x0, 0xc, 0xf4, 0x0, 0xe, 0xf2,
    0x0, 0xf, 0xf1, 0x0, 0xf, 0xf1, 0x0, 0xf,
    0xf1, 0x0, 0xe, 0xf2, 0x0, 0xd, 0xf3, 0x0,
    0xb, 0xf5, 0x0, 0x8, 0xf8, 0x0, 0x4, 0xfb,
    0x0, 0x1, 0xff, 0x0, 0x0, 0xaf, 0x50, 0x0,
    0x4f, 0xa0, 0x0, 0xd, 0xf2, 0x0, 0x5, 0xf9,
    0x0, 0x0, 0x60,

    /* U+0029 ")" */
    0x0, 0x0, 0x7, 0xc0, 0x0, 0x9f, 0x50, 0x2,
    0xfd, 0x0, 0xb, 0xf4, 0x0, 0x6f, 0xa0, 0x1,
    0xff, 0x0, 0xd, 0xf3, 0x0, 0xaf, 0x60, 0x7,
    0xfa, 0x0, 0x5f, 0xb0, 0x4, 0xfc, 0x0, 0x3f,
    0xd0, 0x4, 0xfd, 0x0, 0x5f, 0xc0, 0x6, 0xfb,
    0x0, 0x8f, 0x80, 0xb, 0xf5, 0x0, 0xef, 0x20,
    0x3f, 0xd0, 0x8, 0xf7, 0x0, 0xdf, 0x20, 0x5f,
    0xa0, 0xc, 0xf2, 0x0, 0x15, 0x0, 0x0,

    /* U+002A "*" */
    0x0, 0x7, 0xf1, 0x0, 0x0, 0x0, 0x8f, 0x20,
    0x0, 0x49, 0x5a, 0xf6, 0x6a, 0x8, 0xff, 0xff,
    0xff, 0xf2, 0x3, 0xbf, 0xff, 0x71, 0x0, 0xa,
    0xff, 0xf4, 0x0, 0x3, 0xfc, 0x4f, 0xd0, 0x0,
    0x4d, 0x10, 0x5d, 0x10, 0x0, 0x0, 0x0, 0x0,
    0x0,

    /* U+002B "+" */
    0x0, 0x0, 0xa, 0xe3, 0x0, 0x0, 0x0, 0x0,
    0xb, 0xf3, 0x0, 0x0, 0x0, 0x0, 0xb, 0xf3,
    0x0, 0x0, 0x0, 0x0, 0xb, 0xf3, 0x0, 0x0,
    0x0, 0x0, 0xb, 0xf3, 0x0, 0x0, 0x2e, 0xee,
    0xef, 0xff, 0xee, 0xea, 0x2f, 0xff, 0xff, 0xff,
    0xff, 0xfb, 0x0, 0x0, 0xb, 0xf3, 0x0, 0x0,
    0x0, 0x0, 0xb, 0xf3, 0x0, 0x0, 0x0, 0x0,
    0xb, 0xf3, 0x0, 0x0, 0x0, 0x0, 0xb, 0xf3,
    0x0, 0x0, 0x0, 0x0, 0xb, 0xf3, 0x0, 0x0,

    /* U+002C "," */
    0x1, 0x51, 0x2, 0xff, 0xd0, 0x5f, 0xff, 0x30,
    0xaf, 0xf4, 0x0, 0x8f, 0x30, 0xd, 0xe0, 0x1b,
    0xf6, 0xa, 0xf8, 0x0, 0x33, 0x0, 0x0,

    /* U+002D "-" */
    0xff, 0xff, 0xfd, 0xff, 0xff, 0xfd,

    /* U+002E "." */
    0x8, 0xb3, 0x3f, 0xfc, 0x4f, 0xfd, 0xb, 0xf5,

    /* U+002F "/" */
    0x0, 0x0, 0x0, 0xcf, 0x0, 0x0, 0x0, 0xf,
    0xb0, 0x0, 0x0, 0x4, 0xf7, 0x0, 0x0, 0x0,
    0x9f, 0x20, 0x0, 0x0, 0xd, 0xe0, 0x0, 0x0,
    0x1, 0xfa, 0x0, 0x0, 0x0, 0x6f, 0x50, 0x0,
    0x0, 0xa, 0xf1, 0x0, 0x0, 0x0, 0xed, 0x0,
    0x0, 0x0, 0x3f, 0x80, 0x0, 0x0, 0x7, 0xf4,
    0x0, 0x0, 0x0, 0xbf, 0x0, 0x0, 0x0, 0xf,
    0xb0, 0x0, 0x0, 0x4, 0xf7, 0x0, 0x0, 0x0,
    0x9f, 0x30, 0x0, 0x0, 0xd, 0xe0, 0x0, 0x0,
    0x1, 0xfa, 0x0, 0x0, 0x0, 0x6f, 0x60, 0x0,
    0x0, 0xa, 0xf2, 0x0, 0x0, 0x0, 0xed, 0x0,
    0x0, 0x0, 0x3f, 0x90, 0x0, 0x0, 0x7, 0xf5,
    0x0, 0x0, 0x0, 0x57, 0x0, 0x0, 0x0, 0x0,

    /* U+0030 "0" */
    0x0, 0x19, 0xef, 0xc6, 0x0, 0x0, 0x1e, 0xff,
    0xff, 0xf9, 0x0, 0xb, 0xff, 0x53, 0x9f, 0xf4,
    0x3, 0xff, 0x50, 0x0, 0xcf, 0xb0, 0x8f, 0xf0,
    0x0, 0x6, 0xff, 0x1b, 0xfb, 0x0, 0x0, 0x2f,
    0xf3, 0xdf, 0x80, 0x0, 0x0, 0xff, 0x6e, 0xf7,
    0x0, 0x0, 0xf, 0xf7, 0xff, 0x70, 0x0, 0x0,
    0xef, 0x7e, 0xf7, 0x0, 0x0, 0xf, 0xf7, 0xdf,
    0x90, 0x0, 0x0, 0xff, 0x6b, 0xfb, 0x0, 0x0,
    0x2f, 0xf3, 0x7f, 0xf0, 0x0, 0x6, 0xff, 0x2,
    0xff, 0x60, 0x0, 0xcf, 0xb0, 0xb, 0xff, 0x63,
    0xaf, 0xf3, 0x0, 0x1e, 0xff, 0xff, 0xf8, 0x0,
    0x0, 0x19, 0xef, 0xc6, 0x0, 0x0,

    /* U+0031 "1" */
    0x0, 0x3, 0xbf, 0xf0, 0x0, 0x0, 0x5e, 0xff,
    0xff, 0x0, 0x0, 0x7, 0xff, 0xff, 0xf0, 0x0,
    0x0, 0x0, 0x8, 0xff, 0x0, 0x0, 0x0, 0x0,
    0x8f, 0xf0, 0x0, 0x0, 0x0, 0x8, 0xff, 0x0,
    0x0, 0x0, 0x0, 0x8f, 0xf0, 0x0, 0x0, 0x0,
    0x8, 0xff, 0x0, 0x0, 0x0, 0x0, 0x8f, 0xf0,
    0x0, 0x0, 0x0, 0x8, 0xff, 0x0, 0x0, 0x0,
    0x0, 0x8f, 0xf0, 0x0, 0x0, 0x0, 0x8, 0xff,
    0x0, 0x0, 0x0, 0x0, 0x8f, 0xf0, 0x0, 0x0,
    0x0, 0x8, 0xff, 0x0, 0x0, 0x2, 0x22, 0xaf,
    0xf2, 0x22, 0x1, 0xff, 0xff, 0xff, 0xff, 0xf1,
    0x1f, 0xff, 0xff, 0xff, 0xff, 0x10,

    /* U+0032 "2" */
    0x0, 0x18, 0xdf, 0xda, 0x30, 0x0, 0x3, 0xef,
    0xff, 0xff, 0xf5, 0x0, 0xe, 0xfd, 0x53, 0x6e,
    0xff, 0x10, 0x3, 0xb0, 0x0, 0x3, 0xff, 0x60,
    0x0, 0x0, 0x0, 0x0, 0xef, 0x90, 0x0, 0x0,
    0x0, 0x0, 0xef, 0x90, 0x0, 0x0, 0x0, 0x1,
    0xff, 0x60, 0x0, 0x0, 0x0, 0x6, 0xff, 0x20,
    0x0, 0x0, 0x0, 0xe, 0xfa, 0x0, 0x0, 0x0,
    0x0, 0x8f, 0xf3, 0x0, 0x0, 0x0, 0x4, 0xff,
    0x80, 0x0, 0x0, 0x0, 0x2f, 0xfc, 0x0, 0x0,
    0x0, 0x1, 0xef, 0xe1, 0x0, 0x0, 0x0, 0x2e,
    0xfe, 0x20, 0x0, 0x0, 0x2, 0xef, 0xf5, 0x34,
    0x44, 0x41, 0xe, 0xff, 0xff, 0xff, 0xff, 0xf6,
    0xf, 0xff, 0xff, 0xff, 0xff, 0xf6,

    /* U+0033 "3" */
    0x0, 0x7, 0xdf, 0xec, 0x50, 0x0, 0x3, 0xdf,
    0xff, 0xff, 0xfb, 0x0, 0x7, 0xfd, 0x63, 0x4c,
    0xff, 0x60, 0x0, 0x50, 0x0, 0x0, 0xff, 0xa0,
    0x0, 0x0, 0x0, 0x0, 0xdf, 0xb0, 0x0, 0x0,
    0x0, 0x2, 0xff, 0x70, 0x0, 0x0, 0x2, 0x6e,
    0xfd, 0x10, 0x0, 0x0, 0xff, 0xff, 0x91, 0x0,
    0x0, 0x0, 0xff, 0xff, 0xd4, 0x0, 0x0, 0x0,
    0x2, 0x5c, 0xff, 0x50, 0x0, 0x0, 0x0, 0x0,
    0xbf, 0xe0, 0x0, 0x0, 0x0, 0x0, 0x5f, 0xf3,
    0x0, 0x0, 0x0, 0x0, 0x5f, 0xf3, 0x8, 0x80,
    0x0, 0x0, 0xbf, 0xf0, 0x2f, 0xfc, 0x64, 0x5b,
    0xff, 0xa0, 0x5, 0xff, 0xff, 0xff, 0xfc, 0x0,
    0x0, 0x29, 0xdf, 0xeb, 0x60, 0x0,

    /* U+0034 "4" */
    0x0, 0x0, 0x0, 0x6f, 0xfd, 0x0, 0x0, 0x0,
    0x1, 0xff, 0xfd, 0x0, 0x0, 0x0, 0xa, 0xfe,
    0xfd, 0x0, 0x0, 0x0, 0x4f, 0xe8, 0xfd, 0x0,
    0x0, 0x0, 0xef, 0x78, 0xfd, 0x0, 0x0, 0x8,
    0xfd, 0x8, 0xfd, 0x0, 0x0, 0x3f, 0xf4, 0x8,
    0xfd, 0x0, 0x0, 0xcf, 0x90, 0x8, 0xfd, 0x0,
    0x6, 0xfe, 0x10, 0x8, 0xfd, 0x0, 0x1f, 0xf5,
    0x0, 0x8, 0xfd, 0x0, 0x8f, 0xff, 0xff, 0xff,
    0xff, 0xfd, 0x8f, 0xff, 0xff, 0xff, 0xff, 0xfd,
    0x1, 0x11, 0x11, 0x19, 0xfd, 0x11, 0x0, 0x0,
    0x0, 0x8, 0xfd, 0x0, 0x0, 0x0, 0x0, 0x8,
    0xfd, 0x0, 0x0, 0x0, 0x0, 0x8, 0xfd, 0x0,
    0x0, 0x0, 0x0, 0x8, 0xfd, 0x0,

    /* U+0035 "5" */
    0x0, 0xaf, 0xff, 0xff, 0xff, 0x90, 0x0, 0xbf,
    0xff, 0xff, 0xff, 0x90, 0x0, 0xcf, 0xa3, 0x33,
    0x33, 0x20, 0x0, 0xdf, 0x70, 0x0, 0x0, 0x0,
    0x0, 0xef, 0x60, 0x0, 0x0, 0x0, 0x0, 0xff,
    0x40, 0x0, 0x0, 0x0, 0x0, 0xff, 0xad, 0xfd,
    0x81, 0x0, 0x1, 0xff, 0xff, 0xff, 0xfe, 0x10,
    0x0, 0x7a, 0x20, 0x18, 0xff, 0xb0, 0x0, 0x0,
    0x0, 0x0, 0xaf, 0xf1, 0x0, 0x0, 0x0, 0x0,
    0x5f, 0xf3, 0x0, 0x0, 0x0, 0x0, 0x4f, 0xf4,
    0x0, 0x0, 0x0, 0x0, 0x6f, 0xf1, 0x7, 0x60,
    0x0, 0x0, 0xdf, 0xe0, 0x2f, 0xfb, 0x54, 0x6d,
    0xff, 0x50, 0x6, 0xff, 0xff, 0xff, 0xf9, 0x0,
    0x0, 0x29, 0xdf, 0xeb, 0x40, 0x0,

    /* U+0036 "6" */
    0x0, 0x3, 0xae, 0xfd, 0x70, 0x0, 0x6, 0xff,
    0xff, 0xff, 0xc1, 0x4, 0xff, 0xc5, 0x36, 0xea,
    0x0, 0xdf, 0xc0, 0x0, 0x1, 0x0, 0x3f, 0xf3,
    0x0, 0x0, 0x0, 0x7, 0xfd, 0x0, 0x0, 0x0,
    0x0, 0xaf, 0xa0, 0x8d, 0xda, 0x30, 0xc, 0xfa,
    0xcf, 0xff, 0xff, 0x50, 0xcf, 0xfd, 0x51, 0x3d,
    0xfe, 0xc, 0xfe, 0x10, 0x0, 0x2f, 0xf5, 0xbf,
    0xa0, 0x0, 0x0, 0xef, 0x79, 0xfc, 0x0, 0x0,
    0xc, 0xf9, 0x5f, 0xf1, 0x0, 0x0, 0xef, 0x60,
    0xff, 0x80, 0x0, 0x4f, 0xf3, 0x7, 0xff, 0x72,
    0x4e, 0xfb, 0x0, 0xb, 0xff, 0xff, 0xfe, 0x20,
    0x0, 0x6, 0xbe, 0xd9, 0x10, 0x0,

    /* U+0037 "7" */
    0xef, 0xff, 0xff, 0xff, 0xff, 0x7e, 0xff, 0xff,
    0xff, 0xff, 0xf7, 0x33, 0x33, 0x33, 0x3a, 0xfd,
    0x0, 0x0, 0x0, 0x1, 0xff, 0x30, 0x0, 0x0,
    0x0, 0xaf, 0x90, 0x0, 0x0, 0x0, 0x3f, 0xf1,
    0x0, 0x0, 0x0, 0xa, 0xfb, 0x0, 0x0, 0x0,
    0x0, 0xff, 0x40, 0x0, 0x0, 0x0, 0x6f, 0xe0,
    0x0, 0x0, 0x0, 0xb, 0xfb, 0x0, 0x0, 0x0,
    0x0, 0xef, 0x80, 0x0, 0x0, 0x0, 0x1f, 0xf5,
    0x0, 0x0, 0x0, 0x5, 0xff, 0x20, 0x0, 0x0,
    0x0, 0x7f, 0xf1, 0x0, 0x0, 0x0, 0x8, 0xff,
    0x0, 0x0, 0x0, 0x0, 0x9f, 0xf0, 0x0, 0x0,
    0x0, 0xb, 0xfe, 0x0, 0x0, 0x0,

    /* U+0038 "8" */
    0x0, 0x2a, 0xdf, 0xc8, 0x0, 0x0, 0x3f, 0xff,
    0xff, 0xfd, 0x0, 0xd, 0xfc, 0x10, 0x4e, 0xf8,
    0x1, 0xff, 0x20, 0x0, 0x7f, 0xc0, 0x3f, 0xf0,
    0x0, 0x3, 0xfe, 0x1, 0xff, 0x40, 0x0, 0x6f,
    0xb0, 0x8, 0xfe, 0x20, 0xb, 0xf4, 0x0, 0xa,
    0xff, 0x97, 0xf7, 0x0, 0x0, 0x9f, 0xff, 0xfe,
    0x20, 0x0, 0xbf, 0x91, 0x8f, 0xfe, 0x30, 0x6f,
    0xc0, 0x0, 0x1d, 0xfe, 0xc, 0xf5, 0x0, 0x0,
    0x2f, 0xf5, 0xff, 0x40, 0x0, 0x0, 0xef, 0x7c,
    0xf9, 0x0, 0x0, 0x1f, 0xf5, 0x7f, 0xf8, 0x10,
    0x2c, 0xfe, 0x10, 0xaf, 0xff, 0xff, 0xff, 0x40,
    0x0, 0x4b, 0xef, 0xc9, 0x10, 0x0,

    /* U+0039 "9" */
    0x0, 0x5, 0xbe, 0xd9, 0x20, 0x0, 0x0, 0xaf,
    0xff, 0xff, 0xe4, 0x0, 0x5, 0xff, 0x82, 0x3b,
    0xff, 0x10, 0xc, 0xfa, 0x0, 0x0, 0xdf, 0x90,
    0xf, 0xf6, 0x0, 0x0, 0x6f, 0xe0, 0xf, 0xf5,
    0x0, 0x0, 0x2f, 0xf2, 0xd, 0xf9, 0x0, 0x0,
    0x4f, 0xf4, 0x9, 0xff, 0x50, 0x16, 0xff, 0xf5,
    0x1, 0xef, 0xff, 0xff, 0x8f, 0xf5, 0x0, 0x19,
    0xdf, 0xc5, 0x1f, 0xf4, 0x0, 0x0, 0x0, 0x0,
    0x3f, 0xf2, 0x0, 0x0, 0x0, 0x0, 0x7f, 0xf0,
    0x0, 0x0, 0x0, 0x0, 0xcf, 0xb0, 0x0, 0x40,
    0x0, 0x6, 0xff, 0x50, 0x4, 0xfc, 0x64, 0x9f,
    0xfc, 0x0, 0x5, 0xff, 0xff, 0xff, 0xd1, 0x0,
    0x0, 0x2a, 0xef, 0xd8, 0x0, 0x0,

    /* U+003A ":" */
    0xb, 0xe5, 0x4f, 0xfd, 0x3f, 0xfc, 0x7, 0xa3,
    0x0, 0x0, 0x0, 0x0, 0x0, 0x0, 0x0, 0x0,
    0x0, 0x0, 0x8, 0xb3, 0x3f, 0xfc, 0x4f, 0xfd,
    0xb, 0xf5,

    /* U+003B ";" */
    0xb, 0xe5, 0x4, 0xff, 0xd0, 0x3f, 0xfc, 0x0,
    0x7a, 0x30, 0x0, 0x0, 0x0, 0x0, 0x0, 0x0,
    0x0, 0x0, 0x0, 0x0, 0x0, 0x0, 0x0, 0x15,
    0x10, 0x2f, 0xfd, 0x5, 0xff, 0xf3, 0xa, 0xff,
    0x40, 0x8, 0xf3, 0x0, 0xde, 0x1, 0xbf, 0x60,
    0xaf, 0x80, 0x3, 0x30, 0x0,

    /* U+003C "<" */
    0x0, 0x0, 0x0, 0x0, 0x0, 0x0, 0x0, 0x0,
    0x0, 0x0, 0x2, 0x8a, 0x0, 0x0, 0x0, 0x5,
    0xbf, 0xfb, 0x0, 0x0, 0x18, 0xef, 0xff, 0xa3,
    0x0, 0x4b, 0xff, 0xfc, 0x61, 0x0, 0x1d, 0xff,
    0xe8, 0x20, 0x0, 0x0, 0x2f, 0xfd, 0x20, 0x0,
    0x0, 0x0, 0x1a, 0xff, 0xfc, 0x60, 0x0, 0x0,
    0x0, 0x17, 0xef, 0xff, 0x93, 0x0, 0x0, 0x0,
    0x4, 0xbf, 0xff, 0xd6, 0x0, 0x0, 0x0, 0x2,
    0x8e, 0xfb, 0x0, 0x0, 0x0, 0x0, 0x0, 0x57,

    /* U+003D "=" */
    0x2f, 0xff, 0xff, 0xff, 0xff, 0xfb, 0x2e, 0xee,
    0xee, 0xee, 0xee, 0xea, 0x0, 0x0, 0x0, 0x0,
    0x0, 0x0, 0x0, 0x0, 0x0, 0x0, 0x0, 0x0,
    0x0, 0x0, 0x0, 0x0, 0x0, 0x0, 0x0, 0x0,
    0x0, 0x0, 0x0, 0x0, 0x2f, 0xff, 0xff, 0xff,
    0xff, 0xfb, 0x2e, 0xee, 0xee, 0xee, 0xee, 0xea,

    /* U+003E ">" */
    0x0, 0x0, 0x0, 0x0, 0x0, 0x0, 0x2c, 0x50,
    0x0, 0x0, 0x0, 0x0, 0x2f, 0xfe, 0x82, 0x0,
    0x0, 0x0, 0x7, 0xdf, 0xff, 0xb5, 0x0, 0x0,
    0x0, 0x3, 0x9e, 0xff, 0xe8, 0x10, 0x0, 0x0,
    0x0, 0x5b, 0xff, 0xf8, 0x0, 0x0, 0x0, 0x0,
    0x6f, 0xfb, 0x0, 0x0, 0x2, 0x8e, 0xff, 0xd6,
    0x0, 0x16, 0xcf, 0xff, 0xb4, 0x0, 0x1a, 0xff,
    0xfe, 0x81, 0x0, 0x0, 0x2f, 0xfc, 0x50, 0x0,
    0x0, 0x0, 0x29, 0x20, 0x0, 0x0, 0x0, 0x0,

    /* U+003F "?" */
    0x0, 0x29, 0xef, 0xd8, 0x0, 0x3, 0xef, 0xff,
    0xff, 0xc0, 0xa, 0xfa, 0x43, 0xaf, 0xf6, 0x0,
    0x30, 0x0, 0xe, 0xf9, 0x0, 0x0, 0x0, 0xd,
    0xf9, 0x0, 0x0, 0x0, 0x3f, 0xf4, 0x0, 0x0,
    0x1, 0xdf, 0xa0, 0x0, 0x0, 0xb, 0xfd, 0x0,
    0x0, 0x0, 0x6f, 0xf2, 0x0, 0x0, 0x0, 0xef,
    0x70, 0x0, 0x0, 0x1, 0xff, 0x30, 0x0, 0x0,
    0x0, 0x66, 0x10, 0x0, 0x0, 0x0, 0x0, 0x0,
    0x0, 0x0, 0x0, 0x9a, 0x10, 0x0, 0x0, 0x6,
    0xff, 0x80, 0x0, 0x0, 0x7, 0xff, 0xa0, 0x0,
    0x0, 0x1, 0xde, 0x30, 0x0,

    /* U+0040 "@" */
    0x0, 0x0, 0x0, 0x16, 0xbd, 0xff, 0xd9, 0x30,
    0x0, 0x0, 0x0, 0x0, 0x7, 0xff, 0xfd, 0xbc,
    0xef, 0xfb, 0x10, 0x0, 0x0, 0x1, 0xbf, 0xe6,
    0x10, 0x0, 0x3, 0xdf, 0xd1, 0x0, 0x0, 0xd,
    0xfa, 0x0, 0x0, 0x0, 0x0, 0x9, 0xfb, 0x0,
    0x0, 0xaf, 0x90, 0x0, 0x0, 0x0, 0x0, 0x0,
    0xdf, 0x40, 0x3, 0xfc, 0x0, 0x0, 0x0, 0x0,
    0x0, 0x0, 0x4f, 0xa0, 0xb, 0xf3, 0x0, 0x1,
    0xae, 0xe6, 0xce, 0x0, 0xe, 0xe0, 0x1f, 0xc0,
    0x0, 0x2d, 0xfc, 0xbf, 0xfa, 0x0, 0xc, 0xf0,
    0x6f, 0x70, 0x0, 0xcf, 0x70, 0x9, 0xf7, 0x0,
    0x9, 0xf2, 0x9f, 0x30, 0x4, 0xfc, 0x0, 0x9,
    0xf4, 0x0, 0xa, 0xf0, 0xaf, 0x10, 0x8, 0xf6,
    0x0, 0xc, 0xf1, 0x0, 0xc, 0xd0, 0xbf, 0x0,
    0xb, 0xf3, 0x0, 0xf, 0xe0, 0x0, 0x1f, 0xa0,
    0xbf, 0x10, 0xb, 0xf4, 0x0, 0x3f, 0xd0, 0x0,
    0x9f, 0x30, 0x9f, 0x30, 0x7, 0xfb, 0x14, 0xef,
    0xf3, 0x18, 0xf9, 0x0, 0x6f, 0x70, 0x0, 0xdf,
    0xff, 0x75, 0xff, 0xff, 0x80, 0x0, 0x1f, 0xe1,
    0x0, 0x5, 0x73, 0x0, 0x26, 0x62, 0x0, 0x0,
    0xa, 0xfa, 0x0, 0x0, 0x0, 0x0, 0x0, 0x0,
    0x0, 0x0, 0x1, 0xef, 0x80, 0x0, 0x0, 0x0,
    0x0, 0x0, 0x0, 0x0, 0x0, 0x3f, 0xfd, 0x40,
    0x0, 0x1, 0x75, 0x0, 0x0, 0x0, 0x0, 0x2,
    0xcf, 0xff, 0xec, 0xef, 0xfb, 0x0, 0x0, 0x0,
    0x0, 0x0, 0x4, 0x9d, 0xff, 0xda, 0x40, 0x0,
    0x0, 0x0,

    /* U+0041 "A" */
    0x0, 0x0, 0xc, 0xff, 0x70, 0x0, 0x0, 0x0,
    0x0, 0x1f, 0xff, 0xc0, 0x0, 0x0, 0x0, 0x0,
    0x6f, 0xbf, 0xf1, 0x0, 0x0, 0x0, 0x0, 0xbf,
    0x5c, 0xf6, 0x0, 0x0, 0x0, 0x1, 0xff, 0x18,
    0xfb, 0x0, 0x0, 0x0, 0x5, 0xfd, 0x3, 0xff,
    0x10, 0x0, 0x0, 0xa, 0xf9, 0x0, 0xff, 0x50,
    0x0, 0x0, 0xf, 0xf4, 0x0, 0xbf, 0xa0, 0x0,
    0x0, 0x5f, 0xf0, 0x0, 0x6f, 0xf0, 0x0, 0x0,
    0xaf, 0xb0, 0x0, 0x2f, 0xf5, 0x0, 0x0, 0xef,
    0xff, 0xff, 0xff, 0xfa, 0x0, 0x4, 0xff, 0xff,
    0xff, 0xff, 0xfe, 0x0, 0x9, 0xfe, 0x11, 0x11,
    0x15, 0xff, 0x40, 0xe, 0xf9, 0x0, 0x0, 0x0,
    0xff, 0x90, 0x3f, 0xf5, 0x0, 0x0, 0x0, 0xbf,
    0xe0, 0x8f, 0xf0, 0x0, 0x0, 0x0, 0x7f, 0xf3,
    0xdf, 0xc0, 0x0, 0x0, 0x0, 0x2f, 0xf8,

    /* U+0042 "B" */
    0xdf, 0xff, 0xff, 0xdb, 0x50, 0x0, 0xdf, 0xff,
    0xff, 0xff, 0xfb, 0x0, 0xdf, 0xb1, 0x12, 0x4b,
    0xff, 0x70, 0xdf, 0xa0, 0x0, 0x0, 0xdf, 0xb0,
    0xdf, 0xa0, 0x0, 0x0, 0xbf, 0xd0, 0xdf, 0xa0,
    0x0, 0x0, 0xdf, 0x90, 0xdf, 0xa0, 0x1, 0x3b,
    0xff, 0x20, 0xdf, 0xff, 0xff, 0xff, 0xd3, 0x0,
    0xdf, 0xff, 0xff, 0xff, 0xfc, 0x20, 0xdf, 0xb0,
    0x0, 0x26, 0xef, 0xe1, 0xdf, 0xa0, 0x0, 0x0,
    0x2f, 0xf7, 0xdf, 0xa0, 0x0, 0x0, 0xd, 0xfa,
    0xdf, 0xa0, 0x0, 0x0, 0xe, 0xfa, 0xdf, 0xa0,
    0x0, 0x0, 0x4f, 0xf6, 0xdf, 0xb1, 0x11, 0x38,
    0xff, 0xe1, 0xdf, 0xff, 0xff, 0xff, 0xff, 0x30,
    0xdf, 0xff, 0xff, 0xec, 0x70, 0x0,

    /* U+0043 "C" */
    0x0, 0x0, 0x4a, 0xef, 0xea, 0x20, 0x0, 0x0,
    0xbf, 0xff, 0xff, 0xff, 0x50, 0x0, 0xbf, 0xfe,
    0x96, 0x8d, 0xfd, 0x0, 0x5f, 0xfb, 0x10, 0x0,
    0x8, 0x10, 0xe, 0xfe, 0x0, 0x0, 0x0, 0x0,
    0x5, 0xff, 0x60, 0x0, 0x0, 0x0, 0x0, 0x9f,
    0xf2, 0x0, 0x0, 0x0, 0x0, 0xb, 0xff, 0x0,
    0x0, 0x0, 0x0, 0x0, 0xbf, 0xe0, 0x0, 0x0,
    0x0, 0x0, 0xb, 0xff, 0x0, 0x0, 0x0, 0x0,
    0x0, 0x9f, 0xf2, 0x0, 0x0, 0x0, 0x0, 0x5,
    0xff, 0x60, 0x0, 0x0, 0x0, 0x0, 0x1e, 0xfe,
    0x0, 0x0, 0x0, 0x0, 0x0, 0x6f, 0xfb, 0x0,
    0x0, 0x9, 0xa0, 0x0, 0xdf, 0xfd, 0x96, 0x9d,
    0xff, 0x40, 0x1, 0xcf, 0xff, 0xff, 0xff, 0x80,
    0x0, 0x0, 0x5b, 0xef, 0xea, 0x30, 0x0,

    /* U+0044 "D" */
    0xdf, 0xff, 0xfe, 0xc7, 0x10, 0x0, 0xd, 0xff,
    0xff, 0xff, 0xff, 0x50, 0x0, 0xdf, 0xb2, 0x36,
    0xaf, 0xff, 0x50, 0xd, 0xfa, 0x0, 0x0, 0x4e,
    0xff, 0x10, 0xdf, 0xa0, 0x0, 0x0, 0x7f, 0xf7,
    0xd, 0xfa, 0x0, 0x0, 0x0, 0xef, 0xc0, 0xdf,
    0xa0, 0x0, 0x0, 0xb, 0xff, 0xd, 0xfa, 0x0,
    0x0, 0x0, 0x9f, 0xf1, 0xdf, 0xa0, 0x0, 0x0,
    0x8, 0xff, 0x1d, 0xfa, 0x0, 0x0, 0x0, 0xaf,
    0xf1, 0xdf, 0xa0, 0x0, 0x0, 0xc, 0xff, 0xd,
    0xfa, 0x0, 0x0, 0x0, 0xff, 0xc0, 0xdf, 0xa0,
    0x0, 0x0, 0x8f, 0xf7, 0xd, 0xfa, 0x0, 0x0,
    0x5f, 0xfe, 0x10, 0xdf, 0xb2, 0x36, 0xaf, 0xff,
    0x50, 0xd, 0xff, 0xff, 0xff, 0xff, 0x50, 0x0,
    0xdf, 0xff, 0xfe, 0xc7, 0x10, 0x0, 0x0,

    /* U+0045 "E" */
    0xdf, 0xff, 0xff, 0xff, 0xfb, 0xdf, 0xff, 0xff,
    0xff, 0xfb, 0xdf, 0xc3, 0x33, 0x33, 0x32, 0xdf,
    0xa0, 0x0, 0x0, 0x0, 0xdf, 0xa0, 0x0, 0x0,
    0x0, 0xdf, 0xa0, 0x0, 0x0, 0x0, 0xdf, 0xa0,
    0x0, 0x0, 0x0, 0xdf, 0xff, 0xff, 0xff, 0x90,
    0xdf, 0xff, 0xff, 0xff, 0x90, 0xdf, 0xc3, 0x33,
    0x33, 0x20, 0xdf, 0xa0, 0x0, 0x0, 0x0, 0xdf,
    0xa0, 0x0, 0x0, 0x0, 0xdf, 0xa0, 0x0, 0x0,
    0x0, 0xdf, 0xa0, 0x0, 0x0, 0x0, 0xdf, 0xc4,
    0x44, 0x44, 0x44, 0xdf, 0xff, 0xff, 0xff, 0xff,
    0xdf, 0xff, 0xff, 0xff, 0xff,

    /* U+0046 "F" */
    0xdf, 0xff, 0xff, 0xff, 0xfb, 0xdf, 0xff, 0xff,
    0xff, 0xfb, 0xdf, 0xc3, 0x33, 0x33, 0x32, 0xdf,
    0xa0, 0x0, 0x0, 0x0, 0xdf, 0xa0, 0x0, 0x0,
    0x0, 0xdf, 0xa0, 0x0, 0x0, 0x0, 0xdf, 0xa0,
    0x0, 0x0, 0x0, 0xdf, 0xc3, 0x33, 0x33, 0x20,
    0xdf, 0xff, 0xff, 0xff, 0xa0, 0xdf, 0xff, 0xff,
    0xff, 0xa0, 0xdf, 0xa0, 0x0, 0x0, 0x0, 0xdf,
    0xa0, 0x0, 0x0, 0x0, 0xdf, 0xa0, 0x0, 0x0,
    0x0, 0xdf, 0xa0, 0x0, 0x0, 0x0, 0xdf, 0xa0,
    0x0, 0x0, 0x0, 0xdf, 0xa0, 0x0, 0x0, 0x0,
    0xdf, 0xa0, 0x0, 0x0, 0x0,

    /* U+0047 "G" */
    0x0, 0x0, 0x39, 0xdf, 0xec, 0x60, 0x0, 0x0,
    0xaf, 0xff, 0xff, 0xff, 0xb1, 0x0, 0xbf, 0xfe,
    0x96, 0x7a, 0xff, 0x40, 0x5f, 0xfc, 0x10, 0x0,
    0x3, 0x60, 0xe, 0xfe, 0x0, 0x0, 0x0, 0x0,
    0x5, 0xff, 0x70, 0x0, 0x0, 0x0, 0x0, 0x9f,
    0xf2, 0x0, 0x0, 0x0, 0x0, 0xa, 0xff, 0x0,
    0x0, 0x23, 0x33, 0x32, 0xbf, 0xe0, 0x0, 0xa,
    0xff, 0xff, 0xdb, 0xff, 0x0, 0x0, 0xaf, 0xff,
    0xfd, 0x9f, 0xf2, 0x0, 0x0, 0x0, 0x7f, 0xd5,
    0xff, 0x60, 0x0, 0x0, 0x7, 0xfd, 0xe, 0xfe,
    0x0, 0x0, 0x0, 0x7f, 0xd0, 0x6f, 0xfc, 0x10,
    0x0, 0x7, 0xfd, 0x0, 0xcf, 0xfe, 0xa7, 0x6a,
    0xff, 0xd0, 0x1, 0xbf, 0xff, 0xff, 0xff, 0xe4,
    0x0, 0x0, 0x4a, 0xef, 0xec, 0x71, 0x0,

    /* U+0048 "H" */
    0xdf, 0xa0, 0x0, 0x0, 0x6, 0xff, 0x2d, 0xfa,
    0x0, 0x0, 0x0, 0x6f, 0xf2, 0xdf, 0xa0, 0x0,
    0x0, 0x6, 0xff, 0x2d, 0xfa, 0x0, 0x0, 0x0,
    0x6f, 0xf2, 0xdf, 0xa0, 0x0, 0x0, 0x6, 0xff,
    0x2d, 0xfa, 0x0, 0x0, 0x0, 0x6f, 0xf2, 0xdf,
    0xa0, 0x0, 0x0, 0x6, 0xff, 0x2d, 0xff, 0xff,
    0xff, 0xff, 0xff, 0xf2, 0xdf, 0xff, 0xff, 0xff,
    0xff, 0xff, 0x2d, 0xfc, 0x55, 0x55, 0x55, 0x9f,
    0xf2, 0xdf, 0xa0, 0x0, 0x0, 0x6, 0xff, 0x2d,
    0xfa, 0x0, 0x0, 0x0, 0x6f, 0xf2, 0xdf, 0xa0,
    0x0, 0x0, 0x6, 0xff, 0x2d, 0xfa, 0x0, 0x0,
    0x0, 0x6f, 0xf2, 0xdf, 0xa0, 0x0, 0x0, 0x6,
    0xff, 0x2d, 0xfa, 0x0, 0x0, 0x0, 0x6f, 0xf2,
    0xdf, 0xa0, 0x0, 0x0, 0x6, 0xff, 0x20,

    /* U+0049 "I" */
    0xdf, 0xad, 0xfa, 0xdf, 0xad, 0xfa, 0xdf, 0xad,
    0xfa, 0xdf, 0xad, 0xfa, 0xdf, 0xad, 0xfa, 0xdf,
    0xad, 0xfa, 0xdf, 0xad, 0xfa, 0xdf, 0xad, 0xfa,
    0xdf, 0xa0,

    /* U+004A "J" */
    0x0, 0x0, 0x0, 0x8, 0xff, 0x0, 0x0, 0x0,
    0x0, 0x8f, 0xf0, 0x0, 0x0, 0x0, 0x8, 0xff,
    0x0, 0x0, 0x0, 0x0, 0x8f, 0xf0, 0x0, 0x0,
    0x0, 0x8, 0xff, 0x0, 0x0, 0x0, 0x0, 0x8f,
    0xf0, 0x0, 0x0, 0x0, 0x8, 0xff, 0x0, 0x0,
    0x0, 0x0, 0x8f, 0xf0, 0x0, 0x0, 0x0, 0x8,
    0xff, 0x0, 0x0, 0x0, 0x0, 0x8f, 0xf0, 0x0,
    0x0, 0x0, 0x8, 0xff, 0x0, 0x0, 0x0, 0x0,
    0x8f, 0xf0, 0x0, 0x0, 0x0, 0xa, 0xfe, 0x0,
    0x7d, 0x10, 0x0, 0xef, 0xc0, 0x1f, 0xfd, 0x86,
    0xcf, 0xf5, 0x0, 0x5f, 0xff, 0xff, 0xfb, 0x0,
    0x0, 0x3a, 0xef, 0xc7, 0x0, 0x0,

    /* U+004B "K" */
    0xdf, 0xa0, 0x0, 0x0, 0x7f, 0xf6, 0xd, 0xfa,
    0x0, 0x0, 0x4f, 0xf9, 0x0, 0xdf, 0xa0, 0x0,
    0x1e, 0xfd, 0x0, 0xd, 0xfa, 0x0, 0xc, 0xff,
    0x20, 0x0, 0xdf, 0xa0, 0x8, 0xff, 0x50, 0x0,
    0xd, 0xfa, 0x4, 0xff, 0x80, 0x0, 0x0, 0xdf,
    0xa2, 0xef, 0xe0, 0x0, 0x0, 0xd, 0xfb, 0xcf,
    0xff, 0x40, 0x0, 0x0, 0xdf, 0xff, 0xff, 0xfc,
    0x0, 0x0, 0xd, 0xff, 0xf8, 0x6f, 0xf5, 0x0,
    0x0, 0xdf, 0xfc, 0x0, 0xdf, 0xe0, 0x0, 0xd,
    0xfe, 0x10, 0x4, 0xff, 0x70, 0x0, 0xdf, 0xa0,
    0x0, 0xb, 0xff, 0x10, 0xd, 0xfa, 0x0, 0x0,
    0x2f, 0xf9, 0x0, 0xdf, 0xa0, 0x0, 0x0, 0xaf,
    0xf3, 0xd, 0xfa, 0x0, 0x0, 0x1, 0xff, 0xb0,
    0xdf, 0xa0, 0x0, 0x0, 0x8, 0xff, 0x40,

    /* U+004C "L" */
    0xdf, 0xa0, 0x0, 0x0, 0x0, 0xdf, 0xa0, 0x0,
    0x0, 0x0, 0xdf, 0xa0, 0x0, 0x0, 0x0, 0xdf,
    0xa0, 0x0, 0x0, 0x0, 0xdf, 0xa0, 0x0, 0x0,
    0x0, 0xdf, 0xa0, 0x0, 0x0, 0x0, 0xdf, 0xa0,
    0x0, 0x0, 0x0, 0xdf, 0xa0, 0x0, 0x0, 0x0,
    0xdf, 0xa0, 0x0, 0x0, 0x0, 0xdf, 0xa0, 0x0,
    0x0, 0x0, 0xdf, 0xa0, 0x0, 0x0, 0x0, 0xdf,
    0xa0, 0x0, 0x0, 0x0, 0xdf, 0xa0, 0x0, 0x0,
    0x0, 0xdf, 0xa0, 0x0, 0x0, 0x0, 0xdf, 0xc4,
    0x44, 0x44, 0x42, 0xdf, 0xff, 0xff, 0xff, 0xf8,
    0xdf, 0xff, 0xff, 0xff, 0xf8,

    /* U+004D "M" */
    0xdf, 0xf3, 0x0, 0x0, 0x0, 0xf, 0xff, 0x2d,
    0xff, 0x90, 0x0, 0x0, 0x5, 0xff, 0xf2, 0xdf,
    0xfe, 0x0, 0x0, 0x0, 0xaf, 0xff, 0x2d, 0xfe,
    0xf4, 0x0, 0x0, 0xf, 0xff, 0xf2, 0xdf, 0x9f,
    0x90, 0x0, 0x5, 0xfa, 0xff, 0x2d, 0xf6, 0xfe,
    0x0, 0x0, 0xaf, 0x5f, 0xf2, 0xdf, 0x5c, 0xf4,
    0x0, 0xf, 0xf2, 0xff, 0x2d, 0xf6, 0x6f, 0xa0,
    0x5, 0xfa, 0x2f, 0xf2, 0xdf, 0x61, 0xff, 0x0,
    0xaf, 0x43, 0xff, 0x2d, 0xf6, 0xb, 0xf4, 0xf,
    0xe0, 0x3f, 0xf2, 0xdf, 0x60, 0x6f, 0xa4, 0xf9,
    0x3, 0xff, 0x2d, 0xf6, 0x1, 0xfe, 0xaf, 0x30,
    0x3f, 0xf2, 0xdf, 0x60, 0xa, 0xff, 0xe0, 0x3,
    0xff, 0x2d, 0xf6, 0x0, 0x5f, 0xf8, 0x0, 0x3f,
    0xf2, 0xdf, 0x60, 0x0, 0xff, 0x30, 0x3, 0xff,
    0x2d, 0xf6, 0x0, 0x4, 0x50, 0x0, 0x3f, 0xf2,
    0xdf, 0x60, 0x0, 0x0, 0x0, 0x3, 0xff, 0x20,

    /* U+004E "N" */
    0xdf, 0xf1, 0x0, 0x0, 0x6, 0xff, 0xd, 0xff,
    0x80, 0x0, 0x0, 0x6f, 0xf0, 0xdf, 0xff, 0x10,
    0x0, 0x6, 0xff, 0xd, 0xfe, 0xfa, 0x0, 0x0,
    0x6f, 0xf0, 0xdf, 0x7f, 0xf2, 0x0, 0x6, 0xff,
    0xd, 0xf5, 0xaf, 0xb0, 0x0, 0x6f, 0xf0, 0xdf,
    0x63, 0xff, 0x30, 0x6, 0xff, 0xd, 0xf7, 0xb,
    0xfc, 0x0, 0x6f, 0xf0, 0xdf, 0x80, 0x2f, 0xf5,
    0x6, 0xff, 0xd, 0xf8, 0x0, 0xaf, 0xd0, 0x5f,
    0xf0, 0xdf, 0x80, 0x1, 0xff, 0x54, 0xff, 0xd,
    0xf8, 0x0, 0x8, 0xfd, 0x3f, 0xf0, 0xdf, 0x80,
    0x0, 0x1f, 0xf7, 0xff, 0xd, 0xf8, 0x0, 0x0,
    0x7f, 0xdf, 0xf0, 0xdf, 0x80, 0x0, 0x0, 0xef,
    0xff, 0xd, 0xf8, 0x0, 0x0, 0x6, 0xff, 0xf0,
    0xdf, 0x80, 0x0, 0x0, 0xd, 0xff, 0x0,

    /* U+004F "O" */
    0x0, 0x0, 0x6c, 0xef, 0xea, 0x30, 0x0, 0x0,
    0x2, 0xdf, 0xff, 0xff, 0xff, 0x90, 0x0, 0x0,
    0xef, 0xfc, 0x86, 0x9e, 0xff, 0x80, 0x0, 0x7f,
    0xf9, 0x0, 0x0, 0x2d, 0xff, 0x10, 0x1f, 0xfd,
    0x0, 0x0, 0x0, 0x3f, 0xf9, 0x6, 0xff, 0x50,
    0x0, 0x0, 0x0, 0xcf, 0xf0, 0x9f, 0xf1, 0x0,
    0x0, 0x0, 0x8, 0xff, 0x3b, 0xff, 0x0, 0x0,
    0x0, 0x0, 0x6f, 0xf4, 0xbf, 0xe0, 0x0, 0x0,
    0x0, 0x4, 0xff, 0x5b, 0xff, 0x0, 0x0, 0x0,
    0x0, 0x6f, 0xf4, 0x9f, 0xf2, 0x0, 0x0, 0x0,
    0x8, 0xff, 0x25, 0xff, 0x60, 0x0, 0x0, 0x0,
    0xcf, 0xf0, 0xe, 0xfd, 0x0, 0x0, 0x0, 0x4f,
    0xf9, 0x0, 0x7f, 0xfa, 0x0, 0x0, 0x3e, 0xff,
    0x10, 0x0, 0xdf, 0xfd, 0x86, 0xaf, 0xff, 0x70,
    0x0, 0x1, 0xdf, 0xff, 0xff, 0xff, 0x80, 0x0,
    0x0, 0x0, 0x6c, 0xef, 0xe9, 0x30, 0x0, 0x0,

    /* U+0050 "P" */
    0xdf, 0xff, 0xff, 0xdb, 0x50, 0x0, 0xdf, 0xff,
    0xff, 0xff, 0xfc, 0x0, 0xdf, 0xb2, 0x23, 0x5b,
    0xff, 0xa0, 0xdf, 0xa0, 0x0, 0x0, 0xbf, 0xf0,
    0xdf, 0xa0, 0x0, 0x0, 0x5f, 0xf2, 0xdf, 0xa0,
    0x0, 0x0, 0x6f, 0xf2, 0xdf, 0xa0, 0x0, 0x0,
    0xbf, 0xe0, 0xdf, 0xa0, 0x0, 0x3a, 0xff, 0x90,
    0xdf, 0xff, 0xff, 0xff, 0xfc, 0x0, 0xdf, 0xff,
    0xff, 0xfd, 0x60, 0x0, 0xdf, 0xb2, 0x21, 0x0,
    0x0, 0x0, 0xdf, 0xa0, 0x0, 0x0, 0x0, 0x0,
    0xdf, 0xa0, 0x0, 0x0, 0x0, 0x0, 0xdf, 0xa0,
    0x0, 0x0, 0x0, 0x0, 0xdf, 0xa0, 0x0, 0x0,
    0x0, 0x0, 0xdf, 0xa0, 0x0, 0x0, 0x0, 0x0,
    0xdf, 0xa0, 0x0, 0x0, 0x0, 0x0,

    /* U+0051 "Q" */
    0x0, 0x0, 0x6b, 0xef, 0xd9, 0x30, 0x0, 0x0,
    0x1, 0xcf, 0xff, 0xff, 0xff, 0x70, 0x0, 0x0,
    0xdf, 0xfd, 0x86, 0xaf, 0xff, 0x60, 0x0, 0x6f,
    0xfa, 0x0, 0x0, 0x3e, 0xfe, 0x0, 0xe, 0xfe,
    0x0, 0x0, 0x0, 0x4f, 0xf7, 0x5, 0xff, 0x70,
    0x0, 0x0, 0x0, 0xdf, 0xe0, 0x8f, 0xf2, 0x0,
    0x0, 0x0, 0x8, 0xff, 0x2a, 0xff, 0x0, 0x0,
    0x0, 0x0, 0x6f, 0xf4, 0xbf, 0xe0, 0x0, 0x0,
    0x0, 0x4, 0xff, 0x5a, 0xff, 0x0, 0x0, 0x0,
    0x0, 0x5f, 0xf4, 0x9f, 0xf0, 0x0, 0x0, 0x0,
    0x7, 0xff, 0x27, 0xff, 0x20, 0x0, 0x0, 0x0,
    0x9f, 0xf0, 0x3f, 0xf8, 0x0, 0x0, 0x0, 0xe,
    0xfd, 0x0, 0xcf, 0xe0, 0x0, 0x0, 0x5, 0xff,
    0x60, 0x5, 0xff, 0xc0, 0x0, 0x4, 0xff, 0xe0,
    0x0, 0x9, 0xff, 0xe9, 0x7b, 0xff, 0xf4, 0x0,
    0x0, 0x9, 0xff, 0xff, 0xff, 0xe4, 0x0, 0x0,
    0x0, 0x2, 0x8f, 0xff, 0x60, 0x0, 0x0, 0x0,
    0x0, 0x0, 0x7f, 0xf7, 0x0, 0x0, 0x0, 0x0,
    0x0, 0x0, 0xdf, 0xfb, 0x53, 0x53, 0x0, 0x0,
    0x0, 0x1, 0xcf, 0xff, 0xff, 0xa0, 0x0, 0x0,
    0x0, 0x0, 0x5b, 0xdf, 0xe9,

    /* U+0052 "R" */
    0xdf, 0xff, 0xff, 0xec, 0x60, 0x0, 0xdf, 0xff,
    0xff, 0xff, 0xfd, 0x10, 0xdf, 0xb2, 0x23, 0x4a,
    0xff, 0xb0, 0xdf, 0xa0, 0x0, 0x0, 0xaf, 0xf0,
    0xdf, 0xa0, 0x0, 0x0, 0x5f, 0xf3, 0xdf, 0xa0,
    0x0, 0x0, 0x5f, 0xf3, 0xdf, 0xa0, 0x0, 0x0,
    0xaf, 0xf0, 0xdf, 0xa0, 0x0, 0x29, 0xff, 0xa0,
    0xdf, 0xff, 0xff, 0xff, 0xfd, 0x10, 0xdf, 0xff,
    0xff, 0xff, 0x81, 0x0, 0xdf, 0xb2, 0x28, 0xff,
    0x40, 0x0, 0xdf, 0xa0, 0x0, 0xef, 0xd0, 0x0,
    0xdf, 0xa0, 0x0, 0x6f, 0xf6, 0x0, 0xdf, 0xa0,
    0x0, 0xd, 0xfe, 0x0, 0xdf, 0xa0, 0x0, 0x5,
    0xff, 0x70, 0xdf, 0xa0, 0x0, 0x0, 0xcf, 0xf1,
    0xdf, 0xa0, 0x0, 0x0, 0x4f, 0xf9,

    /* U+0053 "S" */
    0x0, 0x0, 0x6c, 0xef, 0xc7, 0x0, 0x0, 0x1,
    0xdf, 0xff, 0xff, 0xfd, 0x30, 0x0, 0xbf, 0xfb,
    0x66, 0x9f, 0xf9, 0x0, 0x1f, 0xf9, 0x0, 0x0,
    0x19, 0x0, 0x3, 0xff, 0x60, 0x0, 0x0, 0x0,
    0x0, 0x1f, 0xfb, 0x0, 0x0, 0x0, 0x0, 0x0,
    0xbf, 0xfd, 0x50, 0x0, 0x0, 0x0, 0x1, 0xdf,
    0xff, 0xd6, 0x0, 0x0, 0x0, 0x0, 0x7e, 0xff,
    0xfe, 0x60, 0x0, 0x0, 0x0, 0x6, 0xdf, 0xff,
    0x70, 0x0, 0x0, 0x0, 0x0, 0x6f, 0xff, 0x10,
    0x0, 0x0, 0x0, 0x0, 0x6f, 0xf5, 0x0, 0x10,
    0x0, 0x0, 0x3, 0xff, 0x60, 0x3f, 0x90, 0x0,
    0x0, 0x9f, 0xf2, 0xc, 0xff, 0xe8, 0x67, 0xbf,
    0xfb, 0x0, 0x1b, 0xff, 0xff, 0xff, 0xfd, 0x10,
    0x0, 0x4, 0xad, 0xfe, 0xb6, 0x0, 0x0,

    /* U+0054 "T" */
    0x4f, 0xff, 0xff, 0xff, 0xff, 0xff, 0xc4, 0xff,
    0xff, 0xff, 0xff, 0xff, 0xfc, 0x13, 0x33, 0x3b,
    0xff, 0x43, 0x33, 0x30, 0x0, 0x0, 0x9f, 0xf0,
    0x0, 0x0, 0x0, 0x0, 0x9, 0xff, 0x0, 0x0,
    0x0, 0x0, 0x0, 0x9f, 0xf0, 0x0, 0x0, 0x0,
    0x0, 0x9, 0xff, 0x0, 0x0, 0x0, 0x0, 0x0,
    0x9f, 0xf0, 0x0, 0x0, 0x0, 0x0, 0x9, 0xff,
    0x0, 0x0, 0x0, 0x0, 0x0, 0x9f, 0xf0, 0x0,
    0x0, 0x0, 0x0, 0x9, 0xff, 0x0, 0x0, 0x0,
    0x0, 0x0, 0x9f, 0xf0, 0x0, 0x0, 0x0, 0x0,
    0x9, 0xff, 0x0, 0x0, 0x0, 0x0, 0x0, 0x9f,
    0xf0, 0x0, 0x0, 0x0, 0x0, 0x9, 0xff, 0x0,
    0x0, 0x0, 0x0, 0x0, 0x9f, 0xf0, 0x0, 0x0,
    0x0, 0x0, 0x9, 0xff, 0x0, 0x0, 0x0,

    /* U+0055 "U" */
    0xff, 0x90, 0x0, 0x0, 0x6, 0xff, 0x1f, 0xf9,
    0x0, 0x0, 0x0, 0x6f, 0xf1, 0xff, 0x90, 0x0,
    0x0, 0x6, 0xff, 0x1f, 0xf9, 0x0, 0x0, 0x0,
    0x6f, 0xf1, 0xff, 0x90, 0x0, 0x0, 0x6, 0xff,
    0x1f, 0xf9, 0x0, 0x0, 0x0, 0x6f, 0xf1, 0xff,
    0x90, 0x0, 0x0, 0x6, 0xff, 0x1f, 0xf9, 0x0,
    0x0, 0x0, 0x6f, 0xf1, 0xff, 0x90, 0x0, 0x0,
    0x6, 0xff, 0x1f, 0xf9, 0x0, 0x0, 0x0, 0x6f,
    0xf1, 0xef, 0xa0, 0x0, 0x0, 0x7, 0xff, 0xd,
    0xfc, 0x0, 0x0, 0x0, 0x9f, 0xe0, 0x9f, 0xf1,
    0x0, 0x0, 0xd, 0xfb, 0x5, 0xff, 0x90, 0x0,
    0x7, 0xff, 0x60, 0xd, 0xff, 0xc7, 0x6a, 0xff,
    0xe0, 0x0, 0x2d, 0xff, 0xff, 0xff, 0xe3, 0x0,
    0x0, 0x7, 0xbe, 0xec, 0x80, 0x0, 0x0,

    /* U+0056 "V" */
    0xe, 0xfc, 0x0, 0x0, 0x0, 0x9, 0xff, 0x0,
    0x9f, 0xf1, 0x0, 0x0, 0x0, 0xef, 0xb0, 0x4,
    0xff, 0x50, 0x0, 0x0, 0x2f, 0xf6, 0x0, 0xf,
    0xf9, 0x0, 0x0, 0x6, 0xff, 0x10, 0x0, 0xbf,
    0xe0, 0x0, 0x0, 0xbf, 0xc0, 0x0, 0x6, 0xff,
    0x20, 0x0, 0xf, 0xf7, 0x0, 0x0, 0x1f, 0xf6,
    0x0, 0x3, 0xff, 0x30, 0x0, 0x0, 0xcf, 0xb0,
    0x0, 0x8f, 0xe0, 0x0, 0x0, 0x8, 0xff, 0x0,
    0xc, 0xf9, 0x0, 0x0, 0x0, 0x3f, 0xf3, 0x0,
    0xff, 0x40, 0x0, 0x0, 0x0, 0xef, 0x80, 0x5f,
    0xf0, 0x0, 0x0, 0x0, 0x9, 0xfc, 0x9, 0xfb,
    0x0, 0x0, 0x0, 0x0, 0x5f, 0xf0, 0xdf, 0x60,
    0x0, 0x0, 0x0, 0x0, 0xff, 0x6f, 0xf1, 0x0,
    0x0, 0x0, 0x0, 0xb, 0xfe, 0xfc, 0x0, 0x0,
    0x0, 0x0, 0x0, 0x6f, 0xff, 0x70, 0x0, 0x0,
    0x0, 0x0, 0x1, 0xff, 0xf3, 0x0, 0x0, 0x0,

    /* U+0057 "W" */
    0x6f, 0xf3, 0x0, 0x0, 0x5f, 0xf2, 0x0, 0x0,
    0x6f, 0xf0, 0x3f, 0xf6, 0x0, 0x0, 0x9f, 0xf6,
    0x0, 0x0, 0x8f, 0xd0, 0xf, 0xf8, 0x0, 0x0,
    0xcf, 0xfa, 0x0, 0x0, 0xbf, 0xa0, 0xd, 0xfb,
    0x0, 0x0, 0xff, 0xfd, 0x0, 0x0, 0xef, 0x70,
    0xa, 0xfe, 0x0, 0x4, 0xfa, 0xff, 0x10, 0x1,
    0xff, 0x40, 0x7, 0xff, 0x10, 0x8, 0xf6, 0xcf,
    0x50, 0x4, 0xff, 0x10, 0x3, 0xff, 0x30, 0xb,
    0xf3, 0x9f, 0x90, 0x6, 0xfe, 0x0, 0x0, 0xff,
    0x60, 0xf, 0xf0, 0x6f, 0xd0, 0x9, 0xfb, 0x0,
    0x0, 0xdf, 0x90, 0x3f, 0xc0, 0x2f, 0xf1, 0xc,
    0xf8, 0x0, 0x0, 0xaf, 0xb0, 0x6f, 0x90, 0xe,
    0xf4, 0xf, 0xf5, 0x0, 0x0, 0x7f, 0xe0, 0xaf,
    0x50, 0xb, 0xf7, 0x1f, 0xf2, 0x0, 0x0, 0x4f,
    0xf1, 0xdf, 0x20, 0x7, 0xfa, 0x3f, 0xf0, 0x0,
    0x0, 0x1f, 0xf4, 0xfe, 0x0, 0x3, 0xfd, 0x6f,
    0xc0, 0x0, 0x0, 0xe, 0xf9, 0xfa, 0x0, 0x0,
    0xff, 0x9f, 0x90, 0x0, 0x0, 0xb, 0xff, 0xf7,
    0x0, 0x0, 0xcf, 0xff, 0x60, 0x0, 0x0, 0x8,
    0xff, 0xf3, 0x0, 0x0, 0x8f, 0xff, 0x30, 0x0,
    0x0, 0x5, 0xff, 0xf0, 0x0, 0x0, 0x5f, 0xff,
    0x0, 0x0,

    /* U+0058 "X" */
    0x1f, 0xfb, 0x0, 0x0, 0x7, 0xff, 0x30, 0x9f,
    0xf3, 0x0, 0x0, 0xef, 0xb0, 0x1, 0xff, 0xb0,
    0x0, 0x6f, 0xf2, 0x0, 0x8, 0xff, 0x30, 0xd,
    0xfa, 0x0, 0x0, 0xe, 0xfa, 0x5, 0xff, 0x20,
    0x0, 0x0, 0x7f, 0xf2, 0xcf, 0x90, 0x0, 0x0,
    0x0, 0xef, 0xcf, 0xf1, 0x0, 0x0, 0x0, 0x6,
    0xff, 0xf9, 0x0, 0x0, 0x0, 0x0, 0x2f, 0xff,
    0x40, 0x0, 0x0, 0x0, 0xa, 0xff, 0xfc, 0x0,
    0x0, 0x0, 0x3, 0xff, 0x7f, 0xf4, 0x0, 0x0,
    0x0, 0xbf, 0xb0, 0xcf, 0xd0, 0x0, 0x0, 0x4f,
    0xf4, 0x5, 0xff, 0x50, 0x0, 0xc, 0xfc, 0x0,
    0xd, 0xfe, 0x0, 0x5, 0xff, 0x40, 0x0, 0x5f,
    0xf7, 0x0, 0xdf, 0xc0, 0x0, 0x0, 0xdf, 0xe0,
    0x6f, 0xf4, 0x0, 0x0, 0x5, 0xff, 0x80,

    /* U+0059 "Y" */
    0xd, 0xfd, 0x0, 0x0, 0x0, 0xaf, 0xf0, 0x6,
    0xff, 0x40, 0x0, 0x1, 0xff, 0x80, 0x0, 0xef,
    0xb0, 0x0, 0x7, 0xff, 0x10, 0x0, 0x7f, 0xf1,
    0x0, 0xe, 0xf9, 0x0, 0x0, 0xf, 0xf8, 0x0,
    0x5f, 0xf2, 0x0, 0x0, 0x8, 0xfe, 0x0, 0xbf,
    0xb0, 0x0, 0x0, 0x1, 0xff, 0x52, 0xff, 0x30,
    0x0, 0x0, 0x0, 0x9f, 0xb8, 0xfc, 0x0, 0x0,
    0x0, 0x0, 0x2f, 0xff, 0xf4, 0x0, 0x0, 0x0,
    0x0, 0xb, 0xff, 0xd0, 0x0, 0x0, 0x0, 0x0,
    0x4, 0xff, 0x60, 0x0, 0x0, 0x0, 0x0, 0x3,
    0xff, 0x50, 0x0, 0x0, 0x0, 0x0, 0x3, 0xff,
    0x50, 0x0, 0x0, 0x0, 0x0, 0x3, 0xff, 0x50,
    0x0, 0x0, 0x0, 0x0, 0x3, 0xff, 0x50, 0x0,
    0x0, 0x0, 0x0, 0x3, 0xff, 0x50, 0x0, 0x0,
    0x0, 0x0, 0x3, 0xff, 0x50, 0x0, 0x0,

    /* U+005A "Z" */
    0x3f, 0xff, 0xff, 0xff, 0xff, 0xf4, 0x3f, 0xff,
    0xff, 0xff, 0xff, 0xf3, 0x3, 0x33, 0x33, 0x35,
    0xff, 0xb0, 0x0, 0x0, 0x0, 0xa, 0xff, 0x20,
    0x0, 0x0, 0x0, 0x4f, 0xf8, 0x0, 0x0, 0x0,
    0x0, 0xdf, 0xd0, 0x0, 0x0, 0x0, 0x7, 0xff,
    0x40, 0x0, 0x0, 0x0, 0x2f, 0xfa, 0x0, 0x0,
    0x0, 0x0, 0xbf, 0xf1, 0x0, 0x0, 0x0, 0x5,
    0xff, 0x60, 0x0, 0x0, 0x0, 0xe, 0xfc, 0x0,
    0x0, 0x0, 0x0, 0x9f, 0xf3, 0x0, 0x0, 0x0,
    0x3, 0xff, 0x90, 0x0, 0x0, 0x0, 0xc, 0xfe,
    0x0, 0x0, 0x0, 0x0, 0x6f, 0xf9, 0x44, 0x44,
    0x44, 0x41, 0xef, 0xff, 0xff, 0xff, 0xff, 0xf6,
    0xff, 0xff, 0xff, 0xff, 0xff, 0xf6,

    /* U+005B "[" */
    0xbf, 0xff, 0xfb, 0xf9, 0x77, 0xbf, 0x20, 0xb,
    0xf2, 0x0, 0xbf, 0x20, 0xb, 0xf2, 0x0, 0xbf,
    0x20, 0xb, 0xf2, 0x0, 0xbf, 0x20, 0xb, 0xf2,
    0x0, 0xbf, 0x20, 0xb, 0xf2, 0x0, 0xbf, 0x20,
    0xb, 0xf2, 0x0, 0xbf, 0x20, 0xb, 0xf2, 0x0,
    0xbf, 0x20, 0xb, 0xf2, 0x0, 0xbf, 0x20, 0xb,
    0xf2, 0x0, 0xbf, 0x42, 0x2b, 0xff, 0xff, 0x35,
    0x55, 0x50,

    /* U+005C "\\" */
    0x6f, 0x50, 0x0, 0x0, 0x2, 0xf9, 0x0, 0x0,
    0x0, 0xd, 0xe0, 0x0, 0x0, 0x0, 0x9f, 0x20,
    0x0, 0x0, 0x5, 0xf6, 0x0, 0x0, 0x0, 0xf,
    0xb0, 0x0, 0x0, 0x0, 0xcf, 0x0, 0x0, 0x0,
    0x8, 0xf3, 0x0, 0x0, 0x0, 0x3f, 0x80, 0x0,
    0x0, 0x0, 0xfc, 0x0, 0x0, 0x0, 0xb, 0xf0,
    0x0, 0x0, 0x0, 0x6f, 0x50, 0x0, 0x0, 0x2,
    0xf9, 0x0, 0x0, 0x0, 0xe, 0xd0, 0x0, 0x0,
    0x0, 0x9f, 0x20, 0x0, 0x0, 0x5, 0xf6, 0x0,
    0x0, 0x0, 0x1f, 0xa0, 0x0, 0x0, 0x0, 0xce,
    0x0, 0x0, 0x0, 0x8, 0xf3, 0x0, 0x0, 0x0,
    0x4f, 0x70, 0x0, 0x0, 0x0, 0xfc, 0x0, 0x0,
    0x0, 0xb, 0xf0, 0x0, 0x0, 0x0, 0x47, 0x10,

    /* U+005D "]" */
    0x1f, 0xff, 0xf8, 0x7, 0x7a, 0xf8, 0x0, 0x5,
    0xf8, 0x0, 0x5, 0xf8, 0x0, 0x5, 0xf8, 0x0,
    0x5, 0xf8, 0x0, 0x5, 0xf8, 0x0, 0x5, 0xf8,
    0x0, 0x5, 0xf8, 0x0, 0x5, 0xf8, 0x0, 0x5,
    0xf8, 0x0, 0x5, 0xf8, 0x0, 0x5, 0xf8, 0x0,
    0x5, 0xf8, 0x0, 0x5, 0xf8, 0x0, 0x5, 0xf8,
    0x0, 0x5, 0xf8, 0x0, 0x5, 0xf8, 0x0, 0x5,
    0xf8, 0x0, 0x5, 0xf8, 0x2, 0x27, 0xf8, 0x1f,
    0xff, 0xf8, 0x5, 0x55, 0x52,

    /* U+005E "^" */
    0x0, 0x0, 0xff, 0x80, 0x0, 0x0, 0x0, 0x6f,
    0xfe, 0x0, 0x0, 0x0, 0xc, 0xfd, 0xf4, 0x0,
    0x0, 0x2, 0xfd, 0x4f, 0xa0, 0x0, 0x0, 0x8f,
    0x80, 0xff, 0x10, 0x0, 0xe, 0xf2, 0xa, 0xf6,
    0x0, 0x4, 0xfc, 0x0, 0x4f, 0xc0, 0x0, 0xaf,
    0x70, 0x0, 0xef, 0x20, 0xf, 0xf1, 0x0, 0x9,
    0xf8, 0x6, 0xfb, 0x0, 0x0, 0x3f, 0xe0,

    /* U+005F "_" */
    0x7a, 0xaa, 0xaa, 0xaa, 0xaa, 0xaa, 0xa, 0xff,
    0xff, 0xff, 0xff, 0xff, 0xf1,

    /* U+0060 "`" */
    0x0, 0x50, 0x0, 0x0, 0x8f, 0x70, 0x0, 0xb,
    0xff, 0x40, 0x0, 0xb, 0xff, 0x20, 0x0, 0xb,
    0xfd, 0x0, 0x0, 0xb, 0x90, 0x0, 0x0, 0x0,
    0x0,

    /* U+0061 "a" */
    0x0, 0x4a, 0xef, 0xd9, 0x0, 0x1c, 0xff, 0xff,
    0xff, 0xd0, 0xd, 0xe8, 0x43, 0x9f, 0xf6, 0x2,
    0x0, 0x0, 0xd, 0xfc, 0x0, 0x0, 0x0, 0xa,
    0xfe, 0x0, 0x5, 0xae, 0xff, 0xff, 0x4, 0xef,
    0xfd, 0xac, 0xff, 0x3f, 0xfa, 0x20, 0x8, 0xff,
    0x9f, 0xd0, 0x0, 0x8, 0xff, 0xbf, 0xb0, 0x0,
    0xb, 0xff, 0x9f, 0xf7, 0x35, 0xdf, 0xff, 0x2f,
    0xff, 0xff, 0xe9, 0xff, 0x3, 0xcf, 0xd9, 0x12,
    0xff,

    /* U+0062 "b" */
    0x1f, 0xf6, 0x0, 0x0, 0x0, 0x0, 0x1f, 0xf6,
    0x0, 0x0, 0x0, 0x0, 0x1f, 0xf6, 0x0, 0x0,
    0x0, 0x0, 0x1f, 0xf6, 0x0, 0x0, 0x0, 0x0,
    0x1f, 0xf6, 0x0, 0x0, 0x0, 0x0, 0x1f, 0xf6,
    0x2a, 0xee, 0xa2, 0x0, 0x1f, 0xfb, 0xff, 0xff,
    0xff, 0x40, 0x1f, 0xff, 0xd6, 0x48, 0xff, 0xd0,
    0x1f, 0xfb, 0x0, 0x0, 0x7f, 0xf5, 0x1f, 0xf6,
    0x0, 0x0, 0x1f, 0xf8, 0x1f, 0xf6, 0x0, 0x0,
    0xf, 0xfa, 0x1f, 0xf6, 0x0, 0x0, 0xe, 0xfb,
    0x1f, 0xf6, 0x0, 0x0, 0xf, 0xf9, 0x1f, 0xf6,
    0x0, 0x0, 0x3f, 0xf6, 0x1f, 0xf8, 0x0, 0x0,
    0xbf, 0xf2, 0x1f, 0xff, 0xa5, 0x5b, 0xff, 0x90,
    0x1f, 0xfb, 0xff, 0xff, 0xfc, 0x10, 0x1f, 0xf0,
    0x5c, 0xfc, 0x70, 0x0,

    /* U+0063 "c" */
    0x0, 0x6, 0xbe, 0xeb, 0x40, 0x1, 0xbf, 0xff,
    0xff, 0xf5, 0xa, 0xff, 0xb5, 0x49, 0xc0, 0x4f,
    0xfa, 0x0, 0x0, 0x0, 0x9f, 0xf1, 0x0, 0x0,
    0x0, 0xcf, 0xd0, 0x0, 0x0, 0x0, 0xef, 0xb0,
    0x0, 0x0, 0x0, 0xcf, 0xc0, 0x0, 0x0, 0x0,
    0x9f, 0xf1, 0x0, 0x0, 0x0, 0x5f, 0xf9, 0x0,
    0x0, 0x10, 0xb, 0xff, 0xb5, 0x49, 0xf3, 0x2,
    0xcf, 0xff, 0xff, 0xf7, 0x0, 0x7, 0xbe, 0xda,
    0x30,

    /* U+0064 "d" */
    0x0, 0x0, 0x0, 0x0, 0x8f, 0xf0, 0x0, 0x0,
    0x0, 0x8, 0xff, 0x0, 0x0, 0x0, 0x0, 0x8f,
    0xf0, 0x0, 0x0, 0x0, 0x8, 0xff, 0x0, 0x0,
    0x0, 0x0, 0x8f, 0xf0, 0x0, 0x8d, 0xeb, 0x48,
    0xff, 0x2, 0xdf, 0xff, 0xff, 0xdf, 0xf0, 0xcf,
    0xfa, 0x45, 0xbf, 0xff, 0x4f, 0xf9, 0x0, 0x0,
    0xaf, 0xf9, 0xff, 0x10, 0x0, 0x8, 0xff, 0xbf,
    0xd0, 0x0, 0x0, 0x8f, 0xfd, 0xfb, 0x0, 0x0,
    0x8, 0xff, 0xcf, 0xd0, 0x0, 0x0, 0x8f, 0xfa,
    0xff, 0x0, 0x0, 0x8, 0xff, 0x6f, 0xf7, 0x0,
    0x1, 0xcf, 0xf0, 0xef, 0xf8, 0x46, 0xdf, 0xff,
    0x4, 0xff, 0xff, 0xff, 0xaf, 0xf0, 0x2, 0xae,
    0xea, 0x22, 0xff,

    /* U+0065 "e" */
    0x0, 0x7, 0xcf, 0xd9, 0x10, 0x0, 0x1c, 0xff,
    0xff, 0xfe, 0x20, 0xb, 0xfe, 0x52, 0x4c, 0xfb,
    0x4, 0xff, 0x20, 0x0, 0x1f, 0xf3, 0x9f, 0xb0,
    0x0, 0x0, 0xcf, 0x5c, 0xfe, 0xdd, 0xdd, 0xdf,
    0xf7, 0xef, 0xff, 0xff, 0xff, 0xff, 0x7c, 0xfa,
    0x0, 0x0, 0x0, 0x0, 0x9f, 0xe0, 0x0, 0x0,
    0x0, 0x4, 0xff, 0x70, 0x0, 0x0, 0x0, 0xb,
    0xff, 0x94, 0x25, 0xb7, 0x0, 0x1c, 0xff, 0xff,
    0xff, 0xc0, 0x0, 0x6, 0xbe, 0xeb, 0x60, 0x0,

    /* U+0066 "f" */
    0x0, 0x2, 0xbe, 0xeb, 0x20, 0x1, 0xff, 0xff,
    0xf0, 0x0, 0x7f, 0xf8, 0x23, 0x0, 0xa, 0xff,
    0x0, 0x0, 0x0, 0xaf, 0xd0, 0x0, 0x4, 0xef,
    0xff, 0xff, 0x40, 0x4f, 0xff, 0xff, 0xf4, 0x0,
    0x2b, 0xfe, 0x22, 0x0, 0x0, 0xaf, 0xd0, 0x0,
    0x0, 0xa, 0xfd, 0x0, 0x0, 0x0, 0xaf, 0xd0,
    0x0, 0x0, 0xa, 0xfd, 0x0, 0x0, 0x0, 0xaf,
    0xd0, 0x0, 0x0, 0xa, 0xfd, 0x0, 0x0, 0x0,
    0xaf, 0xd0, 0x0, 0x0, 0xa, 0xfd, 0x0, 0x0,
    0x0, 0xaf, 0xd0, 0x0, 0x0, 0xa, 0xfd, 0x0,
    0x0,

    /* U+0067 "g" */
    0x0, 0x4b, 0xef, 0xff, 0xff, 0xf2, 0x8, 0xff,
    0xfe, 0xff, 0xff, 0xf2, 0x3f, 0xf8, 0x0, 0x5f,
    0xf3, 0x0, 0x7f, 0xf0, 0x0, 0xb, 0xf8, 0x0,
    0x6f, 0xe0, 0x0, 0xa, 0xf9, 0x0, 0x2f, 0xf6,
    0x0, 0x3f, 0xf5, 0x0, 0x5, 0xff, 0xdc, 0xff,
    0xb0, 0x0, 0x5, 0xfc, 0xdf, 0xc6, 0x0, 0x0,
    0xf, 0xe0, 0x0, 0x0, 0x0, 0x0, 0x3f, 0xd0,
    0x0, 0x0, 0x0, 0x0, 0x2f, 0xf7, 0x21, 0x11,
    0x0, 0x0, 0xb, 0xff, 0xff, 0xff, 0xfb, 0x30,
    0x8, 0xfd, 0xff, 0xff, 0xff, 0xf1, 0x7f, 0x90,
    0x0, 0x1, 0x7f, 0xf5, 0xdf, 0x40, 0x0, 0x0,
    0x2f, 0xf3, 0xcf, 0xb1, 0x0, 0x2, 0xcf, 0xd0,
    0x4f, 0xff, 0xdc, 0xdf, 0xfd, 0x10, 0x3, 0x9d,
    0xff, 0xda, 0x40, 0x0,

    /* U+0068 "h" */
    0x1f, 0xf6, 0x0, 0x0, 0x0, 0x1, 0xff, 0x60,
    0x0, 0x0, 0x0, 0x1f, 0xf6, 0x0, 0x0, 0x0,
    0x1, 0xff, 0x60, 0x0, 0x0, 0x0, 0x1f, 0xf6,
    0x0, 0x0, 0x0, 0x1, 0xff, 0x61, 0x9e, 0xfb,
    0x30, 0x1f, 0xf8, 0xdf, 0xff, 0xff, 0x21, 0xff,
    0xfe, 0x85, 0xaf, 0xf9, 0x1f, 0xfd, 0x20, 0x0,
    0xdf, 0xc1, 0xff, 0x60, 0x0, 0xa, 0xfe, 0x1f,
    0xf6, 0x0, 0x0, 0x9f, 0xf1, 0xff, 0x60, 0x0,
    0x8, 0xff, 0x1f, 0xf6, 0x0, 0x0, 0x8f, 0xf1,
    0xff, 0x60, 0x0, 0x8, 0xff, 0x1f, 0xf6, 0x0,
    0x0, 0x8f, 0xf1, 0xff, 0x60, 0x0, 0x8, 0xff,
    0x1f, 0xf6, 0x0, 0x0, 0x8f, 0xf1, 0xff, 0x60,
    0x0, 0x8, 0xff,

    /* U+0069 "i" */
    0xb, 0xd4, 0x4f, 0xfa, 0x1e, 0xf5, 0x0, 0x10,
    0x0, 0x0, 0x1f, 0xf6, 0x1f, 0xf6, 0x1f, 0xf6,
    0x1f, 0xf6, 0x1f, 0xf6, 0x1f, 0xf6, 0x1f, 0xf6,
    0x1f, 0xf6, 0x1f, 0xf6, 0x1f, 0xf6, 0x1f, 0xf6,
    0x1f, 0xf6, 0x1f, 0xf6,

    /* U+006A "j" */
    0x0, 0x0, 0xbd, 0x40, 0x0, 0x4f, 0xfa, 0x0,
    0x1, 0xef, 0x50, 0x0, 0x0, 0x10, 0x0, 0x0,
    0x0, 0x0, 0x0, 0x1f, 0xf7, 0x0, 0x1, 0xff,
    0x70, 0x0, 0x1f, 0xf7, 0x0, 0x1, 0xff, 0x70,
    0x0, 0x1f, 0xf7, 0x0, 0x1, 0xff, 0x70, 0x0,
    0x1f, 0xf7, 0x0, 0x1, 0xff, 0x70, 0x0, 0x1f,
    0xf7, 0x0, 0x1, 0xff, 0x70, 0x0, 0x1f, 0xf7,
    0x0, 0x1, 0xff, 0x70, 0x0, 0x1f, 0xf7, 0x0,
    0x1, 0xff, 0x70, 0x0, 0x2f, 0xf5, 0x2, 0x29,
    0xff, 0x20, 0xcf, 0xff, 0xb0, 0xc, 0xfd, 0x90,
    0x0,

    /* U+006B "k" */
    0x1f, 0xf6, 0x0, 0x0, 0x0, 0x0, 0x1f, 0xf6,
    0x0, 0x0, 0x0, 0x0, 0x1f, 0xf6, 0x0, 0x0,
    0x0, 0x0, 0x1f, 0xf6, 0x0, 0x0, 0x0, 0x0,
    0x1f, 0xf6, 0x0, 0x0, 0x0, 0x0, 0x1f, 0xf6,
    0x0, 0x3, 0xff, 0x90, 0x1f, 0xf6, 0x0, 0x1e,
    0xfc, 0x0, 0x1f, 0xf6, 0x0, 0xbf, 0xe2, 0x0,
    0x1f, 0xf6, 0x6, 0xff, 0x40, 0x0, 0x1f, 0xf6,
    0x3f, 0xf8, 0x0, 0x0, 0x1f, 0xf7, 0xdf, 0xf1,
    0x0, 0x0, 0x1f, 0xff, 0xff, 0xf9, 0x0, 0x0,
    0x1f, 0xff, 0xf8, 0xff, 0x30, 0x0, 0x1f, 0xff,
    0x50, 0xcf, 0xc0, 0x0, 0x1f, 0xf8, 0x0, 0x4f,
    0xf5, 0x0, 0x1f, 0xf6, 0x0, 0xb, 0xfe, 0x0,
    0x1f, 0xf6, 0x0, 0x2, 0xff, 0x80, 0x1f, 0xf6,
    0x0, 0x0, 0x9f, 0xf2,

    /* U+006C "l" */
    0x1f, 0xf6, 0x1, 0xff, 0x60, 0x1f, 0xf6, 0x1,
    0xff, 0x60, 0x1f, 0xf6, 0x1, 0xff, 0x60, 0x1f,
    0xf6, 0x1, 0xff, 0x60, 0x1f, 0xf6, 0x1, 0xff,
    0x60, 0x1f, 0xf6, 0x1, 0xff, 0x60, 0x1f, 0xf6,
    0x1, 0xff, 0x60, 0x1f, 0xf7, 0x0, 0xff, 0xb1,
    0xc, 0xff, 0x90, 0x3c, 0xfa,

    /* U+006D "m" */
    0x1f, 0xf0, 0x1a, 0xee, 0xb1, 0x0, 0x7d, 0xfb,
    0x30, 0x1f, 0xf5, 0xef, 0xff, 0xfc, 0xb, 0xff,
    0xff, 0xf2, 0x1f, 0xff, 0xe8, 0x5c, 0xff, 0xef,
    0x95, 0xaf, 0xf9, 0x1f, 0xfd, 0x20, 0x2, 0xff,
    0xf4, 0x0, 0xd, 0xfd, 0x1f, 0xf6, 0x0, 0x0,
    0xef, 0xb0, 0x0, 0xa, 0xfe, 0x1f, 0xf6, 0x0,
    0x0, 0xdf, 0xb0, 0x0, 0x9, 0xff, 0x1f, 0xf6,
    0x0, 0x0, 0xdf, 0xb0, 0x0, 0x8, 0xff, 0x1f,
    0xf6, 0x0, 0x0, 0xdf, 0xb0, 0x0, 0x8, 0xff,
    0x1f, 0xf6, 0x0, 0x0, 0xdf, 0xb0, 0x0, 0x8,
    0xff, 0x1f, 0xf6, 0x0, 0x0, 0xdf, 0xb0, 0x0,
    0x8, 0xff, 0x1f, 0xf6, 0x0, 0x0, 0xdf, 0xb0,
    0x0, 0x8, 0xff, 0x1f, 0xf6, 0x0, 0x0, 0xdf,
    0xb0, 0x0, 0x8, 0xff, 0x1f, 0xf6, 0x0, 0x0,
    0xdf, 0xb0, 0x0, 0x8, 0xff,

    /* U+006E "n" */
    0x1f, 0xf0, 0x19, 0xef, 0xb3, 0x1, 0xff, 0x5e,
    0xff, 0xff, 0xf2, 0x1f, 0xff, 0xe8, 0x5a, 0xff,
    0x91, 0xff, 0xd2, 0x0, 0xd, 0xfc, 0x1f, 0xf6,
    0x0, 0x0, 0xaf, 0xe1, 0xff, 0x60, 0x0, 0x9,
    0xff, 0x1f, 0xf6, 0x0, 0x0, 0x8f, 0xf1, 0xff,
    0x60, 0x0, 0x8, 0xff, 0x1f, 0xf6, 0x0, 0x0,
    0x8f, 0xf1, 0xff, 0x60, 0x0, 0x8, 0xff, 0x1f,
    0xf6, 0x0, 0x0, 0x8f, 0xf1, 0xff, 0x60, 0x0,
    0x8, 0xff, 0x1f, 0xf6, 0x0, 0x0, 0x8f, 0xf0,

    /* U+006F "o" */
    0x0, 0x7, 0xbe, 0xda, 0x20, 0x0, 0x1, 0xcf,
    0xff, 0xff, 0xf6, 0x0, 0xb, 0xff, 0x94, 0x5d,
    0xff, 0x30, 0x4f, 0xf7, 0x0, 0x1, 0xef, 0xd0,
    0x9f, 0xf0, 0x0, 0x0, 0x7f, 0xf1, 0xcf, 0xc0,
    0x0, 0x0, 0x4f, 0xf4, 0xef, 0xb0, 0x0, 0x0,
    0x2f, 0xf6, 0xcf, 0xc0, 0x0, 0x0, 0x4f, 0xf4,
    0x9f, 0xf0, 0x0, 0x0, 0x7f, 0xf1, 0x4f, 0xf8,
    0x0, 0x1, 0xef, 0xd0, 0xb, 0xff, 0x94, 0x6d,
    0xff, 0x30, 0x1, 0xcf, 0xff, 0xff, 0xf6, 0x0,
    0x0, 0x7, 0xbe, 0xda, 0x20, 0x0,

    /* U+0070 "p" */
    0x1f, 0xf0, 0x3a, 0xee, 0xa3, 0x0, 0x1f, 0xfa,
    0xff, 0xff, 0xff, 0x40, 0x1f, 0xff, 0xd6, 0x48,
    0xff, 0xd0, 0x1f, 0xfb, 0x0, 0x0, 0x7f, 0xf5,
    0x1f, 0xf6, 0x0, 0x0, 0x1f, 0xf8, 0x1f, 0xf6,
    0x0, 0x0, 0xf, 0xfa, 0x1f, 0xf6, 0x0, 0x0,
    0xe, 0xfb, 0x1f, 0xf6, 0x0, 0x0, 0xf, 0xf9,
    0x1f, 0xf6, 0x0, 0x0, 0x3f, 0xf6, 0x1f, 0xf8,
    0x0, 0x0, 0xbf, 0xf2, 0x1f, 0xff, 0xb5, 0x5b,
    0xff, 0x90, 0x1f, 0xfd, 0xff, 0xff, 0xfc, 0x10,
    0x1f, 0xf6, 0x5c, 0xfc, 0x70, 0x0, 0x1f, 0xf6,
    0x0, 0x0, 0x0, 0x0, 0x1f, 0xf6, 0x0, 0x0,
    0x0, 0x0, 0x1f, 0xf6, 0x0, 0x0, 0x0, 0x0,
    0x1f, 0xf6, 0x0, 0x0, 0x0, 0x0, 0x1f, 0xf6,
    0x0, 0x0, 0x0, 0x0,

    /* U+0071 "q" */
    0x0, 0x8, 0xdf, 0xc5, 0x1f, 0xf0, 0x2d, 0xff,
    0xff, 0xfd, 0xff, 0xc, 0xff, 0xa4, 0x5b, 0xff,
    0xf4, 0xff, 0x90, 0x0, 0xa, 0xff, 0x9f, 0xf1,
    0x0, 0x0, 0x8f, 0xfb, 0xfd, 0x0, 0x0, 0x8,
    0xff, 0xdf, 0xb0, 0x0, 0x0, 0x8f, 0xfc, 0xfd,
    0x0, 0x0, 0x8, 0xff, 0xaf, 0xf0, 0x0, 0x0,
    0x8f, 0xf6, 0xff, 0x70, 0x0, 0x1c, 0xff, 0xe,
    0xff, 0x84, 0x6d, 0xff, 0xf0, 0x4f, 0xff, 0xff,
    0xfc, 0xff, 0x0, 0x2a, 0xee, 0xa2, 0x8f, 0xf0,
    0x0, 0x0, 0x0, 0x8, 0xff, 0x0, 0x0, 0x0,
    0x0, 0x8f, 0xf0, 0x0, 0x0, 0x0, 0x8, 0xff,
    0x0, 0x0, 0x0, 0x0, 0x8f, 0xf0, 0x0, 0x0,
    0x0, 0x8, 0xff,

    /* U+0072 "r" */
    0x1f, 0xf0, 0x1a, 0xff, 0x1, 0xff, 0x3e, 0xff,
    0xc0, 0x1f, 0xfd, 0xf9, 0x65, 0x1, 0xff, 0xf5,
    0x0, 0x0, 0x1f, 0xfb, 0x0, 0x0, 0x1, 0xff,
    0x70, 0x0, 0x0, 0x1f, 0xf6, 0x0, 0x0, 0x1,
    0xff, 0x60, 0x0, 0x0, 0x1f, 0xf6, 0x0, 0x0,
    0x1, 0xff, 0x60, 0x0, 0x0, 0x1f, 0xf6, 0x0,
    0x0, 0x1, 0xff, 0x60, 0x0, 0x0, 0x1f, 0xf6,
    0x0, 0x0, 0x0,

    /* U+0073 "s" */
    0x0, 0x18, 0xdf, 0xd9, 0x20, 0x0, 0xdf, 0xff,
    0xff, 0xf4, 0x7, 0xff, 0x51, 0x39, 0xc0, 0xa,
    0xfd, 0x0, 0x0, 0x0, 0x7, 0xff, 0x50, 0x0,
    0x0, 0x1, 0xdf, 0xfd, 0x60, 0x0, 0x0, 0x8,
    0xff, 0xfd, 0x50, 0x0, 0x0, 0x18, 0xff, 0xf4,
    0x0, 0x0, 0x0, 0x1e, 0xfa, 0x2, 0x10, 0x0,
    0xb, 0xfb, 0xd, 0xe7, 0x31, 0x5f, 0xf8, 0x1b,
    0xff, 0xff, 0xff, 0xd0, 0x0, 0x5b, 0xef, 0xc8,
    0x0,

    /* U+0074 "t" */
    0x0, 0x27, 0x60, 0x0, 0x0, 0x5, 0xfd, 0x0,
    0x0, 0x0, 0x6f, 0xd0, 0x0, 0x0, 0x8, 0xfd,
    0x0, 0x0, 0x6e, 0xff, 0xff, 0xff, 0x7, 0xff,
    0xff, 0xff, 0xf0, 0x12, 0xbf, 0xd2, 0x22, 0x0,
    0xa, 0xfd, 0x0, 0x0, 0x0, 0xaf, 0xd0, 0x0,
    0x0, 0xa, 0xfd, 0x0, 0x0, 0x0, 0xaf, 0xd0,
    0x0, 0x0, 0xa, 0xfd, 0x0, 0x0, 0x0, 0xaf,
    0xd0, 0x0, 0x0, 0x9, 0xff, 0x0, 0x0, 0x0,
    0x6f, 0xf9, 0x35, 0x0, 0x0, 0xef, 0xff, 0xf1,
    0x0, 0x2, 0xbe, 0xeb, 0x20,

    /* U+0075 "u" */
    0x4f, 0xf4, 0x0, 0x0, 0xcf, 0xc4, 0xff, 0x40,
    0x0, 0xc, 0xfc, 0x4f, 0xf4, 0x0, 0x0, 0xcf,
    0xc4, 0xff, 0x40, 0x0, 0xc, 0xfc, 0x4f, 0xf4,
    0x0, 0x0, 0xcf, 0xc4, 0xff, 0x40, 0x0, 0xc,
    0xfc, 0x4f, 0xf4, 0x0, 0x0, 0xcf, 0xc4, 0xff,
    0x40, 0x0, 0xc, 0xfc, 0x3f, 0xf5, 0x0, 0x0,
    0xcf, 0xc1, 0xff, 0x90, 0x0, 0x6f, 0xfc, 0xe,
    0xff, 0x86, 0xaf, 0xff, 0xc0, 0x6f, 0xff, 0xff,
    0x97, 0xfc, 0x0, 0x6c, 0xfd, 0x60, 0x5f, 0xc0,

    /* U+0076 "v" */
    0x8f, 0xf0, 0x0, 0x0, 0xe, 0xf8, 0x3f, 0xf5,
    0x0, 0x0, 0x3f, 0xf3, 0xd, 0xf9, 0x0, 0x0,
    0x8f, 0xe0, 0x8, 0xfe, 0x0, 0x0, 0xdf, 0x90,
    0x3, 0xff, 0x30, 0x1, 0xff, 0x30, 0x0, 0xef,
    0x80, 0x6, 0xfe, 0x0, 0x0, 0x9f, 0xc0, 0xb,
    0xf9, 0x0, 0x0, 0x3f, 0xf1, 0xf, 0xf4, 0x0,
    0x0, 0xe, 0xf5, 0x4f, 0xf0, 0x0, 0x0, 0x9,
    0xfa, 0x8f, 0xa0, 0x0, 0x0, 0x4, 0xfe, 0xdf,
    0x50, 0x0, 0x0, 0x0, 0xef, 0xff, 0x0, 0x0,
    0x0, 0x0, 0x9f, 0xfb, 0x0, 0x0,

    /* U+0077 "w" */
    0x4f, 0xf4, 0x0, 0x1, 0xff, 0x70, 0x0, 0xd,
    0xf8, 0xf, 0xf7, 0x0, 0x5, 0xff, 0xb0, 0x0,
    0x1f, 0xf4, 0xc, 0xfb, 0x0, 0x9, 0xff, 0xf0,
    0x0, 0x4f, 0xf0, 0x8, 0xfe, 0x0, 0xd, 0xeb,
    0xf3, 0x0, 0x8f, 0xc0, 0x4, 0xff, 0x20, 0x1f,
    0xb8, 0xf7, 0x0, 0xcf, 0x80, 0x0, 0xff, 0x60,
    0x5f, 0x84, 0xfb, 0x0, 0xff, 0x40, 0x0, 0xcf,
    0xa0, 0x9f, 0x51, 0xfe, 0x3, 0xff, 0x10, 0x0,
    0x8f, 0xd0, 0xcf, 0x10, 0xdf, 0x26, 0xfd, 0x0,
    0x0, 0x4f, 0xf0, 0xfd, 0x0, 0x9f, 0x69, 0xf9,
    0x0, 0x0, 0xf, 0xf6, 0xf9, 0x0, 0x6f, 0x9c,
    0xf5, 0x0, 0x0, 0xc, 0xfd, 0xf6, 0x0, 0x2f,
    0xdf, 0xf1, 0x0, 0x0, 0x8, 0xff, 0xf2, 0x0,
    0xe, 0xff, 0xd0, 0x0, 0x0, 0x4, 0xff, 0xe0,
    0x0, 0xa, 0xff, 0x90, 0x0,

    /* U+0078 "x" */
    0x2f, 0xfa, 0x0, 0x0, 0xef, 0xa0, 0x8, 0xff,
    0x30, 0x6, 0xff, 0x20, 0x0, 0xef, 0xb0, 0xd,
    0xf8, 0x0, 0x0, 0x5f, 0xf4, 0x5f, 0xe1, 0x0,
    0x0, 0xc, 0xfc, 0xcf, 0x70, 0x0, 0x0, 0x3,
    0xff, 0xfd, 0x0, 0x0, 0x0, 0x0, 0xef, 0xf7,
    0x0, 0x0, 0x0, 0x7, 0xff, 0xfe, 0x0, 0x0,
    0x0, 0x1f, 0xf5, 0xff, 0x80, 0x0, 0x0, 0xaf,
    0xc0, 0x8f, 0xf2, 0x0, 0x3, 0xff, 0x40, 0xe,
    0xfb, 0x0, 0xc, 0xfc, 0x0, 0x6, 0xff, 0x50,
    0x5f, 0xf3, 0x0, 0x0, 0xcf, 0xe0,

    /* U+0079 "y" */
    0x7f, 0xf1, 0x0, 0x0, 0xe, 0xf8, 0x1f, 0xf6,
    0x0, 0x0, 0x3f, 0xf3, 0xb, 0xfb, 0x0, 0x0,
    0x8f, 0xd0, 0x5, 0xff, 0x10, 0x0, 0xcf, 0x80,
    0x0, 0xff, 0x60, 0x1, 0xff, 0x30, 0x0, 0x9f,
    0xb0, 0x6, 0xfd, 0x0, 0x0, 0x3f, 0xf1, 0xb,
    0xf8, 0x0, 0x0, 0xd, 0xf6, 0xf, 0xf3, 0x0,
    0x0, 0x7, 0xfb, 0x3f, 0xd0, 0x0, 0x0, 0x1,
    0xff, 0x8f, 0x80, 0x0, 0x0, 0x0, 0xbf, 0xff,
    0x30, 0x0, 0x0, 0x0, 0x5f, 0xfe, 0x0, 0x0,
    0x0, 0x0, 0xf, 0xf8, 0x0, 0x0, 0x0, 0x0,
    0x3f, 0xf3, 0x0, 0x0, 0x0, 0x0, 0xbf, 0xc0,
    0x0, 0x0, 0x2, 0x38, 0xff, 0x50, 0x0, 0x0,
    0xc, 0xff, 0xf9, 0x0, 0x0, 0x0, 0xc, 0xfc,
    0x60, 0x0, 0x0, 0x0,

    /* U+007A "z" */
    0x8, 0xff, 0xff, 0xff, 0xff, 0x0, 0x8f, 0xff,
    0xff, 0xff, 0xd0, 0x1, 0x22, 0x22, 0x9f, 0xf4,
    0x0, 0x0, 0x0, 0x1f, 0xfa, 0x0, 0x0, 0x0,
    0xb, 0xfe, 0x10, 0x0, 0x0, 0x5, 0xff, 0x60,
    0x0, 0x0, 0x1, 0xef, 0xc0, 0x0, 0x0, 0x0,
    0x9f, 0xf2, 0x0, 0x0, 0x0, 0x4f, 0xf7, 0x0,
    0x0, 0x0, 0xd, 0xfd, 0x0, 0x0, 0x0, 0x8,
    0xff, 0x51, 0x11, 0x11, 0x1, 0xff, 0xff, 0xff,
    0xff, 0xf2, 0x2f, 0xff, 0xff, 0xff, 0xff, 0x20,

    /* U+007B "{" */
    0x0, 0x3, 0xcf, 0xf0, 0x0, 0xef, 0xb7, 0x0,
    0x2f, 0xe0, 0x0, 0x4, 0xfd, 0x0, 0x0, 0x4f,
    0xd0, 0x0, 0x3, 0xfd, 0x0, 0x0, 0x2f, 0xd0,
    0x0, 0x1, 0xfe, 0x0, 0x0, 0x1f, 0xe0, 0x0,
    0x6, 0xfc, 0x0, 0x1c, 0xfe, 0x30, 0x2, 0xff,
    0xa0, 0x0, 0x1, 0xbf, 0xa0, 0x0, 0x2, 0xfd,
    0x0, 0x0, 0x1f, 0xe0, 0x0, 0x2, 0xfd, 0x0,
    0x0, 0x3f, 0xd0, 0x0, 0x3, 0xfd, 0x0, 0x0,
    0x4f, 0xc0, 0x0, 0x3, 0xfd, 0x0, 0x0, 0x1f,
    0xf6, 0x20, 0x0, 0x8f, 0xff, 0x0, 0x0, 0x24,
    0x50,

    /* U+007C "|" */
    0xbf, 0xbf, 0xbf, 0xbf, 0xbf, 0xbf, 0xbf, 0xbf,
    0xbf, 0xbf, 0xbf, 0xbf, 0xbf, 0xbf, 0xbf, 0xbf,
    0xbf, 0xbf, 0xbf, 0xbf, 0xbf, 0xbf, 0xbf, 0xbf,
    0xbf, 0xbf,

    /* U+007D "}" */
    0x1f, 0xfb, 0x20, 0x0, 0x8c, 0xfb, 0x0, 0x0,
    0x1f, 0xf0, 0x0, 0x0, 0xff, 0x10, 0x0, 0xf,
    0xf1, 0x0, 0x0, 0xff, 0x0, 0x0, 0xf, 0xf0,
    0x0, 0x0, 0xfe, 0x0, 0x0, 0xf, 0xe0, 0x0,
    0x0, 0xef, 0x30, 0x0, 0x7, 0xff, 0xb0, 0x0,
    0x2d, 0xff, 0x0, 0xd, 0xf8, 0x10, 0x0, 0xff,
    0x0, 0x0, 0x1f, 0xe0, 0x0, 0x0, 0xff, 0x0,
    0x0, 0xf, 0xf0, 0x0, 0x0, 0xff, 0x0, 0x0,
    0xf, 0xf1, 0x0, 0x0, 0xff, 0x0, 0x2, 0x8f,
    0xe0, 0x1, 0xff, 0xf5, 0x0, 0x5, 0x41, 0x0,
    0x0,

    /* U+007E "~" */
    0x0, 0x6e, 0xe9, 0x10, 0x0, 0x20, 0x8, 0xff,
    0xff, 0xe4, 0x7, 0xf6, 0xd, 0xd2, 0x19, 0xff,
    0xff, 0xe2, 0x0, 0x20, 0x0, 0x4c, 0xfb, 0x20,

    /* U+00B0 "°" */
    0x0, 0x0, 0x0, 0x0, 0x0, 0x7e, 0xfc, 0x20,
    0x6, 0xf8, 0x5d, 0xd0, 0xd, 0xa0, 0x3, 0xf4,
    0xf, 0x70, 0x0, 0xf6, 0xd, 0x90, 0x2, 0xf5,
    0x8, 0xf5, 0x2b, 0xe1, 0x0, 0xaf, 0xfe, 0x40,
    0x0, 0x1, 0x30, 0x0,

    /* U+00B7 "·" */
    0x0, 0x33, 0x0, 0xb, 0xff, 0xb0, 0x5f, 0xff,
    0xf5, 0x7f, 0xff, 0xf7, 0x3f, 0xff, 0xf3, 0x6,
    0xee, 0x60,

    /* U+00D7 "×" */
    0x0, 0x0, 0x0, 0x0, 0x0, 0x0, 0x0, 0x0,
    0x8, 0xc0, 0x0, 0x0, 0x0, 0x0, 0xc, 0x80,
    0xc, 0xfc, 0x0, 0x0, 0x0, 0x0, 0xbf, 0xc0,
    0x1, 0xcf, 0xb0, 0x0, 0x0, 0xa, 0xfd, 0x10,
    0x0, 0x1d, 0xfa, 0x0, 0x0, 0xaf, 0xd1, 0x0,
    0x0, 0x1, 0xdf, 0xa0, 0x9, 0xfd, 0x10, 0x0,
    0x0, 0x0, 0x1e, 0xf9, 0x8f, 0xe1, 0x0, 0x0,
    0x0, 0x0, 0x2, 0xef, 0xfe, 0x20, 0x0, 0x0,
    0x0, 0x0, 0x0, 0x9f, 0xf9, 0x0, 0x0, 0x0,
    0x0, 0x0, 0x7, 0xff, 0xef, 0x70, 0x0, 0x0,
    0x0, 0x0, 0x6f, 0xf3, 0x3f, 0xf6, 0x0, 0x0,
    0x0, 0x5, 0xff, 0x40, 0x3, 0xff, 0x50, 0x0,
    0x0, 0x5f, 0xf4, 0x0, 0x0, 0x4f, 0xf5, 0x0,
    0x4, 0xff, 0x50, 0x0, 0x0, 0x5, 0xff, 0x40,
    0xe, 0xf5, 0x0, 0x0, 0x0, 0x0, 0x5f, 0xe0,
    0x3, 0x60, 0x0, 0x0, 0x0, 0x0, 0x6, 0x30,

    /* U+00F7 "÷" */
    0x0, 0x0, 0x0, 0x3d, 0xd3, 0x0, 0x0, 0x0,
    0x0, 0x0, 0x0, 0xaf, 0xfa, 0x0, 0x0, 0x0,
    0x0, 0x0, 0x0, 0x8f, 0xf8, 0x0, 0x0, 0x0,
    0x0, 0x0, 0x0, 0x7, 0x70, 0x0, 0x0, 0x0,
    0x0, 0x0, 0x0, 0x0, 0x0, 0x0, 0x0, 0x0,
    0x0, 0x0, 0x0, 0x0, 0x0, 0x0, 0x0, 0x0,
    0xde, 0xee, 0xee, 0xee, 0xee, 0xee, 0xee, 0xed,
    0xef, 0xff, 0xff, 0xff, 0xff, 0xff, 0xff, 0xfe,
    0x0, 0x0, 0x0, 0x0, 0x0, 0x0, 0x0, 0x0,
    0x0, 0x0, 0x0, 0x0, 0x0, 0x0, 0x0, 0x0,
    0x0, 0x0, 0x0, 0x0, 0x0, 0x0, 0x0, 0x0,
    0x0, 0x0, 0x0, 0x7, 0x70, 0x0, 0x0, 0x0,
    0x0, 0x0, 0x0, 0x8f, 0xf8, 0x0, 0x0, 0x0,
    0x0, 0x0, 0x0, 0xaf, 0xfa, 0x0, 0x0, 0x0,
    0x0, 0x0, 0x0, 0x3d, 0xd3, 0x0, 0x0, 0x0,

    /* U+2013 "–" */
    0xcc, 0xcc, 0xcc, 0xcc, 0xca, 0xff, 0xff, 0xff,
    0xff, 0xfd,

    /* U+2014 "—" */
    0xcc, 0xcc, 0xcc, 0xcc, 0xcc, 0xcc, 0xcc, 0xcc,
    0xc9, 0xff, 0xff, 0xff, 0xff, 0xff, 0xff, 0xff,
    0xff, 0xfb,

    /* U+2018 "‘" */
    0x0, 0x27, 0x0, 0x2e, 0xb0, 0xc, 0xa0, 0x2,
    0xf4, 0x0, 0x4f, 0xfa, 0x2, 0xff, 0xf0, 0x9,
    0xe7, 0x0,

    /* U+2019 "’" */
    0x0, 0x10, 0x0, 0x9f, 0xb0, 0xf, 0xff, 0x30,
    0x8e, 0xf4, 0x0, 0x3f, 0x10, 0xc, 0xa0, 0xc,
    0xd1, 0x0, 0x50, 0x0,

    /* U+201C "“" */
    0x0, 0x36, 0x0, 0x18, 0x0, 0x3f, 0x90, 0xc,
    0xd1, 0xd, 0x90, 0x8, 0xd1, 0x4, 0xf3, 0x0,
    0xe7, 0x0, 0x6f, 0xf8, 0x1f, 0xfd, 0x4, 0xff,
    0xd0, 0xff, 0xf3, 0xa, 0xe6, 0x5, 0xea, 0x0,

    /* U+201D "”" */
    0x0, 0x10, 0x0, 0x10, 0x0, 0xcf, 0x70, 0x8f,
    0xc0, 0x3f, 0xff, 0xe, 0xff, 0x50, 0xbf, 0xf0,
    0x6e, 0xf6, 0x0, 0x7e, 0x0, 0x3f, 0x30, 0x2e,
    0x70, 0xb, 0xc0, 0x1e, 0xb0, 0xb, 0xe2, 0x0,
    0x60, 0x0, 0x41, 0x0,

    /* U+2022 "•" */
    0x0, 0x33, 0x0, 0xb, 0xff, 0xb0, 0x5f, 0xff,
    0xf5, 0x7f, 0xff, 0xf7, 0x3f, 0xff, 0xf3, 0x6,
    0xee, 0x60,

    /* U+2026 "…" */
    0x3, 0x0, 0x0, 0x0, 0x11, 0x0, 0x0, 0x0,
    0x30, 0x8f, 0xe0, 0x0, 0x3, 0xff, 0x30, 0x0,
    0xe, 0xf8, 0xcf, 0xf2, 0x0, 0x7, 0xff, 0x70,
    0x0, 0x2f, 0xfc, 0x5e, 0x90, 0x0, 0x1, 0xcc,
    0x10, 0x0, 0x9, 0xe5,

    /* U+2190 "←" */
    0x0, 0x0, 0x0, 0x20, 0x0, 0x0, 0x0, 0x0,
    0x0, 0x0, 0x0, 0x0, 0x0, 0x5, 0xfa, 0x0,
    0x0, 0x0, 0x0, 0x0, 0x0, 0x0, 0x0, 0x0,
    0x4f, 0xf4, 0x0, 0x0, 0x0, 0x0, 0x0, 0x0,
    0x0, 0x0, 0x4, 0xff, 0x60, 0x0, 0x0, 0x0,
    0x0, 0x0, 0x0, 0x0, 0x0, 0x7f, 0xf6, 0x0,
    0x0, 0x0, 0x0, 0x0, 0x0, 0x0, 0x0, 0xb,
    0xff, 0xff, 0xff, 0xff, 0xff, 0xff, 0xff, 0xff,
    0xff, 0xf1, 0x6, 0xff, 0xfc, 0xcc, 0xcc, 0xcc,
    0xcc, 0xcc, 0xcc, 0xcc, 0xc1, 0x0, 0x3e, 0xf9,
    0x0, 0x0, 0x0, 0x0, 0x0, 0x0, 0x0, 0x0,
    0x0, 0x1, 0xdf, 0xa0, 0x0, 0x0, 0x0, 0x0,
    0x0, 0x0, 0x0, 0x0, 0x0, 0x1e, 0xf8, 0x0,
    0x0, 0x0, 0x0, 0x0, 0x0, 0x0, 0x0, 0x0,
    0x2, 0xd6, 0x0, 0x0, 0x0, 0x0, 0x0, 0x0,
    0x0, 0x0, 0x0, 0x0, 0x0, 0x0, 0x0, 0x0,
    0x0, 0x0, 0x0, 0x0,

    /* U+2191 "↑" */
    0x0, 0x0, 0x0, 0x0, 0x0, 0x0, 0x0, 0x0,
    0xa, 0xa0, 0x0, 0x0, 0x0, 0x0, 0x6f, 0xf6,
    0x0, 0x0, 0x0, 0x3, 0xff, 0xff, 0x30, 0x0,
    0x0, 0x4f, 0xff, 0xff, 0xf4, 0x0, 0x5, 0xff,
    0x5e, 0xe5, 0xff, 0x50, 0xf, 0xf6, 0xe, 0xe0,
    0x6f, 0xf0, 0x7, 0x40, 0xe, 0xe0, 0x4, 0x70,
    0x0, 0x0, 0xe, 0xe0, 0x0, 0x0, 0x0, 0x0,
    0xe, 0xe0, 0x0, 0x0, 0x0, 0x0, 0xe, 0xe0,
    0x0, 0x0, 0x0, 0x0, 0xe, 0xe0, 0x0, 0x0,
    0x0, 0x0, 0xe, 0xe0, 0x0, 0x0, 0x0, 0x0,
    0xe, 0xe0, 0x0, 0x0, 0x0, 0x0, 0xe, 0xe0,
    0x0, 0x0, 0x0, 0x0, 0xe, 0xe0, 0x0, 0x0,
    0x0, 0x0, 0xe, 0xe0, 0x0, 0x0, 0x0, 0x0,
    0xe, 0xe0, 0x0, 0x0, 0x0, 0x0, 0xe, 0xe0,
    0x0, 0x0, 0x0, 0x0, 0xe, 0xe0, 0x0, 0x0,
    0x0, 0x0, 0xe, 0xe0, 0x0, 0x0,

    /* U+2192 "→" */
    0x0, 0x0, 0x0, 0x0, 0x0, 0x0, 0x0, 0x2,
    0x0, 0x0, 0x0, 0x0, 0x0, 0x0, 0x0, 0x0,
    0x0, 0x0, 0xaf, 0x50, 0x0, 0x0, 0x0, 0x0,
    0x0, 0x0, 0x0, 0x0, 0x0, 0x4f, 0xf4, 0x0,
    0x0, 0x0, 0x0, 0x0, 0x0, 0x0, 0x0, 0x0,
    0x6, 0xff, 0x40, 0x0, 0x0, 0x0, 0x0, 0x0,
    0x0, 0x0, 0x0, 0x0, 0x6f, 0xf7, 0x0, 0x1f,
    0xff, 0xff, 0xff, 0xff, 0xff, 0xff, 0xff, 0xff,
    0xff, 0xb0, 0x1c, 0xcc, 0xcc, 0xcc, 0xcc, 0xcc,
    0xcc, 0xcc, 0xcf, 0xff, 0x60, 0x0, 0x0, 0x0,
    0x0, 0x0, 0x0, 0x0, 0x0, 0x9f, 0xe3, 0x0,
    0x0, 0x0, 0x0, 0x0, 0x0, 0x0, 0x0, 0xa,
    0xfd, 0x10, 0x0, 0x0, 0x0, 0x0, 0x0, 0x0,
    0x0, 0x0, 0x8f, 0xd1, 0x0, 0x0, 0x0, 0x0,
    0x0, 0x0, 0x0, 0x0, 0x0, 0x6d, 0x20, 0x0,
    0x0, 0x0, 0x0, 0x0, 0x0, 0x0, 0x0, 0x0,
    0x0, 0x0, 0x0, 0x0,

    /* U+2193 "↓" */
    0x0, 0x0, 0x7, 0x70, 0x0, 0x0, 0x0, 0x0,
    0xe, 0xe0, 0x0, 0x0, 0x0, 0x0, 0xe, 0xe0,
    0x0, 0x0, 0x0, 0x0, 0xe, 0xe0, 0x0, 0x0,
    0x0, 0x0, 0xe, 0xe0, 0x0, 0x0, 0x0, 0x0,
    0xe, 0xe0, 0x0, 0x0, 0x0, 0x0, 0xe, 0xe0,
    0x0, 0x0, 0x0, 0x0, 0xe, 0xe0, 0x0, 0x0,
    0x0, 0x0, 0xe, 0xe0, 0x0, 0x0, 0x0, 0x0,
    0xe, 0xe0, 0x0, 0x0, 0x0, 0x0, 0xe, 0xe0,
    0x0, 0x0, 0x0, 0x0, 0xe, 0xe0, 0x0, 0x0,
    0x0, 0x0, 0xe, 0xe0, 0x0, 0x0, 0x2, 0x0,
    0xe, 0xe0, 0x0, 0x10, 0xc, 0xb1, 0xe, 0xe0,
    0x1b, 0xc0, 0xc, 0xfd, 0xe, 0xe0, 0xdf, 0xc0,
    0x0, 0xbf, 0xbe, 0xeb, 0xfb, 0x0, 0x0, 0xb,
    0xff, 0xff, 0xb0, 0x0, 0x0, 0x0, 0xcf, 0xfc,
    0x0, 0x0, 0x0, 0x0, 0x2e, 0xe2, 0x0, 0x0,
    0x0, 0x0, 0x4, 0x40, 0x0, 0x0,

    /* U+25A1 "□" */
    0xdd, 0xdd, 0xdd, 0xdd, 0xdd, 0xdd, 0xdd, 0xdd,
    0xdd, 0xd0, 0x0, 0x0, 0x0, 0x0, 0x0, 0x0,
    0x0, 0xd, 0xd0, 0x0, 0x0, 0x0, 0x0, 0x0,
    0x0, 0x0, 0xd, 0xd0, 0x0, 0x0, 0x0, 0x0,
    0x0, 0x0, 0x0, 0xd, 0xd0, 0x0, 0x0, 0x0,
    0x0, 0x0, 0x0, 0x0, 0xd, 0xd0, 0x0, 0x0,
    0x0, 0x0, 0x0, 0x0, 0x0, 0xd, 0xd0, 0x0,
    0x0, 0x0, 0x0, 0x0, 0x0, 0x0, 0xd, 0xd0,
    0x0, 0x0, 0x0, 0x0, 0x0, 0x0, 0x0, 0xd,
    0xd0, 0x0, 0x0, 0x0, 0x0, 0x0, 0x0, 0x0,
    0xd, 0xd0, 0x0, 0x0, 0x0, 0x0, 0x0, 0x0,
    0x0, 0xd, 0xd0, 0x0, 0x0, 0x0, 0x0, 0x0,
    0x0, 0x0, 0xd, 0xd0, 0x0, 0x0, 0x0, 0x0,
    0x0, 0x0, 0x0, 0xd, 0xd0, 0x0, 0x0, 0x0,
    0x0, 0x0, 0x0, 0x0, 0xd, 0xd0, 0x0, 0x0,
    0x0, 0x0, 0x0, 0x0, 0x0, 0xd, 0xd0, 0x0,
    0x0, 0x0, 0x0, 0x0, 0x0, 0x0, 0xd, 0xd0,
    0x0, 0x0, 0x0, 0x0, 0x0, 0x0, 0x0, 0xd,
    0xda, 0xaa, 0xaa, 0xaa, 0xaa, 0xaa, 0xaa, 0xaa,
    0xad, 0x33, 0x33, 0x33, 0x33, 0x33, 0x33, 0x33,
    0x33, 0x33,

    /* U+3000 "　" */

    /* U+3001 "、" */
    0x0, 0x0, 0x0, 0x1, 0xc8, 0x0, 0x0, 0xbf,
    0xf9, 0x0, 0x1, 0xcf, 0xf9, 0x0, 0x0, 0xbf,
    0xf8, 0x0, 0x0, 0xcf, 0xf6, 0x0, 0x1, 0xdc,
    0x10, 0x0, 0x1, 0x0,

    /* U+3002 "。" */
    0x0, 0x3, 0x52, 0x0, 0x1, 0xcf, 0xff, 0x70,
    0xa, 0xd2, 0x6, 0xf4, 0xf, 0x50, 0x0, 0xb9,
    0x2f, 0x30, 0x0, 0x9b, 0xf, 0x70, 0x0, 0xd8,
    0x6, 0xf8, 0x6c, 0xe1, 0x0, 0x6d, 0xfb, 0x20,

    /* U+3008 "〈" */
    0x0, 0x0, 0x0, 0x17, 0x10, 0x0, 0x0, 0x9,
    0xf8, 0x0, 0x0, 0x3, 0xfe, 0x0, 0x0, 0x0,
    0xdf, 0x50, 0x0, 0x0, 0x7f, 0xb0, 0x0, 0x0,
    0x2f, 0xf1, 0x0, 0x0, 0xb, 0xf7, 0x0, 0x0,
    0x5, 0xfd, 0x0, 0x0, 0x1, 0xef, 0x30, 0x0,
    0x0, 0x9f, 0x90, 0x0, 0x0, 0x2f, 0xf1, 0x0,
    0x0, 0x0, 0xcf, 0x60, 0x0, 0x0, 0x2, 0xff,
    0x10, 0x0, 0x0, 0x8, 0xfa, 0x0, 0x0, 0x0,
    0xd, 0xf4, 0x0, 0x0, 0x0, 0x4f, 0xd0, 0x0,
    0x0, 0x0, 0xaf, 0x80, 0x0, 0x0, 0x1, 0xef,
    0x20, 0x0, 0x0, 0x6, 0xfc, 0x0, 0x0, 0x0,
    0xc, 0xf6, 0x0, 0x0, 0x0, 0x2c, 0x40,

    /* U+3009 "〉" */
    0x17, 0x10, 0x0, 0x0, 0x9, 0xf9, 0x0, 0x0,
    0x0, 0xe, 0xf3, 0x0, 0x0, 0x0, 0x5f, 0xd0,
    0x0, 0x0, 0x0, 0xbf, 0x70, 0x0, 0x0, 0x1,
    0xff, 0x20, 0x0, 0x0, 0x7, 0xfb, 0x0, 0x0,
    0x0, 0xd, 0xf5, 0x0, 0x0, 0x0, 0x3f, 0xe1,
    0x0, 0x0, 0x0, 0x9f, 0x90, 0x0, 0x0, 0x1,
    0xff, 0x20, 0x0, 0x0, 0x6f, 0xc0, 0x0, 0x0,
    0x1f, 0xf2, 0x0, 0x0, 0xa, 0xf8, 0x0, 0x0,
    0x4, 0xfd, 0x0, 0x0, 0x0, 0xdf, 0x40, 0x0,
    0x0, 0x8f, 0xa0, 0x0, 0x0, 0x2f, 0xe1, 0x0,
    0x0, 0xc, 0xf6, 0x0, 0x0, 0x6, 0xfc, 0x0,
    0x0, 0x0, 0x4c, 0x20, 0x0, 0x0, 0x0,

    /* U+300A "《" */
    0x0, 0x0, 0x8, 0x30, 0x36, 0x0, 0x0, 0x5,
    0xf5, 0xb, 0xe0, 0x0, 0x0, 0xce, 0x2, 0xf8,
    0x0, 0x0, 0x3f, 0x70, 0xaf, 0x10, 0x0, 0xb,
    0xe0, 0x1f, 0x90, 0x0, 0x2, 0xf8, 0x8, 0xf2,
    0x0, 0x0, 0x9f, 0x10, 0xea, 0x0, 0x0, 0x1f,
    0x90, 0x6f, 0x30, 0x0, 0x8, 0xf2, 0xd, 0xc0,
    0x0, 0x0, 0xeb, 0x5, 0xf4, 0x0, 0x0, 0x5f,
    0x40, 0xbe, 0x0, 0x0, 0x1, 0xf9, 0x7, 0xf2,
    0x0, 0x0, 0xa, 0xf1, 0xf, 0xa0, 0x0, 0x0,
    0x2f, 0x70, 0x8f, 0x10, 0x0, 0x0, 0xbe, 0x1,
    0xf8, 0x0, 0x0, 0x4, 0xf6, 0xa, 0xf0, 0x0,
    0x0, 0xd, 0xd0, 0x3f, 0x70, 0x0, 0x0, 0x5f,
    0x40, 0xce, 0x0, 0x0, 0x0, 0xec, 0x4, 0xf6,
    0x0, 0x0, 0x7, 0xf3, 0xd, 0xd0, 0x0, 0x0,
    0xc, 0x50, 0x6b, 0x10,

    /* U+300B "》" */
    0x7, 0x30, 0x38, 0x0, 0x0, 0x0, 0xeb, 0x6,
    0xf4, 0x0, 0x0, 0x8, 0xf2, 0xe, 0xc0, 0x0,
    0x0, 0x1f, 0x90, 0x7f, 0x30, 0x0, 0x0, 0x9f,
    0x10, 0xfa, 0x0, 0x0, 0x2, 0xf8, 0x8, 0xf2,
    0x0, 0x0, 0xb, 0xe0, 0x1f, 0x90, 0x0, 0x0,
    0x3f, 0x60, 0xaf, 0x10, 0x0, 0x0, 0xcd, 0x2,
    0xf7, 0x0, 0x0, 0x5, 0xf5, 0xb, 0xe0, 0x0,
    0x0, 0xe, 0xb0, 0x5f, 0x50, 0x0, 0x3, 0xf7,
    0x9, 0xf1, 0x0, 0x0, 0xaf, 0x1, 0xf9, 0x0,
    0x0, 0x2f, 0x80, 0x8f, 0x20, 0x0, 0x9, 0xf1,
    0xe, 0xb0, 0x0, 0x1, 0xfa, 0x6, 0xf3, 0x0,
    0x0, 0x7f, 0x20, 0xdc, 0x0, 0x0, 0xe, 0xb0,
    0x5f, 0x50, 0x0, 0x6, 0xf4, 0xc, 0xd0, 0x0,
    0x0, 0xdd, 0x3, 0xf6, 0x0, 0x0, 0x1b, 0x50,
    0x5c, 0x0, 0x0, 0x0,

    /* U+300C "「" */
    0xcd, 0xdd, 0xdd, 0xd2, 0xef, 0xff, 0xff, 0xf2,
    0xef, 0x20, 0x0, 0x0, 0xef, 0x10, 0x0, 0x0,
    0xef, 0x10, 0x0, 0x0, 0xef, 0x10, 0x0, 0x0,
    0xef, 0x10, 0x0, 0x0, 0xef, 0x10, 0x0, 0x0,
    0xef, 0x10, 0x0, 0x0, 0xef, 0x10, 0x0, 0x0,
    0xef, 0x10, 0x0, 0x0, 0xef, 0x10, 0x0, 0x0,
    0xef, 0x10, 0x0, 0x0, 0xef, 0x10, 0x0, 0x0,
    0x44, 0x0, 0x0, 0x0,

    /* U+300D "」" */
    0x0, 0x0, 0x0, 0x22, 0x0, 0x0, 0x1, 0xfe,
    0x0, 0x0, 0x1, 0xfe, 0x0, 0x0, 0x1, 0xfe,
    0x0, 0x0, 0x1, 0xfe, 0x0, 0x0, 0x1, 0xfe,
    0x0, 0x0, 0x1, 0xfe, 0x0, 0x0, 0x1, 0xfe,
    0x0, 0x0, 0x1, 0xfe, 0x0, 0x0, 0x1, 0xfe,
    0x0, 0x0, 0x1, 0xfe, 0x0, 0x0, 0x1, 0xfe,
    0x0, 0x0, 0x1, 0xfe, 0x2e, 0xee, 0xee, 0xfe,
    0x2f, 0xff, 0xff, 0xfe,

    /* U+300E "『" */
    0xac, 0xcc, 0xcc, 0xcc, 0xc, 0x0, 0x0, 0x0,
    0xb0, 0xc0, 0x0, 0x0, 0xb, 0xc, 0x0, 0xbd,
    0xdd, 0xe0, 0xc0, 0xd, 0x0, 0x0, 0xc, 0x0,
    0xd0, 0x0, 0x0, 0xc0, 0xd, 0x0, 0x0, 0xc,
    0x0, 0xd0, 0x0, 0x0, 0xc0, 0xd, 0x0, 0x0,
    0xc, 0x0, 0xd0, 0x0, 0x0, 0xc0, 0xd, 0x0,
    0x0, 0xc, 0x0, 0xd0, 0x0, 0x0, 0xc0, 0xd,
    0x0, 0x0, 0xc, 0x0, 0xd0, 0x0, 0x0, 0xbc,
    0xce, 0x0, 0x0, 0x0,

    /* U+300F "』" */
    0x0, 0x0, 0xc, 0xcc, 0xc0, 0x0, 0x0, 0xd0,
    0xc, 0x0, 0x0, 0xd, 0x0, 0xc0, 0x0, 0x0,
    0xd0, 0xc, 0x0, 0x0, 0xd, 0x0, 0xc0, 0x0,
    0x0, 0xd0, 0xc, 0x0, 0x0, 0xd, 0x0, 0xc0,
    0x0, 0x0, 0xd0, 0xc, 0x0, 0x0, 0xd, 0x0,
    0xc0, 0x0, 0x0, 0xd0, 0xc, 0x0, 0x0, 0xd,
    0x0, 0xc1, 0xdd, 0xdd, 0xe0, 0xc, 0x1b, 0x0,
    0x0, 0x0, 0xc1, 0xb0, 0x0, 0x0, 0xc, 0x1f,
    0xcc, 0xcc, 0xcc, 0xf0,

    /* U+3010 "【" */
    0x39, 0x99, 0x99, 0x91, 0x6f, 0xff, 0xff, 0x60,
    0x6f, 0xff, 0xf8, 0x0, 0x6f, 0xff, 0xe0, 0x0,
    0x6f, 0xff, 0x50, 0x0, 0x6f, 0xfe, 0x0, 0x0,
    0x6f, 0xf9, 0x0, 0x0, 0x6f, 0xf4, 0x0, 0x0,
    0x6f, 0xf2, 0x0, 0x0, 0x6f, 0xf1, 0x0, 0x0,
    0x6f, 0xf0, 0x0, 0x0, 0x6f, 0xf0, 0x0, 0x0,
    0x6f, 0xf2, 0x0, 0x0, 0x6f, 0xf3, 0x0, 0x0,
    0x6f, 0xf7, 0x0, 0x0, 0x6f, 0xfc, 0x0, 0x0,
    0x6f, 0xff, 0x20, 0x0, 0x6f, 0xff, 0xa0, 0x0,
    0x6f, 0xff, 0xf4, 0x0, 0x6f, 0xff, 0xfe, 0x10,
    0x6f, 0xff, 0xff, 0xd1,

    /* U+3011 "】" */
    0x18, 0x88, 0x88, 0x83, 0x6, 0xff, 0xff, 0xf6,
    0x0, 0x8f, 0xff, 0xf6, 0x0, 0xe, 0xff, 0xf6,
    0x0, 0x5, 0xff, 0xf6, 0x0, 0x0, 0xff, 0xf6,
    0x0, 0x0, 0xaf, 0xf6, 0x0, 0x0, 0x5f, 0xf6,
    0x0, 0x0, 0x2f, 0xf6, 0x0, 0x0, 0x1f, 0xf6,
    0x0, 0x0, 0xf, 0xf6, 0x0, 0x0, 0xf, 0xf6,
    0x0, 0x0, 0x2f, 0xf6, 0x0, 0x0, 0x3f, 0xf6,
    0x0, 0x0, 0x7f, 0xf6, 0x0, 0x0, 0xcf, 0xf6,
    0x0, 0x2, 0xff, 0xf6, 0x0, 0xa, 0xff, 0xf6,
    0x0, 0x3f, 0xff, 0xf6, 0x1, 0xdf, 0xff, 0xf6,
    0x1d, 0xff, 0xff, 0xf6, 0x0, 0x0, 0x0, 0x0,

    /* U+3014 "〔" */
    0x0, 0x0, 0x77, 0x0, 0x3, 0xdf, 0xc0, 0x8,
    0xff, 0x70, 0xa, 0xfc, 0x20, 0x0, 0xbf, 0x30,
    0x0, 0xb, 0xf3, 0x0, 0x0, 0xbf, 0x30, 0x0,
    0xb, 0xf3, 0x0, 0x0, 0xbf, 0x30, 0x0, 0xb,
    0xf3, 0x0, 0x0, 0xbf, 0x30, 0x0, 0xb, 0xf3,
    0x0, 0x0, 0xbf, 0x30, 0x0, 0xb, 0xf3, 0x0,
    0x0, 0xbf, 0x30, 0x0, 0xb, 0xf3, 0x0, 0x0,
    0xbf, 0x30, 0x0, 0xb, 0xf8, 0x0, 0x0, 0x3c,
    0xfd, 0x30, 0x0, 0x7, 0xff, 0x80, 0x0, 0x2,
    0xca, 0x0, 0x0, 0x0, 0x0,

    /* U+3015 "〕" */
    0x7, 0x70, 0x0, 0x0, 0xcf, 0xd3, 0x0, 0x0,
    0x7f, 0xf8, 0x0, 0x0, 0x2c, 0xfa, 0x0, 0x0,
    0x3f, 0xb0, 0x0, 0x3, 0xfb, 0x0, 0x0, 0x3f,
    0xb0, 0x0, 0x3, 0xfb, 0x0, 0x0, 0x3f, 0xb0,
    0x0, 0x3, 0xfb, 0x0, 0x0, 0x3f, 0xb0, 0x0,
    0x3, 0xfb, 0x0, 0x0, 0x3f, 0xb0, 0x0, 0x3,
    0xfb, 0x0, 0x0, 0x3f, 0xb0, 0x0, 0x3, 0xfb,
    0x0, 0x0, 0x3f, 0xb0, 0x0, 0x8, 0xfb, 0x0,
    0x3d, 0xfc, 0x30, 0x8f, 0xf7, 0x0, 0xa, 0xc2,
    0x0, 0x0, 0x0, 0x0, 0x0,

    /* U+4E0A "上" */
    0x0, 0x0, 0x0, 0x0, 0x11, 0x0, 0x0, 0x0,
    0x0, 0x0, 0x0, 0x0, 0x0, 0x0, 0xcf, 0x60,
    0x0, 0x0, 0x0, 0x0, 0x0, 0x0, 0x0, 0x0,
    0xcf, 0x60, 0x0, 0x0, 0x0, 0x0, 0x0, 0x0,
    0x0, 0x0, 0xcf, 0x60, 0x0, 0x0, 0x0, 0x0,
    0x0, 0x0, 0x0, 0x0, 0xcf, 0x60, 0x0, 0x0,
    0x0, 0x0, 0x0, 0x0, 0x0, 0x0, 0xcf, 0x60,
    0x0, 0x0, 0x0, 0x0, 0x0, 0x0, 0x0, 0x0,
    0xcf, 0x60, 0x0, 0x0, 0x0, 0x0, 0x0, 0x0,
    0x0, 0x0, 0xcf, 0xfe, 0xee, 0xee, 0xee, 0x60,
    0x0, 0x0, 0x0, 0x0, 0xcf, 0xff, 0xff, 0xff,
    0xff, 0x70, 0x0, 0x0, 0x0, 0x0, 0xcf, 0x82,
    0x22, 0x22, 0x22, 0x10, 0x0, 0x0, 0x0, 0x0,
    0xcf, 0x60, 0x0, 0x0, 0x0, 0x0, 0x0, 0x0,
    0x0, 0x0, 0xcf, 0x60, 0x0, 0x0, 0x0, 0x0,
    0x0, 0x0, 0x0, 0x0, 0xcf, 0x60, 0x0, 0x0,
    0x0, 0x0, 0x0, 0x0, 0x0, 0x0, 0xcf, 0x60,
    0x0, 0x0, 0x0, 0x0, 0x0, 0x0, 0x0, 0x0,
    0xcf, 0x60, 0x0, 0x0, 0x0, 0x0, 0x0, 0x0,
    0x0, 0x0, 0xcf, 0x60, 0x0, 0x0, 0x0, 0x0,
    0x0, 0x0, 0x0, 0x0, 0xcf, 0x60, 0x0, 0x0,
    0x0, 0x0, 0x22, 0x22, 0x22, 0x22, 0xdf, 0x72,
    0x22, 0x22, 0x22, 0x22, 0xef, 0xff, 0xff, 0xff,
    0xff, 0xff, 0xff, 0xff, 0xff, 0xff, 0xef, 0xff,
    0xff, 0xff, 0xff, 0xff, 0xff, 0xff, 0xff, 0xfe,

    /* U+4E0D "不" */
    0x0, 0x0, 0x0, 0x0, 0x0, 0x0, 0x0, 0x0,
    0x0, 0x0, 0x0, 0xb, 0xff, 0xff, 0xff, 0xff,
    0xff, 0xff, 0xff, 0xff, 0xff, 0x40, 0xb, 0xff,
    0xff, 0xff, 0xff, 0xff, 0xff, 0xff, 0xff, 0xff,
    0x40, 0x0, 0x0, 0x0, 0x0, 0x1, 0xbf, 0xf2,
    0x0, 0x0, 0x0, 0x0, 0x0, 0x0, 0x0, 0x0,
    0x5, 0xff, 0x70, 0x0, 0x0, 0x0, 0x0, 0x0,
    0x0, 0x0, 0x0, 0x1e, 0xfe, 0x0, 0x0, 0x0,
    0x0, 0x0, 0x0, 0x0, 0x0, 0x1, 0xdf, 0xfe,
    0x5, 0x0, 0x0, 0x0, 0x0, 0x0, 0x0, 0x0,
    0xc, 0xff, 0xfe, 0x9f, 0xc2, 0x0, 0x0, 0x0,
    0x0, 0x0, 0x1, 0xbf, 0xfb, 0xfe, 0x3e, 0xff,
    0x50, 0x0, 0x0, 0x0, 0x0, 0x2d, 0xff, 0x55,
    0xfe, 0x1, 0xcf, 0xfa, 0x0, 0x0, 0x0, 0x5,
    0xef, 0xf5, 0x5, 0xfe, 0x0, 0x9, 0xff, 0xc1,
    0x0, 0x2, 0xbf, 0xfe, 0x40, 0x5, 0xfe, 0x0,
    0x0, 0x6f, 0xfe, 0x20, 0x1f, 0xff, 0xa1, 0x0,
    0x5, 0xfe, 0x0, 0x0, 0x4, 0xff, 0xc0, 0x8,
    0xe5, 0x0, 0x0, 0x5, 0xfe, 0x0, 0x0, 0x0,
    0x4c, 0x10, 0x0, 0x10, 0x0, 0x0, 0x5, 0xfe,
    0x0, 0x0, 0x0, 0x0, 0x0, 0x0, 0x0, 0x0,
    0x0, 0x5, 0xfe, 0x0, 0x0, 0x0, 0x0, 0x0,
    0x0, 0x0, 0x0, 0x0, 0x5, 0xfe, 0x0, 0x0,
    0x0, 0x0, 0x0, 0x0, 0x0, 0x0, 0x0, 0x5,
    0xfe, 0x0, 0x0, 0x0, 0x0, 0x0, 0x0, 0x0,
    0x0, 0x0, 0x5, 0xfe, 0x0, 0x0, 0x0, 0x0,
    0x0, 0x0, 0x0, 0x0, 0x0, 0x5, 0xfe, 0x0,
    0x0, 0x0, 0x0, 0x0,

    /* U+4E0E "与" */
    0x0, 0x0, 0x24, 0x20, 0x0, 0x0, 0x0, 0x0,
    0x0, 0x0, 0x0, 0x8, 0xf9, 0x0, 0x0, 0x0,
    0x0, 0x0, 0x0, 0x0, 0x0, 0xbf, 0x60, 0x0,
    0x0, 0x0, 0x0, 0x0, 0x0, 0x0, 0xe, 0xff,
    0xee, 0xee, 0xee, 0xee, 0xee, 0xe5, 0x0, 0x1,
    0xff, 0xff, 0xff, 0xff, 0xff, 0xff, 0xff, 0x50,
    0x0, 0x4f, 0xd1, 0x11, 0x11, 0x11, 0x11, 0x11,
    0x10, 0x0, 0x7, 0xfa, 0x0, 0x0, 0x0, 0x0,
    0x0, 0x0, 0x0, 0x0, 0xbf, 0x70, 0x0, 0x0,
    0x0, 0x0, 0x0, 0x0, 0x0, 0xe, 0xf5, 0x0,
    0x0, 0x0, 0x0, 0x0, 0x0, 0x0, 0x2, 0xff,
    0xff, 0xff, 0xff, 0xff, 0xff, 0xff, 0xfc, 0x0,
    0x5d, 0xdd, 0xdd, 0xdd, 0xdd, 0xdd, 0xdd, 0xef,
    0xa0, 0x0, 0x0, 0x0, 0x0, 0x0, 0x0, 0x0,
    0x8, 0xf9, 0x0, 0x0, 0x0, 0x0, 0x0, 0x0,
    0x0, 0x0, 0xaf, 0x73, 0x33, 0x33, 0x33, 0x33,
    0x33, 0x33, 0x30, 0xc, 0xf5, 0xcf, 0xff, 0xff,
    0xff, 0xff, 0xff, 0xfe, 0x0, 0xef, 0x39, 0xcc,
    0xcc, 0xcc, 0xcc, 0xcc, 0xcc, 0xb0, 0x1f, 0xf1,
    0x0, 0x0, 0x0, 0x0, 0x0, 0x0, 0x0, 0x5,
    0xfe, 0x0, 0x0, 0x0, 0x0, 0x0, 0x0, 0x0,
    0x0, 0x9f, 0xa0, 0x0, 0x0, 0x0, 0x0, 0x1,
    0x10, 0x0, 0x3f, 0xf5, 0x0, 0x0, 0x0, 0x0,
    0x0, 0x4f, 0xff, 0xff, 0xfd, 0x0, 0x0, 0x0,
    0x0, 0x0, 0x0, 0xef, 0xff, 0xeb, 0x20, 0x0,
    0x0, 0x0, 0x0, 0x0, 0x0, 0x0, 0x0, 0x0,
    0x0,

    /* U+4E14 "且" */
    0x0, 0x0, 0x11, 0x11, 0x11, 0x11, 0x11, 0x11,
    0x10, 0x0, 0x0, 0x6, 0xff, 0xff, 0xff, 0xff,
    0xff, 0xff, 0xc0, 0x0, 0x0, 0x6, 0xff, 0xee,
    0xee, 0xee, 0xee, 0xef, 0xc0, 0x0, 0x0, 0x6,
    0xfa, 0x0, 0x0, 0x0, 0x0, 0x5f, 0xc0, 0x0,
    0x0, 0x6, 0xfa, 0x0, 0x0, 0x0, 0x0, 0x5f,
    0xc0, 0x0, 0x0, 0x6, 0xfa, 0x0, 0x0, 0x0,
    0x0, 0x5f, 0xc0, 0x0, 0x0, 0x6, 0xff, 0xff,
    0xff, 0xff, 0xff, 0xff, 0xc0, 0x0, 0x0, 0x6,
    0xff, 0xff, 0xff, 0xff, 0xff, 0xff, 0xc0, 0x0,
    0x0, 0x6, 0xfa, 0x0, 0x0, 0x0, 0x0, 0x5f,
    0xc0, 0x0, 0x0, 0x6, 0xfa, 0x0, 0x0, 0x0,
    0x0, 0x5f, 0xc0, 0x0, 0x0, 0x6, 0xfa, 0x0,
    0x0, 0x0, 0x0, 0x5f, 0xc0, 0x0, 0x0, 0x6,
    0xfe, 0xcc, 0xcc, 0xcc, 0xcc, 0xdf, 0xc0, 0x0,
    0x0, 0x6, 0xff, 0xff, 0xff, 0xff, 0xff, 0xff,
    0xc0, 0x0, 0x0, 0x6, 0xfb, 0x33, 0x33, 0x33,
    0x33, 0x7f, 0xc0, 0x0, 0x0, 0x6, 0xfa, 0x0,
    0x0, 0x0, 0x0, 0x5f, 0xc0, 0x0, 0x0, 0x6,
    0xfa, 0x0, 0x0, 0x0, 0x0, 0x5f, 0xc0, 0x0,
    0x11, 0x17, 0xfa, 0x11, 0x11, 0x11, 0x11, 0x6f,
    0xd1, 0x11, 0xdf, 0xff, 0xff, 0xff, 0xff, 0xff,
    0xff, 0xff, 0xff, 0xfe, 0xcf, 0xff, 0xff, 0xff,
    0xff, 0xff, 0xff, 0xff, 0xff, 0xfe,

    /* U+4E22 "丢" */
    0x0, 0x0, 0x0, 0x0, 0x0, 0x0, 0x0, 0x14,
    0x60, 0x0, 0x0, 0x12, 0x23, 0x45, 0x67, 0x9a,
    0xce, 0xff, 0xf8, 0x0, 0xc, 0xff, 0xff, 0xff,
    0xff, 0xff, 0xff, 0xfd, 0xa7, 0x0, 0x7, 0xdd,
    0xcb, 0xba, 0xbf, 0xf5, 0x31, 0x0, 0x0, 0x0,
    0x0, 0x0, 0x0, 0x0, 0x3f, 0xe0, 0x0, 0x0,
    0x0, 0x0, 0x0, 0x0, 0x0, 0x0, 0x4f, 0xe0,
    0x0, 0x0, 0x0, 0x0, 0x2, 0xff, 0xff, 0xff,
    0xff, 0xff, 0xff, 0xff, 0xfd, 0x0, 0x2, 0xee,
    0xee, 0xee, 0xff, 0xfe, 0xee, 0xee, 0xec, 0x0,
    0x0, 0x0, 0x0, 0x0, 0x3f, 0xe0, 0x0, 0x0,
    0x0, 0x0, 0x0, 0x0, 0x0, 0x0, 0x3f, 0xe0,
    0x0, 0x0, 0x0, 0x0, 0xbb, 0xbb, 0xbb, 0xbb,
    0xcf, 0xfb, 0xbb, 0xbb, 0xbb, 0xb7, 0xef, 0xff,
    0xff, 0xff, 0xff, 0xff, 0xff, 0xff, 0xff, 0xf9,
    0x23, 0x33, 0x33, 0xaf, 0xe4, 0x33, 0x33, 0x33,
    0x33, 0x31, 0x0, 0x0, 0x4, 0xff, 0x80, 0x0,
    0x6, 0xa0, 0x0, 0x0, 0x0, 0x0, 0x2e, 0xfb,
    0x0, 0x0, 0xd, 0xfa, 0x0, 0x0, 0x0, 0x1,
    0xdf, 0xc0, 0x0, 0x0, 0x2, 0xff, 0x70, 0x0,
    0x0, 0x2d, 0xfc, 0x0, 0x0, 0x12, 0x34, 0xaf,
    0xf4, 0x0, 0x5, 0xef, 0xfd, 0xde, 0xff, 0xff,
    0xff, 0xff, 0xfe, 0x10, 0x8, 0xff, 0xff, 0xff,
    0xfe, 0xcb, 0xa8, 0x76, 0xef, 0x90, 0x2, 0x96,
    0x53, 0x20, 0x0, 0x0, 0x0, 0x0, 0x6f, 0xe1,
    0x0, 0x0, 0x0, 0x0, 0x0, 0x0, 0x0, 0x0,
    0x5, 0x0,

    /* U+4E2A "个" */
    0x0, 0x0, 0x0, 0x0, 0x0, 0x3, 0x0, 0x0,
    0x0, 0x0, 0x0, 0x0, 0x0, 0x0, 0x0, 0x0,
    0xaf, 0x90, 0x0, 0x0, 0x0, 0x0, 0x0, 0x0,
    0x0, 0x0, 0x6, 0xff, 0x70, 0x0, 0x0, 0x0,
    0x0, 0x0, 0x0, 0x0, 0x0, 0x4f, 0xff, 0xf5,
    0x0, 0x0, 0x0, 0x0, 0x0, 0x0, 0x0, 0x5,
    0xff, 0xa9, 0xff, 0x60, 0x0, 0x0, 0x0, 0x0,
    0x0, 0x0, 0x7f, 0xf9, 0x0, 0x9f, 0xf9, 0x0,
    0x0, 0x0, 0x0, 0x0, 0x1b, 0xff, 0x90, 0x0,
    0x8, 0xff, 0xc2, 0x0, 0x0, 0x0, 0x6, 0xff,
    0xf8, 0x0, 0xaa, 0x0, 0x6f, 0xff, 0x70, 0x0,
    0x7, 0xef, 0xfe, 0x50, 0x1, 0xff, 0x0, 0x3,
    0xdf, 0xfe, 0x60, 0x1d, 0xff, 0xb1, 0x0, 0x1,
    0xff, 0x0, 0x0, 0x9, 0xff, 0xe1, 0x3, 0xc4,
    0x0, 0x0, 0x1, 0xff, 0x0, 0x0, 0x0, 0x3b,
    0x30, 0x0, 0x0, 0x0, 0x0, 0x1, 0xff, 0x0,
    0x0, 0x0, 0x0, 0x0, 0x0, 0x0, 0x0, 0x0,
    0x1, 0xff, 0x0, 0x0, 0x0, 0x0, 0x0, 0x0,
    0x0, 0x0, 0x0, 0x1, 0xff, 0x0, 0x0, 0x0,
    0x0, 0x0, 0x0, 0x0, 0x0, 0x0, 0x1, 0xff,
    0x0, 0x0, 0x0, 0x0, 0x0, 0x0, 0x0, 0x0,
    0x0, 0x1, 0xff, 0x0, 0x0, 0x0, 0x0, 0x0,
    0x0, 0x0, 0x0, 0x0, 0x1, 0xff, 0x0, 0x0,
    0x0, 0x0, 0x0, 0x0, 0x0, 0x0, 0x0, 0x1,
    0xff, 0x0, 0x0, 0x0, 0x0, 0x0, 0x0, 0x0,
    0x0, 0x0, 0x1, 0xff, 0x0, 0x0, 0x0, 0x0,
    0x0, 0x0, 0x0, 0x0, 0x0, 0x1, 0xff, 0x0,
    0x0, 0x0, 0x0, 0x0, 0x0, 0x0, 0x0, 0x0,
    0x1, 0xff, 0x0, 0x0, 0x0, 0x0, 0x0,

    /* U+4E2D "中" */
    0x0, 0x0, 0x0, 0x0, 0x66, 0x0, 0x0, 0x0,
    0x0, 0x0, 0x0, 0x0, 0x2, 0xff, 0x0, 0x0,
    0x0, 0x0, 0x0, 0x0, 0x0, 0x2, 0xff, 0x0,
    0x0, 0x0, 0x0, 0x0, 0x0, 0x0, 0x2, 0xff,
    0x0, 0x0, 0x0, 0x0, 0xee, 0xee, 0xee, 0xee,
    0xff, 0xee, 0xee, 0xee, 0xee, 0xff, 0xff, 0xff,
    0xff, 0xff, 0xff, 0xff, 0xff, 0xff, 0xff, 0x31,
    0x11, 0x13, 0xff, 0x21, 0x11, 0x14, 0xff, 0xff,
    0x10, 0x0, 0x2, 0xff, 0x0, 0x0, 0x3, 0xff,
    0xff, 0x10, 0x0, 0x2, 0xff, 0x0, 0x0, 0x3,
    0xff, 0xff, 0x10, 0x0, 0x2, 0xff, 0x0, 0x0,
    0x3, 0xff, 0xff, 0x10, 0x0, 0x2, 0xff, 0x0,
    0x0, 0x3, 0xff, 0xff, 0x31, 0x11, 0x13, 0xff,
    0x11, 0x11, 0x14, 0xff, 0xff, 0xff, 0xff, 0xff,
    0xff, 0xff, 0xff, 0xff, 0xff, 0xff, 0xff, 0xff,
    0xff, 0xff, 0xff, 0xff, 0xff, 0xff, 0xdd, 0x10,
    0x0, 0x2, 0xff, 0x0, 0x0, 0x2, 0xbb, 0x0,
    0x0, 0x0, 0x2, 0xff, 0x0, 0x0, 0x0, 0x0,
    0x0, 0x0, 0x0, 0x2, 0xff, 0x0, 0x0, 0x0,
    0x0, 0x0, 0x0, 0x0, 0x2, 0xff, 0x0, 0x0,
    0x0, 0x0, 0x0, 0x0, 0x0, 0x2, 0xff, 0x0,
    0x0, 0x0, 0x0, 0x0, 0x0, 0x0, 0x2, 0xff,
    0x0, 0x0, 0x0, 0x0, 0x0, 0x0, 0x0, 0x2,
    0xff, 0x0, 0x0, 0x0, 0x0,

    /* U+4E3A "为" */
    0x0, 0x0, 0x0, 0x0, 0x55, 0x0, 0x0, 0x0,
    0x0, 0x0, 0x1, 0x86, 0x0, 0x2f, 0xf0, 0x0,
    0x0, 0x0, 0x0, 0x0, 0x4f, 0xf3, 0x2, 0xff,
    0x0, 0x0, 0x0, 0x0, 0x0, 0x0, 0x8f, 0xd0,
    0x2f, 0xf0, 0x0, 0x0, 0x0, 0x0, 0x0, 0x0,
    0xee, 0x33, 0xfe, 0x0, 0x0, 0x0, 0x0, 0x0,
    0x22, 0x24, 0x32, 0x5f, 0xe2, 0x22, 0x22, 0x22,
    0x22, 0x3f, 0xff, 0xff, 0xff, 0xff, 0xff, 0xff,
    0xff, 0xff, 0xf3, 0xff, 0xff, 0xff, 0xff, 0xff,
    0xff, 0xff, 0xff, 0xfe, 0x0, 0x0, 0x0, 0x9,
    0xf9, 0x0, 0x0, 0x0, 0x4f, 0xe0, 0x0, 0x0,
    0x0, 0xdf, 0x60, 0x0, 0x0, 0x4, 0xfd, 0x0,
    0x0, 0x0, 0x1f, 0xf2, 0x16, 0x0, 0x0, 0x5f,
    0xc0, 0x0, 0x0, 0x7, 0xfe, 0xd, 0xf7, 0x0,
    0x6, 0xfc, 0x0, 0x0, 0x0, 0xef, 0x70, 0x4f,
    0xf3, 0x0, 0x7f, 0xb0, 0x0, 0x0, 0x5f, 0xf1,
    0x0, 0x8f, 0xd0, 0x8, 0xfa, 0x0, 0x0, 0x1e,
    0xfa, 0x0, 0x0, 0xef, 0x40, 0x9f, 0x90, 0x0,
    0xb, 0xff, 0x20, 0x0, 0x4, 0x20, 0xb, 0xf8,
    0x0, 0x8, 0xff, 0x60, 0x0, 0x0, 0x0, 0x0,
    0xdf, 0x60, 0x8, 0xff, 0x90, 0x0, 0x0, 0x0,
    0x0, 0xf, 0xf4, 0xa, 0xff, 0xa0, 0x0, 0x0,
    0x2, 0x22, 0x28, 0xff, 0x17, 0xff, 0x90, 0x0,
    0x0, 0x0, 0x6f, 0xff, 0xff, 0xa0, 0x7, 0x50,
    0x0, 0x0, 0x0, 0x1, 0xff, 0xfe, 0xa0, 0x0,
    0x0, 0x0, 0x0, 0x0, 0x0, 0x0, 0x0, 0x0,
    0x0,

    /* U+4E86 "了" */
    0x0, 0x0, 0x0, 0x0, 0x0, 0x0, 0x0, 0x0,
    0x0, 0xdf, 0xff, 0xff, 0xff, 0xff, 0xff, 0xff,
    0xff, 0xc2, 0xef, 0xff, 0xff, 0xff, 0xff, 0xff,
    0xff, 0xff, 0xf7, 0x11, 0x11, 0x11, 0x11, 0x11,
    0x11, 0x2c, 0xff, 0x70, 0x0, 0x0, 0x0, 0x0,
    0x0, 0x2, 0xdf, 0xf6, 0x0, 0x0, 0x0, 0x0,
    0x0, 0x0, 0x6f, 0xfe, 0x30, 0x0, 0x0, 0x0,
    0x0, 0x0, 0x2c, 0xff, 0xa1, 0x0, 0x0, 0x0,
    0x0, 0x0, 0x0, 0xff, 0xe5, 0x0, 0x0, 0x0,
    0x0, 0x0, 0x0, 0x0, 0xff, 0x30, 0x0, 0x0,
    0x0, 0x0, 0x0, 0x0, 0x0, 0xff, 0x20, 0x0,
    0x0, 0x0, 0x0, 0x0, 0x0, 0x0, 0xff, 0x20,
    0x0, 0x0, 0x0, 0x0, 0x0, 0x0, 0x0, 0xff,
    0x20, 0x0, 0x0, 0x0, 0x0, 0x0, 0x0, 0x0,
    0xff, 0x20, 0x0, 0x0, 0x0, 0x0, 0x0, 0x0,
    0x0, 0xff, 0x20, 0x0, 0x0, 0x0, 0x0, 0x0,
    0x0, 0x0, 0xff, 0x20, 0x0, 0x0, 0x0, 0x0,
    0x0, 0x0, 0x0, 0xff, 0x20, 0x0, 0x0, 0x0,
    0x0, 0x0, 0x0, 0x0, 0xff, 0x20, 0x0, 0x0,
    0x0, 0x0, 0x0, 0x11, 0x2, 0xff, 0x20, 0x0,
    0x0, 0x0, 0x0, 0x4, 0xff, 0xff, 0xff, 0x0,
    0x0, 0x0, 0x0, 0x0, 0x0, 0xef, 0xfd, 0xb3,
    0x0, 0x0, 0x0, 0x0,

    /* U+4E8B "事" */
    0x0, 0x0, 0x0, 0x0, 0x1, 0x77, 0x0, 0x0,
    0x0, 0x0, 0x0, 0x0, 0x0, 0x0, 0x0, 0x2,
    0xff, 0x0, 0x0, 0x0, 0x0, 0x0, 0x9, 0xff,
    0xff, 0xff, 0xff, 0xff, 0xff, 0xff, 0xff, 0xff,
    0x90, 0x6, 0xbb, 0xbb, 0xbb, 0xbb, 0xff, 0xbb,
    0xbb, 0xbb, 0xbb, 0x70, 0x0, 0x0, 0x22, 0x22,
    0x24, 0xff, 0x22, 0x22, 0x22, 0x0, 0x0, 0x0,
    0x4, 0xff, 0xff, 0xff, 0xff, 0xff, 0xff, 0xff,
    0x60, 0x0, 0x0, 0x4, 0xfc, 0x33, 0x35, 0xff,
    0x33, 0x33, 0xcf, 0x60, 0x0, 0x0, 0x4, 0xfd,
    0x66, 0x68, 0xff, 0x66, 0x66, 0xdf, 0x60, 0x0,
    0x0, 0x4, 0xff, 0xff, 0xff, 0xff, 0xff, 0xff,
    0xff, 0x60, 0x0, 0x0, 0x0, 0x0, 0x0, 0x2,
    0xff, 0x0, 0x0, 0x0, 0x0, 0x0, 0x0, 0xd,
    0xff, 0xff, 0xff, 0xff, 0xff, 0xff, 0xff, 0xb0,
    0x0, 0x0, 0x7, 0x77, 0x77, 0x79, 0xff, 0x77,
    0x77, 0xaf, 0xc0, 0x0, 0x0, 0x0, 0x0, 0x0,
    0x2, 0xff, 0x0, 0x0, 0x4f, 0xc0, 0x0, 0xf,
    0xff, 0xff, 0xff, 0xff, 0xff, 0xff, 0xff, 0xff,
    0xff, 0xf1, 0x9, 0x99, 0x99, 0x99, 0x9a, 0xff,
    0x99, 0x99, 0xbf, 0xe9, 0x90, 0x0, 0x0, 0x0,
    0x0, 0x2, 0xff, 0x0, 0x0, 0x4f, 0xc0, 0x0,
    0x0, 0x1f, 0xff, 0xff, 0xff, 0xff, 0xff, 0xff,
    0xff, 0xc0, 0x0, 0x0, 0x8, 0x88, 0x88, 0x89,
    0xff, 0x88, 0x88, 0xbf, 0xc0, 0x0, 0x0, 0x0,
    0x0, 0x0, 0x2, 0xff, 0x0, 0x0, 0x14, 0x30,
    0x0, 0x0, 0x0, 0x0, 0x4a, 0xac, 0xfd, 0x0,
    0x0, 0x0, 0x0, 0x0, 0x0, 0x0, 0x0, 0x1f,
    0xfe, 0xc3, 0x0, 0x0, 0x0, 0x0, 0x0,

    /* U+4EA4 "交" */
    0x0, 0x0, 0x0, 0x0, 0x0, 0x0, 0x0, 0x0,
    0x0, 0x0, 0x0, 0x0, 0x0, 0x0, 0x0, 0x9e,
    0x20, 0x0, 0x0, 0x0, 0x0, 0x0, 0x0, 0x0,
    0x0, 0xc, 0xfa, 0x0, 0x0, 0x0, 0x0, 0x0,
    0x0, 0x0, 0x0, 0x0, 0x3f, 0xf2, 0x0, 0x0,
    0x0, 0x0, 0xb, 0xdd, 0xdd, 0xdd, 0xdd, 0xff,
    0xdd, 0xdd, 0xdd, 0xdd, 0x40, 0xdf, 0xff, 0xff,
    0xff, 0xff, 0xff, 0xff, 0xff, 0xff, 0xf5, 0x2,
    0x22, 0x22, 0x53, 0x22, 0x22, 0x22, 0x53, 0x22,
    0x22, 0x0, 0x0, 0x0, 0x3f, 0xf4, 0x0, 0x0,
    0x6f, 0xd2, 0x0, 0x0, 0x0, 0x0, 0x4f, 0xf9,
    0x0, 0x0, 0x1, 0xcf, 0xf6, 0x0, 0x0, 0x0,
    0x8f, 0xf9, 0x0, 0x0, 0x0, 0x0, 0x9f, 0xf9,
    0x0, 0x3, 0xdf, 0xf8, 0x15, 0x0, 0x0, 0x2,
    0x62, 0x6f, 0xfa, 0x0, 0x5f, 0xe4, 0xe, 0xf3,
    0x0, 0x0, 0xaf, 0xc0, 0x5f, 0xe3, 0x0, 0x41,
    0x0, 0x6f, 0xc0, 0x0, 0x2f, 0xf3, 0x0, 0x52,
    0x0, 0x0, 0x0, 0x0, 0xdf, 0x70, 0xc, 0xfb,
    0x0, 0x0, 0x0, 0x0, 0x0, 0x0, 0x4, 0xff,
    0x49, 0xfe, 0x10, 0x0, 0x0, 0x0, 0x0, 0x0,
    0x0, 0x7, 0xff, 0xff, 0x30, 0x0, 0x0, 0x0,
    0x0, 0x0, 0x0, 0x0, 0x2e, 0xff, 0xb0, 0x0,
    0x0, 0x0, 0x0, 0x0, 0x0, 0x1, 0x9f, 0xff,
    0xff, 0xe7, 0x0, 0x0, 0x0, 0x0, 0x0, 0x49,
    0xff, 0xf8, 0x13, 0xcf, 0xfe, 0x73, 0x0, 0x0,
    0x6b, 0xff, 0xff, 0xb2, 0x0, 0x0, 0x5e, 0xff,
    0xff, 0xb5, 0xa, 0xff, 0xd8, 0x30, 0x0, 0x0,
    0x0, 0x5, 0xbf, 0xff, 0x30, 0x18, 0x20, 0x0,
    0x0, 0x0, 0x0, 0x0, 0x0, 0x3, 0x50,

    /* U+4EC5 "仅" */
    0x0, 0x0, 0x0, 0x20, 0x0, 0x0, 0x0, 0x0,
    0x0, 0x0, 0x0, 0x0, 0x0, 0x2, 0xfd, 0x10,
    0x0, 0x0, 0x0, 0x0, 0x0, 0x0, 0x0, 0x0,
    0x9, 0xfb, 0x0, 0x0, 0x0, 0x0, 0x0, 0x10,
    0x0, 0x0, 0x0, 0x1f, 0xf3, 0xef, 0xff, 0xff,
    0xff, 0xff, 0xfe, 0x20, 0x0, 0x0, 0xaf, 0xb0,
    0xdf, 0xfe, 0xee, 0xee, 0xee, 0xff, 0x0, 0x0,
    0x4, 0xff, 0x30, 0x2f, 0xd0, 0x0, 0x0, 0x3,
    0xfc, 0x0, 0x0, 0x1e, 0xff, 0x0, 0xd, 0xf2,
    0x0, 0x0, 0x9, 0xf9, 0x0, 0x0, 0xbf, 0xff,
    0x0, 0x8, 0xf7, 0x0, 0x0, 0xe, 0xf4, 0x0,
    0x9, 0xff, 0xff, 0x0, 0x3, 0xfc, 0x0, 0x0,
    0x3f, 0xf0, 0x0, 0x5f, 0xfa, 0xff, 0x0, 0x0,
    0xef, 0x10, 0x0, 0x8f, 0xa0, 0x0, 0xe, 0xb1,
    0xff, 0x0, 0x0, 0x9f, 0x90, 0x1, 0xff, 0x30,
    0x0, 0x4, 0x1, 0xff, 0x0, 0x0, 0x1f, 0xf2,
    0x9, 0xfc, 0x0, 0x0, 0x0, 0x1, 0xff, 0x0,
    0x0, 0x8, 0xfa, 0x3f, 0xf4, 0x0, 0x0, 0x0,
    0x1, 0xff, 0x0, 0x0, 0x1, 0xff, 0xdf, 0xa0,
    0x0, 0x0, 0x0, 0x1, 0xff, 0x0, 0x0, 0x0,
    0x7f, 0xfe, 0x10, 0x0, 0x0, 0x0, 0x1, 0xff,
    0x0, 0x0, 0x0, 0x8f, 0xfd, 0x10, 0x0, 0x0,
    0x0, 0x1, 0xff, 0x0, 0x0, 0xa, 0xff, 0xff,
    0xd2, 0x0, 0x0, 0x0, 0x1, 0xff, 0x0, 0x2,
    0xcf, 0xf5, 0x2d, 0xfe, 0x50, 0x0, 0x0, 0x1,
    0xff, 0x2, 0xaf, 0xfe, 0x30, 0x1, 0xcf, 0xfd,
    0x50, 0x0, 0x1, 0xff, 0x1f, 0xff, 0xa1, 0x0,
    0x0, 0x7, 0xff, 0xf3, 0x0, 0x1, 0xff, 0x7,
    0xb2, 0x0, 0x0, 0x0, 0x0, 0x18, 0x60, 0x0,
    0x0, 0x0, 0x0, 0x0, 0x0, 0x0, 0x0, 0x0,
    0x0, 0x0,

    /* U+4ED6 "他" */
    0x0, 0x0, 0x1, 0x0, 0x0, 0x0, 0x5, 0x50,
    0x0, 0x0, 0x0, 0x0, 0x0, 0xf, 0xd0, 0x0,
    0x0, 0xd, 0xf1, 0x0, 0x0, 0x0, 0x0, 0x0,
    0x6f, 0xb0, 0x0, 0x0, 0xd, 0xf1, 0x0, 0x0,
    0x0, 0x0, 0x0, 0xdf, 0x40, 0x9c, 0x30, 0xd,
    0xf1, 0x0, 0x0, 0x0, 0x0, 0x6, 0xfd, 0x0,
    0xbf, 0x40, 0xd, 0xf1, 0x0, 0x54, 0x0, 0x0,
    0xe, 0xf6, 0x0, 0xbf, 0x40, 0xd, 0xf3, 0x7d,
    0xff, 0x20, 0x0, 0x9f, 0xf2, 0x0, 0xbf, 0x40,
    0xe, 0xff, 0xff, 0xff, 0x20, 0x4, 0xff, 0xf2,
    0x0, 0xbf, 0x89, 0xff, 0xff, 0xa4, 0xdf, 0x20,
    0x2f, 0xff, 0xf2, 0x1, 0xdf, 0xff, 0xff, 0xf1,
    0x0, 0xdf, 0x10, 0xaf, 0xde, 0xf4, 0xaf, 0xff,
    0xd7, 0x1d, 0xf1, 0x0, 0xdf, 0x10, 0x3e, 0x2d,
    0xf3, 0xef, 0xff, 0x40, 0xd, 0xf1, 0x0, 0xdf,
    0x10, 0x1, 0xd, 0xf2, 0x30, 0xbf, 0x40, 0xd,
    0xf1, 0x0, 0xef, 0x0, 0x0, 0xd, 0xf2, 0x0,
    0xbf, 0x40, 0xd, 0xf1, 0x1, 0xff, 0x0, 0x0,
    0xd, 0xf2, 0x0, 0xbf, 0x40, 0xd, 0xf3, 0xef,
    0xfb, 0x0, 0x0, 0xd, 0xf2, 0x0, 0xbf, 0x40,
    0xd, 0xf1, 0xdd, 0xa2, 0x0, 0x0, 0xd, 0xf2,
    0x0, 0xbf, 0x40, 0xd, 0xf1, 0x0, 0x1, 0x0,
    0x0, 0xd, 0xf2, 0x0, 0xbf, 0x40, 0x0, 0x0,
    0x0, 0xe, 0xb0, 0x0, 0xd, 0xf2, 0x0, 0xbf,
    0x40, 0x0, 0x0, 0x0, 0xf, 0xe0, 0x0, 0xd,
    0xf2, 0x0, 0xaf, 0x70, 0x0, 0x0, 0x0, 0x6f,
    0xc0, 0x0, 0xd, 0xf2, 0x0, 0x6f, 0xfe, 0xed,
    0xdd, 0xde, 0xff, 0x60, 0x0, 0xd, 0xf2, 0x0,
    0x8, 0xdf, 0xff, 0xff, 0xff, 0xd7, 0x0,

    /* U+4EE4 "令" */
    0x0, 0x0, 0x0, 0x0, 0x0, 0x4, 0x0, 0x0,
    0x0, 0x0, 0x0, 0x0, 0x0, 0x0, 0x0, 0x0,
    0xbf, 0xb0, 0x0, 0x0, 0x0, 0x0, 0x0, 0x0,
    0x0, 0x0, 0xa, 0xff, 0xc0, 0x0, 0x0, 0x0,
    0x0, 0x0, 0x0, 0x0, 0x1, 0xbf, 0xfe, 0xfc,
    0x10, 0x0, 0x0, 0x0, 0x0, 0x0, 0x0, 0x2d,
    0xfe, 0x31, 0xdf, 0xe5, 0x0, 0x0, 0x0, 0x0,
    0x0, 0x8, 0xff, 0xd1, 0x0, 0xb, 0xff, 0xa1,
    0x0, 0x0, 0x0, 0x4, 0xdf, 0xfa, 0x7, 0xb0,
    0x0, 0x7f, 0xff, 0x80, 0x0, 0x5, 0xdf, 0xfe,
    0x60, 0x1d, 0xfd, 0x10, 0x3, 0xdf, 0xff, 0x91,
    0x1d, 0xff, 0x80, 0x0, 0x1, 0xcf, 0xd0, 0x0,
    0x7, 0xff, 0xd1, 0x2, 0xa1, 0x0, 0x0, 0x0,
    0x1d, 0xe3, 0x0, 0x0, 0x18, 0x30, 0x0, 0x1,
    0x33, 0x33, 0x33, 0x36, 0x63, 0x33, 0x34, 0x0,
    0x0, 0x0, 0x6, 0xff, 0xff, 0xff, 0xff, 0xff,
    0xff, 0xff, 0xb0, 0x0, 0x0, 0x4, 0xcc, 0xcc,
    0xcc, 0xcc, 0xcc, 0xcf, 0xff, 0x40, 0x0, 0x0,
    0x0, 0x0, 0x0, 0x0, 0x0, 0x0, 0x9f, 0xf4,
    0x0, 0x0, 0x0, 0x0, 0x0, 0x1, 0x20, 0x0,
    0x9, 0xff, 0x40, 0x0, 0x0, 0x0, 0x0, 0x0,
    0x1c, 0xf8, 0x0, 0x9f, 0xf4, 0x0, 0x0, 0x0,
    0x0, 0x0, 0x0, 0x1b, 0xff, 0xeb, 0xff, 0x40,
    0x0, 0x0, 0x0, 0x0, 0x0, 0x0, 0x0, 0x6e,
    0xff, 0xf6, 0x0, 0x0, 0x0, 0x0, 0x0, 0x0,
    0x0, 0x0, 0x1, 0xaf, 0xfe, 0x40, 0x0, 0x0,
    0x0, 0x0, 0x0, 0x0, 0x0, 0x0, 0x5, 0xff,
    0xf3, 0x0, 0x0, 0x0, 0x0, 0x0, 0x0, 0x0,
    0x0, 0x0, 0x2d, 0x70, 0x0, 0x0, 0x0, 0x0,
    0x0, 0x0, 0x0, 0x0, 0x0, 0x0, 0x0, 0x0,
    0x0, 0x0,

    /* U+4EE5 "以" */
    0x0, 0x0, 0x0, 0x0, 0x0, 0x0, 0x0, 0x7,
    0xa4, 0x0, 0x0, 0xd, 0xf6, 0x0, 0x3, 0x0,
    0x0, 0x0, 0xcf, 0x70, 0x0, 0x0, 0xdf, 0x60,
    0xc, 0xf4, 0x0, 0x0, 0xd, 0xf6, 0x0, 0x0,
    0xd, 0xf6, 0x0, 0x7f, 0xe1, 0x0, 0x0, 0xef,
    0x40, 0x0, 0x0, 0xdf, 0x60, 0x0, 0xcf, 0xb0,
    0x0, 0xf, 0xf3, 0x0, 0x0, 0xd, 0xf6, 0x0,
    0x2, 0xff, 0x40, 0x1, 0xff, 0x10, 0x0, 0x0,
    0xdf, 0x60, 0x0, 0x9, 0xfc, 0x0, 0x3f, 0xf0,
    0x0, 0x0, 0xd, 0xf6, 0x0, 0x0, 0x18, 0x0,
    0x6, 0xfc, 0x0, 0x0, 0x0, 0xdf, 0x60, 0x0,
    0x0, 0x0, 0x0, 0xaf, 0x90, 0x0, 0x0, 0xd,
    0xf6, 0x0, 0x0, 0x0, 0x0, 0xd, 0xf5, 0x0,
    0x0, 0x0, 0xdf, 0x60, 0x0, 0x0, 0x0, 0x3,
    0xff, 0x10, 0x0, 0x0, 0xd, 0xf6, 0x0, 0x2,
    0x10, 0x0, 0x9f, 0xb0, 0x0, 0x0, 0x0, 0xdf,
    0x60, 0x3a, 0xf5, 0x0, 0x1f, 0xf6, 0x0, 0x0,
    0x0, 0xd, 0xf9, 0xbf, 0xff, 0x60, 0xa, 0xff,
    0xc0, 0x0, 0x0, 0x0, 0xff, 0xff, 0xf9, 0x20,
    0x6, 0xff, 0xff, 0xc0, 0x0, 0x0, 0xaf, 0xff,
    0xa2, 0x0, 0x5, 0xff, 0x92, 0xff, 0xb0, 0x0,
    0x1e, 0xfb, 0x20, 0x0, 0x8, 0xff, 0xb0, 0x3,
    0xff, 0xa0, 0x0, 0x55, 0x0, 0x0, 0x5d, 0xff,
    0xc0, 0x0, 0x5, 0xff, 0x70, 0x0, 0x0, 0x0,
    0x3f, 0xff, 0x80, 0x0, 0x0, 0x9, 0xfd, 0x0,
    0x0, 0x0, 0x0, 0x4b, 0x20, 0x0, 0x0, 0x0,
    0x8, 0x0,

    /* U+4EF6 "件" */
    0x0, 0x0, 0x2, 0x0, 0x0, 0x0, 0x2, 0x20,
    0x0, 0x0, 0x0, 0x0, 0x0, 0xdf, 0x30, 0x20,
    0x0, 0xff, 0x0, 0x0, 0x0, 0x0, 0x0, 0x4f,
    0xd0, 0xf, 0xf1, 0xf, 0xf0, 0x0, 0x0, 0x0,
    0x0, 0xc, 0xf6, 0x4, 0xfd, 0x0, 0xff, 0x0,
    0x0, 0x0, 0x0, 0x5, 0xfe, 0x0, 0x8f, 0xa1,
    0x2f, 0xf2, 0x11, 0x11, 0x0, 0x0, 0xdf, 0x70,
    0xd, 0xff, 0xff, 0xff, 0xff, 0xff, 0xe0, 0x0,
    0x9f, 0xf3, 0x3, 0xff, 0xff, 0xff, 0xff, 0xff,
    0xfd, 0x0, 0x5f, 0xff, 0x30, 0xaf, 0x90, 0x0,
    0xff, 0x0, 0x0, 0x0, 0x3f, 0xff, 0xf3, 0x3f,
    0xf2, 0x0, 0xf, 0xf0, 0x0, 0x0, 0x5, 0xfc,
    0xcf, 0x30, 0x67, 0x0, 0x0, 0xff, 0x0, 0x0,
    0x0, 0x9, 0x1c, 0xf3, 0x0, 0x0, 0x0, 0xf,
    0xf0, 0x0, 0x0, 0x0, 0x0, 0xcf, 0x33, 0xff,
    0xff, 0xff, 0xff, 0xff, 0xff, 0xfe, 0x0, 0xc,
    0xf3, 0x3f, 0xff, 0xff, 0xff, 0xff, 0xff, 0xff,
    0xe0, 0x0, 0xcf, 0x30, 0x11, 0x11, 0x12, 0xff,
    0x21, 0x11, 0x11, 0x0, 0xc, 0xf3, 0x0, 0x0,
    0x0, 0xf, 0xf0, 0x0, 0x0, 0x0, 0x0, 0xcf,
    0x30, 0x0, 0x0, 0x0, 0xff, 0x0, 0x0, 0x0,
    0x0, 0xc, 0xf3, 0x0, 0x0, 0x0, 0xf, 0xf0,
    0x0, 0x0, 0x0, 0x0, 0xcf, 0x30, 0x0, 0x0,
    0x0, 0xff, 0x0, 0x0, 0x0, 0x0, 0xc, 0xf3,
    0x0, 0x0, 0x0, 0xf, 0xf0, 0x0, 0x0, 0x0,
    0x0, 0xcf, 0x30, 0x0, 0x0, 0x0, 0xff, 0x0,
    0x0, 0x0, 0x0, 0xc, 0xf3, 0x0, 0x0, 0x0,
    0xf, 0xf0, 0x0, 0x0, 0x0,

    /* U+4EFB "任" */
    0x0, 0x0, 0x0, 0x30, 0x0, 0x0, 0x0, 0x0,
    0x0, 0x0, 0x0, 0x0, 0x0, 0x2, 0xfe, 0x10,
    0x0, 0x0, 0x0, 0x37, 0xc5, 0x0, 0x0, 0x0,
    0x9, 0xfb, 0x0, 0x3, 0x58, 0xbf, 0xff, 0xff,
    0x20, 0x0, 0x0, 0x2f, 0xf6, 0xbd, 0xff, 0xff,
    0xff, 0xea, 0x61, 0x0, 0x0, 0x0, 0xbf, 0xa1,
    0xff, 0xec, 0x9e, 0xf5, 0x0, 0x0, 0x0, 0x0,
    0x4, 0xff, 0x20, 0x20, 0x0, 0xc, 0xf4, 0x0,
    0x0, 0x0, 0x0, 0x1e, 0xff, 0x0, 0x0, 0x0,
    0xc, 0xf4, 0x0, 0x0, 0x0, 0x0, 0xcf, 0xff,
    0x0, 0x0, 0x0, 0xc, 0xf4, 0x0, 0x0, 0x0,
    0xb, 0xff, 0xff, 0x0, 0x0, 0x0, 0xc, 0xf4,
    0x0, 0x0, 0x0, 0x6f, 0xf8, 0xff, 0x1, 0x11,
    0x11, 0x1d, 0xf5, 0x11, 0x11, 0x10, 0xe, 0x91,
    0xff, 0x2f, 0xff, 0xff, 0xff, 0xff, 0xff, 0xff,
    0xf3, 0x3, 0x1, 0xff, 0x2f, 0xff, 0xff, 0xff,
    0xff, 0xff, 0xff, 0xf3, 0x0, 0x1, 0xff, 0x0,
    0x0, 0x0, 0xc, 0xf4, 0x0, 0x0, 0x0, 0x0,
    0x1, 0xff, 0x0, 0x0, 0x0, 0xc, 0xf4, 0x0,
    0x0, 0x0, 0x0, 0x1, 0xff, 0x0, 0x0, 0x0,
    0xc, 0xf4, 0x0, 0x0, 0x0, 0x0, 0x1, 0xff,
    0x0, 0x0, 0x0, 0xc, 0xf4, 0x0, 0x0, 0x0,
    0x0, 0x1, 0xff, 0x0, 0x0, 0x0, 0xc, 0xf4,
    0x0, 0x0, 0x0, 0x0, 0x1, 0xff, 0x0, 0x0,
    0x0, 0xc, 0xf4, 0x0, 0x0, 0x0, 0x0, 0x1,
    0xff, 0x3, 0xff, 0xff, 0xff, 0xff, 0xff, 0xff,
    0xe0, 0x0, 0x1, 0xff, 0x3, 0xff, 0xff, 0xff,
    0xff, 0xff, 0xff, 0xe0, 0x0, 0x1, 0xff, 0x0,
    0x0, 0x0, 0x0, 0x0, 0x0, 0x0, 0x0,

    /* U+4F11 "休" */
    0x0, 0x0, 0x0, 0x20, 0x0, 0x0, 0x1, 0x10,
    0x0, 0x0, 0x0, 0x0, 0x0, 0x2, 0xfe, 0x10,
    0x0, 0x2f, 0xe0, 0x0, 0x0, 0x0, 0x0, 0x0,
    0x9, 0xfa, 0x0, 0x0, 0x2f, 0xe0, 0x0, 0x0,
    0x0, 0x0, 0x0, 0x2f, 0xf2, 0x0, 0x0, 0x2f,
    0xe0, 0x0, 0x0, 0x0, 0x0, 0x0, 0xbf, 0xa0,
    0x0, 0x0, 0x2f, 0xe0, 0x0, 0x0, 0x0, 0x0,
    0x5, 0xff, 0x20, 0x0, 0x0, 0x3f, 0xe0, 0x0,
    0x0, 0x0, 0x0, 0x2f, 0xfe, 0x1f, 0xff, 0xff,
    0xff, 0xff, 0xff, 0xff, 0xf0, 0x0, 0xdf, 0xfe,
    0x1f, 0xff, 0xff, 0xff, 0xff, 0xff, 0xff, 0xf0,
    0xc, 0xff, 0xfe, 0x0, 0x0, 0x5, 0xff, 0xff,
    0x40, 0x0, 0x0, 0x6f, 0xf7, 0xfe, 0x0, 0x0,
    0xc, 0xff, 0xff, 0xc0, 0x0, 0x0, 0xd, 0x71,
    0xfe, 0x0, 0x0, 0x4f, 0xff, 0xed, 0xf4, 0x0,
    0x0, 0x2, 0x1, 0xfe, 0x0, 0x0, 0xdf, 0x7f,
    0xe5, 0xfc, 0x0, 0x0, 0x0, 0x1, 0xfe, 0x0,
    0x6, 0xfc, 0x2f, 0xe0, 0xdf, 0x50, 0x0, 0x0,
    0x1, 0xfe, 0x0, 0x2f, 0xf3, 0x2f, 0xe0, 0x4f,
    0xe1, 0x0, 0x0, 0x1, 0xfe, 0x0, 0xdf, 0xa0,
    0x2f, 0xe0, 0xc, 0xfb, 0x0, 0x0, 0x1, 0xfe,
    0xb, 0xfe, 0x10, 0x2f, 0xe0, 0x2, 0xff, 0x90,
    0x0, 0x1, 0xfe, 0xbf, 0xf4, 0x0, 0x2f, 0xe0,
    0x0, 0x6f, 0xf6, 0x0, 0x1, 0xfe, 0x4f, 0x60,
    0x0, 0x2f, 0xe0, 0x0, 0x9, 0xa0, 0x0, 0x1,
    0xfe, 0x2, 0x0, 0x0, 0x2f, 0xe0, 0x0, 0x0,
    0x0, 0x0, 0x1, 0xfe, 0x0, 0x0, 0x0, 0x2f,
    0xe0, 0x0, 0x0, 0x0, 0x0, 0x1, 0xfe, 0x0,
    0x0, 0x0, 0x2f, 0xe0, 0x0, 0x0, 0x0,

    /* U+4F1A "会" */
    0x0, 0x0, 0x0, 0x0, 0x0, 0x27, 0x0, 0x0,
    0x0, 0x0, 0x0, 0x0, 0x0, 0x0, 0x0, 0x1,
    0xef, 0xa0, 0x0, 0x0, 0x0, 0x0, 0x0, 0x0,
    0x0, 0x0, 0x1d, 0xff, 0xa0, 0x0, 0x0, 0x0,
    0x0, 0x0, 0x0, 0x0, 0x3, 0xef, 0xed, 0xfc,
    0x10, 0x0, 0x0, 0x0, 0x0, 0x0, 0x0, 0x6f,
    0xfd, 0x10, 0xbf, 0xf6, 0x0, 0x0, 0x0, 0x0,
    0x0, 0x2c, 0xff, 0xc1, 0x0, 0x9, 0xff, 0xc3,
    0x0, 0x0, 0x0, 0x29, 0xff, 0xf8, 0x0, 0x0,
    0x0, 0x4e, 0xff, 0xb4, 0x0, 0xa, 0xff, 0xfe,
    0xfe, 0xee, 0xee, 0xee, 0xee, 0xbf, 0xff, 0xd1,
    0x7, 0xfd, 0x52, 0xff, 0xff, 0xff, 0xff, 0xff,
    0x41, 0x9f, 0x60, 0x0, 0x40, 0x0, 0x0, 0x0,
    0x0, 0x0, 0x0, 0x0, 0x1, 0x0, 0x0, 0x0,
    0x0, 0x0, 0x0, 0x0, 0x0, 0x0, 0x0, 0x0,
    0x0, 0x0, 0xcc, 0xcc, 0xcc, 0xcc, 0xcc, 0xcc,
    0xcc, 0xcc, 0xcc, 0x20, 0x0, 0xff, 0xff, 0xff,
    0xff, 0xff, 0xff, 0xff, 0xff, 0xff, 0x30, 0x0,
    0x33, 0x33, 0x3a, 0xff, 0x73, 0x33, 0x44, 0x33,
    0x33, 0x0, 0x0, 0x0, 0x0, 0x4f, 0xf8, 0x0,
    0x4, 0xed, 0x10, 0x0, 0x0, 0x0, 0x0, 0x2,
    0xff, 0x90, 0x0, 0x0, 0xcf, 0xd1, 0x0, 0x0,
    0x0, 0x0, 0x2e, 0xfa, 0x0, 0x0, 0x0, 0x1c,
    0xfd, 0x0, 0x0, 0x0, 0x4, 0xef, 0xe6, 0x78,
    0x9a, 0xbc, 0xdf, 0xff, 0xb0, 0x0, 0x0, 0x1f,
    0xff, 0xff, 0xff, 0xff, 0xff, 0xff, 0xef, 0xf7,
    0x0, 0x0, 0xb, 0xfd, 0xb9, 0x87, 0x64, 0x32,
    0x10, 0x7, 0xfd, 0x0, 0x0, 0x1, 0x0, 0x0,
    0x0, 0x0, 0x0, 0x0, 0x0, 0x60, 0x0,

    /* U+4F4E "低" */
    0x0, 0x0, 0x1, 0x0, 0x0, 0x0, 0x0, 0x0,
    0x0, 0x40, 0x0, 0x0, 0x0, 0xb, 0xf6, 0x0,
    0x0, 0x0, 0x26, 0xaf, 0xf9, 0x0, 0x0, 0x0,
    0x2f, 0xf1, 0x14, 0x69, 0xcf, 0xff, 0xff, 0xd9,
    0x10, 0x0, 0x0, 0x9f, 0xb0, 0xcf, 0xff, 0xff,
    0xef, 0xc2, 0x0, 0x0, 0x0, 0x0, 0xff, 0x40,
    0xcf, 0x95, 0x20, 0x4f, 0xb0, 0x0, 0x0, 0x0,
    0x7, 0xfe, 0x0, 0xcf, 0x20, 0x0, 0x3f, 0xc0,
    0x0, 0x0, 0x0, 0x1f, 0xfc, 0x0, 0xcf, 0x20,
    0x0, 0x2f, 0xc0, 0x0, 0x0, 0x0, 0xaf, 0xfc,
    0x0, 0xcf, 0x20, 0x0, 0x1f, 0xd0, 0x0, 0x0,
    0x6, 0xff, 0xfc, 0x0, 0xcf, 0x30, 0x0, 0x1f,
    0xe0, 0x0, 0x0, 0x2f, 0xfc, 0xfc, 0x0, 0xcf,
    0xff, 0xff, 0xff, 0xff, 0xff, 0xf0, 0xc, 0xc3,
    0xfc, 0x0, 0xcf, 0xee, 0xee, 0xef, 0xfe, 0xee,
    0xd0, 0x3, 0x13, 0xfc, 0x0, 0xcf, 0x20, 0x0,
    0xc, 0xf3, 0x0, 0x0, 0x0, 0x3, 0xfc, 0x0,
    0xcf, 0x20, 0x0, 0x9, 0xf5, 0x0, 0x0, 0x0,
    0x3, 0xfc, 0x0, 0xcf, 0x20, 0x0, 0x7, 0xf7,
    0x0, 0x0, 0x0, 0x3, 0xfc, 0x0, 0xcf, 0x20,
    0x0, 0x5, 0xfa, 0x0, 0x0, 0x0, 0x3, 0xfc,
    0x0, 0xcf, 0x20, 0x0, 0x12, 0xfe, 0x0, 0x30,
    0x0, 0x3, 0xfc, 0x0, 0xcf, 0x20, 0xe, 0xb0,
    0xef, 0x21, 0xf3, 0x0, 0x3, 0xfc, 0x0, 0xcf,
    0x20, 0x28, 0xf3, 0x9f, 0x84, 0xf3, 0x0, 0x3,
    0xfc, 0x0, 0xef, 0xce, 0xf1, 0xfb, 0x3f, 0xfd,
    0xf0, 0x0, 0x3, 0xfc, 0x7, 0xff, 0xfe, 0xa0,
    0xaf, 0x2a, 0xff, 0xa0, 0x0, 0x3, 0xfc, 0x2,
    0xe8, 0x30, 0x0, 0x37, 0x10, 0x9b, 0x10, 0x0,
    0x0, 0x0, 0x0, 0x0, 0x0, 0x0, 0x0, 0x0,
    0x0, 0x0,

    /* U+4F5C "作" */
    0x0, 0x0, 0x0, 0x51, 0x0, 0x1, 0x20, 0x0,
    0x0, 0x0, 0x0, 0x0, 0x0, 0x4, 0xfe, 0x0,
    0xa, 0xf8, 0x0, 0x0, 0x0, 0x0, 0x0, 0x0,
    0xb, 0xf7, 0x0, 0x2f, 0xf3, 0x0, 0x0, 0x0,
    0x0, 0x0, 0x0, 0x3f, 0xf1, 0x0, 0x8f, 0xc0,
    0x0, 0x0, 0x0, 0x0, 0x0, 0x0, 0xcf, 0x80,
    0x0, 0xff, 0xff, 0xff, 0xff, 0xff, 0xf7, 0x0,
    0x5, 0xff, 0x10, 0x7, 0xff, 0xff, 0xff, 0xff,
    0xff, 0xf7, 0x0, 0x1e, 0xfe, 0x0, 0x2f, 0xf4,
    0x3f, 0xe0, 0x0, 0x0, 0x0, 0x0, 0xbf, 0xfe,
    0x0, 0xcf, 0xa0, 0x3f, 0xe0, 0x0, 0x0, 0x0,
    0x9, 0xff, 0xfe, 0x9, 0xff, 0x20, 0x3f, 0xe0,
    0x0, 0x0, 0x0, 0xe, 0xfb, 0xfe, 0xb, 0xf5,
    0x0, 0x3f, 0xff, 0xff, 0xff, 0xf0, 0x6, 0xa3,
    0xfe, 0x0, 0x50, 0x0, 0x3f, 0xfd, 0xdd, 0xdd,
    0xd0, 0x0, 0x2, 0xfe, 0x0, 0x0, 0x0, 0x3f,
    0xe0, 0x0, 0x0, 0x0, 0x0, 0x2, 0xfe, 0x0,
    0x0, 0x0, 0x3f, 0xe0, 0x0, 0x0, 0x0, 0x0,
    0x2, 0xfe, 0x0, 0x0, 0x0, 0x3f, 0xe0, 0x0,
    0x0, 0x0, 0x0, 0x2, 0xfe, 0x0, 0x0, 0x0,
    0x3f, 0xff, 0xff, 0xff, 0xf4, 0x0, 0x2, 0xfe,
    0x0, 0x0, 0x0, 0x3f, 0xfe, 0xee, 0xee, 0xe4,
    0x0, 0x2, 0xfe, 0x0, 0x0, 0x0, 0x3f, 0xe0,
    0x0, 0x0, 0x0, 0x0, 0x2, 0xfe, 0x0, 0x0,
    0x0, 0x3f, 0xe0, 0x0, 0x0, 0x0, 0x0, 0x2,
    0xfe, 0x0, 0x0, 0x0, 0x3f, 0xe0, 0x0, 0x0,
    0x0, 0x0, 0x2, 0xfe, 0x0, 0x0, 0x0, 0x3f,
    0xe0, 0x0, 0x0, 0x0, 0x0, 0x2, 0xfe, 0x0,
    0x0, 0x0, 0x3f, 0xe0, 0x0, 0x0, 0x0,

    /* U+4F8B "例" */
    0x0, 0x0, 0x10, 0x0, 0x0, 0x0, 0x0, 0x0,
    0x0, 0x1, 0x0, 0x0, 0xe, 0xe2, 0x33, 0x33,
    0x33, 0x30, 0x0, 0x3, 0xfb, 0x0, 0x4, 0xfc,
    0x8f, 0xff, 0xff, 0xff, 0x11, 0x10, 0x3f, 0xb0,
    0x0, 0x9f, 0x64, 0x7c, 0xfb, 0x77, 0x71, 0xff,
    0x3, 0xfb, 0x0, 0xf, 0xf1, 0x0, 0xcf, 0x40,
    0x0, 0xf, 0xf0, 0x3f, 0xb0, 0x6, 0xfd, 0x0,
    0xf, 0xf0, 0x0, 0x0, 0xff, 0x3, 0xfb, 0x0,
    0xef, 0xd0, 0x4, 0xff, 0x88, 0x94, 0xf, 0xf0,
    0x3f, 0xb0, 0x7f, 0xfd, 0x0, 0x8f, 0xff, 0xff,
    0xa0, 0xff, 0x3, 0xfb, 0x2f, 0xff, 0xd0, 0xd,
    0xf6, 0x59, 0xf7, 0xf, 0xf0, 0x3f, 0xb0, 0xeb,
    0xfd, 0x3, 0xfc, 0x0, 0x9f, 0x50, 0xff, 0x3,
    0xfb, 0x6, 0x2f, 0xd0, 0xaf, 0x60, 0xd, 0xf2,
    0xf, 0xf0, 0x3f, 0xb0, 0x1, 0xfd, 0x4f, 0xe4,
    0x20, 0xff, 0x0, 0xff, 0x3, 0xfb, 0x0, 0x1f,
    0xd3, 0xe6, 0xef, 0x9f, 0xb0, 0xf, 0xf0, 0x3f,
    0xb0, 0x1, 0xfd, 0x2, 0x7, 0xff, 0xf5, 0x0,
    0xff, 0x3, 0xfb, 0x0, 0x1f, 0xd0, 0x0, 0x6,
    0xff, 0x10, 0xf, 0xf0, 0x3f, 0xb0, 0x1, 0xfd,
    0x0, 0x0, 0x9f, 0xb0, 0x0, 0x55, 0x3, 0xfb,
    0x0, 0x1f, 0xd0, 0x0, 0x2f, 0xf2, 0x0, 0x0,
    0x0, 0x3f, 0xb0, 0x1, 0xfd, 0x0, 0xb, 0xf9,
    0x0, 0x0, 0x0, 0x3, 0xfb, 0x0, 0x1f, 0xd0,
    0xa, 0xfe, 0x10, 0x0, 0x0, 0x0, 0x4f, 0xb0,
    0x1, 0xfd, 0x8, 0xff, 0x30, 0x0, 0x0, 0xaf,
    0xff, 0xf9, 0x0, 0x1f, 0xd0, 0x2d, 0x30, 0x0,
    0x0, 0x5, 0xff, 0xea, 0x10, 0x0, 0x11, 0x0,
    0x0, 0x0, 0x0, 0x0, 0x0, 0x0, 0x0,

    /* U+4FDD "保" */
    0x0, 0x0, 0x0, 0x95, 0x0, 0x0, 0x0, 0x0,
    0x0, 0x0, 0x0, 0x0, 0x0, 0x5, 0xfd, 0x2c,
    0xcc, 0xcc, 0xcc, 0xcc, 0xcc, 0x10, 0x0, 0x0,
    0xc, 0xf6, 0x2f, 0xff, 0xff, 0xff, 0xff, 0xff,
    0x10, 0x0, 0x0, 0x4f, 0xe0, 0x2f, 0xd0, 0x0,
    0x0, 0x0, 0xff, 0x10, 0x0, 0x0, 0xdf, 0x60,
    0x2f, 0xd0, 0x0, 0x0, 0x0, 0xef, 0x10, 0x0,
    0x7, 0xfe, 0x0, 0x2f, 0xd0, 0x0, 0x0, 0x0,
    0xef, 0x10, 0x0, 0x2f, 0xfd, 0x0, 0x2f, 0xd0,
    0x0, 0x0, 0x0, 0xff, 0x10, 0x1, 0xdf, 0xfd,
    0x0, 0x2f, 0xff, 0xff, 0xff, 0xff, 0xff, 0x10,
    0xc, 0xff, 0xfd, 0x0, 0x1d, 0xdd, 0xdf, 0xfd,
    0xdd, 0xdd, 0x10, 0x1f, 0xf6, 0xfd, 0x0, 0x0,
    0x0, 0xe, 0xf2, 0x0, 0x0, 0x0, 0x7, 0x51,
    0xfd, 0x0, 0x0, 0x0, 0xe, 0xf2, 0x0, 0x0,
    0x0, 0x0, 0x1, 0xfd, 0xb, 0xee, 0xee, 0xef,
    0xfe, 0xee, 0xee, 0xe4, 0x0, 0x1, 0xfd, 0xd,
    0xff, 0xff, 0xff, 0xff, 0xff, 0xff, 0xf4, 0x0,
    0x1, 0xfd, 0x0, 0x0, 0x4, 0xff, 0xff, 0xb0,
    0x0, 0x0, 0x0, 0x1, 0xfd, 0x0, 0x0, 0x2f,
    0xff, 0xfe, 0xf8, 0x0, 0x0, 0x0, 0x1, 0xfd,
    0x0, 0x1, 0xdf, 0x6e, 0xf4, 0xef, 0x50, 0x0,
    0x0, 0x1, 0xfd, 0x0, 0x1d, 0xfa, 0xe, 0xf2,
    0x4f, 0xf5, 0x0, 0x0, 0x1, 0xfd, 0x4, 0xef,
    0xd0, 0xe, 0xf2, 0x7, 0xff, 0x80, 0x0, 0x1,
    0xfd, 0x4f, 0xfc, 0x10, 0xe, 0xf2, 0x0, 0x8f,
    0xf9, 0x0, 0x1, 0xfd, 0x8, 0xa0, 0x0, 0xe,
    0xf2, 0x0, 0x6, 0xd1, 0x0, 0x1, 0xed, 0x0,
    0x0, 0x0, 0xe, 0xf2, 0x0, 0x0, 0x0,

    /* U+4FE1 "信" */
    0x0, 0x0, 0x3, 0x30, 0x0, 0x0, 0x16, 0x0,
    0x0, 0x0, 0x0, 0x0, 0x0, 0xc, 0xf4, 0x0,
    0x0, 0xaf, 0x80, 0x0, 0x0, 0x0, 0x0, 0x0,
    0x3f, 0xe0, 0x0, 0x0, 0x1f, 0xf1, 0x0, 0x0,
    0x0, 0x0, 0x0, 0xaf, 0x70, 0x0, 0x0, 0x9,
    0xc3, 0x0, 0x0, 0x0, 0x0, 0x1, 0xff, 0x1e,
    0xff, 0xff, 0xff, 0xff, 0xff, 0xff, 0xf2, 0x0,
    0x9, 0xfb, 0xa, 0xaa, 0xaa, 0xaa, 0xaa, 0xaa,
    0xaa, 0xa2, 0x0, 0x3f, 0xfb, 0x0, 0x0, 0x0,
    0x0, 0x0, 0x0, 0x0, 0x0, 0x0, 0xdf, 0xfb,
    0x0, 0x4b, 0xbb, 0xbb, 0xbb, 0xbb, 0xb5, 0x0,
    0xa, 0xff, 0xfb, 0x0, 0x5f, 0xff, 0xff, 0xff,
    0xff, 0xf7, 0x0, 0xe, 0xf6, 0xfb, 0x0, 0x0,
    0x0, 0x0, 0x0, 0x0, 0x0, 0x0, 0x5, 0x62,
    0xfb, 0x0, 0x3a, 0xaa, 0xaa, 0xaa, 0xaa, 0xa5,
    0x0, 0x0, 0x2, 0xfb, 0x0, 0x5f, 0xff, 0xff,
    0xff, 0xff, 0xf8, 0x0, 0x0, 0x2, 0xfb, 0x0,
    0x0, 0x0, 0x0, 0x0, 0x0, 0x0, 0x0, 0x0,
    0x2, 0xfb, 0x0, 0x69, 0x99, 0x99, 0x99, 0x99,
    0x97, 0x0, 0x0, 0x2, 0xfb, 0x0, 0xaf, 0xff,
    0xff, 0xff, 0xff, 0xfb, 0x0, 0x0, 0x2, 0xfb,
    0x0, 0xaf, 0x31, 0x11, 0x11, 0x12, 0xfb, 0x0,
    0x0, 0x2, 0xfb, 0x0, 0xaf, 0x10, 0x0, 0x0,
    0x1, 0xfb, 0x0, 0x0, 0x2, 0xfb, 0x0, 0xaf,
    0x10, 0x0, 0x0, 0x1, 0xfb, 0x0, 0x0, 0x2,
    0xfb, 0x0, 0xaf, 0xba, 0xaa, 0xaa, 0xab, 0xfb,
    0x0, 0x0, 0x2, 0xfb, 0x0, 0xaf, 0xff, 0xff,
    0xff, 0xff, 0xfb, 0x0, 0x0, 0x2, 0xfb, 0x0,
    0xaf, 0x20, 0x0, 0x0, 0x2, 0xeb, 0x0, 0x0,
    0x0, 0x10, 0x0, 0x0, 0x0, 0x0, 0x0, 0x0,
    0x0, 0x0,

    /* U+5019 "候" */
    0x0, 0x0, 0x35, 0x10, 0x0, 0x0, 0x0, 0x0,
    0x0, 0x0, 0x0, 0x0, 0x0, 0xaf, 0x50, 0x0,
    0x8a, 0xaa, 0xaa, 0xab, 0xa0, 0x0, 0x0, 0x1,
    0xff, 0x10, 0x0, 0xcf, 0xff, 0xff, 0xff, 0xe0,
    0x0, 0x0, 0x6, 0xfb, 0x0, 0x0, 0x0, 0x0,
    0x0, 0x2f, 0xc0, 0x0, 0x0, 0xc, 0xf6, 0x0,
    0x0, 0x0, 0x0, 0x0, 0x4f, 0xa0, 0x0, 0x0,
    0x2f, 0xf1, 0xbf, 0x18, 0x99, 0x99, 0x99, 0xbf,
    0xd9, 0x90, 0x0, 0xaf, 0xf0, 0xbf, 0x1e, 0xff,
    0xff, 0xff, 0xff, 0xff, 0xf0, 0x3, 0xff, 0xf0,
    0xbf, 0x12, 0x2b, 0xb3, 0x22, 0x22, 0x22, 0x20,
    0xd, 0xff, 0xf0, 0xbf, 0x10, 0x1f, 0xe0, 0x0,
    0x0, 0x0, 0x0, 0x3f, 0xff, 0xf0, 0xbf, 0x10,
    0x8f, 0xfd, 0xdd, 0xdd, 0xdd, 0x20, 0xc, 0x6f,
    0xf0, 0xbf, 0x12, 0xff, 0xee, 0xff, 0xee, 0xee,
    0x20, 0x2, 0xf, 0xf0, 0xbf, 0x2d, 0xf7, 0x0,
    0xff, 0x0, 0x0, 0x0, 0x0, 0xf, 0xf0, 0xbf,
    0x28, 0xc0, 0x0, 0xff, 0x0, 0x0, 0x0, 0x0,
    0xf, 0xf0, 0xbf, 0x18, 0x98, 0x88, 0xff, 0x88,
    0x88, 0x80, 0x0, 0xf, 0xf0, 0xbf, 0x1e, 0xff,
    0xff, 0xff, 0xff, 0xff, 0xf0, 0x0, 0xf, 0xf0,
    0xbf, 0x12, 0x33, 0x39, 0xff, 0x83, 0x33, 0x30,
    0x0, 0xf, 0xf0, 0x68, 0x0, 0x0, 0x2e, 0xff,
    0xe1, 0x0, 0x0, 0x0, 0xf, 0xf0, 0x0, 0x0,
    0x3, 0xdf, 0x98, 0xfd, 0x20, 0x0, 0x0, 0xf,
    0xf0, 0x0, 0x2, 0x9f, 0xfb, 0x0, 0xbf, 0xf9,
    0x30, 0x0, 0xf, 0xf0, 0x0, 0x8f, 0xff, 0x70,
    0x0, 0x9, 0xff, 0xe2, 0x0, 0xf, 0xf0, 0x0,
    0xc, 0x92, 0x0, 0x0, 0x0, 0x3a, 0x40,

    /* U+5141 "允" */
    0x0, 0x0, 0x0, 0x0, 0x0, 0x0, 0x0, 0x0,
    0x0, 0x0, 0x0, 0x0, 0x0, 0x0, 0x0, 0x6f,
    0xa0, 0x0, 0x0, 0x0, 0x0, 0x0, 0x0, 0x0,
    0x0, 0x0, 0xef, 0x80, 0x0, 0x0, 0x0, 0x0,
    0x0, 0x0, 0x0, 0x0, 0x9, 0xfd, 0x0, 0x0,
    0x30, 0x0, 0x0, 0x0, 0x0, 0x0, 0x0, 0x4f,
    0xf3, 0x0, 0x1d, 0xf3, 0x0, 0x0, 0x0, 0x0,
    0x0, 0x1, 0xef, 0x80, 0x0, 0xa, 0xfe, 0x10,
    0x0, 0x0, 0x0, 0x0, 0xb, 0xfb, 0x0, 0x0,
    0x0, 0xdf, 0xc0, 0x0, 0x0, 0x0, 0x0, 0x8f,
    0xd1, 0x0, 0x0, 0x0, 0x2f, 0xfa, 0x0, 0x0,
    0x0, 0x7, 0xff, 0x64, 0x56, 0x89, 0xab, 0xcf,
    0xff, 0x60, 0x0, 0x0, 0x7f, 0xff, 0xff, 0xff,
    0xff, 0xff, 0xff, 0xff, 0xf3, 0x0, 0x0, 0x2f,
    0xff, 0xdf, 0xfb, 0x76, 0xff, 0x50, 0xd, 0xfb,
    0x0, 0x0, 0x3, 0x0, 0xe, 0xf4, 0x0, 0xef,
    0x30, 0x3, 0x80, 0x0, 0x0, 0x0, 0x0, 0xf,
    0xf2, 0x0, 0xef, 0x30, 0x0, 0x0, 0x0, 0x0,
    0x0, 0x0, 0x2f, 0xf0, 0x0, 0xef, 0x30, 0x0,
    0x0, 0x0, 0x0, 0x0, 0x0, 0x6f, 0xd0, 0x0,
    0xef, 0x30, 0x0, 0x0, 0x0, 0x0, 0x0, 0x0,
    0xdf, 0x70, 0x0, 0xef, 0x30, 0x0, 0x9, 0x71,
    0x0, 0x0, 0x4, 0xff, 0x10, 0x0, 0xef, 0x30,
    0x0, 0xb, 0xf4, 0x0, 0x0, 0x3e, 0xfa, 0x0,
    0x0, 0xef, 0x30, 0x0, 0xc, 0xf3, 0x0, 0x7,
    0xff, 0xd1, 0x0, 0x0, 0xef, 0x50, 0x0, 0x2f,
    0xf0, 0x19, 0xef, 0xfc, 0x10, 0x0, 0x0, 0xbf,
    0xff, 0xff, 0xff, 0xb0, 0xb, 0xfe, 0x60, 0x0,
    0x0, 0x0, 0x2c, 0xff, 0xff, 0xfc, 0x10, 0x2,
    0x40, 0x0, 0x0, 0x0, 0x0, 0x0, 0x0, 0x0,
    0x0, 0x0,

    /* U+5165 "入" */
    0x0, 0x0, 0x0, 0x1, 0x0, 0x0, 0x0, 0x0,
    0x0, 0x0, 0x0, 0x0, 0x0, 0x0, 0x1e, 0x60,
    0x0, 0x0, 0x0, 0x0, 0x0, 0x0, 0x0, 0x0,
    0x0, 0x8f, 0xf8, 0x0, 0x0, 0x0, 0x0, 0x0,
    0x0, 0x0, 0x0, 0x0, 0x9, 0xff, 0x70, 0x0,
    0x0, 0x0, 0x0, 0x0, 0x0, 0x0, 0x0, 0x0,
    0x8f, 0xf4, 0x0, 0x0, 0x0, 0x0, 0x0, 0x0,
    0x0, 0x0, 0x0, 0xa, 0xfe, 0x0, 0x0, 0x0,
    0x0, 0x0, 0x0, 0x0, 0x0, 0x0, 0x5, 0xff,
    0x80, 0x0, 0x0, 0x0, 0x0, 0x0, 0x0, 0x0,
    0x0, 0xa, 0xff, 0xf1, 0x0, 0x0, 0x0, 0x0,
    0x0, 0x0, 0x0, 0x0, 0xf, 0xff, 0xfa, 0x0,
    0x0, 0x0, 0x0, 0x0, 0x0, 0x0, 0x0, 0x4f,
    0xf6, 0xff, 0x30, 0x0, 0x0, 0x0, 0x0, 0x0,
    0x0, 0x0, 0xaf, 0xd0, 0xaf, 0xc0, 0x0, 0x0,
    0x0, 0x0, 0x0, 0x0, 0x2, 0xff, 0x60, 0x2f,
    0xf6, 0x0, 0x0, 0x0, 0x0, 0x0, 0x0, 0xb,
    0xff, 0x10, 0x9, 0xfe, 0x10, 0x0, 0x0, 0x0,
    0x0, 0x0, 0x3f, 0xf7, 0x0, 0x1, 0xff, 0x90,
    0x0, 0x0, 0x0, 0x0, 0x1, 0xdf, 0xd0, 0x0,
    0x0, 0x7f, 0xf4, 0x0, 0x0, 0x0, 0x0, 0xc,
    0xff, 0x40, 0x0, 0x0, 0xd, 0xfe, 0x20, 0x0,
    0x0, 0x0, 0xbf, 0xf7, 0x0, 0x0, 0x0, 0x2,
    0xff, 0xe2, 0x0, 0x0, 0x2d, 0xff, 0x80, 0x0,
    0x0, 0x0, 0x0, 0x5f, 0xff, 0x50, 0x7, 0xff,
    0xf9, 0x0, 0x0, 0x0, 0x0, 0x0, 0x7, 0xff,
    0xf2, 0x8, 0xff, 0x50, 0x0, 0x0, 0x0, 0x0,
    0x0, 0x0, 0x6f, 0xb0, 0x0, 0x62, 0x0, 0x0,
    0x0, 0x0, 0x0, 0x0, 0x0, 0x2, 0x40,

    /* U+5171 "共" */
    0x0, 0x0, 0x2, 0x20, 0x0, 0x0, 0x2, 0x20,
    0x0, 0x0, 0x0, 0x0, 0x0, 0xff, 0x10, 0x0,
    0x1, 0xff, 0x0, 0x0, 0x0, 0x0, 0x0, 0xf,
    0xf1, 0x0, 0x0, 0x1f, 0xf0, 0x0, 0x0, 0x0,
    0x0, 0x0, 0xff, 0x10, 0x0, 0x1, 0xff, 0x0,
    0x0, 0x0, 0x0, 0x0, 0x1f, 0xf2, 0x0, 0x0,
    0x2f, 0xf1, 0x0, 0x0, 0x2, 0xff, 0xff, 0xff,
    0xff, 0xff, 0xff, 0xff, 0xff, 0xff, 0x50, 0x2f,
    0xff, 0xff, 0xff, 0xff, 0xff, 0xff, 0xff, 0xff,
    0xf5, 0x0, 0x0, 0x0, 0xff, 0x10, 0x0, 0x1,
    0xff, 0x0, 0x0, 0x0, 0x0, 0x0, 0xf, 0xf1,
    0x0, 0x0, 0x1f, 0xf0, 0x0, 0x0, 0x0, 0x0,
    0x0, 0xff, 0x10, 0x0, 0x1, 0xff, 0x0, 0x0,
    0x0, 0x0, 0x0, 0xf, 0xf1, 0x0, 0x0, 0x1f,
    0xf0, 0x0, 0x0, 0x1, 0x11, 0x11, 0xff, 0x31,
    0x11, 0x13, 0xff, 0x11, 0x11, 0x10, 0xff, 0xff,
    0xff, 0xff, 0xff, 0xff, 0xff, 0xff, 0xff, 0xff,
    0xf, 0xff, 0xff, 0xff, 0xff, 0xff, 0xff, 0xff,
    0xff, 0xff, 0xf0, 0x0, 0x0, 0x0, 0x0, 0x0,
    0x0, 0x0, 0x0, 0x0, 0x0, 0x0, 0x0, 0x0,
    0x6c, 0x60, 0x0, 0x6, 0xd5, 0x0, 0x0, 0x0,
    0x0, 0x0, 0x6f, 0xf8, 0x0, 0x0, 0xaf, 0xf9,
    0x0, 0x0, 0x0, 0x0, 0x8f, 0xf8, 0x0, 0x0,
    0x0, 0x6f, 0xfc, 0x10, 0x0, 0x3, 0xdf, 0xf7,
    0x0, 0x0, 0x0, 0x0, 0x3e, 0xfe, 0x30, 0x6,
    0xff, 0xe4, 0x0, 0x0, 0x0, 0x0, 0x0, 0x2d,
    0xff, 0x50, 0xb, 0xa1, 0x0, 0x0, 0x0, 0x0,
    0x0, 0x0, 0x1c, 0x90, 0x0, 0x0, 0x0, 0x0,
    0x0, 0x0, 0x0, 0x0, 0x0, 0x0, 0x0,

    /* U+5173 "关" */
    0x0, 0x0, 0x4, 0x0, 0x0, 0x0, 0x0, 0x33,
    0x0, 0x0, 0x0, 0x0, 0xb, 0xf6, 0x0, 0x0,
    0x0, 0xc, 0xfa, 0x0, 0x0, 0x0, 0x0, 0x5f,
    0xf2, 0x0, 0x0, 0x4, 0xff, 0x20, 0x0, 0x0,
    0x0, 0x0, 0xbf, 0xa0, 0x0, 0x0, 0xcf, 0x80,
    0x0, 0x0, 0x0, 0x0, 0x3, 0xf8, 0x0, 0x0,
    0x6f, 0xe0, 0x0, 0x0, 0x0, 0xf, 0xff, 0xff,
    0xff, 0xff, 0xff, 0xff, 0xff, 0xfa, 0x0, 0x0,
    0xff, 0xff, 0xff, 0xff, 0xff, 0xff, 0xff, 0xff,
    0xa0, 0x0, 0x1, 0x11, 0x11, 0x11, 0xdf, 0x91,
    0x11, 0x11, 0x10, 0x0, 0x0, 0x0, 0x0, 0x0,
    0xd, 0xf8, 0x0, 0x0, 0x0, 0x0, 0x0, 0x0,
    0x0, 0x0, 0x0, 0xdf, 0x80, 0x0, 0x0, 0x0,
    0x0, 0x2, 0x22, 0x22, 0x22, 0x2e, 0xf9, 0x22,
    0x22, 0x22, 0x22, 0x5, 0xff, 0xff, 0xff, 0xff,
    0xff, 0xff, 0xff, 0xff, 0xff, 0xd0, 0x4d, 0xdd,
    0xdd, 0xdd, 0xef, 0xff, 0xed, 0xdd, 0xdd, 0xdc,
    0x0, 0x0, 0x0, 0x0, 0x9, 0xff, 0xf7, 0x0,
    0x0, 0x0, 0x0, 0x0, 0x0, 0x0, 0x2, 0xff,
    0xdf, 0xf3, 0x0, 0x0, 0x0, 0x0, 0x0, 0x0,
    0x2, 0xef, 0xe1, 0xaf, 0xe3, 0x0, 0x0, 0x0,
    0x0, 0x0, 0x4, 0xef, 0xf4, 0x0, 0xdf, 0xf5,
    0x0, 0x0, 0x0, 0x0, 0x2a, 0xff, 0xf4, 0x0,
    0x1, 0xdf, 0xfb, 0x20, 0x0, 0x4, 0xaf, 0xff,
    0xc2, 0x0, 0x0, 0x1, 0xbf, 0xff, 0xc7, 0x18,
    0xff, 0xfe, 0x60, 0x0, 0x0, 0x0, 0x0, 0x5e,
    0xff, 0xe1, 0xb, 0xc5, 0x0, 0x0, 0x0, 0x0,
    0x0, 0x0, 0x5, 0xb5, 0x0, 0x0, 0x0, 0x0,
    0x0, 0x0, 0x0, 0x0, 0x0, 0x0, 0x0,

    /* U+5176 "其" */
    0x0, 0x0, 0x9, 0x90, 0x0, 0x0, 0x0, 0x29,
    0x80, 0x0, 0x0, 0x0, 0x0, 0xff, 0x0, 0x0,
    0x0, 0x3, 0xfd, 0x0, 0x0, 0x0, 0x0, 0xf,
    0xf1, 0x0, 0x0, 0x0, 0x4f, 0xd0, 0x0, 0x0,
    0x4f, 0xff, 0xff, 0xff, 0xff, 0xff, 0xff, 0xff,
    0xff, 0xf3, 0x3, 0xee, 0xef, 0xfe, 0xee, 0xee,
    0xee, 0xef, 0xfe, 0xee, 0x30, 0x0, 0x0, 0xff,
    0x0, 0x0, 0x0, 0x3, 0xfd, 0x0, 0x0, 0x0,
    0x0, 0xf, 0xfa, 0x99, 0x99, 0x99, 0xbf, 0xd0,
    0x0, 0x0, 0x0, 0x0, 0xff, 0xff, 0xff, 0xff,
    0xff, 0xfd, 0x0, 0x0, 0x0, 0x0, 0xf, 0xf3,
    0x22, 0x22, 0x22, 0x5f, 0xd0, 0x0, 0x0, 0x0,
    0x0, 0xff, 0x0, 0x0, 0x0, 0x3, 0xfd, 0x0,
    0x0, 0x0, 0x0, 0xf, 0xfb, 0xbb, 0xbb, 0xbb,
    0xcf, 0xd0, 0x0, 0x0, 0x0, 0x0, 0xff, 0xff,
    0xff, 0xff, 0xff, 0xfd, 0x0, 0x0, 0x0, 0x0,
    0xf, 0xf1, 0x0, 0x0, 0x0, 0x4f, 0xd0, 0x0,
    0x0, 0x0, 0x0, 0xff, 0x0, 0x0, 0x0, 0x3,
    0xfd, 0x0, 0x0, 0xd, 0xee, 0xef, 0xfe, 0xee,
    0xee, 0xee, 0xef, 0xfe, 0xee, 0xb0, 0xef, 0xff,
    0xff, 0xff, 0xff, 0xff, 0xff, 0xff, 0xff, 0xfc,
    0x0, 0x0, 0x0, 0x2a, 0x40, 0x0, 0x6, 0x61,
    0x0, 0x0, 0x0, 0x0, 0x2, 0x9f, 0xff, 0x30,
    0x4, 0xff, 0xe9, 0x30, 0x0, 0x1, 0x6c, 0xff,
    0xf9, 0x20, 0x0, 0x2, 0x9f, 0xff, 0xc5, 0x0,
    0xcf, 0xfd, 0x71, 0x0, 0x0, 0x0, 0x0, 0x6,
    0xef, 0xf7, 0x1, 0x93, 0x0, 0x0, 0x0, 0x0,
    0x0, 0x0, 0x0, 0x74, 0x0,

    /* U+5177 "具" */
    0x0, 0x0, 0x4a, 0xaa, 0xaa, 0xaa, 0xaa, 0xaa,
    0xa7, 0x0, 0x0, 0x0, 0x0, 0x6f, 0xff, 0xff,
    0xff, 0xff, 0xff, 0xfa, 0x0, 0x0, 0x0, 0x0,
    0x6f, 0x90, 0x0, 0x0, 0x0, 0x6, 0xfa, 0x0,
    0x0, 0x0, 0x0, 0x6f, 0x90, 0x0, 0x0, 0x0,
    0x6, 0xfa, 0x0, 0x0, 0x0, 0x0, 0x6f, 0xff,
    0xff, 0xff, 0xff, 0xff, 0xfa, 0x0, 0x0, 0x0,
    0x0, 0x6f, 0xc7, 0x77, 0x77, 0x77, 0x7a, 0xfa,
    0x0, 0x0, 0x0, 0x0, 0x6f, 0x90, 0x0, 0x0,
    0x0, 0x6, 0xfa, 0x0, 0x0, 0x0, 0x0, 0x6f,
    0xff, 0xff, 0xff, 0xff, 0xff, 0xfa, 0x0, 0x0,
    0x0, 0x0, 0x6f, 0xc7, 0x77, 0x77, 0x77, 0x7b,
    0xfa, 0x0, 0x0, 0x0, 0x0, 0x6f, 0x90, 0x0,
    0x0, 0x0, 0x6, 0xfa, 0x0, 0x0, 0x0, 0x0,
    0x6f, 0xff, 0xff, 0xff, 0xff, 0xff, 0xfa, 0x0,
    0x0, 0x0, 0x0, 0x6f, 0xc7, 0x77, 0x77, 0x77,
    0x7b, 0xfa, 0x0, 0x0, 0x0, 0x0, 0x6f, 0x90,
    0x0, 0x0, 0x0, 0x6, 0xfa, 0x0, 0x0, 0xc,
    0xdd, 0xef, 0xed, 0xdd, 0xdd, 0xdd, 0xde, 0xff,
    0xdd, 0xd0, 0xe, 0xff, 0xff, 0xff, 0xff, 0xff,
    0xff, 0xff, 0xff, 0xff, 0xf0, 0x0, 0x0, 0x1,
    0xac, 0x20, 0x0, 0x3, 0xfa, 0x30, 0x0, 0x0,
    0x0, 0x0, 0x5e, 0xff, 0x80, 0x0, 0x7, 0xff,
    0xfa, 0x20, 0x0, 0x0, 0x6d, 0xff, 0xd4, 0x0,
    0x0, 0x0, 0x18, 0xff, 0xfa, 0x20, 0xd, 0xff,
    0xd6, 0x0, 0x0, 0x0, 0x0, 0x0, 0x19, 0xff,
    0xe0, 0x2, 0xb5, 0x0, 0x0, 0x0, 0x0, 0x0,
    0x0, 0x0, 0x3b, 0x20,

    /* U+5185 "内" */
    0x0, 0x0, 0x0, 0x0, 0xaa, 0x10, 0x0, 0x0,
    0x0, 0x0, 0x0, 0x0, 0x0, 0xff, 0x10, 0x0,
    0x0, 0x0, 0x0, 0x0, 0x0, 0x0, 0xff, 0x10,
    0x0, 0x0, 0x0, 0x0, 0x0, 0x0, 0x0, 0xff,
    0x10, 0x0, 0x0, 0x0, 0xef, 0xff, 0xff, 0xff,
    0xff, 0xff, 0xff, 0xff, 0xfe, 0xef, 0xff, 0xff,
    0xff, 0xff, 0xff, 0xff, 0xff, 0xff, 0xef, 0x31,
    0x11, 0x13, 0xff, 0x11, 0x11, 0x12, 0xff, 0xef,
    0x20, 0x0, 0x3, 0xfe, 0x0, 0x0, 0x0, 0xff,
    0xef, 0x20, 0x0, 0x6, 0xfc, 0x0, 0x0, 0x0,
    0xff, 0xef, 0x20, 0x0, 0xb, 0xff, 0x60, 0x0,
    0x0, 0xff, 0xef, 0x20, 0x0, 0x1f, 0xff, 0xf7,
    0x0, 0x0, 0xff, 0xef, 0x20, 0x0, 0xaf, 0xc5,
    0xff, 0x80, 0x0, 0xff, 0xef, 0x20, 0x6, 0xff,
    0x30, 0x6f, 0xf8, 0x0, 0xff, 0xef, 0x20, 0x7f,
    0xf8, 0x0, 0x6, 0xff, 0x70, 0xff, 0xef, 0x4b,
    0xff, 0x90, 0x0, 0x0, 0x8f, 0xf5, 0xff, 0xef,
    0x4d, 0xf7, 0x0, 0x0, 0x0, 0xa, 0xb1, 0xff,
    0xef, 0x22, 0x30, 0x0, 0x0, 0x0, 0x0, 0x0,
    0xff, 0xef, 0x20, 0x0, 0x0, 0x0, 0x0, 0x0,
    0x0, 0xff, 0xef, 0x20, 0x0, 0x0, 0x0, 0x0,
    0x11, 0x13, 0xff, 0xef, 0x20, 0x0, 0x0, 0x0,
    0x0, 0xcf, 0xff, 0xfc, 0xef, 0x20, 0x0, 0x0,
    0x0, 0x0, 0x6f, 0xed, 0xa2,

    /* U+518D "再" */
    0x0, 0x11, 0x11, 0x11, 0x11, 0x11, 0x11, 0x11,
    0x11, 0x11, 0x0, 0x5, 0xff, 0xff, 0xff, 0xff,
    0xff, 0xff, 0xff, 0xff, 0xff, 0x60, 0x5, 0xdd,
    0xdd, 0xdd, 0xdd, 0xff, 0xdd, 0xdd, 0xdd, 0xdd,
    0x50, 0x0, 0x0, 0x0, 0x0, 0x1, 0xff, 0x0,
    0x0, 0x0, 0x0, 0x0, 0x0, 0x7, 0xbb, 0xbb,
    0xbc, 0xff, 0xbb, 0xbb, 0xbb, 0x70, 0x0, 0x0,
    0xa, 0xff, 0xff, 0xff, 0xff, 0xff, 0xff, 0xff,
    0xa0, 0x0, 0x0, 0xa, 0xf8, 0x22, 0x23, 0xff,
    0x22, 0x22, 0x8f, 0xa0, 0x0, 0x0, 0xa, 0xf6,
    0x0, 0x1, 0xff, 0x0, 0x0, 0x6f, 0xa0, 0x0,
    0x0, 0xa, 0xfc, 0x99, 0x9a, 0xff, 0x99, 0x99,
    0xcf, 0xa0, 0x0, 0x0, 0xa, 0xff, 0xff, 0xff,
    0xff, 0xff, 0xff, 0xff, 0xa0, 0x0, 0x0, 0xa,
    0xf8, 0x22, 0x24, 0xff, 0x22, 0x22, 0x8f, 0xa0,
    0x0, 0x0, 0xa, 0xf6, 0x0, 0x1, 0xff, 0x0,
    0x0, 0x6f, 0xa0, 0x0, 0x0, 0xa, 0xf7, 0x0,
    0x2, 0xff, 0x0, 0x0, 0x7f, 0xa0, 0x0, 0x3f,
    0xff, 0xff, 0xff, 0xff, 0xff, 0xff, 0xff, 0xff,
    0xff, 0xf3, 0x2d, 0xdf, 0xfe, 0xdd, 0xdd, 0xdd,
    0xdd, 0xdd, 0xef, 0xfd, 0xd3, 0x0, 0xa, 0xf6,
    0x0, 0x0, 0x0, 0x0, 0x0, 0x6f, 0xa0, 0x0,
    0x0, 0xa, 0xf6, 0x0, 0x0, 0x0, 0x0, 0x0,
    0x6f, 0xa0, 0x0, 0x0, 0xa, 0xf6, 0x0, 0x0,
    0x0, 0x0, 0x0, 0x7f, 0xa0, 0x0, 0x0, 0xa,
    0xf6, 0x0, 0x0, 0x0, 0xe, 0xff, 0xff, 0x70,
    0x0, 0x0, 0xa, 0xf6, 0x0, 0x0, 0x0, 0x9,
    0xff, 0xd9, 0x0, 0x0,

    /* U+5199 "写" */
    0x3, 0x33, 0x33, 0x33, 0x33, 0x33, 0x33, 0x33,
    0x33, 0x33, 0x2f, 0xff, 0xff, 0xff, 0xff, 0xff,
    0xff, 0xff, 0xff, 0xfd, 0x2f, 0xfb, 0xbb, 0xbb,
    0xbb, 0xbb, 0xbb, 0xbb, 0xbc, 0xfd, 0x2f, 0xe0,
    0x6, 0xd9, 0x0, 0x0, 0x0, 0x0, 0x4, 0xfd,
    0x2f, 0xe0, 0x9, 0xf8, 0x0, 0x0, 0x0, 0x0,
    0x4, 0xfd, 0x15, 0x50, 0xd, 0xfe, 0xdd, 0xdd,
    0xdd, 0xdd, 0xd2, 0x55, 0x0, 0x0, 0xf, 0xff,
    0xff, 0xff, 0xff, 0xff, 0xf0, 0x0, 0x0, 0x0,
    0x3f, 0xd0, 0x0, 0x0, 0x0, 0x0, 0x0, 0x0,
    0x0, 0x0, 0x7f, 0xa0, 0x0, 0x0, 0x0, 0x0,
    0x0, 0x0, 0x0, 0x0, 0xbf, 0xec, 0xcc, 0xcc,
    0xcc, 0xcc, 0xca, 0x0, 0x0, 0x0, 0xff, 0xff,
    0xff, 0xff, 0xff, 0xff, 0xfb, 0x0, 0x0, 0x0,
    0x0, 0x0, 0x0, 0x0, 0x0, 0x8, 0xf9, 0x0,
    0x0, 0x0, 0x0, 0x0, 0x0, 0x0, 0x0, 0x9,
    0xf7, 0x0, 0xb, 0xdd, 0xdd, 0xdd, 0xdd, 0xdd,
    0xd9, 0xb, 0xf6, 0x0, 0xd, 0xff, 0xff, 0xff,
    0xff, 0xff, 0xfb, 0xd, 0xf3, 0x0, 0x0, 0x0,
    0x0, 0x0, 0x0, 0x0, 0x0, 0xf, 0xf1, 0x0,
    0x0, 0x0, 0x0, 0x0, 0x0, 0x0, 0x0, 0x4f,
    0xe0, 0x0, 0x0, 0x0, 0x0, 0x0, 0x0, 0x0,
    0x0, 0xaf, 0x90, 0x0, 0x0, 0x0, 0x0, 0x0,
    0x5, 0xfe, 0xde, 0xff, 0x30, 0x0, 0x0, 0x0,
    0x0, 0x0, 0x0, 0xef, 0xff, 0xd5, 0x0, 0x0,
    0x0, 0x0, 0x0, 0x0, 0x0, 0x0, 0x0, 0x0,
    0x0, 0x0,

    /* U+51B2 "冲" */
    0x0, 0x0, 0x0, 0x0, 0x0, 0x0, 0x16, 0x50,
    0x0, 0x0, 0x0, 0x0, 0x0, 0x0, 0x0, 0x0,
    0x3, 0xfe, 0x0, 0x0, 0x0, 0x4, 0xd2, 0x0,
    0x0, 0x0, 0x0, 0x3f, 0xe0, 0x0, 0x0, 0x0,
    0xdf, 0xf4, 0x0, 0x0, 0x0, 0x3, 0xfe, 0x0,
    0x0, 0x0, 0x1, 0xcf, 0xf5, 0x4, 0x55, 0x55,
    0x7f, 0xe5, 0x55, 0x55, 0x10, 0x0, 0xbf, 0xe0,
    0xdf, 0xff, 0xff, 0xff, 0xff, 0xff, 0xf3, 0x0,
    0x0, 0xb2, 0xd, 0xfd, 0xcc, 0xdf, 0xfc, 0xcc,
    0xff, 0x30, 0x0, 0x0, 0x0, 0xdf, 0x30, 0x3,
    0xfe, 0x0, 0xe, 0xf3, 0x0, 0x0, 0x0, 0xd,
    0xf3, 0x0, 0x3f, 0xe0, 0x0, 0xef, 0x30, 0x0,
    0x0, 0x0, 0xdf, 0x30, 0x3, 0xfe, 0x0, 0xe,
    0xf3, 0x0, 0x0, 0x62, 0xd, 0xf3, 0x0, 0x3f,
    0xe0, 0x0, 0xef, 0x30, 0x0, 0x2f, 0xe0, 0xdf,
    0xdc, 0xcd, 0xff, 0xcc, 0xcf, 0xf3, 0x0, 0xa,
    0xfa, 0xd, 0xff, 0xff, 0xff, 0xff, 0xff, 0xff,
    0x30, 0x2, 0xff, 0x30, 0xdf, 0x75, 0x57, 0xfe,
    0x55, 0x5f, 0xf3, 0x0, 0xaf, 0xb0, 0xd, 0xf3,
    0x0, 0x3f, 0xe0, 0x0, 0xcd, 0x20, 0x3f, 0xf3,
    0x0, 0x0, 0x0, 0x3, 0xfe, 0x0, 0x0, 0x0,
    0xd, 0xfb, 0x0, 0x0, 0x0, 0x0, 0x3f, 0xe0,
    0x0, 0x0, 0x4, 0xff, 0x20, 0x0, 0x0, 0x0,
    0x3, 0xfe, 0x0, 0x0, 0x0, 0x4, 0x90, 0x0,
    0x0, 0x0, 0x0, 0x3f, 0xe0, 0x0, 0x0, 0x0,
    0x0, 0x0, 0x0, 0x0, 0x0, 0x3, 0xfe, 0x0,
    0x0, 0x0, 0x0, 0x0, 0x0, 0x0, 0x0, 0x0,
    0x3f, 0xe0, 0x0, 0x0, 0x0,

    /* U+51C6 "准" */
    0x0, 0x0, 0x0, 0x0, 0x2, 0x40, 0x0, 0x41,
    0x0, 0x0, 0x0, 0x1, 0x80, 0x0, 0x0, 0x9,
    0xf6, 0x8, 0xfa, 0x0, 0x0, 0x0, 0xc, 0xf9,
    0x0, 0x0, 0xf, 0xf0, 0x1, 0xff, 0x30, 0x0,
    0x0, 0x3, 0xff, 0x30, 0x0, 0x6f, 0xa0, 0x0,
    0x9f, 0x80, 0x0, 0x0, 0x0, 0xaf, 0xc0, 0x0,
    0xdf, 0xdc, 0xcc, 0xdf, 0xcc, 0xcc, 0x90, 0x0,
    0x2f, 0xf5, 0x6, 0xff, 0xff, 0xff, 0xff, 0xff,
    0xff, 0xc0, 0x0, 0xa, 0xf6, 0x1e, 0xfd, 0x0,
    0x0, 0xef, 0x20, 0x0, 0x0, 0x0, 0x2, 0x10,
    0xaf, 0xfd, 0x0, 0x0, 0xef, 0x10, 0x0, 0x0,
    0x0, 0x0, 0x7, 0xff, 0xfd, 0x11, 0x11, 0xef,
    0x31, 0x11, 0x0, 0x0, 0x0, 0x3f, 0xf7, 0xff,
    0xff, 0xff, 0xff, 0xff, 0xff, 0x50, 0x0, 0x0,
    0x9, 0x81, 0xff, 0xbb, 0xbb, 0xff, 0xcb, 0xbb,
    0x40, 0x0, 0x0, 0x30, 0x1, 0xfd, 0x0, 0x0,
    0xef, 0x10, 0x0, 0x0, 0x0, 0x1, 0xfd, 0x1,
    0xfd, 0x0, 0x0, 0xef, 0x10, 0x0, 0x0, 0x0,
    0x8, 0xfc, 0x1, 0xff, 0xff, 0xff, 0xff, 0xff,
    0xff, 0x50, 0x0, 0xe, 0xf6, 0x1, 0xff, 0xdd,
    0xdd, 0xff, 0xdd, 0xdd, 0x40, 0x0, 0x5f, 0xf0,
    0x1, 0xfd, 0x0, 0x0, 0xef, 0x10, 0x0, 0x0,
    0x0, 0xdf, 0x90, 0x1, 0xfd, 0x0, 0x0, 0xef,
    0x10, 0x0, 0x0, 0x5, 0xff, 0x20, 0x1, 0xff,
    0xbb, 0xbb, 0xff, 0xcb, 0xbb, 0xb2, 0xc, 0xfb,
    0x0, 0x1, 0xff, 0xff, 0xff, 0xff, 0xff, 0xff,
    0xf2, 0x1, 0x73, 0x0, 0x1, 0xfe, 0x22, 0x22,
    0x22, 0x22, 0x22, 0x20, 0x0, 0x0, 0x0, 0x1,
    0xfd, 0x0, 0x0, 0x0, 0x0, 0x0, 0x0,

    /* U+51FA "出" */
    0x0, 0x0, 0x0, 0x1, 0x55, 0x0, 0x0, 0x0,
    0x0, 0x0, 0x0, 0x0, 0x3, 0xff, 0x0, 0x0,
    0x0, 0x0, 0x9, 0xb3, 0x0, 0x3, 0xff, 0x0,
    0x0, 0x4b, 0xa0, 0xd, 0xf5, 0x0, 0x3, 0xff,
    0x0, 0x0, 0x5f, 0xe0, 0xd, 0xf5, 0x0, 0x3,
    0xff, 0x0, 0x0, 0x5f, 0xe0, 0xd, 0xf5, 0x0,
    0x3, 0xff, 0x0, 0x0, 0x5f, 0xe0, 0xd, 0xf5,
    0x0, 0x3, 0xff, 0x0, 0x0, 0x5f, 0xe0, 0xd,
    0xf5, 0x0, 0x3, 0xff, 0x0, 0x0, 0x5f, 0xe0,
    0xd, 0xff, 0xff, 0xff, 0xff, 0xff, 0xff, 0xff,
    0xe0, 0xd, 0xff, 0xff, 0xff, 0xff, 0xff, 0xff,
    0xff, 0xe0, 0x1, 0x11, 0x11, 0x14, 0xff, 0x21,
    0x11, 0x11, 0x10, 0x55, 0x20, 0x0, 0x3, 0xff,
    0x0, 0x0, 0x3, 0x65, 0xef, 0x60, 0x0, 0x3,
    0xff, 0x0, 0x0, 0x7, 0xfc, 0xef, 0x60, 0x0,
    0x3, 0xff, 0x0, 0x0, 0x7, 0xfc, 0xef, 0x60,
    0x0, 0x3, 0xff, 0x0, 0x0, 0x7, 0xfc, 0xef,
    0x60, 0x0, 0x3, 0xff, 0x0, 0x0, 0x7, 0xfc,
    0xef, 0x60, 0x0, 0x3, 0xff, 0x0, 0x0, 0x7,
    0xfc, 0xef, 0x83, 0x33, 0x36, 0xff, 0x43, 0x33,
    0x39, 0xfc, 0xef, 0xff, 0xff, 0xff, 0xff, 0xff,
    0xff, 0xff, 0xfc, 0xbc, 0xcc, 0xcc, 0xcc, 0xcc,
    0xcc, 0xcc, 0xce, 0xfc, 0x0, 0x0, 0x0, 0x0,
    0x0, 0x0, 0x0, 0x7, 0xfc,

    /* U+5206 "分" */
    0x0, 0x0, 0x0, 0x0, 0x0, 0x0, 0x0, 0x0,
    0x0, 0x0, 0x0, 0x0, 0x0, 0x0, 0x3d, 0x80,
    0x0, 0x6, 0xd3, 0x0, 0x0, 0x0, 0x0, 0x0,
    0x0, 0xbf, 0xc0, 0x0, 0x8, 0xfc, 0x0, 0x0,
    0x0, 0x0, 0x0, 0x3, 0xff, 0x30, 0x0, 0x0,
    0xef, 0x60, 0x0, 0x0, 0x0, 0x0, 0xc, 0xfb,
    0x0, 0x0, 0x0, 0x6f, 0xf2, 0x0, 0x0, 0x0,
    0x0, 0x7f, 0xf3, 0x0, 0x0, 0x0, 0xc, 0xfc,
    0x0, 0x0, 0x0, 0x4, 0xff, 0x80, 0x0, 0x0,
    0x0, 0x1, 0xef, 0xb0, 0x0, 0x0, 0x2e, 0xfc,
    0x0, 0x0, 0x0, 0x0, 0x0, 0x4f, 0xf9, 0x0,
    0x4, 0xef, 0xf4, 0x22, 0x22, 0x22, 0x22, 0x22,
    0x2a, 0xff, 0xa0, 0xc, 0xff, 0xef, 0xff, 0xff,
    0xff, 0xff, 0xff, 0xff, 0xaf, 0xa0, 0x0, 0xa3,
    0xbe, 0xee, 0xff, 0xfe, 0xee, 0xef, 0xfe, 0x7,
    0x0, 0x0, 0x0, 0x0, 0x0, 0xff, 0x30, 0x0,
    0x4, 0xfd, 0x0, 0x0, 0x0, 0x0, 0x0, 0x3,
    0xff, 0x0, 0x0, 0x5, 0xfc, 0x0, 0x0, 0x0,
    0x0, 0x0, 0x7, 0xfc, 0x0, 0x0, 0x6, 0xfb,
    0x0, 0x0, 0x0, 0x0, 0x0, 0xd, 0xf7, 0x0,
    0x0, 0x7, 0xfa, 0x0, 0x0, 0x0, 0x0, 0x0,
    0x5f, 0xf1, 0x0, 0x0, 0x9, 0xf9, 0x0, 0x0,
    0x0, 0x0, 0x1, 0xef, 0x90, 0x0, 0x0, 0xb,
    0xf8, 0x0, 0x0, 0x0, 0x0, 0x2d, 0xfe, 0x10,
    0x0, 0x0, 0xd, 0xf6, 0x0, 0x0, 0x0, 0x7,
    0xff, 0xe3, 0x0, 0x1, 0x0, 0x4f, 0xf3, 0x0,
    0x0, 0x4, 0xff, 0xfc, 0x20, 0x0, 0x1f, 0xff,
    0xff, 0xd0, 0x0, 0x0, 0x0, 0xce, 0x70, 0x0,
    0x0, 0xb, 0xff, 0xfc, 0x20, 0x0, 0x0, 0x0,
    0x10, 0x0, 0x0, 0x0, 0x0, 0x0, 0x0, 0x0,
    0x0, 0x0,

    /* U+5207 "切" */
    0x0, 0xc, 0xd1, 0x0, 0x0, 0x0, 0x0, 0x0,
    0x0, 0x0, 0x0, 0x0, 0xef, 0x10, 0x1, 0xee,
    0xee, 0xee, 0xee, 0xee, 0xe7, 0x0, 0xe, 0xf1,
    0x0, 0x1f, 0xff, 0xff, 0xff, 0xff, 0xff, 0x70,
    0x0, 0xef, 0x10, 0x0, 0x0, 0xc, 0xf6, 0x0,
    0xa, 0xf7, 0x0, 0xe, 0xf1, 0x14, 0x70, 0x0,
    0xcf, 0x40, 0x0, 0xaf, 0x60, 0x3, 0xef, 0xef,
    0xff, 0x30, 0xd, 0xf3, 0x0, 0xb, 0xf6, 0x8f,
    0xff, 0xff, 0xfb, 0x81, 0x0, 0xdf, 0x30, 0x0,
    0xbf, 0x57, 0xfd, 0xff, 0x30, 0x0, 0x0, 0xe,
    0xf2, 0x0, 0xc, 0xf5, 0x10, 0xe, 0xf1, 0x0,
    0x0, 0x0, 0xff, 0x10, 0x0, 0xcf, 0x40, 0x0,
    0xef, 0x10, 0x0, 0x0, 0x3f, 0xe0, 0x0, 0xd,
    0xf4, 0x0, 0xe, 0xf1, 0x0, 0x0, 0x5, 0xfb,
    0x0, 0x0, 0xef, 0x30, 0x0, 0xef, 0x10, 0x0,
    0x0, 0x8f, 0x80, 0x0, 0xf, 0xf2, 0x0, 0xe,
    0xf1, 0x6, 0xd2, 0xc, 0xf5, 0x0, 0x0, 0xff,
    0x20, 0x0, 0xef, 0x9f, 0xff, 0x42, 0xff, 0x10,
    0x0, 0x1f, 0xf0, 0x0, 0x5f, 0xff, 0xfa, 0x30,
    0x9f, 0xb0, 0x0, 0x2, 0xff, 0x0, 0xc, 0xff,
    0xa2, 0x0, 0x2f, 0xf4, 0x0, 0x0, 0x4f, 0xe0,
    0x0, 0x4b, 0x20, 0x0, 0x1d, 0xfb, 0x0, 0x0,
    0x7, 0xfc, 0x0, 0x0, 0x0, 0x0, 0x1c, 0xfe,
    0x20, 0x11, 0x11, 0xdf, 0x90, 0x0, 0x0, 0x0,
    0x2e, 0xff, 0x30, 0x3, 0xff, 0xff, 0xf3, 0x0,
    0x0, 0x0, 0x0, 0x8d, 0x30, 0x0, 0xe, 0xff,
    0xd5, 0x0, 0x0, 0x0, 0x0, 0x0, 0x0, 0x0,
    0x0, 0x0, 0x0, 0x0, 0x0,

    /* U+5217 "列" */
    0x0, 0x0, 0x0, 0x0, 0x0, 0x0, 0x0, 0x0,
    0x0, 0x22, 0x0, 0x44, 0x44, 0x44, 0x44, 0x44,
    0x42, 0x0, 0x0, 0xe, 0xf3, 0xe, 0xff, 0xff,
    0xff, 0xff, 0xff, 0x60, 0x11, 0x0, 0xef, 0x30,
    0x78, 0x8d, 0xfb, 0x88, 0x88, 0x83, 0x1f, 0xe0,
    0xe, 0xf3, 0x0, 0x0, 0xef, 0x30, 0x0, 0x0,
    0x1, 0xfe, 0x0, 0xef, 0x30, 0x0, 0x4f, 0xe0,
    0x0, 0x0, 0x0, 0x1f, 0xe0, 0xe, 0xf3, 0x0,
    0x9, 0xfe, 0x88, 0x88, 0x95, 0x1, 0xfe, 0x0,
    0xef, 0x30, 0x0, 0xef, 0xff, 0xff, 0xff, 0xb0,
    0x1f, 0xe0, 0xe, 0xf3, 0x0, 0x4f, 0xe5, 0x55,
    0x5a, 0xf8, 0x1, 0xfe, 0x0, 0xef, 0x30, 0xc,
    0xf7, 0x0, 0x0, 0xbf, 0x50, 0x1f, 0xe0, 0xe,
    0xf3, 0x6, 0xfe, 0x0, 0x0, 0xf, 0xf1, 0x1,
    0xfe, 0x0, 0xef, 0x30, 0xff, 0x67, 0x90, 0x5,
    0xfc, 0x0, 0x1f, 0xe0, 0xe, 0xf3, 0x3, 0xa1,
    0xff, 0xc2, 0xcf, 0x70, 0x1, 0xfe, 0x0, 0xef,
    0x30, 0x0, 0x2, 0xdf, 0xff, 0xf1, 0x0, 0x1f,
    0xe0, 0xe, 0xf3, 0x0, 0x0, 0x1, 0xcf, 0xf9,
    0x0, 0x1, 0xfe, 0x0, 0xef, 0x30, 0x0, 0x0,
    0xa, 0xfe, 0x10, 0x0, 0x5, 0x50, 0xe, 0xf3,
    0x0, 0x0, 0x8, 0xff, 0x50, 0x0, 0x0, 0x0,
    0x0, 0xef, 0x30, 0x0, 0x7, 0xff, 0x90, 0x0,
    0x0, 0x0, 0x0, 0xe, 0xf3, 0x0, 0x2c, 0xff,
    0xa0, 0x0, 0x0, 0x0, 0x0, 0x0, 0xff, 0x20,
    0x5f, 0xff, 0x70, 0x0, 0x0, 0x0, 0x0, 0x9f,
    0xff, 0xf0, 0x0, 0xdb, 0x20, 0x0, 0x0, 0x0,
    0x0, 0x4, 0xff, 0xd6, 0x0, 0x1, 0x0, 0x0,
    0x0, 0x0, 0x0, 0x0, 0x0, 0x0, 0x0,

    /* U+521A "刚" */
    0x5, 0x55, 0x55, 0x55, 0x55, 0x55, 0x0, 0x0,
    0x2, 0xea, 0x1f, 0xff, 0xff, 0xff, 0xff, 0xff,
    0x10, 0x33, 0x2, 0xfb, 0x1f, 0xe5, 0x55, 0x55,
    0x55, 0xdf, 0x10, 0xfd, 0x2, 0xfb, 0x1f, 0xd0,
    0x0, 0x3, 0xa3, 0xcf, 0x10, 0xfd, 0x2, 0xfb,
    0x1f, 0xd5, 0x90, 0x8, 0xf3, 0xcf, 0x10, 0xfd,
    0x2, 0xfb, 0x1f, 0xd8, 0xf4, 0xc, 0xe0, 0xcf,
    0x10, 0xfd, 0x2, 0xfb, 0x1f, 0xd0, 0xed, 0x1f,
    0x90, 0xcf, 0x10, 0xfd, 0x2, 0xfb, 0x1f, 0xd0,
    0x7f, 0xbf, 0x50, 0xcf, 0x10, 0xfd, 0x2, 0xfb,
    0x1f, 0xd0, 0xe, 0xff, 0x0, 0xcf, 0x10, 0xfd,
    0x2, 0xfb, 0x1f, 0xd0, 0x6, 0xfb, 0x0, 0xcf,
    0x10, 0xfd, 0x2, 0xfb, 0x1f, 0xd0, 0x6, 0xfd,
    0x0, 0xcf, 0x10, 0xfd, 0x2, 0xfb, 0x1f, 0xd0,
    0xc, 0xff, 0x50, 0xcf, 0x10, 0xfd, 0x2, 0xfb,
    0x1f, 0xd0, 0x3f, 0xaf, 0xc0, 0xcf, 0x10, 0xfd,
    0x2, 0xfb, 0x1f, 0xd0, 0xaf, 0x2a, 0xf2, 0xcf,
    0x10, 0xfd, 0x2, 0xfb, 0x1f, 0xd3, 0xfb, 0x5,
    0xf8, 0xcf, 0x10, 0x33, 0x2, 0xfb, 0x1f, 0xec,
    0xf4, 0x0, 0x91, 0xcf, 0x10, 0x0, 0x2, 0xfb,
    0x1f, 0xed, 0xc0, 0x0, 0x0, 0xcf, 0x10, 0x0,
    0x2, 0xfb, 0x1f, 0xd0, 0x20, 0x0, 0x0, 0xcf,
    0x10, 0x0, 0x2, 0xfb, 0x1f, 0xd0, 0x0, 0x9,
    0xcc, 0xff, 0x0, 0x6d, 0xde, 0xf9, 0x1f, 0xd0,
    0x0, 0x7, 0xff, 0xc5, 0x0, 0x2f, 0xfe, 0xa1,
    0x0, 0x0, 0x0, 0x0, 0x0, 0x0, 0x0, 0x0,
    0x0, 0x0,

    /* U+521B "创" */
    0x0, 0x0, 0x0, 0x12, 0x0, 0x0, 0x0, 0x0,
    0x0, 0x0, 0x0, 0x0, 0x0, 0xb, 0xf6, 0x0,
    0x0, 0x0, 0x0, 0xe, 0xf2, 0x0, 0x0, 0x4,
    0xff, 0xa0, 0x0, 0x0, 0x0, 0x0, 0xef, 0x20,
    0x0, 0x1, 0xef, 0xff, 0x90, 0x0, 0x1e, 0xd0,
    0xe, 0xf2, 0x0, 0x0, 0xaf, 0xb2, 0xef, 0x80,
    0x1, 0xfe, 0x0, 0xef, 0x20, 0x0, 0x9f, 0xe1,
    0x2, 0xef, 0x70, 0x1f, 0xe0, 0xe, 0xf2, 0x0,
    0x9f, 0xf3, 0x0, 0x3, 0xff, 0x51, 0xfe, 0x0,
    0xef, 0x21, 0xcf, 0xf3, 0x0, 0x0, 0x6, 0xfe,
    0x2f, 0xe0, 0xe, 0xf2, 0x1d, 0xed, 0xbb, 0xbb,
    0xbb, 0xcc, 0x31, 0xfe, 0x0, 0xef, 0x20, 0x12,
    0xef, 0xff, 0xff, 0xff, 0x40, 0x1f, 0xe0, 0xe,
    0xf2, 0x0, 0xe, 0xf1, 0x0, 0xc, 0xf3, 0x1,
    0xfe, 0x0, 0xef, 0x20, 0x0, 0xef, 0x10, 0x0,
    0xdf, 0x20, 0x1f, 0xe0, 0xe, 0xf2, 0x0, 0xe,
    0xf1, 0x0, 0xf, 0xf0, 0x1, 0xfe, 0x0, 0xef,
    0x20, 0x0, 0xef, 0x10, 0x2, 0xfe, 0x0, 0x1f,
    0xe0, 0xe, 0xf2, 0x0, 0xe, 0xf1, 0x8e, 0xff,
    0xa0, 0x1, 0xfe, 0x0, 0xef, 0x20, 0x0, 0xef,
    0x13, 0xcb, 0x91, 0x0, 0x5, 0x40, 0xe, 0xf2,
    0x0, 0xe, 0xf1, 0x0, 0x0, 0x1e, 0x60, 0x0,
    0x0, 0xef, 0x20, 0x0, 0xef, 0x10, 0x0, 0x2,
    0xfc, 0x0, 0x0, 0xe, 0xf2, 0x0, 0xe, 0xf2,
    0x0, 0x0, 0x5f, 0xa0, 0x0, 0x0, 0xff, 0x10,
    0x0, 0xbf, 0xec, 0xcc, 0xcf, 0xf5, 0x9, 0xff,
    0xff, 0xf0, 0x0, 0x3, 0xcf, 0xff, 0xff, 0xe9,
    0x0, 0x3f, 0xfe, 0xc4, 0x0, 0x0, 0x0, 0x0,
    0x0, 0x0, 0x0, 0x0, 0x0, 0x0, 0x0,

    /* U+521D "初" */
    0x0, 0x0, 0x71, 0x0, 0x0, 0x0, 0x0, 0x0,
    0x0, 0x0, 0x0, 0x0, 0x7f, 0xb0, 0x0, 0x0,
    0x0, 0x0, 0x0, 0x0, 0x0, 0x0, 0x0, 0xdf,
    0x60, 0xb, 0xdd, 0xdd, 0xdd, 0xdd, 0xdd, 0x30,
    0x0, 0x4, 0xf6, 0x0, 0xdf, 0xff, 0xff, 0xff,
    0xff, 0xf4, 0xd, 0xdd, 0xde, 0xdd, 0x52, 0x22,
    0xbf, 0x82, 0x22, 0xdf, 0x30, 0xff, 0xff, 0xff,
    0xf9, 0x0, 0xb, 0xf5, 0x0, 0xd, 0xf3, 0x0,
    0x0, 0x1, 0xff, 0x20, 0x0, 0xcf, 0x40, 0x0,
    0xdf, 0x20, 0x0, 0x0, 0x9f, 0xa0, 0x0, 0xd,
    0xf3, 0x0, 0xd, 0xf2, 0x0, 0x0, 0x3f, 0xf1,
    0x30, 0x0, 0xef, 0x20, 0x0, 0xef, 0x10, 0x0,
    0x1e, 0xf7, 0x3f, 0x80, 0xf, 0xf0, 0x0, 0xe,
    0xf1, 0x0, 0xb, 0xff, 0x9e, 0xe2, 0x3, 0xfe,
    0x0, 0x0, 0xff, 0x0, 0xa, 0xff, 0xff, 0xf2,
    0x0, 0x6f, 0xb0, 0x0, 0xf, 0xf0, 0xb, 0xff,
    0xff, 0xef, 0x70, 0x9, 0xf8, 0x0, 0x0, 0xff,
    0x4, 0xff, 0x5e, 0xf5, 0xef, 0x40, 0xdf, 0x50,
    0x0, 0x1f, 0xe0, 0xb, 0x50, 0xef, 0x34, 0xe1,
    0x3f, 0xf1, 0x0, 0x2, 0xfd, 0x0, 0x0, 0xe,
    0xf3, 0x1, 0xa, 0xfa, 0x0, 0x0, 0x4f, 0xc0,
    0x0, 0x0, 0xef, 0x30, 0x1, 0xff, 0x30, 0x0,
    0x6, 0xfa, 0x0, 0x0, 0xe, 0xf3, 0x0, 0xaf,
    0xd0, 0x0, 0x0, 0x8f, 0x90, 0x0, 0x0, 0xef,
    0x30, 0x7f, 0xf4, 0x0, 0x0, 0xd, 0xf6, 0x0,
    0x0, 0xe, 0xf3, 0x4f, 0xf9, 0x0, 0x9f, 0xff,
    0xff, 0x10, 0x0, 0x0, 0xef, 0x30, 0x7a, 0x0,
    0x4, 0xff, 0xfc, 0x30, 0x0, 0x0, 0x1, 0x10,
    0x0, 0x0, 0x0, 0x0, 0x0, 0x0, 0x0,

    /* U+522B "别" */
    0x0, 0x77, 0x77, 0x77, 0x77, 0x70, 0x0, 0x0,
    0x0, 0xef, 0x20, 0xf, 0xff, 0xff, 0xff, 0xfe,
    0x0, 0x0, 0x0, 0xe, 0xf2, 0x0, 0xfd, 0x33,
    0x33, 0x4f, 0xe0, 0x4, 0xfb, 0x0, 0xef, 0x20,
    0xf, 0xd0, 0x0, 0x1, 0xfe, 0x0, 0x4f, 0xb0,
    0xe, 0xf2, 0x0, 0xfd, 0x0, 0x0, 0x1f, 0xe0,
    0x4, 0xfb, 0x0, 0xef, 0x20, 0xf, 0xd1, 0x11,
    0x12, 0xfe, 0x0, 0x4f, 0xb0, 0xe, 0xf2, 0x0,
    0xff, 0xff, 0xff, 0xff, 0xe0, 0x4, 0xfb, 0x0,
    0xef, 0x20, 0xc, 0xcc, 0xcc, 0xcc, 0xcb, 0x0,
    0x4f, 0xb0, 0xe, 0xf2, 0x0, 0x0, 0xa, 0x90,
    0x0, 0x0, 0x4, 0xfb, 0x0, 0xef, 0x20, 0x0,
    0x1, 0xfd, 0x0, 0x0, 0x0, 0x4f, 0xb0, 0xe,
    0xf2, 0xc, 0xff, 0xff, 0xff, 0xff, 0xf6, 0x4,
    0xfb, 0x0, 0xef, 0x20, 0xbd, 0xde, 0xff, 0xdd,
    0xff, 0x50, 0x4f, 0xb0, 0xe, 0xf2, 0x0, 0x0,
    0x7f, 0x80, 0xc, 0xf4, 0x4, 0xfb, 0x0, 0xef,
    0x20, 0x0, 0xa, 0xf5, 0x0, 0xdf, 0x30, 0x4f,
    0xb0, 0xe, 0xf2, 0x0, 0x0, 0xef, 0x10, 0xe,
    0xf2, 0x1, 0x54, 0x0, 0xef, 0x20, 0x0, 0x6f,
    0xb0, 0x0, 0xff, 0x10, 0x0, 0x0, 0xe, 0xf2,
    0x0, 0x1e, 0xf5, 0x0, 0x1f, 0xf0, 0x0, 0x0,
    0x0, 0xef, 0x20, 0x2d, 0xfa, 0x2, 0x18, 0xfd,
    0x0, 0x0, 0x11, 0x1f, 0xf1, 0x2f, 0xfd, 0x10,
    0xef, 0xff, 0x90, 0x0, 0xf, 0xff, 0xff, 0x0,
    0x89, 0x0, 0x7, 0xcc, 0x80, 0x0, 0x0, 0xbf,
    0xfc, 0x40, 0x0, 0x0, 0x0, 0x0, 0x0, 0x0,
    0x0, 0x0, 0x0, 0x0, 0x0,

    /* U+5230 "到" */
    0x0, 0x0, 0x0, 0x0, 0x0, 0x0, 0x0, 0x0,
    0x9, 0xa1, 0x6d, 0xdd, 0xdd, 0xdd, 0xdd, 0xdc,
    0x6, 0x50, 0xe, 0xf1, 0x6d, 0xde, 0xff, 0xdd,
    0xdd, 0xdc, 0xf, 0xe0, 0xe, 0xf1, 0x0, 0xa,
    0xf8, 0x2, 0x90, 0x0, 0xf, 0xe0, 0xe, 0xf1,
    0x0, 0x2f, 0xe0, 0x8, 0xf9, 0x0, 0xf, 0xe0,
    0xe, 0xf1, 0x0, 0xcf, 0x50, 0x0, 0xdf, 0x50,
    0xf, 0xe0, 0xe, 0xf1, 0x9, 0xff, 0x89, 0xbc,
    0xef, 0xe1, 0xf, 0xe0, 0xe, 0xf1, 0xc, 0xff,
    0xff, 0xff, 0xed, 0xfa, 0xf, 0xe0, 0xe, 0xf1,
    0x4, 0x75, 0x33, 0x20, 0x0, 0xc3, 0xf, 0xe0,
    0xe, 0xf1, 0x0, 0x0, 0xb, 0xf3, 0x0, 0x0,
    0xf, 0xe0, 0xe, 0xf1, 0x0, 0x0, 0xb, 0xf3,
    0x0, 0x0, 0xf, 0xe0, 0xe, 0xf1, 0xd, 0xee,
    0xef, 0xff, 0xee, 0xe6, 0xf, 0xe0, 0xe, 0xf1,
    0xd, 0xee, 0xef, 0xfe, 0xee, 0xe6, 0xf, 0xe0,
    0xe, 0xf1, 0x0, 0x0, 0xb, 0xf3, 0x0, 0x0,
    0xf, 0xe0, 0xe, 0xf1, 0x0, 0x0, 0xb, 0xf3,
    0x0, 0x0, 0xf, 0xd0, 0xe, 0xf1, 0x0, 0x0,
    0xb, 0xf3, 0x15, 0x88, 0x0, 0x0, 0xe, 0xf1,
    0x0, 0x2, 0x5d, 0xff, 0xff, 0xfc, 0x0, 0x0,
    0xe, 0xf1, 0x7d, 0xff, 0xff, 0xff, 0xeb, 0x84,
    0x0, 0x0, 0xf, 0xf1, 0x7f, 0xfe, 0xb8, 0x52,
    0x0, 0x0, 0x0, 0xdf, 0xff, 0xf0, 0x24, 0x10,
    0x0, 0x0, 0x0, 0x0, 0x0, 0x8f, 0xfc, 0x50,
    0x0, 0x0, 0x0, 0x0, 0x0, 0x0, 0x0, 0x0,
    0x0, 0x0,

    /* U+5237 "刷" */
    0x0, 0x45, 0x55, 0x55, 0x55, 0x55, 0x40, 0x0,
    0x0, 0xdf, 0x20, 0xd, 0xff, 0xff, 0xff, 0xff,
    0xfc, 0x8, 0x70, 0xd, 0xf2, 0x0, 0xdf, 0x55,
    0x55, 0x55, 0x6f, 0xc0, 0xff, 0x0, 0xdf, 0x20,
    0xd, 0xf0, 0x0, 0x0, 0x2, 0xfc, 0xf, 0xf0,
    0xd, 0xf2, 0x0, 0xdf, 0x55, 0x55, 0x55, 0x6f,
    0xc0, 0xff, 0x0, 0xdf, 0x20, 0xd, 0xff, 0xff,
    0xff, 0xff, 0xfc, 0xf, 0xf0, 0xd, 0xf2, 0x0,
    0xdf, 0x88, 0x8d, 0xf9, 0x88, 0x70, 0xff, 0x0,
    0xdf, 0x20, 0xd, 0xf0, 0x0, 0xaf, 0x10, 0x0,
    0xf, 0xf0, 0xd, 0xf2, 0x0, 0xdf, 0x45, 0x5c,
    0xf6, 0x55, 0x50, 0xff, 0x0, 0xdf, 0x20, 0xe,
    0xfd, 0xff, 0xff, 0xff, 0xfe, 0xf, 0xf0, 0xd,
    0xf2, 0x0, 0xee, 0xdc, 0x5c, 0xf6, 0x5d, 0xe0,
    0xff, 0x0, 0xdf, 0x20, 0xf, 0xdd, 0xa0, 0xaf,
    0x10, 0xce, 0xf, 0xf0, 0xd, 0xf2, 0x0, 0xfc,
    0xda, 0xa, 0xf1, 0xc, 0xe0, 0xff, 0x0, 0xdf,
    0x20, 0x2f, 0xad, 0xa0, 0xaf, 0x10, 0xce, 0xf,
    0xf0, 0xd, 0xf2, 0x5, 0xf8, 0xda, 0xa, 0xf1,
    0xc, 0xe0, 0x0, 0x0, 0xdf, 0x20, 0x8f, 0x5d,
    0xa0, 0xaf, 0x21, 0xde, 0x0, 0x0, 0xd, 0xf2,
    0xc, 0xf2, 0xda, 0xa, 0xf7, 0xff, 0xb0, 0x0,
    0x0, 0xdf, 0x22, 0xfd, 0x9, 0x70, 0xaf, 0x18,
    0x71, 0x0, 0x11, 0x1e, 0xf1, 0x4f, 0x70, 0x0,
    0xa, 0xf1, 0x0, 0x0, 0xb, 0xff, 0xff, 0x0,
    0x21, 0x0, 0x0, 0xaf, 0x10, 0x0, 0x0, 0x6f,
    0xfc, 0x50, 0x0, 0x0, 0x0, 0x0, 0x0, 0x0,
    0x0, 0x0, 0x0, 0x0, 0x0,

    /* U+524D "前" */
    0x0, 0x0, 0x23, 0x0, 0x0, 0x0, 0x0, 0x33,
    0x0, 0x0, 0x0, 0x5, 0xfe, 0x20, 0x0, 0x0,
    0x0, 0xdf, 0x90, 0x0, 0x0, 0x0, 0xbf, 0xc0,
    0x0, 0x0, 0x6, 0xfe, 0x10, 0x0, 0x0, 0x0,
    0x2f, 0xe3, 0x0, 0x0, 0x1e, 0xf6, 0x0, 0x0,
    0xef, 0xff, 0xff, 0xff, 0xff, 0xff, 0xff, 0xff,
    0xff, 0xfe, 0xcd, 0xdd, 0xdd, 0xdd, 0xdd, 0xdd,
    0xdd, 0xdd, 0xdd, 0xdc, 0x0, 0x0, 0x0, 0x0,
    0x0, 0x0, 0x0, 0x0, 0x0, 0x0, 0x3, 0x44,
    0x44, 0x44, 0x43, 0x0, 0x11, 0x0, 0x5b, 0x60,
    0x9, 0xff, 0xff, 0xff, 0xfb, 0x0, 0xef, 0x0,
    0x7f, 0x90, 0x9, 0xfa, 0x77, 0x79, 0xfb, 0x0,
    0xef, 0x0, 0x7f, 0x90, 0x9, 0xf5, 0x0, 0x4,
    0xfb, 0x0, 0xef, 0x0, 0x7f, 0x90, 0x9, 0xfd,
    0xbb, 0xbc, 0xfb, 0x0, 0xef, 0x0, 0x7f, 0x90,
    0x9, 0xfe, 0xdd, 0xde, 0xfb, 0x0, 0xef, 0x0,
    0x7f, 0x90, 0x9, 0xf5, 0x0, 0x4, 0xfb, 0x0,
    0xef, 0x0, 0x7f, 0x90, 0x9, 0xf8, 0x33, 0x37,
    0xfb, 0x0, 0xef, 0x0, 0x7f, 0x90, 0x9, 0xff,
    0xff, 0xff, 0xfb, 0x0, 0xef, 0x0, 0x7f, 0x90,
    0x9, 0xf9, 0x44, 0x47, 0xfb, 0x0, 0xdf, 0x0,
    0x7f, 0x90, 0x9, 0xf5, 0x0, 0x4, 0xfb, 0x0,
    0x0, 0x0, 0x7f, 0x90, 0x9, 0xf5, 0x0, 0x4,
    0xfb, 0x0, 0x0, 0x0, 0x8f, 0x90, 0x9, 0xf5,
    0x9, 0xce, 0xfa, 0x0, 0x8, 0xfe, 0xff, 0x60,
    0x9, 0xf5, 0x6, 0xff, 0xc2, 0x0, 0x2, 0xff,
    0xd9, 0x0, 0x0, 0x0, 0x0, 0x0, 0x0, 0x0,
    0x0, 0x0, 0x0, 0x0,

    /* U+529E "办" */
    0x0, 0x0, 0x0, 0x0, 0xcf, 0x70, 0x0, 0x0,
    0x0, 0x0, 0x0, 0x0, 0x0, 0x0, 0x0, 0xcf,
    0x70, 0x0, 0x0, 0x0, 0x0, 0x0, 0x0, 0x0,
    0x0, 0x0, 0xcf, 0x70, 0x0, 0x0, 0x0, 0x0,
    0x0, 0x2, 0xdd, 0xdd, 0xdd, 0xff, 0xed, 0xdd,
    0xdd, 0x90, 0x0, 0x0, 0x3, 0xff, 0xff, 0xff,
    0xff, 0xff, 0xff, 0xff, 0xa0, 0x0, 0x0, 0x0,
    0x33, 0x33, 0x33, 0xef, 0x83, 0x33, 0xbf, 0xa0,
    0x0, 0x0, 0x0, 0x0, 0x0, 0x0, 0xff, 0x40,
    0x0, 0xbf, 0x90, 0x20, 0x0, 0x0, 0x7, 0xb4,
    0x1, 0xff, 0x20, 0x0, 0xbf, 0x9d, 0xf1, 0x0,
    0x0, 0xe, 0xf5, 0x3, 0xff, 0x0, 0x0, 0xcf,
    0x8c, 0xf7, 0x0, 0x0, 0x4f, 0xe0, 0x8, 0xfe,
    0x0, 0x0, 0xcf, 0x76, 0xfd, 0x0, 0x0, 0xcf,
    0x90, 0xd, 0xfa, 0x0, 0x0, 0xdf, 0x61, 0xff,
    0x30, 0x5, 0xff, 0x20, 0x2f, 0xf6, 0x0, 0x0,
    0xef, 0x50, 0xbf, 0x80, 0xe, 0xfa, 0x0, 0x8f,
    0xf0, 0x0, 0x0, 0xff, 0x40, 0x6f, 0xd0, 0x1a,
    0xf2, 0x1, 0xff, 0x90, 0x0, 0x1, 0xff, 0x30,
    0x2f, 0xf1, 0x0, 0x20, 0xa, 0xff, 0x20, 0x0,
    0x2, 0xff, 0x20, 0x9, 0x30, 0x0, 0x0, 0x7f,
    0xf8, 0x0, 0x0, 0x4, 0xff, 0x0, 0x0, 0x0,
    0x0, 0x6, 0xff, 0xc0, 0x0, 0x0, 0x8, 0xfe,
    0x0, 0x0, 0x0, 0x0, 0x7f, 0xfd, 0x10, 0x3,
    0x22, 0x3e, 0xfa, 0x0, 0x0, 0x0, 0xb, 0xff,
    0xd1, 0x0, 0xb, 0xff, 0xff, 0xf4, 0x0, 0x0,
    0x0, 0x7, 0xfb, 0x10, 0x0, 0x6, 0xff, 0xfd,
    0x50, 0x0, 0x0, 0x0, 0x0, 0x40, 0x0, 0x0,
    0x0, 0x0, 0x0, 0x0, 0x0, 0x0, 0x0,

    /* U+529F "功" */
    0x0, 0x0, 0x0, 0x0, 0x0, 0x0, 0x6, 0x60,
    0x0, 0x0, 0x0, 0x0, 0x0, 0x0, 0x0, 0x0,
    0x0, 0xff, 0x10, 0x0, 0x0, 0x4, 0x44, 0x44,
    0x44, 0x40, 0x0, 0xf, 0xf1, 0x0, 0x0, 0x0,
    0xff, 0xff, 0xff, 0xff, 0x30, 0x0, 0xff, 0x10,
    0x0, 0x0, 0xa, 0xaa, 0xff, 0xba, 0xa2, 0x0,
    0xf, 0xf0, 0x0, 0x0, 0x0, 0x0, 0xd, 0xf2,
    0x0, 0x4e, 0xee, 0xff, 0xee, 0xee, 0xed, 0x0,
    0x0, 0xdf, 0x20, 0x5, 0xff, 0xff, 0xff, 0xff,
    0xff, 0xe0, 0x0, 0xd, 0xf2, 0x0, 0x1, 0x14,
    0xfe, 0x11, 0x13, 0xfd, 0x0, 0x0, 0xdf, 0x20,
    0x0, 0x0, 0x4f, 0xc0, 0x0, 0x3f, 0xd0, 0x0,
    0xd, 0xf2, 0x0, 0x0, 0x6, 0xfa, 0x0, 0x3,
    0xfc, 0x0, 0x0, 0xdf, 0x20, 0x0, 0x0, 0x8f,
    0x80, 0x0, 0x4f, 0xb0, 0x0, 0xd, 0xf2, 0x0,
    0x0, 0xb, 0xf6, 0x0, 0x5, 0xfb, 0x0, 0x0,
    0xdf, 0x20, 0x13, 0x0, 0xff, 0x20, 0x0, 0x6f,
    0xa0, 0x0, 0xd, 0xfa, 0xdf, 0xc0, 0x4f, 0xe0,
    0x0, 0x7, 0xf9, 0x3, 0x7b, 0xff, 0xff, 0xfb,
    0xa, 0xf9, 0x0, 0x0, 0x8f, 0x82, 0xff, 0xff,
    0xfb, 0x61, 0x3, 0xff, 0x40, 0x0, 0xa, 0xf7,
    0xe, 0xd9, 0x40, 0x0, 0x0, 0xdf, 0xc0, 0x0,
    0x0, 0xcf, 0x50, 0x10, 0x0, 0x0, 0x0, 0x9f,
    0xf3, 0x0, 0x0, 0xe, 0xf3, 0x0, 0x0, 0x0,
    0x0, 0x9f, 0xf7, 0x0, 0x0, 0x5, 0xff, 0x0,
    0x0, 0x0, 0x0, 0xdf, 0xf8, 0x0, 0x1f, 0xff,
    0xff, 0xb0, 0x0, 0x0, 0x0, 0x5, 0xf6, 0x0,
    0x0, 0xbf, 0xfe, 0xa1, 0x0, 0x0, 0x0, 0x0,
    0x1, 0x0, 0x0, 0x0, 0x0, 0x0, 0x0,

    /* U+52A0 "加" */
    0x0, 0x0, 0x0, 0x0, 0x0, 0x0, 0x0, 0x0,
    0x0, 0x0, 0x0, 0x0, 0xf, 0xf1, 0x0, 0x0,
    0x0, 0x0, 0x0, 0x0, 0x0, 0x0, 0x0, 0xff,
    0x10, 0x0, 0x0, 0x0, 0x0, 0x0, 0x0, 0x0,
    0x0, 0xf, 0xf0, 0x0, 0x0, 0x8, 0xbb, 0xbb,
    0xbb, 0xb1, 0x3, 0x44, 0xff, 0x54, 0x44, 0x40,
    0xcf, 0xff, 0xff, 0xff, 0x20, 0xcf, 0xff, 0xff,
    0xff, 0xff, 0xc, 0xf7, 0x44, 0x4f, 0xf2, 0x9,
    0xbc, 0xff, 0xbb, 0xcf, 0xe0, 0xcf, 0x30, 0x0,
    0xef, 0x20, 0x0, 0xf, 0xf0, 0x1, 0xfe, 0xc,
    0xf3, 0x0, 0xe, 0xf2, 0x0, 0x1, 0xfe, 0x0,
    0x2f, 0xe0, 0xcf, 0x30, 0x0, 0xef, 0x20, 0x0,
    0x2f, 0xd0, 0x2, 0xfd, 0xc, 0xf3, 0x0, 0xe,
    0xf2, 0x0, 0x3, 0xfc, 0x0, 0x2f, 0xd0, 0xcf,
    0x30, 0x0, 0xef, 0x20, 0x0, 0x6f, 0xa0, 0x3,
    0xfc, 0xc, 0xf3, 0x0, 0xe, 0xf2, 0x0, 0x8,
    0xf7, 0x0, 0x3f, 0xc0, 0xcf, 0x30, 0x0, 0xef,
    0x20, 0x0, 0xbf, 0x50, 0x4, 0xfb, 0xc, 0xf3,
    0x0, 0xe, 0xf2, 0x0, 0xe, 0xf2, 0x0, 0x5f,
    0xb0, 0xcf, 0x30, 0x0, 0xef, 0x20, 0x4, 0xfe,
    0x0, 0x6, 0xfa, 0xc, 0xf3, 0x0, 0xe, 0xf2,
    0x0, 0x9f, 0x90, 0x0, 0x7f, 0x90, 0xcf, 0x40,
    0x0, 0xef, 0x20, 0x1f, 0xf4, 0x0, 0x9, 0xf7,
    0xc, 0xff, 0xff, 0xff, 0xf2, 0xb, 0xfe, 0x1,
    0x1, 0xdf, 0x50, 0xcf, 0xff, 0xff, 0xff, 0x23,
    0xff, 0x50, 0xcf, 0xff, 0xf1, 0xc, 0xf3, 0x0,
    0xe, 0xf2, 0x8, 0xb0, 0x7, 0xff, 0xd5, 0x0,
    0xcf, 0x30, 0x0, 0xcd, 0x20, 0x1, 0x0, 0x0,
    0x0, 0x0, 0x0, 0x0, 0x0, 0x0, 0x0,

    /* U+52A1 "务" */
    0x0, 0x0, 0x0, 0x1, 0xb8, 0x10, 0x0, 0x0,
    0x0, 0x0, 0x0, 0x0, 0x0, 0x0, 0xb, 0xfb,
    0x0, 0x0, 0x0, 0x0, 0x0, 0x0, 0x0, 0x0,
    0x0, 0x9f, 0xfb, 0x99, 0x99, 0x99, 0x99, 0x60,
    0x0, 0x0, 0x0, 0xa, 0xff, 0xff, 0xff, 0xff,
    0xff, 0xff, 0xe1, 0x0, 0x0, 0x2, 0xcf, 0xf9,
    0x22, 0x22, 0x22, 0x29, 0xff, 0x30, 0x0, 0x0,
    0x8f, 0xfd, 0xff, 0x60, 0x0, 0x1, 0xbf, 0xf4,
    0x0, 0x0, 0x0, 0x9f, 0x80, 0x2d, 0xfb, 0x21,
    0x8f, 0xfc, 0x20, 0x0, 0x0, 0x0, 0x3, 0x0,
    0x1, 0xcf, 0xff, 0xff, 0x70, 0x0, 0x0, 0x0,
    0x0, 0x0, 0x3, 0x7b, 0xef, 0xff, 0xff, 0xc9,
    0x53, 0x10, 0x0, 0x8, 0xbe, 0xff, 0xff, 0xfa,
    0x54, 0x9e, 0xff, 0xff, 0xff, 0xd0, 0x9, 0xff,
    0xeb, 0x84, 0x1, 0x21, 0x0, 0x37, 0x9b, 0xef,
    0x70, 0x1, 0x41, 0x0, 0x0, 0x9, 0xf9, 0x0,
    0x0, 0x0, 0x0, 0x0, 0x0, 0x1, 0x11, 0x11,
    0x1c, 0xf7, 0x11, 0x11, 0x11, 0x10, 0x0, 0x0,
    0x4f, 0xff, 0xff, 0xff, 0xff, 0xff, 0xff, 0xff,
    0xf4, 0x0, 0x0, 0x3b, 0xbb, 0xbb, 0xef, 0xeb,
    0xbb, 0xbb, 0xbf, 0xf2, 0x0, 0x0, 0x0, 0x0,
    0x2, 0xff, 0x40, 0x0, 0x0, 0x1f, 0xf0, 0x0,
    0x0, 0x0, 0x0, 0xc, 0xfb, 0x0, 0x0, 0x0,
    0x3f, 0xd0, 0x0, 0x0, 0x0, 0x2, 0xdf, 0xd1,
    0x0, 0x0, 0x0, 0x7f, 0x90, 0x0, 0x0, 0x2,
    0x9f, 0xfd, 0x10, 0x0, 0x0, 0x0, 0xdf, 0x50,
    0x0, 0x6, 0xdf, 0xff, 0x80, 0x0, 0x6, 0xcb,
    0xbe, 0xfe, 0x0, 0x0, 0x2, 0xfd, 0x82, 0x0,
    0x0, 0x2, 0xff, 0xff, 0xc3, 0x0, 0x0, 0x0,
    0x10, 0x0, 0x0, 0x0, 0x0, 0x0, 0x0, 0x0,
    0x0, 0x0,

    /* U+52A8 "动" */
    0x0, 0x0, 0x0, 0x0, 0x0, 0x0, 0x2, 0x20,
    0x0, 0x0, 0x0, 0x0, 0x0, 0x0, 0x0, 0x0,
    0xf, 0xf1, 0x0, 0x0, 0x2c, 0xcc, 0xcc, 0xcc,
    0xc5, 0x0, 0xf, 0xf0, 0x0, 0x0, 0x2f, 0xff,
    0xff, 0xff, 0xf6, 0x0, 0xf, 0xf0, 0x0, 0x0,
    0x0, 0x0, 0x0, 0x0, 0x0, 0x0, 0xf, 0xf0,
    0x0, 0x0, 0x0, 0x0, 0x0, 0x0, 0x0, 0x9b,
    0xbf, 0xfb, 0xbb, 0xba, 0x0, 0x0, 0x0, 0x0,
    0x0, 0xcf, 0xff, 0xff, 0xff, 0xfe, 0xcd, 0xdd,
    0xdd, 0xdd, 0xda, 0x22, 0x4f, 0xe2, 0x24, 0xfe,
    0xef, 0xff, 0xff, 0xff, 0xfc, 0x0, 0x3f, 0xc0,
    0x3, 0xfd, 0x0, 0x2f, 0xf1, 0x0, 0x0, 0x0,
    0x5f, 0xb0, 0x3, 0xfc, 0x0, 0x5f, 0xb0, 0x0,
    0x0, 0x0, 0x6f, 0x90, 0x4, 0xfc, 0x0, 0x9f,
    0x70, 0x4e, 0x60, 0x0, 0x8f, 0x80, 0x5, 0xfb,
    0x0, 0xdf, 0x30, 0x1f, 0xc0, 0x0, 0xcf, 0x50,
    0x5, 0xfa, 0x2, 0xfd, 0x0, 0xc, 0xf3, 0x0,
    0xff, 0x20, 0x6, 0xfa, 0x7, 0xf7, 0x0, 0x19,
    0xf9, 0x3, 0xfe, 0x0, 0x7, 0xf9, 0xe, 0xf7,
    0x9d, 0xff, 0xfe, 0x9, 0xfa, 0x0, 0x8, 0xf7,
    0x7f, 0xff, 0xff, 0xfb, 0xef, 0x4f, 0xf4, 0x0,
    0xa, 0xf6, 0x6f, 0xfb, 0x73, 0x0, 0x79, 0x9f,
    0xe0, 0x0, 0xd, 0xf4, 0x14, 0x0, 0x0, 0x0,
    0x3, 0xff, 0x70, 0x0, 0x2f, 0xf2, 0x0, 0x0,
    0x0, 0x0, 0xd, 0xfc, 0x9, 0xff, 0xff, 0xd0,
    0x0, 0x0, 0x0, 0x0, 0x3, 0xe2, 0x4, 0xff,
    0xfc, 0x20, 0x0, 0x0, 0x0, 0x0, 0x0, 0x0,
    0x0, 0x0, 0x0, 0x0,

    /* U+5316 "化" */
    0x0, 0x0, 0x0, 0x0, 0x0, 0x0, 0x0, 0x0,
    0x0, 0x0, 0x0, 0x0, 0x0, 0x0, 0xdb, 0x20,
    0xa, 0xa2, 0x0, 0x0, 0x0, 0x0, 0x0, 0x0,
    0x5, 0xff, 0x10, 0xf, 0xf3, 0x0, 0x0, 0x0,
    0x0, 0x0, 0x0, 0xd, 0xf7, 0x0, 0xf, 0xf3,
    0x0, 0x0, 0x0, 0x0, 0x0, 0x0, 0x7f, 0xe0,
    0x0, 0xf, 0xf3, 0x0, 0x0, 0xa6, 0x0, 0x0,
    0x1, 0xff, 0x70, 0x0, 0xf, 0xf3, 0x0, 0x8,
    0xff, 0x50, 0x0, 0xc, 0xff, 0x40, 0x0, 0xf,
    0xf3, 0x0, 0x4f, 0xfa, 0x0, 0x0, 0x8f, 0xff,
    0x40, 0x0, 0xf, 0xf3, 0x3, 0xff, 0xc0, 0x0,
    0x7, 0xff, 0xff, 0x40, 0x0, 0xf, 0xf3, 0x4f,
    0xfd, 0x10, 0x0, 0x3f, 0xfb, 0xef, 0x40, 0x0,
    0xf, 0xf8, 0xff, 0xd2, 0x0, 0x0, 0xb, 0xd0,
    0xef, 0x40, 0x0, 0xf, 0xff, 0xfc, 0x10, 0x0,
    0x0, 0x2, 0x10, 0xef, 0x40, 0x0, 0xf, 0xff,
    0xa0, 0x0, 0x0, 0x0, 0x0, 0x0, 0xef, 0x40,
    0x4, 0xef, 0xf8, 0x0, 0x0, 0x0, 0x0, 0x0,
    0x0, 0xef, 0x42, 0xbf, 0xff, 0xf3, 0x0, 0x0,
    0x0, 0x0, 0x0, 0x0, 0xef, 0x5e, 0xff, 0x8f,
    0xf3, 0x0, 0x0, 0x6, 0x0, 0x0, 0x0, 0xef,
    0x43, 0xa2, 0xf, 0xf3, 0x0, 0x0, 0x1f, 0xd0,
    0x0, 0x0, 0xef, 0x40, 0x0, 0xf, 0xf3, 0x0,
    0x0, 0x2f, 0xe0, 0x0, 0x0, 0xef, 0x40, 0x0,
    0xf, 0xf3, 0x0, 0x0, 0x4f, 0xc0, 0x0, 0x0,
    0xef, 0x40, 0x0, 0xe, 0xf7, 0x10, 0x1, 0xaf,
    0x90, 0x0, 0x0, 0xef, 0x40, 0x0, 0xb, 0xff,
    0xff, 0xff, 0xff, 0x40, 0x0, 0x0, 0xef, 0x40,
    0x0, 0x2, 0xbe, 0xff, 0xff, 0xd6, 0x0,

    /* U+533A "区" */
    0x44, 0x44, 0x44, 0x44, 0x44, 0x44, 0x44, 0x44,
    0x44, 0x10, 0xff, 0xff, 0xff, 0xff, 0xff, 0xff,
    0xff, 0xff, 0xff, 0x60, 0xff, 0xbb, 0xbb, 0xbb,
    0xbb, 0xbb, 0xbb, 0xbb, 0xbb, 0x50, 0xff, 0x0,
    0x0, 0x0, 0x0, 0x0, 0x1, 0x20, 0x0, 0x0,
    0xff, 0x0, 0x25, 0x0, 0x0, 0x0, 0xa, 0xf9,
    0x0, 0x0, 0xff, 0x0, 0xef, 0x90, 0x0, 0x0,
    0x4f, 0xf2, 0x0, 0x0, 0xff, 0x0, 0x3e, 0xfc,
    0x10, 0x2, 0xef, 0x70, 0x0, 0x0, 0xff, 0x0,
    0x1, 0xdf, 0xe3, 0xd, 0xfb, 0x0, 0x0, 0x0,
    0xff, 0x0, 0x0, 0xb, 0xff, 0xdf, 0xd0, 0x0,
    0x0, 0x0, 0xff, 0x0, 0x0, 0x0, 0x9f, 0xff,
    0x10, 0x0, 0x0, 0x0, 0xff, 0x0, 0x0, 0x1,
    0xcf, 0xff, 0xa0, 0x0, 0x0, 0x0, 0xff, 0x0,
    0x0, 0x2e, 0xfe, 0x7f, 0xfb, 0x0, 0x0, 0x0,
    0xff, 0x0, 0x6, 0xff, 0xc1, 0x4, 0xff, 0xc0,
    0x0, 0x0, 0xff, 0x2, 0xcf, 0xfb, 0x0, 0x0,
    0x3f, 0xfc, 0x0, 0x0, 0xff, 0xb, 0xff, 0x60,
    0x0, 0x0, 0x4, 0xff, 0x40, 0x0, 0xff, 0x0,
    0x92, 0x0, 0x0, 0x0, 0x0, 0x44, 0x0, 0x0,
    0xff, 0x0, 0x0, 0x0, 0x0, 0x0, 0x0, 0x0,
    0x0, 0x0, 0xff, 0xff, 0xff, 0xff, 0xff, 0xff,
    0xff, 0xff, 0xff, 0xf0, 0xff, 0xff, 0xff, 0xff,
    0xff, 0xff, 0xff, 0xff, 0xff, 0xf0, 0x0, 0x0,
    0x0, 0x0, 0x0, 0x0, 0x0, 0x0, 0x0, 0x0,

    /* U+5355 "单" */
    0x0, 0x0, 0x4, 0x0, 0x0, 0x0, 0x0, 0x41,
    0x0, 0x0, 0x0, 0x0, 0xbf, 0x80, 0x0, 0x0,
    0x2, 0xff, 0x50, 0x0, 0x0, 0x0, 0x2f, 0xf4,
    0x0, 0x0, 0xa, 0xfc, 0x0, 0x0, 0x0, 0x0,
    0x7, 0xfd, 0x0, 0x0, 0x4f, 0xf2, 0x0, 0x0,
    0x0, 0xac, 0xcc, 0xfd, 0xcc, 0xcc, 0xef, 0xec,
    0xcc, 0x0, 0x0, 0xdf, 0xff, 0xff, 0xff, 0xff,
    0xff, 0xff, 0xff, 0x10, 0x0, 0xdf, 0x20, 0x0,
    0x1f, 0xf0, 0x0, 0x0, 0xff, 0x10, 0x0, 0xdf,
    0x30, 0x0, 0x2f, 0xf1, 0x0, 0x1, 0xff, 0x10,
    0x0, 0xdf, 0xff, 0xff, 0xff, 0xff, 0xff, 0xff,
    0xff, 0x10, 0x0, 0xdf, 0xa9, 0x99, 0xaf, 0xf9,
    0x99, 0x99, 0xff, 0x10, 0x0, 0xdf, 0x20, 0x0,
    0x1f, 0xf0, 0x0, 0x0, 0xff, 0x10, 0x0, 0xdf,
    0xcb, 0xbb, 0xbf, 0xfb, 0xbb, 0xbb, 0xff, 0x10,
    0x0, 0xdf, 0xff, 0xff, 0xff, 0xff, 0xff, 0xff,
    0xff, 0x10, 0x0, 0x0, 0x0, 0x0, 0x2f, 0xf1,
    0x0, 0x0, 0x0, 0x0, 0x0, 0x0, 0x0, 0x0,
    0x1f, 0xf0, 0x0, 0x0, 0x0, 0x0, 0xce, 0xee,
    0xee, 0xee, 0xef, 0xfe, 0xee, 0xee, 0xee, 0xed,
    0xdf, 0xff, 0xff, 0xff, 0xff, 0xff, 0xff, 0xff,
    0xff, 0xfe, 0x0, 0x0, 0x0, 0x0, 0x1f, 0xf0,
    0x0, 0x0, 0x0, 0x0, 0x0, 0x0, 0x0, 0x0,
    0x1f, 0xf0, 0x0, 0x0, 0x0, 0x0, 0x0, 0x0,
    0x0, 0x0, 0x1f, 0xf0, 0x0, 0x0, 0x0, 0x0,
    0x0, 0x0, 0x0, 0x0, 0x1f, 0xf0, 0x0, 0x0,
    0x0, 0x0,

    /* U+5373 "即" */
    0x9, 0xaa, 0xaa, 0xaa, 0xa9, 0x1, 0x88, 0x88,
    0x88, 0x81, 0xe, 0xff, 0xff, 0xff, 0xfe, 0x2,
    0xff, 0xff, 0xff, 0xf1, 0xe, 0xf5, 0x33, 0x35,
    0xfe, 0x2, 0xff, 0x66, 0x6f, 0xf1, 0xe, 0xf3,
    0x0, 0x2, 0xfe, 0x2, 0xfe, 0x0, 0xe, 0xf1,
    0xe, 0xf3, 0x0, 0x3, 0xfe, 0x2, 0xfe, 0x0,
    0xe, 0xf1, 0xe, 0xff, 0xff, 0xff, 0xfe, 0x2,
    0xfe, 0x0, 0xe, 0xf1, 0xe, 0xfd, 0xdd, 0xdd,
    0xfe, 0x2, 0xfe, 0x0, 0xe, 0xf1, 0xe, 0xf3,
    0x0, 0x2, 0xfe, 0x2, 0xfe, 0x0, 0xe, 0xf1,
    0xe, 0xf3, 0x0, 0x2, 0xfe, 0x2, 0xfe, 0x0,
    0xe, 0xf1, 0xe, 0xfd, 0xdd, 0xdd, 0xfe, 0x2,
    0xfe, 0x0, 0xe, 0xf1, 0xe, 0xff, 0xff, 0xff,
    0xfe, 0x2, 0xfe, 0x0, 0xe, 0xf1, 0xe, 0xf3,
    0x0, 0x0, 0x0, 0x2, 0xfe, 0x0, 0xe, 0xf1,
    0xe, 0xf3, 0x0, 0x8a, 0x0, 0x2, 0xfe, 0x0,
    0xe, 0xf1, 0xe, 0xf3, 0x1, 0xff, 0x40, 0x2,
    0xfe, 0x2, 0x2f, 0xf1, 0xe, 0xf3, 0x0, 0x8f,
    0xd0, 0x2, 0xfe, 0x2f, 0xff, 0xf0, 0xe, 0xf3,
    0x27, 0xcf, 0xf6, 0x2, 0xfe, 0xb, 0xca, 0x30,
    0x2f, 0xfe, 0xff, 0xff, 0xfe, 0x2, 0xfe, 0x0,
    0x0, 0x0, 0xbf, 0xff, 0xe9, 0x41, 0xff, 0x62,
    0xfe, 0x0, 0x0, 0x0, 0x5f, 0xa4, 0x0, 0x0,
    0x87, 0x2, 0xfe, 0x0, 0x0, 0x0, 0x2, 0x0,
    0x0, 0x0, 0x0, 0x2, 0xfe, 0x0, 0x0, 0x0,

    /* U+538B "压" */
    0x0, 0x8b, 0xbb, 0xbb, 0xbb, 0xbb, 0xbb, 0xbb,
    0xbb, 0xbb, 0xb0, 0x0, 0xbf, 0xff, 0xff, 0xff,
    0xff, 0xff, 0xff, 0xff, 0xff, 0xf0, 0x0, 0xbf,
    0x63, 0x33, 0x33, 0x33, 0x33, 0x33, 0x33, 0x33,
    0x30, 0x0, 0xbf, 0x30, 0x0, 0x0, 0x4, 0x84,
    0x0, 0x0, 0x0, 0x0, 0x0, 0xbf, 0x30, 0x0,
    0x0, 0x8, 0xf8, 0x0, 0x0, 0x0, 0x0, 0x0,
    0xbf, 0x30, 0x0, 0x0, 0x8, 0xf8, 0x0, 0x0,
    0x0, 0x0, 0x0, 0xbf, 0x30, 0x0, 0x0, 0x8,
    0xf8, 0x0, 0x0, 0x0, 0x0, 0x0, 0xcf, 0x30,
    0x0, 0x0, 0x9, 0xf9, 0x0, 0x0, 0x0, 0x0,
    0x0, 0xcf, 0x35, 0xff, 0xff, 0xff, 0xff, 0xff,
    0xff, 0xfe, 0x0, 0x0, 0xcf, 0x25, 0xee, 0xee,
    0xef, 0xff, 0xee, 0xee, 0xed, 0x0, 0x0, 0xdf,
    0x20, 0x0, 0x0, 0x8, 0xf8, 0x0, 0x0, 0x0,
    0x0, 0x0, 0xef, 0x0, 0x0, 0x0, 0x8, 0xf8,
    0x4, 0x90, 0x0, 0x0, 0x0, 0xff, 0x0, 0x0,
    0x0, 0x8, 0xf8, 0xb, 0xfc, 0x10, 0x0, 0x1,
    0xfd, 0x0, 0x0, 0x0, 0x8, 0xf8, 0x0, 0xaf,
    0xc0, 0x0, 0x4, 0xfb, 0x0, 0x0, 0x0, 0x8,
    0xf8, 0x0, 0xc, 0xf4, 0x0, 0x7, 0xf8, 0x0,
    0x0, 0x0, 0x8, 0xf8, 0x0, 0x1, 0x30, 0x0,
    0xb, 0xf5, 0x0, 0x0, 0x0, 0x9, 0xf8, 0x0,
    0x0, 0x0, 0x0, 0x1f, 0xf1, 0xdf, 0xff, 0xff,
    0xff, 0xff, 0xff, 0xff, 0xff, 0xe0, 0x6f, 0xa0,
    0xdf, 0xff, 0xff, 0xff, 0xff, 0xff, 0xff, 0xff,
    0xe0, 0x6, 0x40, 0x0, 0x0, 0x0, 0x0, 0x0,
    0x0, 0x0, 0x0, 0x0,

    /* U+539F "原" */
    0x0, 0x1a, 0xaa, 0xaa, 0xaa, 0xaa, 0xaa, 0xaa,
    0xaa, 0xaa, 0xa0, 0x0, 0x1f, 0xff, 0xff, 0xff,
    0xff, 0xff, 0xff, 0xff, 0xff, 0xf0, 0x0, 0x1f,
    0xf3, 0x33, 0x33, 0x37, 0xb9, 0x33, 0x33, 0x33,
    0x30, 0x0, 0x1f, 0xf0, 0x0, 0x0, 0xb, 0xfa,
    0x0, 0x0, 0x0, 0x0, 0x0, 0x1f, 0xf0, 0x9,
    0x99, 0x9f, 0xfb, 0x99, 0x99, 0x92, 0x0, 0x0,
    0x1f, 0xf0, 0x1f, 0xff, 0xff, 0xff, 0xff, 0xff,
    0xf3, 0x0, 0x0, 0x1f, 0xf0, 0x1f, 0xe0, 0x0,
    0x0, 0x0, 0xe, 0xf3, 0x0, 0x0, 0x1f, 0xf0,
    0x1f, 0xf3, 0x33, 0x33, 0x33, 0x3f, 0xf3, 0x0,
    0x0, 0x2f, 0xe0, 0x1f, 0xff, 0xff, 0xff, 0xff,
    0xff, 0xf3, 0x0, 0x0, 0x2f, 0xe0, 0x1f, 0xf4,
    0x44, 0x44, 0x44, 0x4f, 0xf3, 0x0, 0x0, 0x3f,
    0xd0, 0x1f, 0xe0, 0x0, 0x0, 0x0, 0xe, 0xf3,
    0x0, 0x0, 0x4f, 0xb0, 0x1f, 0xff, 0xff, 0xff,
    0xff, 0xff, 0xf3, 0x0, 0x0, 0x6f, 0x90, 0xa,
    0xaa, 0xaa, 0xff, 0xaa, 0xaa, 0xa2, 0x0, 0x0,
    0x9f, 0x70, 0x0, 0x30, 0x0, 0xff, 0x0, 0x21,
    0x0, 0x0, 0x0, 0xcf, 0x40, 0x5, 0xfe, 0x10,
    0xff, 0x5, 0xfc, 0x0, 0x0, 0x0, 0xff, 0x10,
    0x2f, 0xf6, 0x0, 0xff, 0x0, 0xcf, 0xb0, 0x0,
    0x5, 0xfd, 0x1, 0xdf, 0xb0, 0x0, 0xff, 0x0,
    0x1e, 0xfa, 0x0, 0xb, 0xf7, 0x1d, 0xfd, 0x10,
    0x0, 0xff, 0x0, 0x3, 0xff, 0x70, 0xd, 0xf1,
    0x7, 0xe2, 0x9, 0xdd, 0xfe, 0x0, 0x0, 0x6f,
    0x80, 0x0, 0x40, 0x0, 0x0, 0x6, 0xff, 0xd5,
    0x0, 0x0, 0x1, 0x0,

    /* U+53D1 "发" */
    0x0, 0x0, 0x1, 0x0, 0x3, 0xc9, 0x10, 0x1,
    0x50, 0x0, 0x0, 0x0, 0x0, 0x7f, 0xc0, 0x6,
    0xff, 0x0, 0xe, 0xf6, 0x0, 0x0, 0x0, 0x0,
    0xdf, 0x60, 0x9, 0xfd, 0x0, 0x4, 0xff, 0x40,
    0x0, 0x0, 0x2, 0xff, 0x0, 0xb, 0xfa, 0x0,
    0x0, 0x6f, 0xd0, 0x0, 0x0, 0xa, 0xf9, 0x0,
    0xe, 0xf7, 0x0, 0x0, 0x6, 0x0, 0x0, 0x0,
    0x5f, 0xff, 0xee, 0xef, 0xff, 0xee, 0xee, 0xee,
    0xee, 0x80, 0x0, 0x4f, 0xff, 0xff, 0xff, 0xff,
    0xff, 0xff, 0xff, 0xff, 0x90, 0x0, 0x4, 0x11,
    0x0, 0xcf, 0xb0, 0x0, 0x0, 0x0, 0x0, 0x0,
    0x0, 0x0, 0x0, 0x2, 0xff, 0x50, 0x0, 0x0,
    0x0, 0x0, 0x0, 0x0, 0x0, 0x0, 0x9, 0xff,
    0xdd, 0xdd, 0xdd, 0xdd, 0x70, 0x0, 0x0, 0x0,
    0x0, 0x1f, 0xff, 0xff, 0xff, 0xff, 0xff, 0x90,
    0x0, 0x0, 0x0, 0x0, 0xaf, 0xff, 0x42, 0x22,
    0x25, 0xff, 0x20, 0x0, 0x0, 0x0, 0x4, 0xff,
    0xef, 0x90, 0x0, 0xc, 0xfa, 0x0, 0x0, 0x0,
    0x0, 0x2e, 0xfc, 0x1d, 0xf5, 0x0, 0x7f, 0xf2,
    0x0, 0x0, 0x0, 0x1, 0xdf, 0xe1, 0x2, 0xff,
    0x56, 0xff, 0x50, 0x0, 0x0, 0x0, 0x2d, 0xff,
    0x30, 0x0, 0x5f, 0xff, 0xf7, 0x0, 0x0, 0x0,
    0x6, 0xff, 0xe4, 0x0, 0x0, 0x3e, 0xff, 0xe3,
    0x0, 0x0, 0x0, 0x2f, 0xfc, 0x20, 0x0, 0x2a,
    0xff, 0xee, 0xff, 0xb4, 0x0, 0x0, 0x4, 0x90,
    0x2, 0x8d, 0xff, 0xf8, 0x10, 0x8f, 0xff, 0xfb,
    0x61, 0x0, 0x0, 0x5, 0xff, 0xe9, 0x20, 0x0,
    0x2, 0x9e, 0xff, 0xc0, 0x0, 0x0, 0x0, 0x74,
    0x0, 0x0, 0x0, 0x0, 0x0, 0x38, 0x20,

    /* U+53D6 "取" */
    0x7, 0x77, 0x77, 0x77, 0x77, 0x70, 0x0, 0x0,
    0x0, 0x0, 0x0, 0xf, 0xff, 0xff, 0xff, 0xff,
    0xf1, 0x0, 0x0, 0x0, 0x0, 0x0, 0x6, 0xcf,
    0x96, 0x6a, 0xfc, 0x6d, 0xff, 0xff, 0xff, 0xff,
    0x70, 0x0, 0x9f, 0x50, 0x7, 0xf9, 0xc, 0xff,
    0xee, 0xee, 0xff, 0x60, 0x0, 0x9f, 0x60, 0x7,
    0xf9, 0x0, 0xcf, 0x10, 0x0, 0xbf, 0x40, 0x0,
    0x9f, 0xff, 0xff, 0xf9, 0x0, 0x8f, 0x40, 0x0,
    0xef, 0x10, 0x0, 0x9f, 0xdc, 0xce, 0xf9, 0x0,
    0x5f, 0x80, 0x2, 0xfe, 0x0, 0x0, 0x9f, 0x50,
    0x7, 0xf9, 0x0, 0x2f, 0xb0, 0x5, 0xfa, 0x0,
    0x0, 0x9f, 0x50, 0x7, 0xf9, 0x0, 0xe, 0xf0,
    0xa, 0xf6, 0x0, 0x0, 0x9f, 0x72, 0x28, 0xf9,
    0x0, 0xa, 0xf5, 0x1f, 0xf1, 0x0, 0x0, 0x9f,
    0xff, 0xff, 0xf9, 0x0, 0x4, 0xfa, 0x6f, 0xb0,
    0x0, 0x0, 0x9f, 0xc9, 0x9c, 0xf9, 0x0, 0x0,
    0xef, 0xcf, 0x60, 0x0, 0x0, 0x9f, 0x50, 0x7,
    0xf9, 0x0, 0x0, 0x8f, 0xfe, 0x0, 0x0, 0x0,
    0x9f, 0x50, 0x7, 0xfa, 0x32, 0x0, 0x3f, 0xf7,
    0x0, 0x0, 0x0, 0x9f, 0x97, 0xad, 0xff, 0xf7,
    0x0, 0x8f, 0xf9, 0x0, 0x0, 0x1e, 0xff, 0xff,
    0xff, 0xfd, 0x83, 0x4, 0xff, 0xff, 0x50, 0x0,
    0xe, 0xfc, 0x96, 0x48, 0xf9, 0x0, 0x2e, 0xf8,
    0x7f, 0xf3, 0x0, 0x1, 0x0, 0x0, 0x7, 0xf9,
    0x4, 0xff, 0xb0, 0xa, 0xff, 0x60, 0x0, 0x0,
    0x0, 0x7, 0xf9, 0x3f, 0xfb, 0x0, 0x0, 0xaf,
    0xf2, 0x0, 0x0, 0x0, 0x7, 0xf9, 0x9, 0x80,
    0x0, 0x0, 0x8, 0x40, 0x0, 0x0, 0x0, 0x0,
    0x0, 0x0, 0x0, 0x0, 0x0, 0x0, 0x0,

    /* U+53E3 "口" */
    0x2, 0x22, 0x22, 0x22, 0x22, 0x22, 0x22, 0x22,
    0x22, 0x3f, 0xff, 0xff, 0xff, 0xff, 0xff, 0xff,
    0xff, 0xfd, 0x3f, 0xff, 0xff, 0xff, 0xff, 0xff,
    0xff, 0xff, 0xfd, 0x3f, 0xe0, 0x0, 0x0, 0x0,
    0x0, 0x0, 0x6, 0xfd, 0x3f, 0xe0, 0x0, 0x0,
    0x0, 0x0, 0x0, 0x6, 0xfd, 0x3f, 0xe0, 0x0,
    0x0, 0x0, 0x0, 0x0, 0x6, 0xfd, 0x3f, 0xe0,
    0x0, 0x0, 0x0, 0x0, 0x0, 0x6, 0xfd, 0x3f,
    0xe0, 0x0, 0x0, 0x0, 0x0, 0x0, 0x6, 0xfd,
    0x3f, 0xe0, 0x0, 0x0, 0x0, 0x0, 0x0, 0x6,
    0xfd, 0x3f, 0xe0, 0x0, 0x0, 0x0, 0x0, 0x0,
    0x6, 0xfd, 0x3f, 0xe0, 0x0, 0x0, 0x0, 0x0,
    0x0, 0x6, 0xfd, 0x3f, 0xe0, 0x0, 0x0, 0x0,
    0x0, 0x0, 0x6, 0xfd, 0x3f, 0xe0, 0x0, 0x0,
    0x0, 0x0, 0x0, 0x6, 0xfd, 0x3f, 0xe0, 0x0,
    0x0, 0x0, 0x0, 0x0, 0x6, 0xfd, 0x3f, 0xfd,
    0xdd, 0xdd, 0xdd, 0xdd, 0xdd, 0xde, 0xfd, 0x3f,
    0xff, 0xff, 0xff, 0xff, 0xff, 0xff, 0xff, 0xfd,
    0x3f, 0xf4, 0x44, 0x44, 0x44, 0x44, 0x44, 0x49,
    0xfd, 0x3f, 0xe0, 0x0, 0x0, 0x0, 0x0, 0x0,
    0x6, 0xfd, 0x3f, 0xe0, 0x0, 0x0, 0x0, 0x0,
    0x0, 0x5, 0xec,

    /* U+53E6 "另" */
    0x0, 0x3c, 0xcc, 0xcc, 0xcc, 0xcc, 0xcc, 0xcc,
    0xcb, 0x0, 0x4, 0xff, 0xff, 0xff, 0xff, 0xff,
    0xff, 0xff, 0xe0, 0x0, 0x4f, 0xd2, 0x22, 0x22,
    0x22, 0x22, 0x26, 0xfe, 0x0, 0x4, 0xfc, 0x0,
    0x0, 0x0, 0x0, 0x0, 0x4f, 0xe0, 0x0, 0x4f,
    0xc0, 0x0, 0x0, 0x0, 0x0, 0x4, 0xfe, 0x0,
    0x4, 0xfc, 0x0, 0x0, 0x0, 0x0, 0x0, 0x4f,
    0xe0, 0x0, 0x4f, 0xd3, 0x33, 0x33, 0x33, 0x33,
    0x36, 0xfe, 0x0, 0x4, 0xff, 0xff, 0xff, 0xff,
    0xff, 0xff, 0xff, 0xe0, 0x0, 0x3c, 0xcc, 0xcc,
    0xdf, 0xfc, 0xcc, 0xcc, 0xcb, 0x0, 0x0, 0x0,
    0x0, 0x5, 0xfd, 0x0, 0x0, 0x0, 0x0, 0x12,
    0x22, 0x22, 0x22, 0x8f, 0xc2, 0x22, 0x22, 0x22,
    0x26, 0xff, 0xff, 0xff, 0xff, 0xff, 0xff, 0xff,
    0xff, 0xfd, 0x4b, 0xbb, 0xbb, 0xbb, 0xff, 0xcb,
    0xbb, 0xbb, 0xdf, 0xb0, 0x0, 0x0, 0x0, 0x7f,
    0xe0, 0x0, 0x0, 0x8, 0xfa, 0x0, 0x0, 0x0,
    0x2e, 0xf7, 0x0, 0x0, 0x0, 0x9f, 0x90, 0x0,
    0x0, 0x2e, 0xfd, 0x0, 0x0, 0x0, 0xb, 0xf7,
    0x0, 0x0, 0x7f, 0xfe, 0x20, 0x0, 0x0, 0x0,
    0xef, 0x50, 0x38, 0xef, 0xfd, 0x20, 0x0, 0x0,
    0x0, 0x4f, 0xf2, 0xaf, 0xff, 0xe7, 0x0, 0x0,
    0x4, 0xff, 0xff, 0xfd, 0x1, 0xea, 0x50, 0x0,
    0x0, 0x0, 0xe, 0xff, 0xfb, 0x20, 0x0, 0x0,
    0x0, 0x0, 0x0, 0x0, 0x0, 0x0, 0x0, 0x0,

    /* U+53EA "只" */
    0x0, 0xc, 0xee, 0xee, 0xee, 0xee, 0xee, 0xee,
    0xee, 0x40, 0x0, 0x0, 0xdf, 0xff, 0xff, 0xff,
    0xff, 0xff, 0xff, 0xf4, 0x0, 0x0, 0xd, 0xf5,
    0x0, 0x0, 0x0, 0x0, 0x0, 0xef, 0x40, 0x0,
    0x0, 0xdf, 0x40, 0x0, 0x0, 0x0, 0x0, 0xe,
    0xf4, 0x0, 0x0, 0xd, 0xf4, 0x0, 0x0, 0x0,
    0x0, 0x0, 0xef, 0x40, 0x0, 0x0, 0xdf, 0x40,
    0x0, 0x0, 0x0, 0x0, 0xe, 0xf4, 0x0, 0x0,
    0xd, 0xf4, 0x0, 0x0, 0x0, 0x0, 0x0, 0xef,
    0x40, 0x0, 0x0, 0xdf, 0x40, 0x0, 0x0, 0x0,
    0x0, 0xe, 0xf4, 0x0, 0x0, 0xd, 0xfe, 0xee,
    0xee, 0xee, 0xee, 0xee, 0xff, 0x40, 0x0, 0x0,
    0xdf, 0xff, 0xff, 0xff, 0xff, 0xff, 0xff, 0xf4,
    0x0, 0x0, 0x1, 0x11, 0x11, 0x11, 0x11, 0x11,
    0x11, 0x11, 0x0, 0x0, 0x0, 0x0, 0x0, 0x0,
    0x0, 0x0, 0x0, 0x0, 0x0, 0x0, 0x0, 0x0,
    0x0, 0x8d, 0x70, 0x0, 0x1a, 0xe3, 0x0, 0x0,
    0x0, 0x0, 0x0, 0x6f, 0xf8, 0x0, 0x1, 0xcf,
    0xf5, 0x0, 0x0, 0x0, 0x0, 0x6f, 0xf9, 0x0,
    0x0, 0x0, 0xaf, 0xf8, 0x0, 0x0, 0x0, 0xaf,
    0xf9, 0x0, 0x0, 0x0, 0x0, 0x7f, 0xf9, 0x0,
    0x3, 0xdf, 0xf7, 0x0, 0x0, 0x0, 0x0, 0x0,
    0x6f, 0xfa, 0x0, 0xcf, 0xe5, 0x0, 0x0, 0x0,
    0x0, 0x0, 0x0, 0x7f, 0xe3, 0x0, 0x71, 0x0,
    0x0, 0x0, 0x0, 0x0, 0x0, 0x0, 0x61, 0x0,

    /* U+53EF "可" */
    0x0, 0x0, 0x0, 0x0, 0x0, 0x0, 0x0, 0x0,
    0x0, 0x0, 0xdf, 0xff, 0xff, 0xff, 0xff, 0xff,
    0xff, 0xff, 0xff, 0xfe, 0xdf, 0xff, 0xff, 0xff,
    0xff, 0xff, 0xff, 0xff, 0xff, 0xfe, 0x0, 0x0,
    0x0, 0x0, 0x0, 0x0, 0x0, 0xe, 0xf5, 0x0,
    0x0, 0x0, 0x0, 0x0, 0x0, 0x0, 0x0, 0xe,
    0xf4, 0x0, 0x0, 0x0, 0x0, 0x0, 0x0, 0x0,
    0x0, 0xe, 0xf4, 0x0, 0x0, 0xaf, 0xff, 0xff,
    0xff, 0xf7, 0x0, 0xe, 0xf4, 0x0, 0x0, 0xaf,
    0xfe, 0xee, 0xef, 0xf7, 0x0, 0xe, 0xf4, 0x0,
    0x0, 0xaf, 0x50, 0x0, 0x9, 0xf7, 0x0, 0xe,
    0xf4, 0x0, 0x0, 0xaf, 0x50, 0x0, 0x9, 0xf7,
    0x0, 0xe, 0xf4, 0x0, 0x0, 0xaf, 0x50, 0x0,
    0x9, 0xf7, 0x0, 0xe, 0xf4, 0x0, 0x0, 0xaf,
    0x50, 0x0, 0x9, 0xf7, 0x0, 0xe, 0xf4, 0x0,
    0x0, 0xaf, 0xee, 0xee, 0xef, 0xf7, 0x0, 0xe,
    0xf4, 0x0, 0x0, 0xaf, 0xff, 0xff, 0xff, 0xf7,
    0x0, 0xe, 0xf4, 0x0, 0x0, 0xaf, 0x61, 0x11,
    0x11, 0x10, 0x0, 0xe, 0xf4, 0x0, 0x0, 0xaf,
    0x50, 0x0, 0x0, 0x0, 0x0, 0xe, 0xf4, 0x0,
    0x0, 0x0, 0x0, 0x0, 0x0, 0x0, 0x0, 0xe,
    0xf4, 0x0, 0x0, 0x0, 0x0, 0x0, 0x0, 0x12,
    0x22, 0x3f, 0xf3, 0x0, 0x0, 0x0, 0x0, 0x0,
    0x0, 0x5f, 0xff, 0xff, 0xf0, 0x0, 0x0, 0x0,
    0x0, 0x0, 0x0, 0xe, 0xff, 0xeb, 0x30, 0x0,
    0x0, 0x0, 0x0, 0x0, 0x0, 0x0, 0x0, 0x0,
    0x0, 0x0,

    /* U+53F7 "号" */
    0x0, 0x2c, 0xcc, 0xcc, 0xcc, 0xcc, 0xcc, 0xcc,
    0xa0, 0x0, 0x0, 0x3f, 0xff, 0xff, 0xff, 0xff,
    0xff, 0xff, 0xd0, 0x0, 0x0, 0x3f, 0xd0, 0x0,
    0x0, 0x0, 0x0, 0x6f, 0xd0, 0x0, 0x0, 0x3f,
    0xd0, 0x0, 0x0, 0x0, 0x0, 0x5f, 0xd0, 0x0,
    0x0, 0x3f, 0xd1, 0x11, 0x11, 0x11, 0x11, 0x6f,
    0xd0, 0x0, 0x0, 0x3f, 0xff, 0xff, 0xff, 0xff,
    0xff, 0xff, 0xd0, 0x0, 0x0, 0x2b, 0xbb, 0xbb,
    0xbb, 0xbb, 0xbb, 0xbb, 0x90, 0x0, 0x0, 0x0,
    0x0, 0x0, 0x0, 0x0, 0x0, 0x0, 0x0, 0x0,
    0xcd, 0xdd, 0xdd, 0xdd, 0xdd, 0xdd, 0xdd, 0xdd,
    0xdd, 0xd5, 0xef, 0xff, 0xff, 0xff, 0xff, 0xff,
    0xff, 0xff, 0xff, 0xf6, 0x0, 0x0, 0xbf, 0xa0,
    0x0, 0x0, 0x0, 0x0, 0x0, 0x0, 0x0, 0x1,
    0xff, 0x40, 0x0, 0x0, 0x0, 0x0, 0x0, 0x0,
    0x0, 0x6, 0xff, 0xdd, 0xdd, 0xdd, 0xdd, 0xdd,
    0xb0, 0x0, 0x0, 0xc, 0xff, 0xff, 0xff, 0xff,
    0xff, 0xff, 0xb0, 0x0, 0x0, 0x0, 0x0, 0x0,
    0x0, 0x0, 0x0, 0xaf, 0x90, 0x0, 0x0, 0x0,
    0x0, 0x0, 0x0, 0x0, 0x0, 0xdf, 0x60, 0x0,
    0x0, 0x0, 0x0, 0x0, 0x0, 0x0, 0x1, 0xff,
    0x30, 0x0, 0x0, 0x0, 0x0, 0x0, 0x0, 0x0,
    0x8, 0xfe, 0x0, 0x0, 0x0, 0x0, 0x0, 0x0,
    0x6f, 0xee, 0xff, 0xf7, 0x0, 0x0, 0x0, 0x0,
    0x0, 0x0, 0xf, 0xff, 0xfe, 0x80, 0x0, 0x0,
    0x0, 0x0, 0x0, 0x0, 0x0, 0x0, 0x0, 0x0,
    0x0, 0x0,

    /* U+5408 "合" */
    0x0, 0x0, 0x0, 0x0, 0x0, 0x3, 0x0, 0x0,
    0x0, 0x0, 0x0, 0x0, 0x0, 0x0, 0x0, 0x0,
    0xaf, 0xa0, 0x0, 0x0, 0x0, 0x0, 0x0, 0x0,
    0x0, 0x0, 0x7, 0xff, 0x80, 0x0, 0x0, 0x0,
    0x0, 0x0, 0x0, 0x0, 0x0, 0x7f, 0xff, 0xf6,
    0x0, 0x0, 0x0, 0x0, 0x0, 0x0, 0x0, 0x9,
    0xff, 0x86, 0xff, 0x90, 0x0, 0x0, 0x0, 0x0,
    0x0, 0x2, 0xcf, 0xf7, 0x0, 0x5f, 0xfd, 0x30,
    0x0, 0x0, 0x0, 0x0, 0x7f, 0xff, 0x50, 0x0,
    0x3, 0xdf, 0xfa, 0x30, 0x0, 0x0, 0x6d, 0xff,
    0xf5, 0x33, 0x33, 0x33, 0x4d, 0xff, 0xfb, 0x30,
    0x1e, 0xff, 0xfe, 0xff, 0xff, 0xff, 0xff, 0xff,
    0xad, 0xff, 0xe1, 0x8, 0xf9, 0x17, 0xbb, 0xbb,
    0xbb, 0xbb, 0xbb, 0x50, 0x5d, 0x30, 0x0, 0x20,
    0x0, 0x0, 0x0, 0x0, 0x0, 0x0, 0x0, 0x0,
    0x0, 0x0, 0x0, 0x0, 0x0, 0x0, 0x0, 0x0,
    0x0, 0x0, 0x0, 0x0, 0x0, 0x0, 0xef, 0xff,
    0xff, 0xff, 0xff, 0xff, 0xff, 0x0, 0x0, 0x0,
    0x0, 0xef, 0xdc, 0xcc, 0xcc, 0xcc, 0xcd, 0xff,
    0x0, 0x0, 0x0, 0x0, 0xef, 0x30, 0x0, 0x0,
    0x0, 0x3, 0xff, 0x0, 0x0, 0x0, 0x0, 0xef,
    0x30, 0x0, 0x0, 0x0, 0x3, 0xff, 0x0, 0x0,
    0x0, 0x0, 0xef, 0x30, 0x0, 0x0, 0x0, 0x3,
    0xff, 0x0, 0x0, 0x0, 0x0, 0xef, 0x40, 0x0,
    0x0, 0x0, 0x3, 0xff, 0x0, 0x0, 0x0, 0x0,
    0xef, 0xff, 0xff, 0xff, 0xff, 0xff, 0xff, 0x0,
    0x0, 0x0, 0x0, 0xef, 0xee, 0xee, 0xee, 0xee,
    0xee, 0xff, 0x0, 0x0, 0x0, 0x0, 0xef, 0x30,
    0x0, 0x0, 0x0, 0x2, 0xee, 0x0, 0x0,

    /* U+540A "吊" */
    0x0, 0xbc, 0xcc, 0xcc, 0xcc, 0xcc, 0xcc, 0xcc,
    0x40, 0x0, 0xdf, 0xff, 0xff, 0xff, 0xff, 0xff,
    0xff, 0x50, 0x0, 0xdf, 0x62, 0x22, 0x22, 0x22,
    0x22, 0xef, 0x50, 0x0, 0xdf, 0x40, 0x0, 0x0,
    0x0, 0x0, 0xef, 0x50, 0x0, 0xdf, 0x40, 0x0,
    0x0, 0x0, 0x0, 0xef, 0x50, 0x0, 0xdf, 0xcb,
    0xbb, 0xbb, 0xbb, 0xbb, 0xff, 0x50, 0x0, 0xdf,
    0xff, 0xff, 0xff, 0xff, 0xff, 0xff, 0x50, 0x0,
    0x33, 0x33, 0x33, 0xff, 0x63, 0x33, 0x33, 0x10,
    0x0, 0x0, 0x0, 0x0, 0xef, 0x30, 0x0, 0x0,
    0x0, 0x0, 0x0, 0x0, 0x0, 0xef, 0x40, 0x0,
    0x0, 0x0, 0x4f, 0xff, 0xff, 0xff, 0xff, 0xff,
    0xff, 0xff, 0xfe, 0x4f, 0xfe, 0xee, 0xee, 0xff,
    0xfe, 0xee, 0xef, 0xfe, 0x4f, 0xc0, 0x0, 0x0,
    0xef, 0x30, 0x0, 0x3, 0xfe, 0x4f, 0xc0, 0x0,
    0x0, 0xef, 0x30, 0x0, 0x3, 0xfe, 0x4f, 0xc0,
    0x0, 0x0, 0xef, 0x30, 0x0, 0x3, 0xfe, 0x4f,
    0xc0, 0x0, 0x0, 0xef, 0x30, 0x0, 0x3, 0xfe,
    0x4f, 0xc0, 0x0, 0x0, 0xef, 0x30, 0x3f, 0xff,
    0xfc, 0x4f, 0xc0, 0x0, 0x0, 0xef, 0x30, 0xd,
    0xed, 0xa2, 0x1, 0x10, 0x0, 0x0, 0xef, 0x30,
    0x0, 0x0, 0x0, 0x0, 0x0, 0x0, 0x0, 0xef,
    0x30, 0x0, 0x0, 0x0,

    /* U+540C "同" */
    0x3, 0x33, 0x33, 0x33, 0x33, 0x33, 0x33, 0x33,
    0x33, 0x30, 0x1f, 0xff, 0xff, 0xff, 0xff, 0xff,
    0xff, 0xff, 0xff, 0xf1, 0x1f, 0xfb, 0xbb, 0xbb,
    0xbb, 0xbb, 0xbb, 0xbb, 0xbf, 0xf1, 0x1f, 0xe0,
    0x0, 0x0, 0x0, 0x0, 0x0, 0x0, 0xe, 0xf1,
    0x1f, 0xe0, 0x2b, 0xbb, 0xbb, 0xbb, 0xbb, 0xba,
    0xe, 0xf1, 0x1f, 0xe0, 0x3f, 0xff, 0xff, 0xff,
    0xff, 0xfd, 0xe, 0xf1, 0x1f, 0xe0, 0x0, 0x0,
    0x0, 0x0, 0x0, 0x0, 0xe, 0xf1, 0x1f, 0xe0,
    0x0, 0x0, 0x0, 0x0, 0x0, 0x0, 0xe, 0xf1,
    0x1f, 0xe0, 0x1, 0xbb, 0xbb, 0xbb, 0xbb, 0x80,
    0xe, 0xf1, 0x1f, 0xe0, 0x2, 0xff, 0xff, 0xff,
    0xff, 0xc0, 0xe, 0xf1, 0x1f, 0xe0, 0x2, 0xfc,
    0x0, 0x0, 0x2f, 0xc0, 0xe, 0xf1, 0x1f, 0xe0,
    0x2, 0xfc, 0x0, 0x0, 0x2f, 0xc0, 0xe, 0xf1,
    0x1f, 0xe0, 0x2, 0xfc, 0x0, 0x0, 0x2f, 0xc0,
    0xe, 0xf1, 0x1f, 0xe0, 0x2, 0xfc, 0x11, 0x11,
    0x3f, 0xc0, 0xe, 0xf1, 0x1f, 0xe0, 0x2, 0xff,
    0xff, 0xff, 0xff, 0xc0, 0xe, 0xf1, 0x1f, 0xe0,
    0x2, 0xfe, 0xaa, 0xaa, 0xaa, 0x80, 0xe, 0xf1,
    0x1f, 0xe0, 0x2, 0xfc, 0x0, 0x0, 0x0, 0x0,
    0xe, 0xf1, 0x1f, 0xe0, 0x0, 0x0, 0x0, 0x0,
    0x0, 0x0, 0xf, 0xf1, 0x1f, 0xe0, 0x0, 0x0,
    0x0, 0x0, 0x0, 0xcf, 0xff, 0xf0, 0x1f, 0xe0,
    0x0, 0x0, 0x0, 0x0, 0x0, 0x6f, 0xfc, 0x40,

    /* U+540D "名" */
    0x0, 0x0, 0x0, 0x0, 0x43, 0x0, 0x0, 0x0,
    0x0, 0x0, 0x0, 0x0, 0x0, 0x4f, 0xf6, 0x0,
    0x0, 0x0, 0x0, 0x0, 0x0, 0x0, 0x3e, 0xfc,
    0x22, 0x22, 0x22, 0x30, 0x0, 0x0, 0x0, 0x3f,
    0xff, 0xff, 0xff, 0xff, 0xff, 0xd1, 0x0, 0x0,
    0x7f, 0xfd, 0xbb, 0xbb, 0xbb, 0xbf, 0xfa, 0x0,
    0x3, 0xcf, 0xf9, 0x0, 0x0, 0x0, 0x9, 0xfe,
    0x10, 0x8, 0xff, 0xe5, 0x31, 0x0, 0x0, 0x8,
    0xff, 0x30, 0x0, 0x1d, 0x80, 0x5f, 0xe4, 0x0,
    0x9, 0xff, 0x40, 0x0, 0x0, 0x0, 0x0, 0x9f,
    0xf8, 0x3d, 0xfe, 0x40, 0x0, 0x0, 0x0, 0x0,
    0x0, 0x5f, 0xff, 0xfd, 0x20, 0x0, 0x0, 0x0,
    0x0, 0x0, 0x29, 0xff, 0xf7, 0x0, 0x0, 0x0,
    0x0, 0x0, 0x15, 0xcf, 0xff, 0xfe, 0xdd, 0xdd,
    0xdd, 0xd4, 0x19, 0xdf, 0xff, 0xff, 0xff, 0xff,
    0xff, 0xff, 0xff, 0x50, 0xdf, 0xfc, 0xef, 0x40,
    0x0, 0x0, 0x0, 0xd, 0xf5, 0x4, 0x61, 0xc,
    0xf4, 0x0, 0x0, 0x0, 0x0, 0xcf, 0x50, 0x0,
    0x0, 0xcf, 0x40, 0x0, 0x0, 0x0, 0xc, 0xf5,
    0x0, 0x0, 0xc, 0xf4, 0x0, 0x0, 0x0, 0x0,
    0xcf, 0x50, 0x0, 0x0, 0xcf, 0x40, 0x0, 0x0,
    0x0, 0xd, 0xf5, 0x0, 0x0, 0xc, 0xff, 0xff,
    0xff, 0xff, 0xff, 0xff, 0x50, 0x0, 0x0, 0xcf,
    0xed, 0xdd, 0xdd, 0xdd, 0xdf, 0xf5, 0x0, 0x0,
    0xc, 0xf4, 0x0, 0x0, 0x0, 0x0, 0xcf, 0x50,
    0x0, 0x0, 0x0, 0x0, 0x0, 0x0, 0x0, 0x0,
    0x0,

    /* U+540E "后" */
    0x0, 0x0, 0x0, 0x0, 0x0, 0x0, 0x0, 0x0,
    0x35, 0x0, 0x0, 0x0, 0x0, 0x0, 0x0, 0x12,
    0x45, 0x8a, 0xcf, 0xff, 0xa0, 0x0, 0x0, 0x8,
    0xbd, 0xef, 0xff, 0xff, 0xff, 0xff, 0xda, 0x71,
    0x0, 0x0, 0xc, 0xff, 0xfe, 0xcb, 0x98, 0x74,
    0x20, 0x0, 0x0, 0x0, 0x0, 0xc, 0xf6, 0x0,
    0x0, 0x0, 0x0, 0x0, 0x0, 0x0, 0x0, 0x0,
    0xc, 0xf5, 0x0, 0x0, 0x0, 0x0, 0x0, 0x0,
    0x0, 0x0, 0x0, 0xc, 0xf8, 0x44, 0x44, 0x44,
    0x44, 0x44, 0x44, 0x44, 0x40, 0x0, 0xc, 0xff,
    0xff, 0xff, 0xff, 0xff, 0xff, 0xff, 0xff, 0xf1,
    0x0, 0xd, 0xfd, 0xbb, 0xbb, 0xbb, 0xbb, 0xbb,
    0xbb, 0xbb, 0xb1, 0x0, 0xd, 0xf4, 0x0, 0x0,
    0x0, 0x0, 0x0, 0x0, 0x0, 0x0, 0x0, 0xe,
    0xf4, 0x0, 0x0, 0x0, 0x0, 0x0, 0x0, 0x0,
    0x0, 0x0, 0xf, 0xf3, 0x1d, 0xdd, 0xdd, 0xdd,
    0xdd, 0xdd, 0xd5, 0x0, 0x0, 0xf, 0xf1, 0x1f,
    0xff, 0xff, 0xff, 0xff, 0xff, 0xf5, 0x0, 0x0,
    0x2f, 0xf0, 0x1f, 0xf0, 0x0, 0x0, 0x0, 0xd,
    0xf5, 0x0, 0x0, 0x5f, 0xd0, 0x1f, 0xf0, 0x0,
    0x0, 0x0, 0xd, 0xf5, 0x0, 0x0, 0xaf, 0xa0,
    0x1f, 0xf0, 0x0, 0x0, 0x0, 0xd, 0xf5, 0x0,
    0x0, 0xef, 0x50, 0x1f, 0xf0, 0x0, 0x0, 0x0,
    0xd, 0xf5, 0x0, 0x4, 0xff, 0x10, 0x1f, 0xf0,
    0x0, 0x0, 0x0, 0xd, 0xf5, 0x0, 0xd, 0xfb,
    0x0, 0x1f, 0xff, 0xff, 0xff, 0xff, 0xff, 0xf5,
    0x0, 0x3f, 0xf2, 0x0, 0x1f, 0xfe, 0xee, 0xee,
    0xee, 0xef, 0xf5, 0x0, 0x4, 0x90, 0x0, 0x1f,
    0xf0, 0x0, 0x0, 0x0, 0xc, 0xf5, 0x0, 0x0,
    0x0, 0x0, 0x0, 0x0, 0x0, 0x0, 0x0, 0x0,
    0x0, 0x0,

    /* U+542F "启" */
    0x0, 0x0, 0x0, 0x0, 0x3, 0x96, 0x0, 0x0,
    0x0, 0x0, 0x0, 0x0, 0x0, 0x0, 0x5, 0xff,
    0x10, 0x0, 0x0, 0x0, 0x0, 0x0, 0x0, 0x0,
    0x0, 0xef, 0x70, 0x0, 0x0, 0x0, 0x0, 0x9,
    0xbb, 0xbb, 0xbb, 0xef, 0xeb, 0xbb, 0xbb, 0xb2,
    0x0, 0xc, 0xff, 0xff, 0xff, 0xff, 0xff, 0xff,
    0xff, 0xf2, 0x0, 0xc, 0xf7, 0x33, 0x33, 0x33,
    0x33, 0x33, 0x3f, 0xf2, 0x0, 0xc, 0xf5, 0x0,
    0x0, 0x0, 0x0, 0x0, 0xe, 0xf2, 0x0, 0xc,
    0xf5, 0x0, 0x0, 0x0, 0x0, 0x0, 0xe, 0xf2,
    0x0, 0xd, 0xfe, 0xee, 0xee, 0xee, 0xee, 0xee,
    0xef, 0xf2, 0x0, 0xd, 0xff, 0xff, 0xff, 0xff,
    0xff, 0xff, 0xff, 0xf2, 0x0, 0xd, 0xf4, 0x0,
    0x0, 0x0, 0x0, 0x0, 0x0, 0x0, 0x0, 0xe,
    0xf3, 0x0, 0x0, 0x0, 0x0, 0x0, 0x0, 0x0,
    0x0, 0xf, 0xf2, 0xef, 0xff, 0xff, 0xff, 0xff,
    0xff, 0xf9, 0x0, 0x1f, 0xf0, 0xef, 0xff, 0xff,
    0xff, 0xff, 0xff, 0xf9, 0x0, 0x4f, 0xd0, 0xef,
    0x10, 0x0, 0x0, 0x0, 0x7, 0xf9, 0x0, 0x8f,
    0xb0, 0xef, 0x10, 0x0, 0x0, 0x0, 0x7, 0xf9,
    0x0, 0xdf, 0x60, 0xef, 0x10, 0x0, 0x0, 0x0,
    0x7, 0xf9, 0x3, 0xff, 0x20, 0xef, 0x53, 0x33,
    0x33, 0x33, 0x39, 0xf9, 0xb, 0xfc, 0x0, 0xef,
    0xff, 0xff, 0xff, 0xff, 0xff, 0xf9, 0x3f, 0xf4,
    0x0, 0xef, 0xba, 0xaa, 0xaa, 0xaa, 0xad, 0xf9,
    0x6, 0xb0, 0x0, 0xef, 0x10, 0x0, 0x0, 0x0,
    0x7, 0xf9, 0x0, 0x0, 0x0, 0x0, 0x0, 0x0,
    0x0, 0x0, 0x0, 0x0,

    /* U+547D "命" */
    0x0, 0x0, 0x0, 0x0, 0x0, 0xa, 0x30, 0x0,
    0x0, 0x0, 0x0, 0x0, 0x0, 0x0, 0x0, 0x0,
    0xcf, 0xf0, 0x0, 0x0, 0x0, 0x0, 0x0, 0x0,
    0x0, 0x0, 0x1c, 0xff, 0xf9, 0x0, 0x0, 0x0,
    0x0, 0x0, 0x0, 0x0, 0x5, 0xef, 0xe6, 0xef,
    0xb1, 0x0, 0x0, 0x0, 0x0, 0x0, 0x2, 0xaf,
    0xfd, 0x20, 0x2e, 0xff, 0x70, 0x0, 0x0, 0x0,
    0x3, 0xaf, 0xff, 0x80, 0x0, 0x1, 0xbf, 0xfe,
    0x81, 0x0, 0x8, 0xdf, 0xff, 0xef, 0xcc, 0xcc,
    0xcc, 0xdf, 0xef, 0xff, 0xc5, 0xb, 0xff, 0xc5,
    0x3f, 0xff, 0xff, 0xff, 0xfd, 0x7, 0xef, 0xf2,
    0x2, 0x93, 0x0, 0x0, 0x0, 0x0, 0x0, 0x0,
    0x0, 0x5, 0x50, 0x0, 0x1, 0x11, 0x11, 0x11,
    0x0, 0x11, 0x11, 0x11, 0x11, 0x0, 0x0, 0x2f,
    0xff, 0xff, 0xff, 0x10, 0xef, 0xff, 0xff, 0xfe,
    0x0, 0x0, 0x2f, 0xea, 0xaa, 0xff, 0x10, 0xef,
    0xcb, 0xbc, 0xfe, 0x0, 0x0, 0x2f, 0xc0, 0x0,
    0xef, 0x10, 0xef, 0x20, 0x1, 0xfe, 0x0, 0x0,
    0x2f, 0xc0, 0x0, 0xef, 0x10, 0xef, 0x20, 0x1,
    0xfe, 0x0, 0x0, 0x2f, 0xc0, 0x0, 0xef, 0x10,
    0xef, 0x20, 0x1, 0xfe, 0x0, 0x0, 0x2f, 0xe6,
    0x66, 0xef, 0x10, 0xef, 0x20, 0x2, 0xfe, 0x0,
    0x0, 0x2f, 0xff, 0xff, 0xff, 0x10, 0xef, 0x2a,
    0xde, 0xfc, 0x0, 0x0, 0x2f, 0xd5, 0x55, 0x55,
    0x0, 0xef, 0x27, 0xff, 0xd4, 0x0, 0x0, 0x2f,
    0xc0, 0x0, 0x0, 0x0, 0xef, 0x20, 0x0, 0x0,
    0x0, 0x0, 0x4, 0x30, 0x0, 0x0, 0x0, 0xef,
    0x20, 0x0, 0x0, 0x0, 0x0, 0x0, 0x0, 0x0,
    0x0, 0x0, 0xef, 0x20, 0x0, 0x0, 0x0,

    /* U+548C "和" */
    0x0, 0x0, 0x0, 0x0, 0x45, 0x0, 0x0, 0x0,
    0x0, 0x0, 0x0, 0x0, 0x14, 0x7b, 0xff, 0xf5,
    0x0, 0x0, 0x0, 0x0, 0x0, 0x8, 0xff, 0xff,
    0xff, 0xb7, 0x25, 0xbb, 0xbb, 0xbb, 0xbb, 0x0,
    0x5c, 0xa8, 0xef, 0x40, 0x0, 0x7f, 0xff, 0xff,
    0xff, 0xf0, 0x0, 0x0, 0xc, 0xf4, 0x0, 0x7,
    0xfb, 0x44, 0x45, 0xff, 0x0, 0x0, 0x0, 0xcf,
    0x40, 0x0, 0x7f, 0x90, 0x0, 0x1f, 0xf0, 0x0,
    0x0, 0xd, 0xf5, 0x0, 0x7, 0xf9, 0x0, 0x1,
    0xff, 0x0, 0xff, 0xff, 0xff, 0xff, 0xfd, 0x7f,
    0x90, 0x0, 0x1f, 0xf0, 0xd, 0xee, 0xef, 0xfe,
    0xee, 0xc7, 0xf9, 0x0, 0x1, 0xff, 0x0, 0x0,
    0x9, 0xff, 0x70, 0x0, 0x7f, 0x90, 0x0, 0x1f,
    0xf0, 0x0, 0x1, 0xff, 0xff, 0x50, 0x7, 0xf9,
    0x0, 0x1, 0xff, 0x0, 0x0, 0x8f, 0xff, 0xff,
    0x30, 0x7f, 0x90, 0x0, 0x1f, 0xf0, 0x0, 0xf,
    0xdd, 0xf7, 0xfe, 0x27, 0xf9, 0x0, 0x1, 0xff,
    0x0, 0x9, 0xf6, 0xcf, 0x47, 0xfa, 0x7f, 0x90,
    0x0, 0x1f, 0xf0, 0x4, 0xfe, 0xc, 0xf4, 0xc,
    0x27, 0xf9, 0x0, 0x1, 0xff, 0x2, 0xef, 0x50,
    0xcf, 0x40, 0x0, 0x7f, 0x90, 0x0, 0x1f, 0xf0,
    0x3f, 0xb0, 0xc, 0xf4, 0x0, 0x7, 0xff, 0xff,
    0xff, 0xff, 0x0, 0x71, 0x0, 0xcf, 0x40, 0x0,
    0x7f, 0xff, 0xff, 0xff, 0xf0, 0x0, 0x0, 0xc,
    0xf4, 0x0, 0x7, 0xf9, 0x0, 0x2, 0xff, 0x0,
    0x0, 0x0, 0xcf, 0x40, 0x0, 0x49, 0x50, 0x0,
    0x7, 0x70, 0x0, 0x0, 0xc, 0xf4, 0x0, 0x0,
    0x0, 0x0, 0x0, 0x0, 0x0,

    /* U+54CD "响" */
    0x0, 0x0, 0x0, 0x0, 0x0, 0x0, 0x76, 0x20,
    0x0, 0x0, 0x0, 0x0, 0x0, 0x0, 0x0, 0x1,
    0xff, 0x60, 0x0, 0x0, 0x69, 0x99, 0x99, 0x0,
    0x0, 0x6, 0xfe, 0x0, 0x0, 0x0, 0xaf, 0xff,
    0xff, 0x0, 0x0, 0xb, 0xf8, 0x0, 0x0, 0x0,
    0xaf, 0x64, 0xcf, 0xa, 0xff, 0xff, 0xff, 0xff,
    0xff, 0xf3, 0xaf, 0x20, 0xaf, 0xb, 0xfe, 0xdd,
    0xdd, 0xdd, 0xdf, 0xf3, 0xaf, 0x20, 0xaf, 0xb,
    0xf3, 0x0, 0x0, 0x0, 0xc, 0xf3, 0xaf, 0x20,
    0xaf, 0xb, 0xf3, 0x0, 0x0, 0x0, 0xc, 0xf3,
    0xaf, 0x20, 0xaf, 0xb, 0xf3, 0xf, 0xff, 0xfe,
    0xc, 0xf3, 0xaf, 0x20, 0xaf, 0xb, 0xf3, 0xf,
    0xb8, 0xbe, 0xc, 0xf3, 0xaf, 0x20, 0xaf, 0xb,
    0xf3, 0xf, 0x60, 0x7e, 0xc, 0xf3, 0xaf, 0x20,
    0xaf, 0xb, 0xf3, 0xf, 0x60, 0x7e, 0xc, 0xf3,
    0xaf, 0x20, 0xaf, 0xb, 0xf3, 0xf, 0x60, 0x7e,
    0xc, 0xf3, 0xaf, 0xee, 0xff, 0xb, 0xf3, 0xf,
    0x60, 0x7e, 0xc, 0xf3, 0xaf, 0xff, 0xff, 0xb,
    0xf3, 0xf, 0xff, 0xfe, 0xc, 0xf3, 0xaf, 0x20,
    0x0, 0xb, 0xf3, 0xf, 0xb8, 0x87, 0xc, 0xf3,
    0xaf, 0x20, 0x0, 0xb, 0xf3, 0xc, 0x50, 0x0,
    0xc, 0xf3, 0x11, 0x0, 0x0, 0xb, 0xf3, 0x0,
    0x0, 0x0, 0xc, 0xf3, 0x0, 0x0, 0x0, 0xb,
    0xf3, 0x0, 0x0, 0x0, 0xc, 0xf3, 0x0, 0x0,
    0x0, 0xb, 0xf3, 0x0, 0x0, 0xa, 0xcf, 0xf1,
    0x0, 0x0, 0x0, 0xb, 0xf3, 0x0, 0x0, 0x9,
    0xff, 0x90, 0x0, 0x0, 0x0, 0x0, 0x0, 0x0,
    0x0, 0x0, 0x0, 0x0,

    /* U+5524 "唤" */
    0x0, 0x0, 0x0, 0x0, 0x0, 0x34, 0x10, 0x0,
    0x0, 0x0, 0x0, 0x0, 0x0, 0x0, 0x0, 0xdf,
    0x50, 0x0, 0x0, 0x0, 0x0, 0x0, 0x0, 0x0,
    0x6, 0xff, 0x88, 0x88, 0x60, 0x0, 0xbf, 0xff,
    0xfd, 0x0, 0x3f, 0xff, 0xff, 0xff, 0xf5, 0x0,
    0xbf, 0xdd, 0xfd, 0x2, 0xef, 0x93, 0x33, 0x9f,
    0xb0, 0x0, 0xbf, 0x10, 0xfd, 0x2e, 0xfb, 0x0,
    0x2, 0xfe, 0x10, 0x0, 0xbf, 0x10, 0xfd, 0x5f,
    0xff, 0xff, 0xff, 0xff, 0xff, 0x10, 0xbf, 0x10,
    0xfd, 0x6, 0xfe, 0x99, 0xff, 0xa9, 0xff, 0x10,
    0xbf, 0x10, 0xfd, 0x1, 0xfc, 0x0, 0xdf, 0x10,
    0xef, 0x10, 0xbf, 0x10, 0xfd, 0x1, 0xfc, 0x0,
    0xdf, 0x10, 0xef, 0x10, 0xbf, 0x10, 0xfd, 0x1,
    0xfc, 0x0, 0xef, 0x0, 0xef, 0x10, 0xbf, 0x10,
    0xfd, 0x1, 0xfc, 0x0, 0xff, 0x0, 0xef, 0x10,
    0xbf, 0x10, 0xfd, 0x27, 0xfe, 0x66, 0xff, 0x66,
    0xff, 0x72, 0xbf, 0x10, 0xfd, 0x6f, 0xff, 0xff,
    0xff, 0xff, 0xff, 0xf6, 0xbf, 0xff, 0xfd, 0x36,
    0x66, 0x7e, 0xff, 0x96, 0x66, 0x62, 0xbf, 0xdc,
    0xca, 0x0, 0x0, 0x5f, 0xef, 0xd0, 0x0, 0x0,
    0xbf, 0x10, 0x0, 0x0, 0x3, 0xff, 0x36, 0xfb,
    0x0, 0x0, 0xae, 0x10, 0x0, 0x0, 0x5f, 0xf6,
    0x0, 0xaf, 0xb1, 0x0, 0x0, 0x0, 0x0, 0x2a,
    0xff, 0x60, 0x0, 0xc, 0xfe, 0x60, 0x0, 0x0,
    0x6, 0xff, 0xd3, 0x0, 0x0, 0x0, 0xaf, 0xf9,
    0x0, 0x0, 0x0, 0xb7, 0x0, 0x0, 0x0, 0x0,
    0x4, 0xb1,

    /* U+554A "啊" */
    0x0, 0x0, 0x0, 0x5d, 0xdd, 0xc5, 0xaa, 0xaa,
    0xaa, 0xaa, 0x7, 0xff, 0xff, 0x76, 0xff, 0xff,
    0x9f, 0xff, 0xff, 0xff, 0xf0, 0x8f, 0xff, 0xf8,
    0x6f, 0x27, 0xf3, 0x55, 0x55, 0x5b, 0xf6, 0x8,
    0xf2, 0x2f, 0x86, 0xf2, 0xae, 0x0, 0x0, 0x0,
    0x9f, 0x10, 0x8f, 0x11, 0xf8, 0x6f, 0x2d, 0xb0,
    0x9a, 0xaa, 0x39, 0xf1, 0x8, 0xf1, 0x1f, 0x86,
    0xf3, 0xf7, 0xd, 0xff, 0xf5, 0x9f, 0x10, 0x8f,
    0x11, 0xf8, 0x6f, 0x6f, 0x30, 0xd9, 0x3f, 0x59,
    0xf1, 0x8, 0xf1, 0x1f, 0x86, 0xf6, 0xf5, 0xd,
    0x70, 0xf5, 0x9f, 0x10, 0x8f, 0x11, 0xf8, 0x6f,
    0x2c, 0xc0, 0xd7, 0xf, 0x59, 0xf1, 0x8, 0xf1,
    0x1f, 0x86, 0xf2, 0x6f, 0x3d, 0x70, 0xf5, 0x9f,
    0x10, 0x8f, 0x11, 0xf8, 0x6f, 0x23, 0xf7, 0xd7,
    0xf, 0x59, 0xf1, 0x8, 0xf1, 0x1f, 0x86, 0xf2,
    0xf, 0x9d, 0x70, 0xf5, 0x9f, 0x10, 0x8f, 0xdd,
    0xf8, 0x6f, 0x20, 0xfa, 0xdd, 0xcf, 0x59, 0xf1,
    0x8, 0xff, 0xff, 0x86, 0xf3, 0x5f, 0x8d, 0xff,
    0xf5, 0x9f, 0x10, 0x8f, 0x43, 0x31, 0x6f, 0x9f,
    0xf2, 0xd9, 0x22, 0x9, 0xf1, 0x8, 0xf1, 0x0,
    0x6, 0xf4, 0x62, 0x8, 0x40, 0x0, 0x9f, 0x10,
    0x13, 0x0, 0x0, 0x6f, 0x20, 0x0, 0x0, 0x0,
    0x9, 0xf1, 0x0, 0x0, 0x0, 0x6, 0xf2, 0x0,
    0x0, 0x1, 0x11, 0xaf, 0x0, 0x0, 0x0, 0x0,
    0x6f, 0x20, 0x0, 0x0, 0x3f, 0xff, 0xe0, 0x0,
    0x0, 0x0, 0x6, 0xf2, 0x0, 0x0, 0x0, 0xcc,
    0xa3, 0x0,

    /* U+5668 "器" */
    0x0, 0x2b, 0xbb, 0xbb, 0xb8, 0x0, 0xbb, 0xbb,
    0xbb, 0xb3, 0x0, 0x0, 0x3f, 0xff, 0xff, 0xfc,
    0x0, 0xff, 0xff, 0xff, 0xf5, 0x0, 0x0, 0x3f,
    0xa0, 0x4, 0xfc, 0x0, 0xff, 0x0, 0xa, 0xf5,
    0x0, 0x0, 0x3f, 0x90, 0x3, 0xfc, 0x0, 0xfe,
    0x0, 0xa, 0xf5, 0x0, 0x0, 0x3f, 0xa0, 0x4,
    0xfc, 0x0, 0xff, 0x0, 0xa, 0xf5, 0x0, 0x0,
    0x3f, 0xff, 0xff, 0xfc, 0x0, 0xff, 0xff, 0xff,
    0xf5, 0x0, 0x0, 0x2b, 0xbb, 0xbb, 0xbd, 0x40,
    0xbb, 0xfd, 0xbb, 0xb4, 0x0, 0x0, 0x0, 0x0,
    0x0, 0x4f, 0xf1, 0x4, 0xff, 0x90, 0x0, 0x0,
    0x1, 0x11, 0x11, 0x12, 0xef, 0x81, 0x11, 0x4c,
    0xf8, 0x11, 0x10, 0xe, 0xff, 0xff, 0xff, 0xff,
    0xff, 0xff, 0xff, 0xff, 0xff, 0xe0, 0xa, 0xbb,
    0xbc, 0xff, 0xeb, 0xbb, 0xcf, 0xfd, 0xbb, 0xbb,
    0xa0, 0x0, 0x0, 0x4e, 0xfb, 0x10, 0x0, 0x5,
    0xff, 0x91, 0x0, 0x0, 0x0, 0x3b, 0xff, 0x80,
    0x0, 0x0, 0x0, 0x2d, 0xff, 0x83, 0x0, 0x2d,
    0xff, 0xff, 0xff, 0xfc, 0x0, 0xef, 0xff, 0xff,
    0xff, 0xd2, 0xb, 0xef, 0xec, 0xcd, 0xfc, 0x0,
    0xef, 0xcc, 0xce, 0xff, 0x90, 0x0, 0x4f, 0xa0,
    0x3, 0xfc, 0x0, 0xef, 0x0, 0xa, 0xf5, 0x0,
    0x0, 0x3f, 0xa0, 0x3, 0xfc, 0x0, 0xef, 0x0,
    0xa, 0xf5, 0x0, 0x0, 0x3f, 0xeb, 0xbc, 0xfc,
    0x0, 0xef, 0xbb, 0xbe, 0xf5, 0x0, 0x0, 0x3f,
    0xff, 0xff, 0xfc, 0x0, 0xef, 0xff, 0xff, 0xf5,
    0x0, 0x0, 0x3f, 0xa0, 0x3, 0xda, 0x0, 0xef,
    0x0, 0x9, 0xd5, 0x0,

    /* U+56DE "回" */
    0x3f, 0xff, 0xff, 0xff, 0xff, 0xff, 0xff, 0xff,
    0xff, 0xf5, 0x3f, 0xff, 0xff, 0xff, 0xff, 0xff,
    0xff, 0xff, 0xff, 0xf5, 0x3f, 0xe2, 0x22, 0x22,
    0x22, 0x22, 0x22, 0x22, 0x2e, 0xf5, 0x3f, 0xe0,
    0x0, 0x0, 0x0, 0x0, 0x0, 0x0, 0xe, 0xf5,
    0x3f, 0xe0, 0x0, 0x0, 0x0, 0x0, 0x0, 0x0,
    0xe, 0xf5, 0x3f, 0xe0, 0x1, 0xcc, 0xcc, 0xcc,
    0xcc, 0x20, 0xe, 0xf5, 0x3f, 0xe0, 0x2, 0xff,
    0xff, 0xff, 0xff, 0x20, 0xe, 0xf5, 0x3f, 0xe0,
    0x2, 0xfd, 0x0, 0x0, 0xef, 0x20, 0xe, 0xf5,
    0x3f, 0xe0, 0x2, 0xfd, 0x0, 0x0, 0xef, 0x20,
    0xe, 0xf5, 0x3f, 0xe0, 0x2, 0xfd, 0x0, 0x0,
    0xef, 0x20, 0xe, 0xf5, 0x3f, 0xe0, 0x2, 0xfd,
    0x0, 0x0, 0xef, 0x20, 0xe, 0xf5, 0x3f, 0xe0,
    0x2, 0xfd, 0x0, 0x0, 0xef, 0x20, 0xe, 0xf5,
    0x3f, 0xe0, 0x2, 0xff, 0xff, 0xff, 0xff, 0x20,
    0xe, 0xf5, 0x3f, 0xe0, 0x1, 0xcc, 0xcc, 0xcc,
    0xcc, 0x20, 0xe, 0xf5, 0x3f, 0xe0, 0x0, 0x0,
    0x0, 0x0, 0x0, 0x0, 0xe, 0xf5, 0x3f, 0xe0,
    0x0, 0x0, 0x0, 0x0, 0x0, 0x0, 0xe, 0xf5,
    0x3f, 0xe1, 0x11, 0x11, 0x11, 0x11, 0x11, 0x11,
    0x1e, 0xf5, 0x3f, 0xff, 0xff, 0xff, 0xff, 0xff,
    0xff, 0xff, 0xff, 0xf5, 0x3f, 0xfd, 0xdd, 0xdd,
    0xdd, 0xdd, 0xdd, 0xdd, 0xdf, 0xf5, 0x3f, 0xe0,
    0x0, 0x0, 0x0, 0x0, 0x0, 0x0, 0xe, 0xf5,

    /* U+56E0 "因" */
    0x1d, 0xdd, 0xdd, 0xdd, 0xdd, 0xdd, 0xdd, 0xdd,
    0xdd, 0xda, 0x1f, 0xff, 0xff, 0xff, 0xff, 0xff,
    0xff, 0xff, 0xff, 0xfc, 0x1f, 0xd0, 0x0, 0x0,
    0x2, 0x21, 0x0, 0x0, 0x4, 0xfc, 0x1f, 0xd0,
    0x0, 0x0, 0xc, 0xf4, 0x0, 0x0, 0x3, 0xfc,
    0x1f, 0xd0, 0x0, 0x0, 0xc, 0xf3, 0x0, 0x0,
    0x3, 0xfc, 0x1f, 0xd0, 0x0, 0x0, 0xd, 0xf2,
    0x0, 0x0, 0x3, 0xfc, 0x1f, 0xd0, 0xcd, 0xdd,
    0xdf, 0xfd, 0xdd, 0xdd, 0x73, 0xfc, 0x1f, 0xd0,
    0xff, 0xff, 0xff, 0xff, 0xff, 0xff, 0x83, 0xfc,
    0x1f, 0xd0, 0x0, 0x0, 0x4f, 0xd0, 0x0, 0x0,
    0x3, 0xfc, 0x1f, 0xd0, 0x0, 0x0, 0x7f, 0xf3,
    0x0, 0x0, 0x3, 0xfc, 0x1f, 0xd0, 0x0, 0x0,
    0xcf, 0xff, 0x50, 0x0, 0x3, 0xfc, 0x1f, 0xd0,
    0x0, 0x4, 0xff, 0x5f, 0xf6, 0x0, 0x3, 0xfc,
    0x1f, 0xd0, 0x0, 0x1e, 0xf8, 0x4, 0xff, 0x70,
    0x3, 0xfc, 0x1f, 0xd0, 0x2, 0xdf, 0xd0, 0x0,
    0x4f, 0xf6, 0x3, 0xfc, 0x1f, 0xd0, 0x8f, 0xfe,
    0x20, 0x0, 0x5, 0xff, 0x43, 0xfc, 0x1f, 0xd0,
    0x7f, 0xb1, 0x0, 0x0, 0x0, 0x7c, 0x13, 0xfc,
    0x1f, 0xd0, 0x4, 0x0, 0x0, 0x0, 0x0, 0x0,
    0x3, 0xfc, 0x1f, 0xff, 0xff, 0xff, 0xff, 0xff,
    0xff, 0xff, 0xff, 0xfc, 0x1f, 0xfc, 0xcc, 0xcc,
    0xcc, 0xcc, 0xcc, 0xcc, 0xcd, 0xfc, 0x1f, 0xd0,
    0x0, 0x0, 0x0, 0x0, 0x0, 0x0, 0x3, 0xfc,

    /* U+56FA "固" */
    0x1c, 0xcc, 0xcc, 0xcc, 0xcc, 0xcc, 0xcc, 0xcc,
    0xcc, 0xc2, 0x2f, 0xff, 0xff, 0xff, 0xff, 0xff,
    0xff, 0xff, 0xff, 0xf3, 0x2f, 0xe2, 0x22, 0x22,
    0x22, 0x22, 0x22, 0x22, 0x2e, 0xf3, 0x2f, 0xe0,
    0x0, 0x0, 0xc, 0xd0, 0x0, 0x0, 0xe, 0xf3,
    0x2f, 0xe0, 0x0, 0x0, 0xf, 0xf0, 0x0, 0x0,
    0xe, 0xf3, 0x2f, 0xe0, 0x8a, 0xaa, 0xaf, 0xfa,
    0xaa, 0xaa, 0xe, 0xf3, 0x2f, 0xe0, 0xdf, 0xff,
    0xff, 0xff, 0xff, 0xff, 0xe, 0xf3, 0x2f, 0xe0,
    0x0, 0x0, 0xf, 0xf0, 0x0, 0x0, 0xe, 0xf3,
    0x2f, 0xe0, 0x0, 0x0, 0xf, 0xf0, 0x0, 0x0,
    0xe, 0xf3, 0x2f, 0xe0, 0x5, 0x99, 0x9f, 0xf9,
    0x99, 0x80, 0xe, 0xf3, 0x2f, 0xe0, 0x9, 0xff,
    0xff, 0xff, 0xff, 0xd0, 0xe, 0xf3, 0x2f, 0xe0,
    0x9, 0xf3, 0x0, 0x0, 0x1f, 0xd0, 0xe, 0xf3,
    0x2f, 0xe0, 0x9, 0xf3, 0x0, 0x0, 0x1f, 0xd0,
    0xe, 0xf3, 0x2f, 0xe0, 0x9, 0xfa, 0x88, 0x88,
    0x9f, 0xd0, 0xe, 0xf3, 0x2f, 0xe0, 0x9, 0xff,
    0xff, 0xff, 0xff, 0xd0, 0xe, 0xf3, 0x2f, 0xe0,
    0x0, 0x0, 0x0, 0x0, 0x0, 0x0, 0xe, 0xf3,
    0x2f, 0xe0, 0x0, 0x0, 0x0, 0x0, 0x0, 0x0,
    0xe, 0xf3, 0x2f, 0xff, 0xff, 0xff, 0xff, 0xff,
    0xff, 0xff, 0xff, 0xf3, 0x2f, 0xfe, 0xee, 0xee,
    0xee, 0xee, 0xee, 0xee, 0xef, 0xf3, 0x2f, 0xe0,
    0x0, 0x0, 0x0, 0x0, 0x0, 0x0, 0xe, 0xf3,

    /* U+5728 "在" */
    0x0, 0x0, 0x0, 0x0, 0x22, 0x0, 0x0, 0x0,
    0x0, 0x0, 0x0, 0x0, 0x0, 0x0, 0xb, 0xf9,
    0x0, 0x0, 0x0, 0x0, 0x0, 0x0, 0x0, 0x0,
    0x0, 0xff, 0x40, 0x0, 0x0, 0x0, 0x0, 0x0,
    0x1, 0x11, 0x11, 0x6f, 0xf1, 0x11, 0x11, 0x11,
    0x11, 0x11, 0x7, 0xff, 0xff, 0xff, 0xff, 0xff,
    0xff, 0xff, 0xff, 0xff, 0xe0, 0x7e, 0xee, 0xef,
    0xff, 0xee, 0xee, 0xee, 0xee, 0xee, 0xed, 0x0,
    0x0, 0x0, 0xcf, 0x90, 0x0, 0x0, 0x0, 0x0,
    0x0, 0x0, 0x0, 0x0, 0x6f, 0xf1, 0x0, 0x0,
    0x79, 0x30, 0x0, 0x0, 0x0, 0x0, 0x1f, 0xf7,
    0x0, 0x0, 0xb, 0xf5, 0x0, 0x0, 0x0, 0x0,
    0xb, 0xfd, 0x0, 0x0, 0x0, 0xbf, 0x50, 0x0,
    0x0, 0x0, 0x9, 0xff, 0x60, 0x0, 0x0, 0xc,
    0xf5, 0x0, 0x0, 0x0, 0x9, 0xff, 0xf5, 0x8,
    0xff, 0xff, 0xff, 0xff, 0xff, 0xf0, 0xb, 0xff,
    0xff, 0x50, 0x7d, 0xdd, 0xdf, 0xfe, 0xdd, 0xdd,
    0x0, 0xbf, 0x7b, 0xf5, 0x0, 0x0, 0x0, 0xbf,
    0x50, 0x0, 0x0, 0x3, 0x50, 0xbf, 0x50, 0x0,
    0x0, 0xb, 0xf5, 0x0, 0x0, 0x0, 0x0, 0xb,
    0xf5, 0x0, 0x0, 0x0, 0xbf, 0x50, 0x0, 0x0,
    0x0, 0x0, 0xbf, 0x50, 0x0, 0x0, 0xb, 0xf5,
    0x0, 0x0, 0x0, 0x0, 0xb, 0xf5, 0x0, 0x0,
    0x0, 0xbf, 0x50, 0x0, 0x0, 0x0, 0x0, 0xbf,
    0x50, 0x0, 0x0, 0xb, 0xf5, 0x0, 0x0, 0x0,
    0x0, 0xb, 0xf5, 0x5e, 0xee, 0xee, 0xff, 0xfe,
    0xee, 0xed, 0x0, 0x0, 0xbf, 0x56, 0xff, 0xff,
    0xff, 0xff, 0xff, 0xff, 0xe0,

    /* U+5730 "地" */
    0x0, 0x0, 0x11, 0x0, 0x0, 0x0, 0x0, 0x66,
    0x0, 0x0, 0x0, 0x0, 0x3, 0xfb, 0x0, 0x0,
    0x0, 0x0, 0xff, 0x0, 0x0, 0x0, 0x0, 0x3,
    0xfb, 0x0, 0x0, 0x0, 0x0, 0xff, 0x0, 0x0,
    0x0, 0x0, 0x3, 0xfb, 0x0, 0x3, 0xdb, 0x0,
    0xff, 0x0, 0x0, 0x0, 0x0, 0x3, 0xfb, 0x0,
    0x3, 0xfc, 0x0, 0xff, 0x0, 0x3, 0x0, 0x0,
    0x3, 0xfb, 0x0, 0x3, 0xfc, 0x0, 0xff, 0x5,
    0xcf, 0xb0, 0xc, 0xde, 0xff, 0xdd, 0x23, 0xfc,
    0x0, 0xff, 0xef, 0xff, 0xc0, 0xe, 0xff, 0xff,
    0xff, 0x23, 0xfc, 0x4c, 0xff, 0xfa, 0x7f, 0xc0,
    0x0, 0x3, 0xfb, 0x0, 0x4, 0xff, 0xff, 0xff,
    0x10, 0x3f, 0xb0, 0x0, 0x3, 0xfb, 0x4, 0xbf,
    0xff, 0xc4, 0xff, 0x0, 0x3f, 0xb0, 0x0, 0x3,
    0xfb, 0x6, 0xff, 0xfc, 0x0, 0xff, 0x0, 0x4f,
    0xb0, 0x0, 0x3, 0xfb, 0x0, 0x64, 0xfc, 0x0,
    0xff, 0x0, 0x4f, 0xa0, 0x0, 0x3, 0xfb, 0x0,
    0x3, 0xfc, 0x0, 0xff, 0x0, 0x5f, 0xa0, 0x0,
    0x3, 0xfd, 0x9f, 0x43, 0xfc, 0x0, 0xff, 0x29,
    0xdf, 0x70, 0x0, 0x8, 0xff, 0xff, 0x53, 0xfc,
    0x0, 0xff, 0xf, 0xeb, 0x10, 0x9, 0xff, 0xff,
    0x91, 0x3, 0xfc, 0x0, 0xef, 0x0, 0x0, 0x10,
    0xd, 0xff, 0x91, 0x0, 0x3, 0xfc, 0x0, 0x0,
    0x0, 0x2, 0xf7, 0x7, 0x81, 0x0, 0x0, 0x3,
    0xfc, 0x0, 0x0, 0x0, 0x4, 0xfa, 0x0, 0x0,
    0x0, 0x0, 0x2, 0xfe, 0x0, 0x0, 0x0, 0x9,
    0xf7, 0x0, 0x0, 0x0, 0x0, 0x0, 0xef, 0xfe,
    0xdd, 0xdd, 0xef, 0xf2, 0x0, 0x0, 0x0, 0x0,
    0x0, 0x3c, 0xef, 0xff, 0xff, 0xfd, 0x50,

    /* U+5740 "址" */
    0x0, 0x0, 0x43, 0x0, 0x0, 0x0, 0x0, 0x66,
    0x10, 0x0, 0x0, 0x0, 0x2, 0xfc, 0x0, 0x0,
    0x0, 0x0, 0xef, 0x20, 0x0, 0x0, 0x0, 0x2,
    0xfc, 0x0, 0x0, 0x0, 0x0, 0xef, 0x20, 0x0,
    0x0, 0x0, 0x2, 0xfc, 0x0, 0x0, 0x0, 0x0,
    0xef, 0x20, 0x0, 0x0, 0x0, 0x2, 0xfc, 0x0,
    0x0, 0x0, 0x0, 0xef, 0x20, 0x0, 0x0, 0x5,
    0x57, 0xfd, 0x55, 0x27, 0xb4, 0x0, 0xef, 0x20,
    0x0, 0x0, 0x1f, 0xff, 0xff, 0xff, 0x79, 0xf5,
    0x0, 0xef, 0x20, 0x0, 0x0, 0x9, 0x9b, 0xfe,
    0x99, 0x49, 0xf5, 0x0, 0xef, 0x30, 0x0, 0x0,
    0x0, 0x2, 0xfc, 0x0, 0x9, 0xf5, 0x0, 0xef,
    0xff, 0xff, 0xb0, 0x0, 0x2, 0xfc, 0x0, 0x9,
    0xf5, 0x0, 0xef, 0xff, 0xff, 0xa0, 0x0, 0x2,
    0xfc, 0x0, 0x9, 0xf5, 0x0, 0xef, 0x20, 0x0,
    0x0, 0x0, 0x2, 0xfc, 0x0, 0x9, 0xf5, 0x0,
    0xef, 0x20, 0x0, 0x0, 0x0, 0x2, 0xfc, 0x4,
    0x39, 0xf5, 0x0, 0xef, 0x20, 0x0, 0x0, 0x0,
    0x2, 0xfe, 0xef, 0x89, 0xf5, 0x0, 0xef, 0x20,
    0x0, 0x0, 0x1, 0x7d, 0xff, 0xfa, 0x39, 0xf5,
    0x0, 0xef, 0x20, 0x0, 0x0, 0x2f, 0xff, 0xe8,
    0x10, 0x9, 0xf5, 0x0, 0xef, 0x20, 0x0, 0x0,
    0xc, 0xc5, 0x0, 0x0, 0x9, 0xf5, 0x0, 0xef,
    0x20, 0x0, 0x0, 0x0, 0x0, 0x0, 0x0, 0x9,
    0xf5, 0x0, 0xef, 0x20, 0x0, 0x0, 0x0, 0x0,
    0x0, 0x1f, 0xff, 0xff, 0xff, 0xff, 0xff, 0xff,
    0xf1, 0x0, 0x0, 0x0, 0x1f, 0xff, 0xff, 0xff,
    0xff, 0xff, 0xff, 0xf1, 0x0, 0x0, 0x0, 0x0,
    0x0, 0x0, 0x0, 0x0, 0x0, 0x0, 0x0,

    /* U+5757 "块" */
    0x0, 0x0, 0x10, 0x0, 0x0, 0x0, 0x11, 0x0,
    0x0, 0x0, 0x0, 0x0, 0x6, 0xf8, 0x0, 0x0,
    0x0, 0xbf, 0x40, 0x0, 0x0, 0x0, 0x0, 0x6,
    0xf8, 0x0, 0x0, 0x0, 0xbf, 0x40, 0x0, 0x0,
    0x0, 0x0, 0x6, 0xf8, 0x0, 0x0, 0x0, 0xbf,
    0x40, 0x0, 0x0, 0x0, 0x0, 0x6, 0xf8, 0x0,
    0x4b, 0xbb, 0xef, 0xcb, 0xbb, 0xb2, 0x0, 0x2,
    0x27, 0xf9, 0x21, 0x6f, 0xff, 0xff, 0xff, 0xff,
    0xf3, 0x0, 0xe, 0xff, 0xff, 0xfd, 0x13, 0x33,
    0xcf, 0x73, 0x3c, 0xf3, 0x0, 0xc, 0xde, 0xfe,
    0xdb, 0x0, 0x0, 0xbf, 0x40, 0xb, 0xf3, 0x0,
    0x0, 0x6, 0xf8, 0x0, 0x0, 0x0, 0xbf, 0x40,
    0xb, 0xf3, 0x0, 0x0, 0x6, 0xf8, 0x0, 0x0,
    0x0, 0xcf, 0x30, 0xb, 0xf3, 0x0, 0x0, 0x6,
    0xf8, 0x0, 0xab, 0xbb, 0xff, 0xcb, 0xbe, 0xfc,
    0x80, 0x0, 0x6, 0xf8, 0x0, 0xdf, 0xff, 0xff,
    0xff, 0xff, 0xff, 0xb0, 0x0, 0x6, 0xf9, 0x6a,
    0x23, 0x36, 0xff, 0xfa, 0x33, 0x33, 0x20, 0x0,
    0x7, 0xff, 0xff, 0x10, 0x8, 0xfc, 0xfe, 0x0,
    0x0, 0x0, 0x5, 0xbf, 0xff, 0xb3, 0x0, 0xe,
    0xf5, 0xaf, 0x60, 0x0, 0x0, 0x1f, 0xff, 0xa3,
    0x0, 0x0, 0x8f, 0xe0, 0x3f, 0xf2, 0x0, 0x0,
    0xa, 0x92, 0x0, 0x0, 0x5, 0xff, 0x50, 0xa,
    0xfc, 0x10, 0x0, 0x0, 0x0, 0x0, 0x0, 0x6f,
    0xfa, 0x0, 0x1, 0xef, 0xd1, 0x0, 0x0, 0x0,
    0x0, 0x2b, 0xff, 0xa0, 0x0, 0x0, 0x3f, 0xff,
    0x80, 0x0, 0x0, 0x0, 0x6f, 0xf7, 0x0, 0x0,
    0x0, 0x3, 0xef, 0x70, 0x0, 0x0, 0x0, 0x6,
    0x20, 0x0, 0x0, 0x0, 0x0, 0x7, 0x0,

    /* U+586B "填" */
    0x0, 0x4, 0x40, 0x0, 0x0, 0x0, 0x6, 0x72,
    0x0, 0x0, 0x0, 0x0, 0xe, 0xf1, 0x0, 0x0,
    0x0, 0xe, 0xf3, 0x0, 0x0, 0x0, 0x0, 0xe,
    0xf1, 0x0, 0x8a, 0xaa, 0xaf, 0xfb, 0xaa, 0xaa,
    0x50, 0x0, 0xe, 0xf1, 0x0, 0xcf, 0xff, 0xff,
    0xff, 0xff, 0xff, 0x80, 0x0, 0xe, 0xf1, 0x0,
    0x0, 0x0, 0x5f, 0x90, 0x0, 0x0, 0x0, 0x2,
    0x2e, 0xf3, 0x21, 0x6, 0x88, 0xbf, 0xb8, 0x88,
    0x81, 0x0, 0x4f, 0xff, 0xff, 0xf7, 0xb, 0xfe,
    0xee, 0xee, 0xef, 0xf3, 0x0, 0x3d, 0xdf, 0xfd,
    0xd6, 0xb, 0xf1, 0x0, 0x0, 0xa, 0xf3, 0x0,
    0x0, 0xe, 0xf1, 0x0, 0xb, 0xfe, 0xee, 0xee,
    0xef, 0xf3, 0x0, 0x0, 0xe, 0xf1, 0x0, 0xb,
    0xf2, 0x11, 0x11, 0x1b, 0xf3, 0x0, 0x0, 0xe,
    0xf1, 0x0, 0xb, 0xff, 0xff, 0xff, 0xff, 0xf3,
    0x0, 0x0, 0xe, 0xf1, 0x0, 0xb, 0xf5, 0x44,
    0x44, 0x4c, 0xf3, 0x0, 0x0, 0xe, 0xf1, 0x0,
    0xb, 0xf4, 0x33, 0x33, 0x3c, 0xf3, 0x0, 0x0,
    0xe, 0xf1, 0x11, 0xb, 0xff, 0xff, 0xff, 0xff,
    0xf3, 0x0, 0x0, 0xe, 0xfc, 0xf6, 0xb, 0xf1,
    0x0, 0x0, 0xa, 0xf3, 0x0, 0x17, 0xdf, 0xff,
    0xcd, 0xff, 0xff, 0xff, 0xff, 0xff, 0xff, 0xf1,
    0x3f, 0xff, 0xa3, 0x7, 0xbb, 0xbe, 0xcb, 0xbb,
    0xfc, 0xbb, 0xb0, 0xb, 0x61, 0x0, 0x0, 0x0,
    0x9f, 0xd2, 0x7, 0xfc, 0x30, 0x0, 0x0, 0x0,
    0x0, 0x0, 0x6e, 0xff, 0x60, 0x2, 0xbf, 0xf8,
    0x0, 0x0, 0x0, 0x0, 0xd, 0xff, 0xa1, 0x0,
    0x0, 0x5, 0xef, 0x90, 0x0, 0x0, 0x0, 0x3,
    0xa2, 0x0, 0x0, 0x0, 0x0, 0x1a, 0x10,

    /* U+5904 "处" */
    0x0, 0x0, 0x21, 0x0, 0x0, 0x0, 0x5, 0x51,
    0x0, 0x0, 0x0, 0x0, 0x0, 0xbf, 0x70, 0x0,
    0x0, 0xe, 0xf4, 0x0, 0x0, 0x0, 0x0, 0x0,
    0xef, 0x50, 0x0, 0x0, 0xe, 0xf4, 0x0, 0x0,
    0x0, 0x0, 0x1, 0xff, 0x10, 0x0, 0x0, 0xe,
    0xf4, 0x0, 0x0, 0x0, 0x0, 0x5, 0xff, 0xee,
    0xee, 0xc1, 0xe, 0xf4, 0x0, 0x0, 0x0, 0x0,
    0x9, 0xff, 0xff, 0xff, 0xf1, 0xe, 0xf5, 0x0,
    0x0, 0x0, 0x0, 0xe, 0xf5, 0x0, 0x4f, 0xe0,
    0xe, 0xff, 0x60, 0x0, 0x0, 0x0, 0x3f, 0xf0,
    0x0, 0x6f, 0xc0, 0xe, 0xff, 0xf4, 0x0, 0x0,
    0x0, 0x9f, 0xf2, 0x0, 0xaf, 0x80, 0xe, 0xfb,
    0xff, 0x20, 0x0, 0x1, 0xff, 0xf7, 0x0, 0xdf,
    0x50, 0xe, 0xf5, 0xaf, 0xd0, 0x0, 0x9, 0xfd,
    0xfc, 0x2, 0xff, 0x10, 0xe, 0xf4, 0xd, 0xfa,
    0x0, 0xe, 0xf3, 0xcf, 0x38, 0xfc, 0x0, 0xe,
    0xf4, 0x3, 0xff, 0x50, 0x1, 0x60, 0x6f, 0xad,
    0xf6, 0x0, 0xe, 0xf4, 0x0, 0x88, 0x0, 0x0,
    0x0, 0xe, 0xff, 0xf0, 0x0, 0xe, 0xf4, 0x0,
    0x0, 0x0, 0x0, 0x0, 0x6, 0xff, 0x80, 0x0,
    0xe, 0xf4, 0x0, 0x0, 0x0, 0x0, 0x0, 0x9,
    0xff, 0xc0, 0x0, 0xe, 0xf4, 0x0, 0x0, 0x0,
    0x0, 0x0, 0x6f, 0xff, 0xfc, 0x0, 0xe, 0xf4,
    0x0, 0x0, 0x0, 0x0, 0x3, 0xff, 0x93, 0xef,
    0xe5, 0x0, 0x0, 0x0, 0x0, 0x0, 0x0, 0x6f,
    0xfc, 0x0, 0x3e, 0xff, 0xd9, 0x54, 0x32, 0x22,
    0x20, 0x1b, 0xff, 0xd1, 0x0, 0x1, 0x8f, 0xff,
    0xff, 0xff, 0xff, 0xd0, 0x2d, 0xfa, 0x0, 0x0,
    0x0, 0x1, 0x6a, 0xde, 0xff, 0xff, 0x80, 0x1,
    0x50, 0x0, 0x0, 0x0, 0x0, 0x0, 0x0, 0x0,
    0x0, 0x0,

    /* U+5907 "备" */
    0x0, 0x0, 0x0, 0x0, 0x96, 0x10, 0x0, 0x0,
    0x0, 0x0, 0x0, 0x0, 0x0, 0x0, 0x9, 0xfe,
    0x10, 0x0, 0x0, 0x0, 0x0, 0x0, 0x0, 0x0,
    0x0, 0x8f, 0xfe, 0xcc, 0xcc, 0xcc, 0xc8, 0x0,
    0x0, 0x0, 0x0, 0x9, 0xff, 0xff, 0xff, 0xff,
    0xff, 0xfd, 0x10, 0x0, 0x0, 0x3, 0xdf, 0xfe,
    0x20, 0x0, 0x1, 0xaf, 0xe2, 0x0, 0x0, 0x0,
    0xaf, 0xfd, 0xcf, 0xe5, 0x0, 0x2c, 0xfe, 0x30,
    0x0, 0x0, 0x0, 0x8f, 0x70, 0x8, 0xff, 0xc9,
    0xff, 0xc1, 0x0, 0x0, 0x0, 0x0, 0x1, 0x0,
    0x0, 0x8f, 0xff, 0xfd, 0x30, 0x0, 0x0, 0x0,
    0x0, 0x0, 0x15, 0xaf, 0xff, 0xfd, 0xff, 0xfe,
    0xa6, 0x31, 0x0, 0x9, 0xcf, 0xff, 0xff, 0xb5,
    0x0, 0x38, 0xef, 0xff, 0xff, 0xf8, 0xb, 0xff,
    0xea, 0x61, 0x0, 0x0, 0x0, 0x3, 0x7a, 0xdf,
    0xe1, 0x3, 0x54, 0xdd, 0xdd, 0xdd, 0xdd, 0xdd,
    0xdd, 0xdd, 0x80, 0x10, 0x0, 0x3, 0xff, 0xff,
    0xff, 0xff, 0xff, 0xff, 0xff, 0xa0, 0x0, 0x0,
    0x3, 0xfe, 0x0, 0x0, 0xef, 0x30, 0x0, 0x9f,
    0xa0, 0x0, 0x0, 0x3, 0xfe, 0x0, 0x0, 0xef,
    0x40, 0x0, 0xaf, 0xa0, 0x0, 0x0, 0x3, 0xff,
    0xff, 0xff, 0xff, 0xff, 0xff, 0xff, 0xa0, 0x0,
    0x0, 0x3, 0xff, 0x99, 0x99, 0xff, 0xb9, 0x99,
    0xdf, 0xa0, 0x0, 0x0, 0x3, 0xfe, 0x0, 0x0,
    0xef, 0x30, 0x0, 0x9f, 0xa0, 0x0, 0x0, 0x3,
    0xff, 0xbb, 0xbb, 0xff, 0xcb, 0xbb, 0xef, 0xa0,
    0x0, 0x0, 0x3, 0xff, 0xff, 0xff, 0xff, 0xff,
    0xff, 0xff, 0xa0, 0x0, 0x0, 0x3, 0xfe, 0x0,
    0x0, 0x0, 0x0, 0x0, 0x9f, 0xa0, 0x0,

    /* U+591A "多" */
    0x0, 0x0, 0x0, 0x0, 0x59, 0x50, 0x0, 0x0,
    0x0, 0x0, 0x0, 0x0, 0x0, 0x5, 0xff, 0x70,
    0x0, 0x0, 0x0, 0x0, 0x0, 0x0, 0x0, 0x7f,
    0xff, 0xcc, 0xcc, 0xcc, 0x30, 0x0, 0x0, 0x0,
    0x2b, 0xff, 0xff, 0xff, 0xff, 0xff, 0x60, 0x0,
    0x0, 0x18, 0xff, 0xc2, 0x0, 0x0, 0x2d, 0xfb,
    0x0, 0x0, 0x6, 0xff, 0xf7, 0x53, 0x0, 0x2,
    0xef, 0xc0, 0x0, 0x0, 0x0, 0xb9, 0x14, 0xff,
    0x70, 0x7f, 0xfb, 0x10, 0x0, 0x0, 0x0, 0x0,
    0x0, 0x4e, 0xff, 0xff, 0x60, 0x0, 0x0, 0x0,
    0x0, 0x0, 0x2, 0x7d, 0xff, 0xc3, 0xca, 0x40,
    0x0, 0x0, 0x0, 0x47, 0xcf, 0xff, 0xc4, 0x1c,
    0xfd, 0x10, 0x0, 0x0, 0x3f, 0xff, 0xff, 0xa3,
    0x2, 0xdf, 0xfe, 0xdd, 0xdd, 0xc4, 0xb, 0xc8,
    0x30, 0x0, 0x6f, 0xff, 0xff, 0xff, 0xff, 0xf8,
    0x0, 0x0, 0x0, 0x4d, 0xff, 0x70, 0x0, 0x0,
    0xbf, 0xe0, 0x0, 0x0, 0x6d, 0xff, 0xc3, 0x0,
    0x0, 0x9, 0xff, 0x40, 0x0, 0x6, 0xff, 0xc5,
    0x4e, 0xd2, 0x0, 0xaf, 0xf5, 0x0, 0x0, 0x0,
    0x73, 0x0, 0xa, 0xff, 0x7e, 0xff, 0x50, 0x0,
    0x0, 0x0, 0x0, 0x0, 0x0, 0xcf, 0xff, 0xd3,
    0x0, 0x0, 0x0, 0x0, 0x0, 0x16, 0xbf, 0xff,
    0xe7, 0x0, 0x0, 0x0, 0x14, 0x69, 0xbd, 0xff,
    0xff, 0xb5, 0x0, 0x0, 0x0, 0x0, 0x4f, 0xff,
    0xff, 0xfb, 0x61, 0x0, 0x0, 0x0, 0x0, 0x0,
    0xb, 0xa7, 0x42, 0x0, 0x0, 0x0, 0x0, 0x0,
    0x0, 0x0,

    /* U+5927 "大" */
    0x0, 0x0, 0x0, 0x0, 0x5, 0x51, 0x0, 0x0,
    0x0, 0x0, 0x0, 0x0, 0x0, 0x0, 0x0, 0xff,
    0x40, 0x0, 0x0, 0x0, 0x0, 0x0, 0x0, 0x0,
    0x0, 0xf, 0xf3, 0x0, 0x0, 0x0, 0x0, 0x0,
    0x0, 0x0, 0x0, 0x0, 0xff, 0x30, 0x0, 0x0,
    0x0, 0x0, 0x0, 0x0, 0x0, 0x0, 0x1f, 0xf2,
    0x0, 0x0, 0x0, 0x0, 0x0, 0x0, 0x0, 0x0,
    0x2, 0xff, 0x10, 0x0, 0x0, 0x0, 0x0, 0x13,
    0x33, 0x33, 0x33, 0x6f, 0xf3, 0x33, 0x33, 0x33,
    0x33, 0x8, 0xff, 0xff, 0xff, 0xff, 0xff, 0xff,
    0xff, 0xff, 0xff, 0xe0, 0x7e, 0xee, 0xee, 0xee,
    0xff, 0xff, 0xee, 0xee, 0xee, 0xed, 0x0, 0x0,
    0x0, 0x0, 0xc, 0xff, 0xf1, 0x0, 0x0, 0x0,
    0x0, 0x0, 0x0, 0x0, 0x1, 0xff, 0xff, 0x70,
    0x0, 0x0, 0x0, 0x0, 0x0, 0x0, 0x0, 0x6f,
    0xe8, 0xfd, 0x0, 0x0, 0x0, 0x0, 0x0, 0x0,
    0x0, 0xd, 0xf8, 0x1f, 0xf5, 0x0, 0x0, 0x0,
    0x0, 0x0, 0x0, 0x6, 0xff, 0x20, 0x9f, 0xe1,
    0x0, 0x0, 0x0, 0x0, 0x0, 0x1, 0xef, 0x90,
    0x1, 0xff, 0xa0, 0x0, 0x0, 0x0, 0x0, 0x0,
    0xcf, 0xe1, 0x0, 0x6, 0xff, 0x70, 0x0, 0x0,
    0x0, 0x0, 0xcf, 0xf5, 0x0, 0x0, 0xb, 0xff,
    0x80, 0x0, 0x0, 0x2, 0xcf, 0xf6, 0x0, 0x0,
    0x0, 0x1c, 0xff, 0x91, 0x0, 0x7, 0xff, 0xf6,
    0x0, 0x0, 0x0, 0x0, 0xc, 0xff, 0xe6, 0x9,
    0xff, 0xd3, 0x0, 0x0, 0x0, 0x0, 0x0, 0x9,
    0xff, 0xd1, 0xb, 0x70, 0x0, 0x0, 0x0, 0x0,
    0x0, 0x0, 0x3, 0xc2, 0x0, 0x0, 0x0, 0x0,
    0x0, 0x0, 0x0, 0x0, 0x0, 0x0, 0x0,

    /* U+5929 "天" */
    0x8, 0xff, 0xff, 0xff, 0xff, 0xff, 0xff, 0xff,
    0xff, 0xe0, 0x0, 0x8f, 0xff, 0xff, 0xff, 0xff,
    0xff, 0xff, 0xff, 0xfe, 0x0, 0x1, 0x22, 0x22,
    0x22, 0x2f, 0xf4, 0x22, 0x22, 0x22, 0x20, 0x0,
    0x0, 0x0, 0x0, 0x0, 0xff, 0x20, 0x0, 0x0,
    0x0, 0x0, 0x0, 0x0, 0x0, 0x0, 0xf, 0xf2,
    0x0, 0x0, 0x0, 0x0, 0x0, 0x0, 0x0, 0x0,
    0x1, 0xff, 0x10, 0x0, 0x0, 0x0, 0x0, 0x12,
    0x22, 0x22, 0x22, 0x4f, 0xf3, 0x22, 0x22, 0x22,
    0x22, 0x5, 0xff, 0xff, 0xff, 0xff, 0xff, 0xff,
    0xff, 0xff, 0xff, 0xd0, 0x5f, 0xff, 0xff, 0xff,
    0xff, 0xff, 0xff, 0xff, 0xff, 0xfc, 0x0, 0x0,
    0x0, 0x0, 0xc, 0xff, 0xe1, 0x0, 0x0, 0x0,
    0x0, 0x0, 0x0, 0x0, 0x2, 0xff, 0xef, 0x80,
    0x0, 0x0, 0x0, 0x0, 0x0, 0x0, 0x0, 0xbf,
    0xd4, 0xff, 0x10, 0x0, 0x0, 0x0, 0x0, 0x0,
    0x0, 0x6f, 0xf5, 0xb, 0xfc, 0x0, 0x0, 0x0,
    0x0, 0x0, 0x0, 0x4f, 0xfa, 0x0, 0x2f, 0xfb,
    0x0, 0x0, 0x0, 0x0, 0x0, 0x7f, 0xfd, 0x0,
    0x0, 0x4f, 0xfb, 0x10, 0x0, 0x0, 0x1, 0xaf,
    0xfc, 0x10, 0x0, 0x0, 0x6f, 0xfe, 0x50, 0x0,
    0x28, 0xff, 0xf9, 0x0, 0x0, 0x0, 0x0, 0x4e,
    0xff, 0xe8, 0x19, 0xff, 0xd5, 0x0, 0x0, 0x0,
    0x0, 0x0, 0x1a, 0xff, 0xf2, 0xa, 0x60, 0x0,
    0x0, 0x0, 0x0, 0x0, 0x0, 0x1, 0x85, 0x0,

    /* U+5931 "失" */
    0x0, 0x0, 0x13, 0x0, 0x2, 0xa9, 0x0, 0x0,
    0x0, 0x0, 0x0, 0x0, 0x0, 0x7f, 0xd0, 0x3,
    0xfe, 0x0, 0x0, 0x0, 0x0, 0x0, 0x0, 0x0,
    0xdf, 0x80, 0x3, 0xfe, 0x0, 0x0, 0x0, 0x0,
    0x0, 0x0, 0x3, 0xff, 0x30, 0x3, 0xfe, 0x0,
    0x0, 0x0, 0x0, 0x0, 0x0, 0x9, 0xff, 0xff,
    0xff, 0xff, 0xff, 0xff, 0xff, 0xe0, 0x0, 0x0,
    0x1f, 0xff, 0xff, 0xff, 0xff, 0xff, 0xff, 0xff,
    0xf0, 0x0, 0x0, 0xaf, 0xe2, 0x22, 0x25, 0xff,
    0x22, 0x22, 0x22, 0x20, 0x0, 0x5, 0xff, 0x50,
    0x0, 0x4, 0xfe, 0x0, 0x0, 0x0, 0x0, 0x0,
    0x5, 0xea, 0x0, 0x0, 0x5, 0xfd, 0x0, 0x0,
    0x0, 0x0, 0x0, 0x0, 0x0, 0x0, 0x0, 0x6,
    0xfd, 0x0, 0x0, 0x0, 0x0, 0x0, 0xe, 0xff,
    0xff, 0xff, 0xff, 0xff, 0xff, 0xff, 0xff, 0xff,
    0xc0, 0xe, 0xff, 0xff, 0xff, 0xff, 0xff, 0xff,
    0xff, 0xff, 0xff, 0xd0, 0x2, 0x22, 0x22, 0x22,
    0x4f, 0xff, 0xf3, 0x22, 0x22, 0x22, 0x10, 0x0,
    0x0, 0x0, 0x0, 0xaf, 0xec, 0xf8, 0x0, 0x0,
    0x0, 0x0, 0x0, 0x0, 0x0, 0x5, 0xff, 0x63,
    0xff, 0x30, 0x0, 0x0, 0x0, 0x0, 0x0, 0x0,
    0x4f, 0xfc, 0x0, 0xaf, 0xf3, 0x0, 0x0, 0x0,
    0x0, 0x0, 0x7, 0xff, 0xd1, 0x0, 0xc, 0xff,
    0x50, 0x0, 0x0, 0x0, 0x4, 0xcf, 0xfd, 0x20,
    0x0, 0x1, 0xdf, 0xfc, 0x30, 0x0, 0x7, 0xdf,
    0xff, 0x80, 0x0, 0x0, 0x0, 0x9, 0xff, 0xfd,
    0x81, 0xb, 0xff, 0xb3, 0x0, 0x0, 0x0, 0x0,
    0x0, 0x3b, 0xff, 0xc0, 0x1, 0x82, 0x0, 0x0,
    0x0, 0x0, 0x0, 0x0, 0x0, 0x17, 0x20,

    /* U+5934 "头" */
    0x0, 0x0, 0x0, 0x0, 0x0, 0x59, 0x60, 0x0,
    0x0, 0x0, 0x0, 0x3, 0xc6, 0x0, 0x0, 0x8f,
    0xa0, 0x0, 0x0, 0x0, 0x0, 0xa, 0xff, 0xe7,
    0x0, 0x8f, 0x90, 0x0, 0x0, 0x0, 0x0, 0x0,
    0x3a, 0xff, 0xe1, 0x8f, 0x90, 0x0, 0x0, 0x0,
    0x0, 0x0, 0x0, 0x3d, 0x90, 0x9f, 0x90, 0x0,
    0x0, 0x0, 0x2, 0xa4, 0x0, 0x0, 0x0, 0x9f,
    0x80, 0x0, 0x0, 0x0, 0xa, 0xff, 0xd5, 0x0,
    0x0, 0xaf, 0x70, 0x0, 0x0, 0x0, 0x0, 0x5d,
    0xff, 0xc1, 0x0, 0xcf, 0x50, 0x0, 0x0, 0x0,
    0x0, 0x0, 0x6e, 0xd0, 0x0, 0xef, 0x40, 0x0,
    0x0, 0x0, 0x0, 0x0, 0x1, 0x10, 0x0, 0xff,
    0x20, 0x0, 0x0, 0x0, 0xad, 0xdd, 0xdd, 0xdd,
    0xdd, 0xff, 0xdd, 0xdd, 0xdd, 0xdc, 0xcf, 0xff,
    0xff, 0xff, 0xff, 0xff, 0xff, 0xff, 0xff, 0xfe,
    0x12, 0x22, 0x22, 0x22, 0x2e, 0xf7, 0x22, 0x22,
    0x22, 0x22, 0x0, 0x0, 0x0, 0x0, 0x6f, 0xe0,
    0x0, 0x0, 0x0, 0x0, 0x0, 0x0, 0x0, 0x2,
    0xef, 0x86, 0xb3, 0x0, 0x0, 0x0, 0x0, 0x0,
    0x0, 0x2e, 0xfc, 0xc, 0xff, 0xb2, 0x0, 0x0,
    0x0, 0x0, 0x6, 0xef, 0xd1, 0x0, 0x5d, 0xff,
    0xa1, 0x0, 0x0, 0x4, 0xcf, 0xfd, 0x20, 0x0,
    0x0, 0x7f, 0xfe, 0x50, 0x49, 0xef, 0xff, 0x80,
    0x0, 0x0, 0x0, 0x1, 0xbf, 0xf8, 0x6f, 0xfe,
    0x71, 0x0, 0x0, 0x0, 0x0, 0x0, 0x7, 0xf4,
    0x6, 0x30, 0x0, 0x0, 0x0, 0x0, 0x0, 0x0,
    0x0, 0x10,

    /* U+5982 "如" */
    0x0, 0x0, 0x46, 0x20, 0x0, 0x0, 0x0, 0x0,
    0x0, 0x0, 0x0, 0x0, 0xb, 0xf5, 0x0, 0x0,
    0x0, 0x0, 0x0, 0x0, 0x0, 0x0, 0x0, 0xdf,
    0x20, 0x0, 0x0, 0x22, 0x22, 0x22, 0x22, 0x0,
    0x0, 0xf, 0xf0, 0x0, 0x0, 0x2f, 0xff, 0xff,
    0xff, 0xf3, 0x0, 0x2, 0xfd, 0x0, 0x1, 0x2,
    0xff, 0xcc, 0xcc, 0xff, 0x30, 0xff, 0xff, 0xff,
    0xff, 0xf9, 0x2f, 0xd0, 0x0, 0xd, 0xf3, 0xe,
    0xef, 0xfe, 0xee, 0xff, 0x82, 0xfd, 0x0, 0x0,
    0xdf, 0x30, 0x0, 0xcf, 0x30, 0x9, 0xf6, 0x2f,
    0xd0, 0x0, 0xd, 0xf3, 0x0, 0xf, 0xf0, 0x0,
    0xcf, 0x42, 0xfd, 0x0, 0x0, 0xdf, 0x30, 0x3,
    0xfb, 0x0, 0xf, 0xf2, 0x2f, 0xd0, 0x0, 0xd,
    0xf3, 0x0, 0x8f, 0x70, 0x2, 0xff, 0x2, 0xfd,
    0x0, 0x0, 0xdf, 0x30, 0xc, 0xf3, 0x0, 0x7f,
    0xb0, 0x2f, 0xd0, 0x0, 0xd, 0xf3, 0x0, 0xff,
    0xd2, 0xc, 0xf6, 0x2, 0xfd, 0x0, 0x0, 0xdf,
    0x30, 0x3, 0xef, 0xe6, 0xff, 0x10, 0x2f, 0xd0,
    0x0, 0xd, 0xf3, 0x0, 0x1, 0xcf, 0xff, 0xa0,
    0x2, 0xfd, 0x0, 0x0, 0xdf, 0x30, 0x0, 0x0,
    0xbf, 0xfa, 0x0, 0x2f, 0xd0, 0x0, 0xd, 0xf3,
    0x0, 0x0, 0x2e, 0xff, 0xfa, 0x2, 0xfd, 0x22,
    0x22, 0xef, 0x30, 0x0, 0x2e, 0xfd, 0x7f, 0xf7,
    0x2f, 0xff, 0xff, 0xff, 0xf3, 0x1, 0x8f, 0xfe,
    0x10, 0x6c, 0x2, 0xff, 0xdd, 0xdd, 0xff, 0x30,
    0xdf, 0xff, 0x30, 0x0, 0x0, 0x2f, 0xd0, 0x0,
    0xd, 0xf3, 0x6, 0xfb, 0x10, 0x0, 0x0, 0x2,
    0xfd, 0x0, 0x0, 0x0, 0x0, 0x5, 0x0, 0x0,
    0x0, 0x0, 0x0, 0x0, 0x0, 0x0, 0x0,

    /* U+59CB "始" */
    0x0, 0x2, 0x52, 0x0, 0x0, 0x0, 0x4, 0x40,
    0x0, 0x0, 0x0, 0x0, 0x7, 0xf7, 0x0, 0x0,
    0x0, 0xe, 0xf7, 0x0, 0x0, 0x0, 0x0, 0x9,
    0xf5, 0x0, 0x0, 0x0, 0x5f, 0xf1, 0x0, 0x0,
    0x0, 0x0, 0xb, 0xf2, 0x0, 0x0, 0x0, 0xcf,
    0x80, 0x2, 0x0, 0x0, 0x0, 0xe, 0xf1, 0x0,
    0x0, 0x4, 0xff, 0x10, 0x8f, 0x60, 0x0, 0x1f,
    0xff, 0xff, 0xff, 0x90, 0xc, 0xf7, 0x0, 0x3f,
    0xf1, 0x0, 0x1e, 0xef, 0xfe, 0xef, 0x80, 0x6f,
    0xd0, 0x0, 0x8, 0xfb, 0x0, 0x0, 0x7f, 0x70,
    0x7f, 0x62, 0xff, 0x42, 0x34, 0x56, 0xff, 0x40,
    0x0, 0xaf, 0x30, 0x9f, 0x5e, 0xff, 0xff, 0xff,
    0xff, 0xff, 0xd0, 0x0, 0xef, 0x0, 0xcf, 0x2c,
    0xff, 0xfd, 0xca, 0x98, 0x6d, 0xf4, 0x2, 0xfc,
    0x0, 0xef, 0x3, 0x30, 0x0, 0x0, 0x0, 0x6,
    0x80, 0x6, 0xf8, 0x2, 0xfc, 0x0, 0x0, 0x0,
    0x0, 0x0, 0x0, 0x0, 0x8, 0xfe, 0x36, 0xf9,
    0x0, 0xef, 0xff, 0xff, 0xff, 0xff, 0x0, 0x0,
    0x8f, 0xfe, 0xf4, 0x0, 0xef, 0xcc, 0xcc, 0xcc,
    0xff, 0x0, 0x0, 0x6, 0xff, 0xf0, 0x0, 0xef,
    0x0, 0x0, 0x0, 0xef, 0x0, 0x0, 0x0, 0xbf,
    0xfa, 0x0, 0xef, 0x0, 0x0, 0x0, 0xef, 0x0,
    0x0, 0x6, 0xff, 0xef, 0x90, 0xef, 0x0, 0x0,
    0x0, 0xef, 0x0, 0x0, 0x3f, 0xf5, 0x3f, 0xa0,
    0xef, 0x0, 0x0, 0x0, 0xef, 0x0, 0x6, 0xff,
    0xa0, 0x4, 0x0, 0xef, 0xff, 0xff, 0xff, 0xff,
    0x0, 0xd, 0xfb, 0x0, 0x0, 0x0, 0xef, 0xdd,
    0xdd, 0xdd, 0xff, 0x0, 0x3, 0x90, 0x0, 0x0,
    0x0, 0xef, 0x0, 0x0, 0x0, 0xdf, 0x0,

    /* U+5B57 "字" */
    0x0, 0x0, 0x0, 0x0, 0x5, 0x20, 0x0, 0x0,
    0x0, 0x0, 0x0, 0x0, 0x0, 0x0, 0xaf, 0xb0,
    0x0, 0x0, 0x0, 0x0, 0x12, 0x22, 0x22, 0x22,
    0x4f, 0xf5, 0x22, 0x22, 0x22, 0x20, 0x8f, 0xff,
    0xff, 0xff, 0xff, 0xff, 0xff, 0xff, 0xff, 0xf2,
    0x8f, 0xed, 0xdd, 0xdd, 0xdd, 0xdd, 0xdd, 0xdd,
    0xdf, 0xf2, 0x8f, 0x90, 0x0, 0x0, 0x0, 0x0,
    0x0, 0x0, 0xf, 0xf2, 0x8f, 0x90, 0x0, 0x0,
    0x0, 0x0, 0x0, 0x10, 0xf, 0xf2, 0x59, 0x60,
    0xdf, 0xff, 0xff, 0xff, 0xff, 0xf7, 0x9, 0x91,
    0x0, 0x0, 0xcd, 0xdd, 0xdd, 0xde, 0xff, 0xf6,
    0x0, 0x0, 0x0, 0x0, 0x0, 0x0, 0x0, 0x1b,
    0xfe, 0x30, 0x0, 0x0, 0x0, 0x0, 0x0, 0x0,
    0x7, 0xef, 0x90, 0x0, 0x0, 0x0, 0x0, 0x0,
    0x0, 0x0, 0x2f, 0xf3, 0x0, 0x0, 0x0, 0x0,
    0xbe, 0xee, 0xee, 0xee, 0xef, 0xfe, 0xee, 0xee,
    0xee, 0xe4, 0xcf, 0xff, 0xff, 0xff, 0xff, 0xff,
    0xff, 0xff, 0xff, 0xf4, 0x0, 0x0, 0x0, 0x0,
    0x3f, 0xf0, 0x0, 0x0, 0x0, 0x0, 0x0, 0x0,
    0x0, 0x0, 0x2f, 0xf0, 0x0, 0x0, 0x0, 0x0,
    0x0, 0x0, 0x0, 0x0, 0x2f, 0xf0, 0x0, 0x0,
    0x0, 0x0, 0x0, 0x0, 0x0, 0x0, 0x2f, 0xf0,
    0x0, 0x0, 0x0, 0x0, 0x0, 0x0, 0x1, 0x0,
    0x4f, 0xf0, 0x0, 0x0, 0x0, 0x0, 0x0, 0x0,
    0xc, 0xff, 0xff, 0xc0, 0x0, 0x0, 0x0, 0x0,
    0x0, 0x0, 0x5, 0xff, 0xea, 0x20, 0x0, 0x0,
    0x0, 0x0,

    /* U+5B58 "存" */
    0x0, 0x0, 0x0, 0x0, 0x79, 0x30, 0x0, 0x0,
    0x0, 0x0, 0x0, 0x0, 0x0, 0x0, 0x0, 0xef,
    0x60, 0x0, 0x0, 0x0, 0x0, 0x0, 0x0, 0x0,
    0x0, 0x3, 0xff, 0x10, 0x0, 0x0, 0x0, 0x0,
    0x0, 0x7, 0xee, 0xee, 0xef, 0xff, 0xee, 0xee,
    0xee, 0xee, 0xee, 0xd0, 0x7, 0xff, 0xff, 0xff,
    0xff, 0xff, 0xff, 0xff, 0xff, 0xff, 0xe0, 0x0,
    0x11, 0x11, 0x9f, 0xd1, 0x11, 0x11, 0x11, 0x11,
    0x11, 0x10, 0x0, 0x0, 0x2, 0xff, 0x50, 0x0,
    0x0, 0x0, 0x0, 0x0, 0x0, 0x0, 0x0, 0xc,
    0xfc, 0x6, 0xcc, 0xcc, 0xcc, 0xcc, 0xd4, 0x0,
    0x0, 0x0, 0x6f, 0xf3, 0x7, 0xff, 0xff, 0xff,
    0xff, 0xfa, 0x0, 0x0, 0x2, 0xef, 0x80, 0x0,
    0x11, 0x11, 0x14, 0xff, 0xa0, 0x0, 0x0, 0x1d,
    0xff, 0x30, 0x0, 0x0, 0x0, 0x5f, 0xf8, 0x0,
    0x0, 0x2, 0xdf, 0xff, 0x30, 0x0, 0x0, 0x5,
    0xff, 0x40, 0x0, 0x0, 0x1e, 0xfe, 0xef, 0x30,
    0x0, 0x0, 0x6, 0xfa, 0x0, 0x0, 0x0, 0xc,
    0xd2, 0xdf, 0x34, 0xee, 0xee, 0xef, 0xff, 0xee,
    0xee, 0xe4, 0x2, 0x10, 0xdf, 0x34, 0xff, 0xff,
    0xff, 0xff, 0xff, 0xff, 0xf4, 0x0, 0x0, 0xdf,
    0x30, 0x0, 0x0, 0x6, 0xfa, 0x0, 0x0, 0x0,
    0x0, 0x0, 0xdf, 0x30, 0x0, 0x0, 0x6, 0xfa,
    0x0, 0x0, 0x0, 0x0, 0x0, 0xdf, 0x30, 0x0,
    0x0, 0x6, 0xfa, 0x0, 0x0, 0x0, 0x0, 0x0,
    0xdf, 0x30, 0x0, 0x0, 0x6, 0xfa, 0x0, 0x0,
    0x0, 0x0, 0x0, 0xdf, 0x30, 0x0, 0xbf, 0xff,
    0xf8, 0x0, 0x0, 0x0, 0x0, 0x0, 0xdf, 0x30,
    0x0, 0x6f, 0xfe, 0xa1, 0x0, 0x0, 0x0,

    /* U+5B8C "完" */
    0x0, 0x0, 0x0, 0x0, 0x3, 0x72, 0x0, 0x0,
    0x0, 0x0, 0x0, 0x0, 0x0, 0x0, 0x0, 0xc,
    0xfa, 0x0, 0x0, 0x0, 0x0, 0x0, 0x0, 0x0,
    0x0, 0x0, 0x5, 0xff, 0x30, 0x0, 0x0, 0x0,
    0x0, 0x6, 0xff, 0xff, 0xff, 0xff, 0xff, 0xff,
    0xff, 0xff, 0xff, 0x20, 0x6, 0xff, 0xff, 0xff,
    0xff, 0xff, 0xff, 0xff, 0xff, 0xff, 0x20, 0x6,
    0xfa, 0x0, 0x0, 0x0, 0x0, 0x0, 0x0, 0x0,
    0xff, 0x20, 0x6, 0xfa, 0x0, 0x0, 0x0, 0x0,
    0x0, 0x0, 0x0, 0xff, 0x20, 0x6, 0xfa, 0xf,
    0xff, 0xff, 0xff, 0xff, 0xff, 0xb0, 0xff, 0x20,
    0x0, 0x11, 0xd, 0xdd, 0xdd, 0xdd, 0xdd, 0xdd,
    0x90, 0x11, 0x0, 0x0, 0x0, 0x0, 0x0, 0x0,
    0x0, 0x0, 0x0, 0x0, 0x0, 0x0, 0x0, 0x0,
    0x0, 0x0, 0x0, 0x0, 0x0, 0x0, 0x0, 0x0,
    0x0, 0xe, 0xff, 0xff, 0xff, 0xff, 0xff, 0xff,
    0xff, 0xff, 0xff, 0xa0, 0xd, 0xee, 0xee, 0xff,
    0xfe, 0xee, 0xff, 0xfe, 0xee, 0xee, 0xa0, 0x0,
    0x0, 0x0, 0x4f, 0xd0, 0x0, 0x9f, 0x80, 0x0,
    0x0, 0x0, 0x0, 0x0, 0x0, 0x6f, 0xb0, 0x0,
    0x9f, 0x80, 0x0, 0x0, 0x0, 0x0, 0x0, 0x0,
    0x9f, 0x90, 0x0, 0x9f, 0x80, 0x0, 0x0, 0x0,
    0x0, 0x0, 0x1, 0xff, 0x40, 0x0, 0x9f, 0x80,
    0x0, 0xa, 0x40, 0x0, 0x0, 0xa, 0xfd, 0x0,
    0x0, 0x9f, 0x80, 0x0, 0xe, 0xf0, 0x0, 0x3,
    0xbf, 0xf4, 0x0, 0x0, 0x9f, 0x90, 0x0, 0x1f,
    0xd0, 0x9, 0xdf, 0xff, 0x50, 0x0, 0x0, 0x6f,
    0xfe, 0xee, 0xff, 0x90, 0x9, 0xfe, 0x81, 0x0,
    0x0, 0x0, 0xa, 0xef, 0xff, 0xfc, 0x10, 0x1,
    0x20, 0x0, 0x0, 0x0, 0x0, 0x0, 0x0, 0x0,
    0x0, 0x0,

    /* U+5BA1 "审" */
    0x0, 0x0, 0x0, 0x0, 0x4, 0x50, 0x0, 0x0,
    0x0, 0x0, 0x0, 0x0, 0x0, 0x0, 0x5f, 0xf2,
    0x0, 0x0, 0x0, 0x0, 0x1, 0x11, 0x11, 0x11,
    0x2e, 0xf9, 0x11, 0x11, 0x11, 0x10, 0x2f, 0xff,
    0xff, 0xff, 0xff, 0xff, 0xff, 0xff, 0xff, 0xf6,
    0x2f, 0xfd, 0xdd, 0xdd, 0xdd, 0xdd, 0xdd, 0xdd,
    0xdf, 0xf6, 0x2f, 0xe0, 0x0, 0x0, 0x7, 0x81,
    0x0, 0x0, 0xb, 0xf6, 0x1b, 0xa0, 0x0, 0x0,
    0xf, 0xf3, 0x0, 0x0, 0x8, 0xb4, 0x0, 0x9b,
    0xbb, 0xbb, 0xbf, 0xfc, 0xbb, 0xbb, 0xbb, 0x10,
    0x0, 0xdf, 0xff, 0xff, 0xff, 0xff, 0xff, 0xff,
    0xff, 0x10, 0x0, 0xdf, 0x30, 0x0, 0xf, 0xf3,
    0x0, 0x0, 0xff, 0x10, 0x0, 0xdf, 0x20, 0x0,
    0xf, 0xf3, 0x0, 0x0, 0xff, 0x10, 0x0, 0xdf,
    0xdc, 0xcc, 0xcf, 0xfd, 0xcc, 0xcc, 0xff, 0x10,
    0x0, 0xdf, 0xff, 0xff, 0xff, 0xff, 0xff, 0xff,
    0xff, 0x10, 0x0, 0xdf, 0x20, 0x0, 0xf, 0xf3,
    0x0, 0x0, 0xff, 0x10, 0x0, 0xdf, 0x20, 0x0,
    0xf, 0xf3, 0x0, 0x0, 0xff, 0x10, 0x0, 0xdf,
    0xff, 0xff, 0xff, 0xff, 0xff, 0xff, 0xff, 0x10,
    0x0, 0xdf, 0xed, 0xdd, 0xdf, 0xfe, 0xdd, 0xdd,
    0xff, 0x10, 0x0, 0xce, 0x20, 0x0, 0xf, 0xf3,
    0x0, 0x0, 0xdd, 0x10, 0x0, 0x0, 0x0, 0x0,
    0xf, 0xf3, 0x0, 0x0, 0x0, 0x0, 0x0, 0x0,
    0x0, 0x0, 0xf, 0xf3, 0x0, 0x0, 0x0, 0x0,
    0x0, 0x0, 0x0, 0x0, 0xf, 0xf3, 0x0, 0x0,
    0x0, 0x0,

    /* U+5BB9 "容" */
    0x0, 0x0, 0x0, 0x0, 0x4, 0xbb, 0x0, 0x0,
    0x0, 0x0, 0x0, 0x0, 0x0, 0x0, 0x0, 0x2,
    0xff, 0x30, 0x0, 0x0, 0x0, 0x0, 0x1, 0xdd,
    0xdd, 0xdd, 0xdd, 0xff, 0xed, 0xdd, 0xdd, 0xdd,
    0x30, 0x1, 0xff, 0xff, 0xff, 0xff, 0xff, 0xff,
    0xff, 0xff, 0xff, 0x40, 0x1, 0xfe, 0x0, 0x1,
    0x0, 0x0, 0x0, 0x10, 0x0, 0xdf, 0x40, 0x1,
    0xfe, 0x0, 0x5f, 0xb0, 0x0, 0xa, 0xd3, 0x0,
    0xdf, 0x40, 0x0, 0x77, 0x5, 0xff, 0x40, 0x0,
    0x9, 0xff, 0x80, 0x67, 0x20, 0x0, 0x1, 0x9f,
    0xf5, 0x0, 0xbd, 0x30, 0x5e, 0xfc, 0x20, 0x0,
    0x0, 0x5e, 0xfe, 0x50, 0x8, 0xff, 0x90, 0x1,
    0xcf, 0xe3, 0x0, 0x0, 0x3f, 0xc1, 0x0, 0x7f,
    0xfe, 0xf9, 0x0, 0xa, 0xf4, 0x0, 0x0, 0x3,
    0x0, 0x9, 0xff, 0x41, 0xdf, 0xb1, 0x0, 0x20,
    0x0, 0x0, 0x0, 0x2, 0xbf, 0xf4, 0x0, 0x1c,
    0xfe, 0x60, 0x0, 0x0, 0x0, 0x0, 0x7f, 0xfd,
    0x20, 0x0, 0x0, 0x9f, 0xfe, 0x60, 0x0, 0x1,
    0x7e, 0xff, 0xfd, 0xcc, 0xcc, 0xcc, 0xcf, 0xff,
    0xfe, 0x70, 0xc, 0xff, 0xdf, 0xff, 0xff, 0xff,
    0xff, 0xff, 0xfa, 0xef, 0xb0, 0x2, 0xb4, 0x1f,
    0xe0, 0x0, 0x0, 0x0, 0xd, 0xf4, 0x6, 0x10,
    0x0, 0x0, 0x1f, 0xe0, 0x0, 0x0, 0x0, 0xd,
    0xf4, 0x0, 0x0, 0x0, 0x0, 0x1f, 0xe0, 0x0,
    0x0, 0x0, 0xd, 0xf4, 0x0, 0x0, 0x0, 0x0,
    0x1f, 0xfc, 0xcc, 0xcc, 0xcc, 0xcf, 0xf4, 0x0,
    0x0, 0x0, 0x0, 0x1f, 0xff, 0xff, 0xff, 0xff,
    0xff, 0xf4, 0x0, 0x0, 0x0, 0x0, 0x1f, 0xe0,
    0x0, 0x0, 0x0, 0xc, 0xe4, 0x0, 0x0,

    /* U+5BC6 "密" */
    0x0, 0x0, 0x0, 0x0, 0x2, 0xaa, 0x0, 0x0,
    0x0, 0x0, 0x0, 0x0, 0x0, 0x0, 0x0, 0x0,
    0xff, 0x10, 0x0, 0x0, 0x0, 0x0, 0x1, 0xcc,
    0xcc, 0xcc, 0xcc, 0xff, 0xdc, 0xcc, 0xcc, 0xcc,
    0x80, 0x2, 0xff, 0xff, 0xff, 0xff, 0xff, 0xff,
    0xff, 0xff, 0xff, 0xa0, 0x2, 0xfe, 0x0, 0x0,
    0x6a, 0x20, 0x0, 0x1, 0x0, 0x8f, 0xa0, 0x2,
    0xfe, 0x0, 0x0, 0x9f, 0xf7, 0x0, 0x7e, 0x60,
    0x7f, 0xa0, 0x1, 0xa9, 0x10, 0x8, 0x63, 0xcf,
    0x57, 0xfe, 0x30, 0x4a, 0x60, 0x0, 0x4, 0xf8,
    0x1f, 0xc0, 0x6, 0x8f, 0xe3, 0x5e, 0x40, 0x0,
    0x0, 0xd, 0xf4, 0x1f, 0xc0, 0x3d, 0xfe, 0x20,
    0x4f, 0xf5, 0x0, 0x0, 0xbf, 0xb0, 0x1f, 0xd9,
    0xff, 0x91, 0x7, 0xa6, 0xff, 0x40, 0x8, 0xfd,
    0x0, 0x3f, 0xff, 0xd3, 0x0, 0xa, 0xf1, 0x6f,
    0xe1, 0x0, 0x65, 0x8d, 0xff, 0xff, 0xbb, 0xbb,
    0xcf, 0xd0, 0x9, 0x80, 0x8, 0xef, 0xff, 0xc9,
    0xde, 0xff, 0xff, 0xec, 0x30, 0x0, 0x0, 0x6,
    0xfe, 0x93, 0x0, 0x0, 0x55, 0x10, 0x0, 0x0,
    0x0, 0x0, 0x0, 0x51, 0x11, 0x0, 0x0, 0xef,
    0x20, 0x0, 0x6, 0x50, 0x0, 0x0, 0x5, 0xfc,
    0x0, 0x0, 0xef, 0x20, 0x0, 0x2f, 0xe0, 0x0,
    0x0, 0x5, 0xfc, 0x0, 0x0, 0xef, 0x20, 0x0,
    0x2f, 0xe0, 0x0, 0x0, 0x5, 0xfc, 0x0, 0x0,
    0xef, 0x20, 0x0, 0x2f, 0xe0, 0x0, 0x0, 0x5,
    0xff, 0xcc, 0xcc, 0xff, 0xdc, 0xcc, 0xdf, 0xe0,
    0x0, 0x0, 0x5, 0xff, 0xff, 0xff, 0xff, 0xff,
    0xff, 0xff, 0xe0, 0x0, 0x0, 0x0, 0x22, 0x22,
    0x22, 0x22, 0x22, 0x22, 0x4f, 0xe0, 0x0,

    /* U+5BF9 "对" */
    0x0, 0x0, 0x0, 0x0, 0x0, 0x0, 0x0, 0x0,
    0x25, 0x30, 0x0, 0x0, 0x0, 0x0, 0x0, 0x0,
    0x0, 0x0, 0x0, 0x7f, 0x80, 0x0, 0x0, 0x0,
    0x0, 0x0, 0x0, 0x0, 0x0, 0x0, 0x7f, 0x80,
    0x0, 0x4, 0x88, 0x88, 0x88, 0x96, 0x0, 0x0,
    0x0, 0x7f, 0x80, 0x0, 0x7, 0xff, 0xff, 0xff,
    0xff, 0x0, 0x0, 0x0, 0x7f, 0x80, 0x0, 0x3,
    0x66, 0x66, 0x68, 0xfd, 0x13, 0x33, 0x33, 0x9f,
    0xa3, 0x30, 0x0, 0x0, 0x0, 0x5, 0xfb, 0x7f,
    0xff, 0xff, 0xff, 0xff, 0xf1, 0x0, 0x0, 0x0,
    0x8, 0xf8, 0x5c, 0xcc, 0xcc, 0xef, 0xec, 0xc0,
    0x0, 0x59, 0x0, 0xb, 0xf5, 0x0, 0x0, 0x0,
    0x7f, 0x80, 0x0, 0x1, 0xef, 0xb0, 0xf, 0xf1,
    0x0, 0x0, 0x0, 0x7f, 0x80, 0x0, 0x0, 0x3e,
    0xfb, 0x5f, 0xc0, 0x1b, 0xc0, 0x0, 0x7f, 0x80,
    0x0, 0x0, 0x3, 0xef, 0xff, 0x80, 0xc, 0xf6,
    0x0, 0x7f, 0x80, 0x0, 0x0, 0x0, 0x3e, 0xff,
    0x30, 0x3, 0xfe, 0x0, 0x7f, 0x80, 0x0, 0x0,
    0x0, 0x8, 0xff, 0x90, 0x0, 0xbf, 0x60, 0x7f,
    0x80, 0x0, 0x0, 0x0, 0xe, 0xff, 0xf6, 0x0,
    0x5f, 0xa0, 0x7f, 0x80, 0x0, 0x0, 0x0, 0x8f,
    0xd8, 0xff, 0x20, 0x4, 0x0, 0x7f, 0x80, 0x0,
    0x0, 0x4, 0xff, 0x30, 0xcf, 0xc0, 0x0, 0x0,
    0x7f, 0x80, 0x0, 0x0, 0x2e, 0xf9, 0x0, 0x2e,
    0x30, 0x0, 0x0, 0x7f, 0x80, 0x0, 0x3, 0xef,
    0xd0, 0x0, 0x0, 0x0, 0x2, 0x22, 0xaf, 0x80,
    0x0, 0xd, 0xfc, 0x10, 0x0, 0x0, 0x0, 0xb,
    0xff, 0xff, 0x50, 0x0, 0x2, 0xb1, 0x0, 0x0,
    0x0, 0x0, 0x6, 0xff, 0xd8, 0x0, 0x0, 0x0,
    0x0, 0x0, 0x0, 0x0, 0x0, 0x0, 0x0, 0x0,
    0x0, 0x0,

    /* U+5C04 "射" */
    0x0, 0x0, 0x1, 0x53, 0x0, 0x0, 0x0, 0x0,
    0x4, 0x40, 0x0, 0x0, 0x0, 0x6, 0xfd, 0x0,
    0x0, 0x0, 0x0, 0xe, 0xf1, 0x0, 0x0, 0x0,
    0xb, 0xf6, 0x0, 0x0, 0x0, 0x0, 0xe, 0xf1,
    0x0, 0x0, 0x2f, 0xff, 0xff, 0xff, 0xa0, 0x0,
    0x0, 0xe, 0xf1, 0x0, 0x0, 0x2f, 0xd9, 0x99,
    0xaf, 0xa0, 0x0, 0x0, 0xe, 0xf1, 0x0, 0x0,
    0x2f, 0xa0, 0x0, 0x3f, 0xa5, 0x99, 0x99, 0x9f,
    0xfa, 0x93, 0x0, 0x2f, 0xff, 0xff, 0xff, 0xa8,
    0xff, 0xff, 0xff, 0xff, 0xf6, 0x0, 0x2f, 0xd8,
    0x88, 0xaf, 0xa3, 0x55, 0x55, 0x5f, 0xf6, 0x52,
    0x0, 0x2f, 0xa0, 0x0, 0x3f, 0xa0, 0x0, 0x0,
    0xe, 0xf1, 0x0, 0x0, 0x2f, 0xff, 0xff, 0xff,
    0xa0, 0x7a, 0x0, 0xe, 0xf1, 0x0, 0x0, 0x2f,
    0xd8, 0x88, 0xaf, 0xa0, 0xbf, 0x50, 0xe, 0xf1,
    0x0, 0x0, 0x2f, 0xa0, 0x0, 0x3f, 0xa0, 0x2f,
    0xd0, 0xe, 0xf1, 0x0, 0x7, 0xef, 0xfd, 0xdd,
    0xef, 0xa0, 0xa, 0xf5, 0xe, 0xf1, 0x0, 0x8,
    0xff, 0xff, 0xff, 0xff, 0xa0, 0x3, 0xfb, 0xe,
    0xf1, 0x0, 0x0, 0x0, 0x2, 0xef, 0x9f, 0xa0,
    0x0, 0xc8, 0xe, 0xf1, 0x0, 0x0, 0x0, 0x1e,
    0xf7, 0x3f, 0xa0, 0x0, 0x0, 0xe, 0xf1, 0x0,
    0x0, 0x2, 0xdf, 0x90, 0x3f, 0xa0, 0x0, 0x0,
    0xe, 0xf1, 0x0, 0x0, 0x7f, 0xfb, 0x0, 0x3f,
    0xa0, 0x0, 0x0, 0xe, 0xf1, 0x0, 0xb, 0xff,
    0x80, 0x0, 0x4f, 0xa0, 0x0, 0x0, 0xe, 0xf0,
    0x0, 0x3, 0xd4, 0x0, 0xbb, 0xdf, 0x90, 0x2,
    0xff, 0xff, 0xe0, 0x0, 0x0, 0x0, 0x0, 0xbf,
    0xfb, 0x20, 0x0, 0xcf, 0xeb, 0x30, 0x0, 0x0,
    0x0, 0x0, 0x0, 0x0, 0x0, 0x0, 0x0, 0x0,
    0x0, 0x0,

    /* U+5C06 "将" */
    0x0, 0x0, 0x6, 0x50, 0x0, 0x0, 0x2, 0x30,
    0x0, 0x0, 0x0, 0x0, 0x0, 0x1f, 0xe0, 0x0,
    0x0, 0x1e, 0xfa, 0x0, 0x0, 0x0, 0x0, 0x0,
    0x1f, 0xe0, 0x0, 0x2, 0xef, 0xfb, 0xbb, 0xbb,
    0x50, 0x0, 0x30, 0x1f, 0xe0, 0x0, 0x7f, 0xff,
    0xff, 0xff, 0xff, 0xa0, 0xb, 0xf4, 0x1f, 0xe0,
    0x5e, 0xff, 0x60, 0x0, 0x5, 0xfe, 0x10, 0x6,
    0xff, 0x4f, 0xe0, 0xcf, 0xb6, 0xd5, 0x0, 0x4f,
    0xf4, 0x0, 0x0, 0x8f, 0xef, 0xe0, 0x4, 0x4,
    0xff, 0x58, 0xff, 0x40, 0x0, 0x0, 0xc, 0xcf,
    0xe0, 0x0, 0x0, 0x5f, 0xff, 0xd2, 0x0, 0x0,
    0x0, 0x1, 0x1f, 0xe0, 0x0, 0x38, 0xef, 0xe7,
    0x11, 0x10, 0x0, 0x0, 0x0, 0x1f, 0xe0, 0xaf,
    0xff, 0xd6, 0x0, 0x4f, 0xc0, 0x0, 0x0, 0x0,
    0x1f, 0xe0, 0x4b, 0x72, 0x0, 0x0, 0x4f, 0xc0,
    0x0, 0x0, 0x0, 0xbf, 0xe2, 0xee, 0xee, 0xee,
    0xee, 0xef, 0xfe, 0xe4, 0x0, 0x1c, 0xff, 0xe2,
    0xff, 0xff, 0xff, 0xff, 0xff, 0xff, 0xf5, 0x3,
    0xef, 0xcf, 0xe0, 0x0, 0x53, 0x0, 0x0, 0x5f,
    0xc0, 0x0, 0xe, 0xfa, 0x1f, 0xe0, 0x6, 0xfd,
    0x10, 0x0, 0x4f, 0xc0, 0x0, 0x6, 0xa0, 0x1f,
    0xe0, 0x0, 0xcf, 0xb0, 0x0, 0x4f, 0xc0, 0x0,
    0x0, 0x0, 0x1f, 0xe0, 0x0, 0x1f, 0xf6, 0x0,
    0x4f, 0xc0, 0x0, 0x0, 0x0, 0x1f, 0xe0, 0x0,
    0x7, 0xf9, 0x0, 0x4f, 0xc0, 0x0, 0x0, 0x0,
    0x1f, 0xe0, 0x0, 0x0, 0x20, 0x0, 0x4f, 0xc0,
    0x0, 0x0, 0x0, 0x1f, 0xe0, 0x0, 0x0, 0x7,
    0xee, 0xff, 0xa0, 0x0, 0x0, 0x0, 0x1f, 0xe0,
    0x0, 0x0, 0x3, 0xff, 0xea, 0x10, 0x0,

    /* U+5C0F "小" */
    0x0, 0x0, 0x0, 0x0, 0x0, 0x11, 0x0, 0x0,
    0x0, 0x0, 0x0, 0x0, 0x0, 0x0, 0x0, 0x0,
    0xff, 0x30, 0x0, 0x0, 0x0, 0x0, 0x0, 0x0,
    0x0, 0x0, 0x0, 0xff, 0x30, 0x0, 0x0, 0x0,
    0x0, 0x0, 0x0, 0x0, 0x0, 0x0, 0xff, 0x30,
    0x0, 0x0, 0x0, 0x0, 0x0, 0x0, 0x0, 0x0,
    0x0, 0xff, 0x30, 0x0, 0x0, 0x0, 0x0, 0x0,
    0x0, 0x0, 0x0, 0x0, 0xff, 0x30, 0x0, 0x0,
    0x0, 0x0, 0x0, 0x0, 0xdc, 0x40, 0x0, 0xff,
    0x30, 0x5, 0xd9, 0x0, 0x0, 0x0, 0x2, 0xff,
    0x30, 0x0, 0xff, 0x30, 0x4, 0xff, 0x20, 0x0,
    0x0, 0x6, 0xfe, 0x0, 0x0, 0xff, 0x30, 0x0,
    0xdf, 0xa0, 0x0, 0x0, 0xb, 0xfa, 0x0, 0x0,
    0xff, 0x30, 0x0, 0x5f, 0xf2, 0x0, 0x0, 0xf,
    0xf5, 0x0, 0x0, 0xff, 0x30, 0x0, 0xd, 0xfa,
    0x0, 0x0, 0x6f, 0xf1, 0x0, 0x0, 0xff, 0x30,
    0x0, 0x5, 0xff, 0x20, 0x0, 0xdf, 0xa0, 0x0,
    0x0, 0xff, 0x30, 0x0, 0x0, 0xef, 0x80, 0x6,
    0xff, 0x30, 0x0, 0x0, 0xff, 0x30, 0x0, 0x0,
    0x9f, 0xe0, 0x1e, 0xfa, 0x0, 0x0, 0x0, 0xff,
    0x30, 0x0, 0x0, 0x3f, 0xf3, 0x18, 0xe1, 0x0,
    0x0, 0x0, 0xff, 0x30, 0x0, 0x0, 0xf, 0xf5,
    0x0, 0x0, 0x0, 0x0, 0x0, 0xff, 0x30, 0x0,
    0x0, 0x5, 0x10, 0x0, 0x0, 0x0, 0x0, 0x0,
    0xff, 0x30, 0x0, 0x0, 0x0, 0x0, 0x0, 0x0,
    0x0, 0x21, 0x13, 0xff, 0x20, 0x0, 0x0, 0x0,
    0x0, 0x0, 0x0, 0x1, 0xff, 0xff, 0xff, 0x0,
    0x0, 0x0, 0x0, 0x0, 0x0, 0x0, 0x0, 0xaf,
    0xfe, 0xb3, 0x0, 0x0, 0x0, 0x0, 0x0, 0x0,
    0x0, 0x0, 0x0, 0x0, 0x0, 0x0, 0x0, 0x0,
    0x0, 0x0,

    /* U+5C1A "尚" */
    0x0, 0x0, 0x0, 0x0, 0x66, 0x0, 0x0, 0x0,
    0x0, 0x5, 0x90, 0x0, 0x0, 0xef, 0x10, 0x0,
    0x8, 0xa5, 0xd, 0xf8, 0x0, 0x0, 0xef, 0x10,
    0x0, 0x2f, 0xf7, 0x3, 0xff, 0x40, 0x0, 0xef,
    0x10, 0x0, 0xbf, 0xc0, 0x0, 0x8f, 0xd0, 0x0,
    0xef, 0x10, 0x7, 0xff, 0x20, 0x0, 0x1f, 0xf2,
    0x0, 0xef, 0x10, 0x2f, 0xf5, 0x0, 0x0, 0x4,
    0x10, 0x0, 0xff, 0x20, 0x2, 0x50, 0x0, 0x3f,
    0xff, 0xff, 0xff, 0xff, 0xff, 0xff, 0xff, 0xfe,
    0x3f, 0xfe, 0xee, 0xee, 0xee, 0xee, 0xee, 0xee,
    0xfe, 0x3f, 0xd0, 0x0, 0x0, 0x0, 0x0, 0x0,
    0x1, 0xfe, 0x3f, 0xd0, 0x1, 0x22, 0x22, 0x22,
    0x20, 0x1, 0xfe, 0x3f, 0xd0, 0xd, 0xff, 0xff,
    0xff, 0xf1, 0x1, 0xfe, 0x3f, 0xd0, 0xd, 0xfa,
    0xaa, 0xaf, 0xf1, 0x1, 0xfe, 0x3f, 0xd0, 0xd,
    0xf0, 0x0, 0xd, 0xf1, 0x1, 0xfe, 0x3f, 0xd0,
    0xd, 0xf0, 0x0, 0xd, 0xf1, 0x1, 0xfe, 0x3f,
    0xd0, 0xd, 0xfb, 0xbb, 0xbf, 0xf1, 0x1, 0xfe,
    0x3f, 0xd0, 0xd, 0xff, 0xff, 0xff, 0xf1, 0x1,
    0xfe, 0x3f, 0xd0, 0xd, 0xf1, 0x0, 0x0, 0x0,
    0x1, 0xfe, 0x3f, 0xd0, 0x9, 0xb0, 0x0, 0x0,
    0x0, 0x3, 0xfe, 0x3f, 0xd0, 0x0, 0x0, 0x0,
    0x0, 0x9f, 0xff, 0xfc, 0x3f, 0xd0, 0x0, 0x0,
    0x0, 0x0, 0x3e, 0xed, 0xa2,

    /* U+5C4F "屏" */
    0x0, 0x2b, 0xbb, 0xbb, 0xbb, 0xbb, 0xbb, 0xbb,
    0xbb, 0xba, 0x0, 0x2, 0xff, 0xff, 0xff, 0xff,
    0xff, 0xff, 0xff, 0xff, 0xe0, 0x0, 0x2f, 0xe0,
    0x0, 0x0, 0x0, 0x0, 0x0, 0x5, 0xfe, 0x0,
    0x2, 0xfe, 0x0, 0x0, 0x0, 0x0, 0x0, 0x0,
    0x5f, 0xe0, 0x0, 0x2f, 0xfd, 0xdd, 0xdd, 0xdd,
    0xdd, 0xdd, 0xde, 0xfe, 0x0, 0x2, 0xff, 0xff,
    0xff, 0xff, 0xff, 0xff, 0xff, 0xff, 0xd0, 0x0,
    0x2f, 0xe0, 0x1, 0xac, 0x0, 0x0, 0x4, 0xea,
    0x0, 0x0, 0x2, 0xfe, 0x0, 0xb, 0xf8, 0x0,
    0x0, 0xcf, 0x80, 0x0, 0x0, 0x3f, 0xe2, 0x99,
    0xbc, 0x99, 0x99, 0xaf, 0xf9, 0x99, 0x30, 0x3,
    0xfe, 0x4f, 0xff, 0xff, 0xff, 0xff, 0xff, 0xff,
    0xf4, 0x0, 0x3f, 0xd0, 0x11, 0x3f, 0xf1, 0x11,
    0x4f, 0xe1, 0x11, 0x0, 0x5, 0xfc, 0x0, 0x1,
    0xfe, 0x0, 0x2, 0xfe, 0x0, 0x0, 0x0, 0x6f,
    0xa0, 0x0, 0x1f, 0xe0, 0x0, 0x2f, 0xe0, 0x0,
    0x0, 0x8, 0xf9, 0xcf, 0xff, 0xff, 0xff, 0xff,
    0xff, 0xff, 0xfe, 0x0, 0xcf, 0x6a, 0xcc, 0xef,
    0xfc, 0xcc, 0xdf, 0xfc, 0xcc, 0xb0, 0xf, 0xf3,
    0x0, 0xb, 0xf8, 0x0, 0x2, 0xfe, 0x0, 0x0,
    0x4, 0xfe, 0x0, 0x6, 0xff, 0x20, 0x0, 0x2f,
    0xe0, 0x0, 0x0, 0xcf, 0xa0, 0x8, 0xff, 0x80,
    0x0, 0x2, 0xfe, 0x0, 0x0, 0x3f, 0xf2, 0xc,
    0xff, 0x90, 0x0, 0x0, 0x2f, 0xe0, 0x0, 0x0,
    0x6a, 0x0, 0x2d, 0x50, 0x0, 0x0, 0x2, 0xfe,
    0x0, 0x0, 0x0, 0x0, 0x0, 0x0, 0x0, 0x0,
    0x0, 0x0, 0x0, 0x0, 0x0,

    /* U+5DE5 "工" */
    0x2, 0x22, 0x22, 0x22, 0x22, 0x22, 0x22, 0x22,
    0x22, 0x20, 0xb, 0xff, 0xff, 0xff, 0xff, 0xff,
    0xff, 0xff, 0xff, 0xc0, 0xb, 0xff, 0xff, 0xff,
    0xff, 0xff, 0xff, 0xff, 0xff, 0xc0, 0x0, 0x0,
    0x0, 0x0, 0x3f, 0xf1, 0x0, 0x0, 0x0, 0x0,
    0x0, 0x0, 0x0, 0x0, 0x3f, 0xf1, 0x0, 0x0,
    0x0, 0x0, 0x0, 0x0, 0x0, 0x0, 0x3f, 0xf1,
    0x0, 0x0, 0x0, 0x0, 0x0, 0x0, 0x0, 0x0,
    0x3f, 0xf1, 0x0, 0x0, 0x0, 0x0, 0x0, 0x0,
    0x0, 0x0, 0x3f, 0xf1, 0x0, 0x0, 0x0, 0x0,
    0x0, 0x0, 0x0, 0x0, 0x3f, 0xf1, 0x0, 0x0,
    0x0, 0x0, 0x0, 0x0, 0x0, 0x0, 0x3f, 0xf1,
    0x0, 0x0, 0x0, 0x0, 0x0, 0x0, 0x0, 0x0,
    0x3f, 0xf1, 0x0, 0x0, 0x0, 0x0, 0x0, 0x0,
    0x0, 0x0, 0x3f, 0xf1, 0x0, 0x0, 0x0, 0x0,
    0x0, 0x0, 0x0, 0x0, 0x3f, 0xf1, 0x0, 0x0,
    0x0, 0x0, 0x0, 0x0, 0x0, 0x0, 0x3f, 0xf1,
    0x0, 0x0, 0x0, 0x0, 0x0, 0x0, 0x0, 0x0,
    0x3f, 0xf1, 0x0, 0x0, 0x0, 0x0, 0xef, 0xff,
    0xff, 0xff, 0xff, 0xff, 0xff, 0xff, 0xff, 0xff,
    0xef, 0xff, 0xff, 0xff, 0xff, 0xff, 0xff, 0xff,
    0xff, 0xff, 0x11, 0x11, 0x11, 0x11, 0x11, 0x11,
    0x11, 0x11, 0x11, 0x11,

    /* U+5DF2 "已" */
    0x11, 0x11, 0x11, 0x11, 0x11, 0x11, 0x11, 0x11,
    0x0, 0x0, 0xff, 0xff, 0xff, 0xff, 0xff, 0xff,
    0xff, 0xff, 0x40, 0x0, 0xef, 0xff, 0xff, 0xff,
    0xff, 0xff, 0xff, 0xff, 0x40, 0x0, 0x0, 0x0,
    0x0, 0x0, 0x0, 0x0, 0x0, 0xef, 0x40, 0x0,
    0x4, 0x50, 0x0, 0x0, 0x0, 0x0, 0x0, 0xef,
    0x40, 0x0, 0xe, 0xf2, 0x0, 0x0, 0x0, 0x0,
    0x0, 0xef, 0x40, 0x0, 0xe, 0xf2, 0x0, 0x0,
    0x0, 0x0, 0x0, 0xef, 0x40, 0x0, 0xe, 0xf2,
    0x0, 0x0, 0x0, 0x0, 0x0, 0xef, 0x40, 0x0,
    0xe, 0xff, 0xff, 0xff, 0xff, 0xff, 0xff, 0xff,
    0x40, 0x0, 0xe, 0xff, 0xff, 0xff, 0xff, 0xff,
    0xff, 0xff, 0x40, 0x0, 0xe, 0xf4, 0x11, 0x11,
    0x11, 0x11, 0x11, 0xef, 0x40, 0x0, 0xe, 0xf2,
    0x0, 0x0, 0x0, 0x0, 0x0, 0x56, 0x10, 0x0,
    0xe, 0xf2, 0x0, 0x0, 0x0, 0x0, 0x0, 0x0,
    0x0, 0x0, 0xe, 0xf2, 0x0, 0x0, 0x0, 0x0,
    0x0, 0x0, 0xa, 0x40, 0xe, 0xf2, 0x0, 0x0,
    0x0, 0x0, 0x0, 0x0, 0x3f, 0xf0, 0xe, 0xf3,
    0x0, 0x0, 0x0, 0x0, 0x0, 0x0, 0x7f, 0xc0,
    0xc, 0xf9, 0x0, 0x0, 0x0, 0x0, 0x0, 0x3,
    0xef, 0x90, 0x7, 0xff, 0xff, 0xff, 0xff, 0xff,
    0xff, 0xff, 0xff, 0x10, 0x0, 0x8e, 0xff, 0xff,
    0xff, 0xff, 0xff, 0xff, 0xc3, 0x0, 0x0, 0x0,
    0x1, 0x11, 0x11, 0x11, 0x11, 0x10, 0x0, 0x0,

    /* U+5E55 "幕" */
    0x0, 0x0, 0x0, 0x68, 0x20, 0x0, 0x4, 0x85,
    0x0, 0x0, 0x0, 0x3, 0x44, 0x44, 0xdf, 0x84,
    0x44, 0x4a, 0xfb, 0x44, 0x44, 0x20, 0xa, 0xff,
    0xff, 0xff, 0xff, 0xff, 0xff, 0xff, 0xff, 0xff,
    0x90, 0x3, 0x55, 0x55, 0xdf, 0x85, 0x55, 0x5a,
    0xfb, 0x55, 0x55, 0x30, 0x0, 0x2, 0x55, 0x8a,
    0x65, 0x55, 0x57, 0x97, 0x55, 0x30, 0x0, 0x0,
    0x7, 0xff, 0xff, 0xff, 0xff, 0xff, 0xff, 0xff,
    0x90, 0x0, 0x0, 0x7, 0xf8, 0x0, 0x0, 0x0,
    0x0, 0x0, 0x7f, 0x90, 0x0, 0x0, 0x7, 0xff,
    0xff, 0xff, 0xff, 0xff, 0xff, 0xff, 0x90, 0x0,
    0x0, 0x7, 0xfa, 0x44, 0x44, 0x44, 0x44, 0x44,
    0xaf, 0x90, 0x0, 0x0, 0x7, 0xfb, 0x55, 0x55,
    0x55, 0x55, 0x55, 0xaf, 0x90, 0x0, 0x0, 0x7,
    0xff, 0xff, 0xff, 0xff, 0xff, 0xff, 0xff, 0x90,
    0x0, 0x0, 0x0, 0x0, 0x1e, 0xf5, 0x0, 0x0,
    0x0, 0x0, 0x0, 0x0, 0xe, 0xff, 0xff, 0xff,
    0xff, 0xff, 0xff, 0xff, 0xff, 0xff, 0xc0, 0x8,
    0x99, 0xaf, 0xfd, 0x9a, 0xff, 0x99, 0xdf, 0xe9,
    0x99, 0x70, 0x0, 0x4, 0xef, 0xd1, 0x2, 0xfe,
    0x0, 0x1d, 0xfc, 0x20, 0x0, 0x4, 0xbf, 0xff,
    0xff, 0xff, 0xff, 0xff, 0xff, 0xff, 0xfb, 0x50,
    0x2f, 0xfc, 0xaf, 0xd9, 0x9a, 0xff, 0x99, 0x9c,
    0xfc, 0xcf, 0xd1, 0x4, 0x40, 0x7f, 0x80, 0x2,
    0xfd, 0x0, 0x5, 0xf9, 0x2, 0x20, 0x0, 0x0,
    0x7f, 0x80, 0x2, 0xfd, 0x4, 0x8b, 0xf9, 0x0,
    0x0, 0x0, 0x0, 0x7f, 0x80, 0x2, 0xfd, 0x3,
    0xff, 0xc3, 0x0, 0x0, 0x0, 0x0, 0x0, 0x0,
    0x2, 0xfd, 0x0, 0x0, 0x0, 0x0, 0x0,

    /* U+5E76 "并" */
    0x0, 0x0, 0x26, 0x0, 0x0, 0x0, 0x0, 0x74,
    0x0, 0x0, 0x0, 0x1, 0xff, 0x60, 0x0, 0x0,
    0x3, 0xff, 0x60, 0x0, 0x0, 0x0, 0x7f, 0xf1,
    0x0, 0x0, 0x9, 0xfd, 0x0, 0x0, 0x0, 0x0,
    0xe, 0xf8, 0x0, 0x0, 0x1f, 0xf5, 0x0, 0x0,
    0x0, 0x0, 0x7, 0xd6, 0x0, 0x0, 0x8f, 0xd0,
    0x0, 0x0, 0x1f, 0xff, 0xff, 0xff, 0xff, 0xff,
    0xff, 0xff, 0xff, 0xf4, 0x1f, 0xff, 0xff, 0xff,
    0xff, 0xff, 0xff, 0xff, 0xff, 0xf4, 0x0, 0x0,
    0xe, 0xf3, 0x0, 0x0, 0x2f, 0xf0, 0x0, 0x0,
    0x0, 0x0, 0xe, 0xf3, 0x0, 0x0, 0x2f, 0xf0,
    0x0, 0x0, 0x0, 0x0, 0xe, 0xf3, 0x0, 0x0,
    0x2f, 0xf0, 0x0, 0x0, 0x0, 0x0, 0xe, 0xf3,
    0x0, 0x0, 0x2f, 0xf0, 0x0, 0x0, 0xde, 0xee,
    0xef, 0xff, 0xee, 0xee, 0xff, 0xff, 0xee, 0xee,
    0xef, 0xff, 0xff, 0xff, 0xff, 0xff, 0xff, 0xff,
    0xff, 0xff, 0x0, 0x0, 0x4f, 0xf1, 0x0, 0x0,
    0x3f, 0xf1, 0x0, 0x0, 0x0, 0x0, 0x7f, 0xd0,
    0x0, 0x0, 0x2f, 0xf0, 0x0, 0x0, 0x0, 0x0,
    0xdf, 0x90, 0x0, 0x0, 0x2f, 0xf0, 0x0, 0x0,
    0x0, 0x7, 0xff, 0x20, 0x0, 0x0, 0x2f, 0xf0,
    0x0, 0x0, 0x0, 0x5f, 0xfa, 0x0, 0x0, 0x0,
    0x2f, 0xf0, 0x0, 0x0, 0x7, 0xff, 0xd0, 0x0,
    0x0, 0x0, 0x2f, 0xf0, 0x0, 0x0, 0x8f, 0xfd,
    0x20, 0x0, 0x0, 0x0, 0x2f, 0xf0, 0x0, 0x0,
    0xc, 0x90, 0x0, 0x0, 0x0, 0x0, 0x2f, 0xf0,
    0x0, 0x0, 0x0, 0x0, 0x0, 0x0, 0x0, 0x0,
    0x0, 0x0, 0x0, 0x0,

    /* U+5E94 "应" */
    0x0, 0x0, 0x0, 0x0, 0x0, 0x7b, 0x20, 0x0,
    0x0, 0x0, 0x0, 0x0, 0x0, 0x0, 0x0, 0xb,
    0xf9, 0x0, 0x0, 0x0, 0x0, 0x0, 0x0, 0x0,
    0x0, 0x0, 0x4f, 0xf1, 0x0, 0x0, 0x0, 0x0,
    0xa, 0xee, 0xee, 0xee, 0xef, 0xff, 0xfe, 0xee,
    0xee, 0xe9, 0x0, 0xaf, 0xff, 0xff, 0xff, 0xff,
    0xff, 0xff, 0xff, 0xff, 0x90, 0xa, 0xf7, 0x0,
    0x0, 0x0, 0x0, 0x0, 0x0, 0x0, 0x0, 0x0,
    0xaf, 0x60, 0x0, 0x0, 0x37, 0x0, 0x0, 0x5,
    0x61, 0x0, 0xa, 0xf6, 0x3, 0x30, 0xb, 0xf5,
    0x0, 0x0, 0xcf, 0x90, 0x0, 0xaf, 0x65, 0xfb,
    0x0, 0x7f, 0x90, 0x0, 0xf, 0xf3, 0x0, 0xb,
    0xf6, 0xf, 0xf1, 0x2, 0xfe, 0x0, 0x4, 0xfe,
    0x0, 0x0, 0xbf, 0x60, 0xaf, 0x70, 0xe, 0xf2,
    0x0, 0xaf, 0x80, 0x0, 0xb, 0xf5, 0x5, 0xfd,
    0x0, 0xaf, 0x60, 0xf, 0xf2, 0x0, 0x0, 0xcf,
    0x40, 0xf, 0xf2, 0x7, 0xfa, 0x5, 0xfc, 0x0,
    0x0, 0xe, 0xf3, 0x0, 0xbf, 0x60, 0x4f, 0xd0,
    0xcf, 0x50, 0x0, 0x0, 0xff, 0x10, 0x6, 0xfb,
    0x1, 0x51, 0x3f, 0xd0, 0x0, 0x0, 0x2f, 0xf0,
    0x0, 0x29, 0x20, 0x0, 0xb, 0xf5, 0x0, 0x0,
    0x5, 0xfc, 0x0, 0x0, 0x0, 0x0, 0x3, 0xfd,
    0x0, 0x0, 0x0, 0x9f, 0x80, 0x0, 0x0, 0x0,
    0x0, 0xcf, 0x60, 0x0, 0x0, 0xf, 0xf4, 0x8f,
    0xff, 0xff, 0xff, 0xff, 0xff, 0xff, 0xff, 0xd5,
    0xfe, 0x8, 0xee, 0xee, 0xee, 0xee, 0xee, 0xee,
    0xee, 0xed, 0x7, 0x80, 0x0, 0x0, 0x0, 0x0,
    0x0, 0x0, 0x0, 0x0, 0x0, 0x0, 0x0, 0x0,
    0x0, 0x0, 0x0, 0x0, 0x0, 0x0, 0x0,

    /* U+5EA7 "座" */
    0x0, 0x0, 0x0, 0x0, 0x0, 0x4, 0x40, 0x0,
    0x0, 0x0, 0x0, 0x0, 0x0, 0x0, 0x0, 0x0,
    0x5f, 0xe1, 0x0, 0x0, 0x0, 0x0, 0x0, 0x22,
    0x22, 0x22, 0x22, 0x2d, 0xfa, 0x22, 0x22, 0x22,
    0x20, 0x0, 0xcf, 0xff, 0xff, 0xff, 0xff, 0xff,
    0xff, 0xff, 0xff, 0xf0, 0x0, 0xcf, 0xdc, 0xcc,
    0xcc, 0xcc, 0xcc, 0xcc, 0xcc, 0xcc, 0xc0, 0x0,
    0xcf, 0x30, 0x0, 0x0, 0x0, 0x0, 0x0, 0x0,
    0x0, 0x0, 0x0, 0xcf, 0x30, 0x4, 0x83, 0x3,
    0xeb, 0x0, 0x48, 0x30, 0x0, 0x0, 0xcf, 0x30,
    0xa, 0xf5, 0x4, 0xfb, 0x0, 0xbf, 0x40, 0x0,
    0x0, 0xcf, 0x30, 0xf, 0xf1, 0x4, 0xfb, 0x1,
    0xff, 0x0, 0x0, 0x0, 0xcf, 0x30, 0x6f, 0xf8,
    0x4, 0xfb, 0x7, 0xff, 0x50, 0x0, 0x0, 0xdf,
    0x32, 0xff, 0xdf, 0xa4, 0xfb, 0x4f, 0xfd, 0xf8,
    0x0, 0x0, 0xdf, 0x4d, 0xf9, 0xb, 0xfa, 0xfd,
    0xff, 0x41, 0xcf, 0xa0, 0x0, 0xef, 0x4c, 0xb0,
    0x0, 0x64, 0xfc, 0x96, 0x0, 0xa, 0x80, 0x0,
    0xff, 0x0, 0x10, 0x0, 0x4, 0xfc, 0x0, 0x0,
    0x0, 0x0, 0x1, 0xfe, 0x2, 0xff, 0xff, 0xff,
    0xff, 0xff, 0xff, 0xfd, 0x0, 0x3, 0xfc, 0x2,
    0xcc, 0xcc, 0xcd, 0xff, 0xcc, 0xcc, 0xca, 0x0,
    0x7, 0xf9, 0x0, 0x0, 0x0, 0x4, 0xfb, 0x0,
    0x0, 0x0, 0x0, 0xa, 0xf6, 0x0, 0x0, 0x0,
    0x4, 0xfb, 0x0, 0x0, 0x0, 0x0, 0xf, 0xf3,
    0x0, 0x0, 0x0, 0x4, 0xfb, 0x0, 0x0, 0x0,
    0x0, 0x5f, 0xd0, 0x9c, 0xcc, 0xcc, 0xcd, 0xff,
    0xcc, 0xcc, 0xcc, 0xc1, 0x4e, 0x70, 0xcf, 0xff,
    0xff, 0xff, 0xff, 0xff, 0xff, 0xff, 0xf1, 0x1,
    0x10, 0x0, 0x0, 0x0, 0x0, 0x0, 0x0, 0x0,
    0x0, 0x0,

    /* U+5EFA "建" */
    0x0, 0x0, 0x0, 0x0, 0x0, 0x0, 0x25, 0x20,
    0x0, 0x0, 0x0, 0x0, 0x0, 0x2, 0x20, 0x0,
    0x0, 0x8f, 0x60, 0x0, 0x0, 0x0, 0xa, 0xff,
    0xff, 0xf3, 0x39, 0x99, 0xcf, 0xc9, 0x99, 0x92,
    0x0, 0x8, 0xcc, 0xdf, 0xe0, 0x5f, 0xff, 0xff,
    0xff, 0xff, 0xf3, 0x0, 0x0, 0x0, 0x9f, 0x70,
    0x0, 0x0, 0x8f, 0x60, 0x9, 0xf3, 0x0, 0x0,
    0x1, 0xfe, 0x8, 0x99, 0x99, 0xcf, 0xc9, 0x9d,
    0xfb, 0x50, 0x0, 0x9, 0xf6, 0xe, 0xff, 0xff,
    0xff, 0xff, 0xff, 0xff, 0x90, 0x0, 0x2f, 0xd0,
    0x0, 0x0, 0x0, 0x8f, 0x60, 0x9, 0xf3, 0x0,
    0x0, 0xdf, 0xec, 0xb2, 0x48, 0x88, 0xcf, 0xb8,
    0x8c, 0xf3, 0x0, 0x9, 0xff, 0xff, 0xf2, 0x8f,
    0xff, 0xff, 0xff, 0xff, 0xf3, 0x0, 0x2, 0x60,
    0xd, 0xf0, 0x0, 0x0, 0x8f, 0x70, 0x0, 0x0,
    0x0, 0x0, 0x30, 0xf, 0xd0, 0x68, 0x88, 0xcf,
    0xb8, 0x88, 0x85, 0x0, 0x5, 0xf4, 0x2f, 0xa0,
    0xbf, 0xff, 0xff, 0xff, 0xff, 0xf9, 0x0, 0x1,
    0xfa, 0x7f, 0x60, 0x0, 0x0, 0x8f, 0x60, 0x0,
    0x0, 0x0, 0x0, 0xaf, 0xdf, 0x17, 0x88, 0x88,
    0xcf, 0xb8, 0x88, 0x88, 0x30, 0x0, 0x2f, 0xfc,
    0xc, 0xff, 0xff, 0xff, 0xff, 0xff, 0xff, 0x50,
    0x0, 0xb, 0xfc, 0x1, 0x11, 0x11, 0x8f, 0x71,
    0x11, 0x11, 0x0, 0x0, 0x3f, 0xff, 0xd2, 0x0,
    0x0, 0x7f, 0x60, 0x0, 0x0, 0x0, 0x0, 0xcf,
    0x7a, 0xff, 0xb6, 0x20, 0x0, 0x0, 0x0, 0x0,
    0x0, 0xb, 0xfc, 0x0, 0x6e, 0xff, 0xff, 0xee,
    0xdd, 0xdd, 0xde, 0xb0, 0x1c, 0xe2, 0x0, 0x0,
    0x48, 0xbe, 0xef, 0xff, 0xff, 0xff, 0x60, 0x0,
    0x20, 0x0, 0x0, 0x0, 0x0, 0x0, 0x0, 0x0,
    0x0, 0x0,

    /* U+5F00 "开" */
    0x0, 0x0, 0x0, 0x0, 0x0, 0x0, 0x0, 0x0,
    0x0, 0x0, 0x1f, 0xff, 0xff, 0xff, 0xff, 0xff,
    0xff, 0xff, 0xff, 0xf4, 0x1e, 0xee, 0xef, 0xff,
    0xee, 0xee, 0xef, 0xff, 0xee, 0xe4, 0x0, 0x0,
    0xb, 0xf6, 0x0, 0x0, 0xf, 0xf3, 0x0, 0x0,
    0x0, 0x0, 0xb, 0xf6, 0x0, 0x0, 0xf, 0xf3,
    0x0, 0x0, 0x0, 0x0, 0xb, 0xf6, 0x0, 0x0,
    0xf, 0xf3, 0x0, 0x0, 0x0, 0x0, 0xb, 0xf6,
    0x0, 0x0, 0xf, 0xf3, 0x0, 0x0, 0x0, 0x0,
    0xb, 0xf6, 0x0, 0x0, 0xf, 0xf3, 0x0, 0x0,
    0x11, 0x11, 0x1c, 0xf7, 0x11, 0x11, 0x1f, 0xf4,
    0x11, 0x11, 0xef, 0xff, 0xff, 0xff, 0xff, 0xff,
    0xff, 0xff, 0xff, 0xff, 0xcd, 0xdd, 0xdf, 0xfe,
    0xdd, 0xdd, 0xdf, 0xfe, 0xdd, 0xdd, 0x0, 0x0,
    0xf, 0xf2, 0x0, 0x0, 0xf, 0xf3, 0x0, 0x0,
    0x0, 0x0, 0x4f, 0xf0, 0x0, 0x0, 0xf, 0xf3,
    0x0, 0x0, 0x0, 0x0, 0x9f, 0xc0, 0x0, 0x0,
    0xf, 0xf3, 0x0, 0x0, 0x0, 0x1, 0xff, 0x60,
    0x0, 0x0, 0xf, 0xf3, 0x0, 0x0, 0x0, 0xa,
    0xff, 0x0, 0x0, 0x0, 0xf, 0xf3, 0x0, 0x0,
    0x0, 0x7f, 0xf5, 0x0, 0x0, 0x0, 0xf, 0xf3,
    0x0, 0x0, 0x8, 0xff, 0xa0, 0x0, 0x0, 0x0,
    0xf, 0xf3, 0x0, 0x0, 0x9f, 0xfa, 0x0, 0x0,
    0x0, 0x0, 0xf, 0xf3, 0x0, 0x0, 0xb, 0x70,
    0x0, 0x0, 0x0, 0x0, 0xf, 0xf3, 0x0, 0x0,
    0x0, 0x0, 0x0, 0x0, 0x0, 0x0, 0x0, 0x0,
    0x0, 0x0,

    /* U+5F0F "式" */
    0x0, 0x0, 0x0, 0x0, 0x0, 0x8, 0xb5, 0x4,
    0x60, 0x0, 0x0, 0x0, 0x0, 0x0, 0x0, 0x0,
    0xbf, 0x81, 0xef, 0xa0, 0x0, 0x0, 0x0, 0x0,
    0x0, 0x0, 0xb, 0xf8, 0x2, 0xdf, 0xb0, 0x0,
    0x0, 0x0, 0x0, 0x0, 0x0, 0xaf, 0x80, 0x1,
    0xd7, 0x0, 0xad, 0xdd, 0xdd, 0xdd, 0xdd, 0xdf,
    0xfe, 0xdd, 0xdd, 0xdc, 0xc, 0xff, 0xff, 0xff,
    0xff, 0xff, 0xff, 0xff, 0xff, 0xff, 0xe0, 0x23,
    0x33, 0x33, 0x33, 0x33, 0x39, 0xfc, 0x33, 0x33,
    0x32, 0x0, 0x0, 0x0, 0x0, 0x0, 0x0, 0x6f,
    0xd0, 0x0, 0x0, 0x0, 0x0, 0x0, 0x0, 0x0,
    0x0, 0x4, 0xfe, 0x0, 0x0, 0x0, 0x0, 0xdd,
    0xdd, 0xdd, 0xdd, 0xd8, 0x2f, 0xf0, 0x0, 0x0,
    0x0, 0xf, 0xff, 0xff, 0xff, 0xff, 0xa0, 0xff,
    0x20, 0x0, 0x0, 0x0, 0x22, 0x26, 0xfc, 0x22,
    0x21, 0xe, 0xf4, 0x0, 0x0, 0x0, 0x0, 0x0,
    0x4f, 0xc0, 0x0, 0x0, 0xcf, 0x70, 0x0, 0x0,
    0x0, 0x0, 0x4, 0xfc, 0x0, 0x0, 0x9, 0xfa,
    0x0, 0x0, 0x0, 0x0, 0x0, 0x4f, 0xc0, 0x0,
    0x0, 0x5f, 0xe0, 0x0, 0x10, 0x0, 0x0, 0x4,
    0xfc, 0x0, 0x0, 0x1, 0xff, 0x30, 0x7, 0xb2,
    0x0, 0x0, 0x4f, 0xc3, 0x69, 0xd4, 0xc, 0xf9,
    0x0, 0x8f, 0x50, 0x3, 0x6a, 0xff, 0xff, 0xff,
    0x50, 0x5f, 0xf2, 0xb, 0xf3, 0x8f, 0xff, 0xff,
    0xfd, 0xa6, 0x20, 0x0, 0xdf, 0xd4, 0xff, 0x5,
    0xff, 0xc8, 0x51, 0x0, 0x0, 0x0, 0x3, 0xff,
    0xff, 0xa0, 0x3, 0x0, 0x0, 0x0, 0x0, 0x0,
    0x0, 0x3, 0xcf, 0xc1, 0x0,

    /* U+5F62 "形" */
    0x0, 0x0, 0x0, 0x0, 0x0, 0x0, 0x0, 0x0,
    0x0, 0x0, 0x0, 0x0, 0x0, 0x0, 0x0, 0x0,
    0x0, 0x0, 0x0, 0x2, 0xd9, 0x10, 0xc, 0xff,
    0xff, 0xff, 0xff, 0xff, 0xa0, 0x0, 0x2e, 0xf9,
    0x0, 0xb, 0xee, 0xff, 0xee, 0xef, 0xfe, 0x90,
    0x4, 0xef, 0x90, 0x0, 0x0, 0x6, 0xf8, 0x0,
    0x6f, 0xa0, 0x1, 0xaf, 0xf9, 0x0, 0x0, 0x0,
    0x6, 0xf8, 0x0, 0x6f, 0xa0, 0x2f, 0xfe, 0x40,
    0x0, 0x0, 0x0, 0x6, 0xf8, 0x0, 0x6f, 0xa0,
    0x7, 0xa1, 0x0, 0x0, 0x0, 0x0, 0x6, 0xf8,
    0x0, 0x6f, 0xa0, 0x0, 0x0, 0x0, 0x9e, 0x60,
    0x0, 0x6, 0xf8, 0x0, 0x6f, 0xa0, 0x0, 0x0,
    0x8, 0xff, 0x20, 0x2f, 0xff, 0xff, 0xff, 0xff,
    0xff, 0xe0, 0x0, 0xaf, 0xf4, 0x0, 0x2e, 0xef,
    0xff, 0xee, 0xff, 0xfe, 0xd0, 0x3d, 0xfe, 0x30,
    0x0, 0x0, 0x7, 0xf7, 0x0, 0x6f, 0xa0, 0x9,
    0xff, 0xb1, 0x0, 0x0, 0x0, 0x8, 0xf6, 0x0,
    0x6f, 0xa0, 0x8, 0xf7, 0x0, 0x1, 0x0, 0x0,
    0xa, 0xf5, 0x0, 0x6f, 0xa0, 0x0, 0x10, 0x0,
    0x2f, 0xc1, 0x0, 0xd, 0xf2, 0x0, 0x6f, 0xa0,
    0x0, 0x0, 0x0, 0xcf, 0xb0, 0x0, 0x1f, 0xf0,
    0x0, 0x6f, 0xa0, 0x0, 0x0, 0xb, 0xfe, 0x10,
    0x0, 0x7f, 0xb0, 0x0, 0x6f, 0xa0, 0x0, 0x1,
    0xcf, 0xe2, 0x0, 0x0, 0xdf, 0x50, 0x0, 0x6f,
    0xa0, 0x0, 0x4e, 0xfe, 0x30, 0x0, 0x7, 0xfe,
    0x0, 0x0, 0x6f, 0xa0, 0x2a, 0xff, 0xd2, 0x0,
    0x0, 0x2f, 0xf6, 0x0, 0x0, 0x6f, 0xa1, 0xff,
    0xf9, 0x0, 0x0, 0x0, 0x7, 0xa0, 0x0, 0x0,
    0x6f, 0xa0, 0x5c, 0x30, 0x0, 0x0, 0x0, 0x0,
    0x0, 0x0, 0x0, 0x0, 0x0, 0x0, 0x0, 0x0,
    0x0, 0x0,

    /* U+5F85 "待" */
    0x0, 0x0, 0x8, 0x30, 0x0, 0x0, 0xa, 0xb1,
    0x0, 0x0, 0x0, 0x0, 0x0, 0x8f, 0xd0, 0x0,
    0x0, 0xe, 0xf1, 0x0, 0x0, 0x0, 0x0, 0x6,
    0xfe, 0x20, 0x0, 0x0, 0xe, 0xf1, 0x0, 0x0,
    0x0, 0x0, 0x7f, 0xf4, 0x0, 0x8d, 0xdd, 0xdf,
    0xfe, 0xdd, 0xdd, 0x0, 0xa, 0xff, 0x40, 0x0,
    0xaf, 0xff, 0xff, 0xff, 0xff, 0xff, 0x0, 0xc,
    0xe2, 0x5, 0x71, 0x0, 0x0, 0xf, 0xf2, 0x0,
    0x0, 0x0, 0x2, 0x10, 0x1f, 0xf3, 0x0, 0x0,
    0xe, 0xf1, 0x0, 0x0, 0x0, 0x0, 0x0, 0xcf,
    0x9b, 0xcc, 0xcc, 0xcf, 0xfd, 0xcc, 0xcc, 0xc1,
    0x0, 0xa, 0xff, 0xe, 0xff, 0xff, 0xff, 0xff,
    0xff, 0xff, 0xf2, 0x1, 0xcf, 0xfe, 0x1, 0x11,
    0x11, 0x11, 0x11, 0xef, 0x41, 0x10, 0x1d, 0xff,
    0xfe, 0x0, 0x0, 0x0, 0x0, 0x0, 0xdf, 0x20,
    0x0, 0x2f, 0xf5, 0xfe, 0x8, 0xbb, 0xbb, 0xbb,
    0xbb, 0xff, 0xcb, 0xb0, 0x9, 0x31, 0xfe, 0xa,
    0xff, 0xff, 0xff, 0xff, 0xff, 0xff, 0xf0, 0x0,
    0x1, 0xfe, 0x1, 0x22, 0x52, 0x22, 0x22, 0xef,
    0x52, 0x20, 0x0, 0x1, 0xfe, 0x0, 0xc, 0xf3,
    0x0, 0x0, 0xdf, 0x20, 0x0, 0x0, 0x1, 0xfe,
    0x0, 0x8, 0xfd, 0x0, 0x0, 0xdf, 0x20, 0x0,
    0x0, 0x1, 0xfe, 0x0, 0x0, 0xdf, 0x80, 0x0,
    0xdf, 0x20, 0x0, 0x0, 0x1, 0xfe, 0x0, 0x0,
    0x4f, 0xe0, 0x0, 0xdf, 0x20, 0x0, 0x0, 0x1,
    0xfe, 0x0, 0x0, 0x8, 0x10, 0x0, 0xef, 0x20,
    0x0, 0x0, 0x1, 0xfe, 0x0, 0x0, 0x0, 0xe,
    0xef, 0xff, 0x0, 0x0, 0x0, 0x1, 0xfe, 0x0,
    0x0, 0x0, 0xa, 0xff, 0xc5, 0x0, 0x0, 0x0,
    0x0, 0x0, 0x0, 0x0, 0x0, 0x0, 0x0, 0x0,
    0x0, 0x0,

    /* U+5F97 "得" */
    0x0, 0x0, 0x6, 0x20, 0x0, 0x0, 0x0, 0x0,
    0x0, 0x0, 0x0, 0x0, 0x0, 0x5f, 0xf2, 0xe,
    0xff, 0xff, 0xff, 0xff, 0xfb, 0x0, 0x0, 0x4,
    0xff, 0x50, 0xf, 0xf9, 0x88, 0x88, 0x8b, 0xfc,
    0x0, 0x0, 0x7f, 0xf7, 0x0, 0xf, 0xf0, 0x0,
    0x0, 0x5, 0xfc, 0x0, 0xa, 0xff, 0x70, 0x0,
    0xf, 0xff, 0xff, 0xff, 0xff, 0xfc, 0x0, 0xc,
    0xf5, 0x3, 0x71, 0xf, 0xf8, 0x77, 0x77, 0x7a,
    0xfc, 0x0, 0x2, 0x30, 0x1e, 0xf6, 0xf, 0xf0,
    0x0, 0x0, 0x5, 0xfc, 0x0, 0x0, 0x0, 0xbf,
    0xc0, 0xf, 0xff, 0xff, 0xff, 0xff, 0xfc, 0x0,
    0x0, 0x7, 0xff, 0x20, 0x8, 0x88, 0x88, 0x88,
    0x88, 0x86, 0x0, 0x0, 0x6f, 0xfe, 0x0, 0x0,
    0x0, 0x0, 0x0, 0x0, 0x0, 0x0, 0x7, 0xff,
    0xfe, 0x3, 0xff, 0xff, 0xff, 0xff, 0xff, 0xff,
    0xa0, 0x4f, 0xfb, 0xfe, 0x2, 0xbb, 0xbb, 0xbb,
    0xbc, 0xff, 0xbb, 0x70, 0xc, 0x72, 0xfe, 0x0,
    0x0, 0x0, 0x0, 0x2, 0xfe, 0x0, 0x0, 0x0,
    0x1, 0xfe, 0x9, 0xdd, 0xdd, 0xdd, 0xdd, 0xff,
    0xdd, 0xd1, 0x0, 0x1, 0xfe, 0xb, 0xff, 0xff,
    0xff, 0xff, 0xff, 0xff, 0xf1, 0x0, 0x1, 0xfe,
    0x0, 0x4, 0xa0, 0x0, 0x2, 0xfe, 0x0, 0x0,
    0x0, 0x1, 0xfe, 0x0, 0xa, 0xfc, 0x0, 0x2,
    0xfe, 0x0, 0x0, 0x0, 0x1, 0xfe, 0x0, 0x0,
    0xbf, 0xa0, 0x2, 0xfe, 0x0, 0x0, 0x0, 0x1,
    0xfe, 0x0, 0x0, 0x1e, 0xb0, 0x2, 0xfe, 0x0,
    0x0, 0x0, 0x1, 0xfe, 0x0, 0x0, 0x2, 0xc,
    0xde, 0xfc, 0x0, 0x0, 0x0, 0x1, 0xfe, 0x0,
    0x0, 0x0, 0x9, 0xff, 0xc4, 0x0, 0x0,

    /* U+5FFD "忽" */
    0x0, 0x0, 0x0, 0x41, 0x0, 0x0, 0x0, 0x0,
    0x0, 0x0, 0x0, 0x0, 0x0, 0x2f, 0xf2, 0x0,
    0x0, 0x0, 0x0, 0x0, 0x0, 0x0, 0x0, 0xb,
    0xfb, 0x0, 0x0, 0x0, 0x0, 0x0, 0x0, 0x0,
    0x0, 0x6, 0xff, 0xff, 0xff, 0xff, 0xff, 0xff,
    0xff, 0x80, 0x0, 0x4, 0xff, 0xdd, 0xef, 0xfd,
    0xdf, 0xfe, 0xde, 0xf7, 0x0, 0x3, 0xff, 0x90,
    0xd, 0xf7, 0x1, 0xff, 0x20, 0xaf, 0x60, 0x5,
    0xff, 0xb0, 0xa, 0xfc, 0x0, 0x8f, 0xa0, 0xc,
    0xf5, 0x0, 0x1c, 0xa0, 0x7, 0xfe, 0x20, 0x2f,
    0xf3, 0x0, 0xdf, 0x40, 0x0, 0x0, 0x8, 0xff,
    0x40, 0xc, 0xf8, 0x0, 0xf, 0xf2, 0x0, 0x0,
    0x1c, 0xff, 0x40, 0xa, 0xfd, 0x0, 0x2, 0xff,
    0x0, 0x0, 0xc, 0xfe, 0x40, 0xa, 0xfe, 0x20,
    0x0, 0x7f, 0xd0, 0x0, 0x0, 0x19, 0x10, 0xc,
    0xff, 0x30, 0x8e, 0xef, 0xf8, 0x0, 0x0, 0x0,
    0x0, 0x0, 0x5d, 0x31, 0x4, 0xff, 0xea, 0x0,
    0x0, 0x0, 0x0, 0x0, 0x0, 0x3d, 0xc0, 0x0,
    0x0, 0x0, 0x0, 0x0, 0x3b, 0x42, 0xfe, 0x0,
    0xdf, 0x90, 0x0, 0x28, 0x80, 0x0, 0x8, 0xf7,
    0x2f, 0xe0, 0x2, 0xff, 0x30, 0x1, 0xff, 0x30,
    0x0, 0xdf, 0x22, 0xfe, 0x0, 0x8, 0xf9, 0x5,
    0x8, 0xfc, 0x0, 0x4f, 0xe0, 0x2f, 0xe0, 0x0,
    0x4, 0x0, 0xfc, 0xf, 0xf3, 0xb, 0xf7, 0x1,
    0xff, 0x0, 0x0, 0x0, 0x4f, 0xb0, 0x9f, 0xa0,
    0x7d, 0x10, 0xf, 0xfe, 0xdd, 0xdd, 0xdf, 0xf7,
    0x2, 0x94, 0x0, 0x0, 0x0, 0x5d, 0xff, 0xff,
    0xff, 0xea, 0x0, 0x0, 0x0,

    /* U+6001 "态" */
    0x0, 0x0, 0x0, 0x0, 0x0, 0x11, 0x0, 0x0,
    0x0, 0x0, 0x0, 0x0, 0x0, 0x0, 0x0, 0x1,
    0xff, 0x10, 0x0, 0x0, 0x0, 0x0, 0x0, 0x0,
    0x0, 0x0, 0x4, 0xfe, 0x0, 0x0, 0x0, 0x0,
    0x0, 0xb, 0xcc, 0xcc, 0xcc, 0xce, 0xff, 0xcc,
    0xcc, 0xcc, 0xcc, 0xb0, 0xd, 0xff, 0xff, 0xff,
    0xff, 0xff, 0xff, 0xff, 0xff, 0xff, 0xe0, 0x1,
    0x11, 0x11, 0x11, 0x4f, 0xfc, 0xfa, 0x11, 0x11,
    0x11, 0x10, 0x0, 0x0, 0x0, 0x0, 0xaf, 0xb3,
    0xff, 0x20, 0x0, 0x0, 0x0, 0x0, 0x0, 0x0,
    0x4, 0xff, 0x40, 0xaf, 0xc0, 0x0, 0x0, 0x0,
    0x0, 0x0, 0x0, 0x2f, 0xfa, 0x0, 0x2e, 0xfc,
    0x0, 0x0, 0x0, 0x0, 0x0, 0x5, 0xef, 0xd6,
    0x70, 0x4, 0xff, 0xd3, 0x0, 0x0, 0x0, 0x3,
    0xbf, 0xfd, 0x7f, 0xfc, 0x20, 0x5f, 0xff, 0x93,
    0x0, 0x7, 0xdf, 0xff, 0x90, 0x4, 0xef, 0xe3,
    0x3, 0xdf, 0xff, 0xd0, 0x9, 0xff, 0xc4, 0x0,
    0x0, 0x2d, 0xe4, 0x0, 0x8, 0xef, 0x70, 0x1,
    0x83, 0x0, 0x0, 0x8, 0xf6, 0x10, 0x0, 0x0,
    0x5, 0x0, 0x0, 0xa, 0x51, 0xba, 0x5, 0xff,
    0x40, 0x0, 0x4e, 0x80, 0x0, 0x0, 0x3f, 0xd1,
    0xfe, 0x0, 0x6f, 0xf2, 0x0, 0x1f, 0xf1, 0x0,
    0x0, 0x8f, 0x81, 0xfe, 0x0, 0x9, 0xfb, 0x2,
    0x9, 0xf9, 0x0, 0x0, 0xdf, 0x31, 0xfe, 0x0,
    0x0, 0x70, 0xa, 0xe4, 0xff, 0x10, 0x5, 0xfd,
    0x1, 0xff, 0x0, 0x0, 0x0, 0xe, 0xf1, 0xbf,
    0x60, 0xb, 0xf6, 0x0, 0xff, 0xfe, 0xdd, 0xdd,
    0xff, 0xc0, 0x5f, 0xb0, 0x0, 0x60, 0x0, 0x4c,
    0xff, 0xff, 0xff, 0xfc, 0x30, 0x14, 0x0,

    /* U+603B "总" */
    0x0, 0x0, 0x0, 0x1, 0x0, 0x0, 0x0, 0x11,
    0x0, 0x0, 0x0, 0x0, 0x0, 0x4, 0xfd, 0x0,
    0x0, 0x0, 0x9f, 0x90, 0x0, 0x0, 0x0, 0x0,
    0x0, 0xdf, 0x90, 0x0, 0x1, 0xff, 0x50, 0x0,
    0x0, 0x0, 0x0, 0x0, 0x3f, 0xf2, 0x0, 0x9,
    0xfb, 0x0, 0x0, 0x0, 0x0, 0x0, 0x0, 0xb,
    0xd4, 0x0, 0x3f, 0xf3, 0x0, 0x0, 0x0, 0x0,
    0x1, 0xff, 0xff, 0xff, 0xff, 0xff, 0xff, 0xff,
    0x30, 0x0, 0x0, 0x1, 0xff, 0xee, 0xee, 0xee,
    0xee, 0xee, 0xff, 0x30, 0x0, 0x0, 0x1, 0xff,
    0x20, 0x0, 0x0, 0x0, 0x1, 0xff, 0x30, 0x0,
    0x0, 0x1, 0xff, 0x20, 0x0, 0x0, 0x0, 0x1,
    0xff, 0x30, 0x0, 0x0, 0x1, 0xff, 0x20, 0x0,
    0x0, 0x0, 0x1, 0xff, 0x30, 0x0, 0x0, 0x1,
    0xff, 0xee, 0xee, 0xee, 0xee, 0xee, 0xff, 0x30,
    0x0, 0x0, 0x1, 0xff, 0xff, 0xff, 0xff, 0xff,
    0xff, 0xff, 0x30, 0x0, 0x0, 0x0, 0x0, 0x0,
    0x1, 0xc4, 0x0, 0x0, 0x0, 0x0, 0x0, 0x0,
    0x0, 0x0, 0x0, 0x9, 0xff, 0x50, 0x0, 0x0,
    0x10, 0x0, 0x0, 0x38, 0x40, 0xff, 0x30, 0xaf,
    0xf5, 0x0, 0x2e, 0xb0, 0x0, 0x0, 0x8f, 0x80,
    0xff, 0x30, 0x9, 0xff, 0x30, 0xd, 0xf7, 0x0,
    0x0, 0xdf, 0x40, 0xff, 0x30, 0x0, 0xaa, 0x0,
    0x2, 0xff, 0x30, 0x4, 0xff, 0x0, 0xff, 0x30,
    0x0, 0x0, 0x7, 0x92, 0x8f, 0xc0, 0xd, 0xf8,
    0x0, 0xef, 0x50, 0x0, 0x0, 0xb, 0xf5, 0xe,
    0xf1, 0x6, 0xd1, 0x0, 0xcf, 0xfe, 0xee, 0xee,
    0xef, 0xf1, 0x5, 0x10, 0x0, 0x0, 0x0, 0x2b,
    0xef, 0xff, 0xff, 0xfd, 0x50, 0x0, 0x0,

    /* U+606F "息" */
    0x0, 0x0, 0x0, 0x0, 0x2, 0xb9, 0x30, 0x0,
    0x0, 0x0, 0x0, 0x0, 0x0, 0x0, 0x0, 0x7,
    0xfe, 0x10, 0x0, 0x0, 0x0, 0x0, 0x0, 0x0,
    0x89, 0x99, 0x9d, 0xfd, 0x99, 0x99, 0x98, 0x0,
    0x0, 0x0, 0x0, 0xef, 0xff, 0xff, 0xff, 0xff,
    0xff, 0xfe, 0x0, 0x0, 0x0, 0x0, 0xef, 0x10,
    0x0, 0x0, 0x0, 0x3, 0xfe, 0x0, 0x0, 0x0,
    0x0, 0xef, 0x98, 0x88, 0x88, 0x88, 0x89, 0xfe,
    0x0, 0x0, 0x0, 0x0, 0xef, 0xff, 0xff, 0xff,
    0xff, 0xff, 0xfe, 0x0, 0x0, 0x0, 0x0, 0xef,
    0x10, 0x0, 0x0, 0x0, 0x3, 0xfe, 0x0, 0x0,
    0x0, 0x0, 0xef, 0x98, 0x88, 0x88, 0x88, 0x89,
    0xfe, 0x0, 0x0, 0x0, 0x0, 0xef, 0xff, 0xff,
    0xff, 0xff, 0xff, 0xfe, 0x0, 0x0, 0x0, 0x0,
    0xef, 0x10, 0x0, 0x0, 0x0, 0x2, 0xfe, 0x0,
    0x0, 0x0, 0x0, 0xef, 0x98, 0x88, 0x88, 0x88,
    0x8a, 0xfe, 0x0, 0x0, 0x0, 0x0, 0xef, 0xff,
    0xff, 0xff, 0xff, 0xff, 0xfe, 0x0, 0x0, 0x0,
    0x0, 0x0, 0x0, 0x6, 0xf7, 0x0, 0x0, 0x0,
    0x0, 0x0, 0x0, 0x0, 0x0, 0x0, 0x4, 0xff,
    0x40, 0x0, 0x3, 0x70, 0x0, 0x0, 0x4e, 0x65,
    0xfb, 0x0, 0x7f, 0xe0, 0x0, 0x1f, 0xf4, 0x0,
    0x0, 0xbf, 0x76, 0xfb, 0x0, 0xc, 0xf8, 0x2,
    0x7, 0xfd, 0x0, 0x2, 0xff, 0x16, 0xfb, 0x0,
    0x2, 0x70, 0xd, 0xd1, 0xef, 0x50, 0xb, 0xf9,
    0x5, 0xfd, 0x0, 0x0, 0x0, 0x1f, 0xf0, 0x7f,
    0xc0, 0xc, 0xf2, 0x3, 0xff, 0xfe, 0xee, 0xee,
    0xff, 0xb0, 0x1a, 0x40, 0x0, 0x20, 0x0, 0x7d,
    0xff, 0xff, 0xff, 0xfb, 0x20, 0x0, 0x0,

    /* U+60C5 "情" */
    0x0, 0x4, 0x60, 0x0, 0x0, 0x0, 0x6, 0x50,
    0x0, 0x0, 0x0, 0x0, 0xb, 0xf2, 0x0, 0x0,
    0x0, 0x2f, 0xe0, 0x0, 0x0, 0x0, 0x0, 0xb,
    0xf2, 0x9, 0xff, 0xff, 0xff, 0xff, 0xff, 0xff,
    0x70, 0x0, 0xb, 0xf3, 0x35, 0x88, 0x88, 0x9f,
    0xf8, 0x88, 0x88, 0x40, 0x2, 0x2b, 0xfd, 0xd0,
    0x33, 0x33, 0x5f, 0xe3, 0x33, 0x33, 0x0, 0xa,
    0xeb, 0xf7, 0xf4, 0xff, 0xff, 0xff, 0xff, 0xff,
    0xfe, 0x0, 0xc, 0xcb, 0xf2, 0xf8, 0x33, 0x33,
    0x5f, 0xe3, 0x33, 0x33, 0x0, 0xe, 0xbb, 0xf2,
    0x48, 0x77, 0x77, 0x9f, 0xf7, 0x77, 0x77, 0x71,
    0x1f, 0x8b, 0xf2, 0x4f, 0xff, 0xff, 0xff, 0xff,
    0xff, 0xff, 0xf2, 0x4f, 0x5b, 0xf2, 0x0, 0x0,
    0x0, 0x0, 0x0, 0x0, 0x0, 0x0, 0x3b, 0x2b,
    0xf2, 0x0, 0xaf, 0xff, 0xff, 0xff, 0xff, 0xf8,
    0x0, 0x0, 0xb, 0xf2, 0x0, 0xbf, 0xb9, 0x99,
    0x99, 0x9c, 0xf8, 0x0, 0x0, 0xb, 0xf2, 0x0,
    0xbf, 0x30, 0x0, 0x0, 0x6, 0xf8, 0x0, 0x0,
    0xb, 0xf2, 0x0, 0xbf, 0xff, 0xff, 0xff, 0xff,
    0xf8, 0x0, 0x0, 0xb, 0xf2, 0x0, 0xbf, 0xa8,
    0x88, 0x88, 0x8c, 0xf8, 0x0, 0x0, 0xb, 0xf2,
    0x0, 0xbf, 0x30, 0x0, 0x0, 0x7, 0xf8, 0x0,
    0x0, 0xb, 0xf2, 0x0, 0xbf, 0xff, 0xff, 0xff,
    0xff, 0xf8, 0x0, 0x0, 0xb, 0xf2, 0x0, 0xbf,
    0x97, 0x77, 0x77, 0x7b, 0xf8, 0x0, 0x0, 0xb,
    0xf2, 0x0, 0xbf, 0x30, 0x0, 0x0, 0x7, 0xf8,
    0x0, 0x0, 0xb, 0xf2, 0x0, 0xbf, 0x30, 0x0,
    0xc, 0xcf, 0xf7, 0x0, 0x0, 0xb, 0xf2, 0x0,
    0xbf, 0x30, 0x0, 0xb, 0xed, 0xa0, 0x0,

    /* U+6210 "成" */
    0x0, 0x0, 0x0, 0x0, 0x0, 0x1, 0x88, 0x1,
    0x60, 0x0, 0x0, 0x0, 0x0, 0x0, 0x0, 0x0,
    0x2, 0xff, 0xc, 0xfd, 0x30, 0x0, 0x0, 0x0,
    0x0, 0x0, 0x0, 0x2, 0xff, 0x1, 0xaf, 0xf7,
    0x0, 0x0, 0x0, 0x0, 0x0, 0x0, 0x2, 0xff,
    0x10, 0x6, 0xf5, 0x0, 0x0, 0x3f, 0xff, 0xff,
    0xff, 0xff, 0xff, 0xff, 0xff, 0xff, 0xf2, 0x0,
    0x3f, 0xff, 0xff, 0xff, 0xff, 0xff, 0xff, 0xff,
    0xff, 0xf2, 0x0, 0x3f, 0xf0, 0x0, 0x0, 0x0,
    0xef, 0x40, 0x0, 0x0, 0x0, 0x0, 0x3f, 0xe0,
    0x0, 0x0, 0x0, 0xcf, 0x50, 0x1, 0x30, 0x0,
    0x0, 0x3f, 0xf1, 0x11, 0x11, 0x0, 0xaf, 0x70,
    0x8, 0xfa, 0x0, 0x0, 0x3f, 0xff, 0xff, 0xff,
    0x50, 0x8f, 0x90, 0xe, 0xf5, 0x0, 0x0, 0x3f,
    0xfc, 0xcc, 0xff, 0x50, 0x6f, 0xb0, 0x4f, 0xe0,
    0x0, 0x0, 0x4f, 0xe0, 0x0, 0xbf, 0x40, 0x4f,
    0xe0, 0xdf, 0x70, 0x0, 0x0, 0x5f, 0xd0, 0x0,
    0xbf, 0x40, 0xf, 0xf8, 0xfe, 0x10, 0x0, 0x0,
    0x6f, 0xd0, 0x0, 0xcf, 0x30, 0xc, 0xff, 0xf5,
    0x0, 0x0, 0x0, 0x7f, 0xb0, 0x0, 0xdf, 0x20,
    0x8, 0xff, 0xb0, 0x1, 0x0, 0x0, 0x9f, 0x92,
    0x24, 0xff, 0x10, 0xa, 0xff, 0x30, 0x8, 0xa1,
    0x0, 0xdf, 0x69, 0xff, 0xfd, 0x0, 0x9f, 0xff,
    0x60, 0x9, 0xf4, 0x1, 0xff, 0x24, 0xbb, 0x92,
    0xa, 0xff, 0xcf, 0xe0, 0xb, 0xf2, 0x7, 0xfe,
    0x0, 0x0, 0x3, 0xdf, 0xf6, 0xe, 0xfb, 0x3f,
    0xe0, 0xe, 0xf7, 0x0, 0x0, 0x1f, 0xff, 0x50,
    0x4, 0xff, 0xff, 0x90, 0x6, 0xe1, 0x0, 0x0,
    0x5, 0xc2, 0x0, 0x0, 0x3c, 0xfb, 0x10, 0x0,
    0x10, 0x0, 0x0, 0x0, 0x0, 0x0, 0x0, 0x0,
    0x0, 0x0,

    /* U+6216 "或" */
    0x0, 0x0, 0x0, 0x0, 0x0, 0x6, 0x62, 0x3,
    0x10, 0x0, 0x0, 0x0, 0x0, 0x0, 0x0, 0x0,
    0xef, 0x53, 0xff, 0x80, 0x0, 0x0, 0x0, 0x0,
    0x0, 0x0, 0xd, 0xf5, 0x6, 0xef, 0xd1, 0x0,
    0x11, 0x11, 0x11, 0x11, 0x11, 0xdf, 0x71, 0x12,
    0xcb, 0x10, 0x6f, 0xff, 0xff, 0xff, 0xff, 0xff,
    0xff, 0xff, 0xff, 0xfe, 0x6, 0xff, 0xff, 0xff,
    0xff, 0xff, 0xff, 0xff, 0xff, 0xff, 0xe0, 0x0,
    0x0, 0x0, 0x0, 0x0, 0x9, 0xf9, 0x0, 0x0,
    0x0, 0x0, 0x2a, 0xaa, 0xaa, 0xaa, 0x60, 0x7f,
    0xa0, 0x1, 0xd9, 0x0, 0x4, 0xff, 0xff, 0xff,
    0xf9, 0x5, 0xfc, 0x0, 0x7f, 0xb0, 0x0, 0x4f,
    0xb2, 0x22, 0x7f, 0x90, 0x4f, 0xe0, 0xc, 0xf5,
    0x0, 0x4, 0xfa, 0x0, 0x6, 0xf9, 0x2, 0xff,
    0x12, 0xff, 0x0, 0x0, 0x4f, 0xa0, 0x0, 0x6f,
    0x90, 0xf, 0xf4, 0xaf, 0x90, 0x0, 0x4, 0xfb,
    0x22, 0x27, 0xf9, 0x0, 0xcf, 0x9f, 0xf2, 0x0,
    0x0, 0x4f, 0xff, 0xff, 0xff, 0x90, 0x8, 0xff,
    0xf8, 0x0, 0x0, 0x2, 0x99, 0x99, 0x99, 0x96,
    0x0, 0x4f, 0xfe, 0x10, 0x0, 0x0, 0x0, 0x0,
    0x0, 0x0, 0x31, 0x5, 0xff, 0x70, 0x6, 0x70,
    0x0, 0x0, 0x37, 0xad, 0xff, 0x44, 0xff, 0xf9,
    0x0, 0x7f, 0x64, 0xad, 0xff, 0xff, 0xff, 0xb8,
    0xff, 0xef, 0xf2, 0x9, 0xf4, 0x5f, 0xff, 0xd9,
    0x62, 0x9, 0xff, 0xb0, 0xcf, 0xd4, 0xef, 0x12,
    0x74, 0x0, 0x0, 0xb, 0xff, 0xa0, 0x2, 0xff,
    0xff, 0xb0, 0x0, 0x0, 0x0, 0x0, 0x1c, 0x60,
    0x0, 0x3, 0xcf, 0xc2, 0x0, 0x0, 0x0, 0x0,
    0x0, 0x0, 0x0, 0x0, 0x0, 0x0, 0x0,

    /* U+6237 "户" */
    0x0, 0x0, 0x0, 0x0, 0x1, 0x44, 0x0, 0x0,
    0x0, 0x0, 0x0, 0x0, 0x0, 0x0, 0x7f, 0xe0,
    0x0, 0x0, 0x0, 0x0, 0x0, 0x0, 0x0, 0x1,
    0xff, 0x50, 0x0, 0x0, 0x0, 0x0, 0x0, 0x0,
    0x0, 0xb, 0xf8, 0x0, 0x0, 0x0, 0x0, 0xb,
    0xff, 0xff, 0xff, 0xff, 0xff, 0xff, 0xff, 0xc0,
    0x0, 0xbf, 0xfe, 0xee, 0xee, 0xee, 0xee, 0xee,
    0xfc, 0x0, 0xb, 0xf6, 0x0, 0x0, 0x0, 0x0,
    0x0, 0x5f, 0xc0, 0x0, 0xbf, 0x60, 0x0, 0x0,
    0x0, 0x0, 0x5, 0xfc, 0x0, 0xc, 0xf6, 0x0,
    0x0, 0x0, 0x0, 0x0, 0x5f, 0xc0, 0x0, 0xcf,
    0x70, 0x0, 0x0, 0x0, 0x0, 0x5, 0xfc, 0x0,
    0xc, 0xff, 0xff, 0xff, 0xff, 0xff, 0xff, 0xff,
    0xc0, 0x0, 0xdf, 0xee, 0xee, 0xee, 0xee, 0xee,
    0xee, 0xfc, 0x0, 0xf, 0xf3, 0x0, 0x0, 0x0,
    0x0, 0x0, 0x5f, 0xc0, 0x1, 0xff, 0x10, 0x0,
    0x0, 0x0, 0x0, 0x0, 0x22, 0x0, 0x3f, 0xf0,
    0x0, 0x0, 0x0, 0x0, 0x0, 0x0, 0x0, 0x8,
    0xfb, 0x0, 0x0, 0x0, 0x0, 0x0, 0x0, 0x0,
    0x0, 0xdf, 0x80, 0x0, 0x0, 0x0, 0x0, 0x0,
    0x0, 0x0, 0x3f, 0xf2, 0x0, 0x0, 0x0, 0x0,
    0x0, 0x0, 0x0, 0xc, 0xfc, 0x0, 0x0, 0x0,
    0x0, 0x0, 0x0, 0x0, 0x5, 0xff, 0x40, 0x0,
    0x0, 0x0, 0x0, 0x0, 0x0, 0x0, 0x8, 0xa0,
    0x0, 0x0, 0x0, 0x0, 0x0, 0x0, 0x0, 0x0,
    0x0, 0x0, 0x0, 0x0, 0x0, 0x0, 0x0, 0x0,
    0x0,

    /* U+624B "手" */
    0x0, 0x0, 0x0, 0x0, 0x0, 0x0, 0x0, 0x25,
    0x50, 0x0, 0x0, 0x0, 0x0, 0x2, 0x34, 0x57,
    0xac, 0xef, 0xff, 0x50, 0x0, 0x5, 0xde, 0xff,
    0xff, 0xff, 0xff, 0xff, 0xea, 0x73, 0x0, 0x0,
    0x3f, 0xfe, 0xdc, 0xba, 0xff, 0x62, 0x0, 0x0,
    0x0, 0x0, 0x0, 0x0, 0x0, 0x0, 0xf, 0xf1,
    0x0, 0x0, 0x0, 0x0, 0x0, 0x0, 0x0, 0x0,
    0x0, 0xff, 0x10, 0x0, 0x0, 0x0, 0x0, 0x0,
    0x11, 0x11, 0x11, 0x2f, 0xf3, 0x11, 0x11, 0x11,
    0x10, 0x0, 0x7f, 0xff, 0xff, 0xff, 0xff, 0xff,
    0xff, 0xff, 0xfb, 0x0, 0x6, 0xdd, 0xdd, 0xdd,
    0xdf, 0xfe, 0xdd, 0xdd, 0xdd, 0xa0, 0x0, 0x0,
    0x0, 0x0, 0x0, 0xff, 0x10, 0x0, 0x0, 0x0,
    0x0, 0x0, 0x0, 0x0, 0x0, 0xf, 0xf1, 0x0,
    0x0, 0x0, 0x0, 0x0, 0x0, 0x0, 0x0, 0x1,
    0xff, 0x20, 0x0, 0x0, 0x0, 0x0, 0xff, 0xff,
    0xff, 0xff, 0xff, 0xff, 0xff, 0xff, 0xff, 0xff,
    0xf, 0xff, 0xff, 0xff, 0xff, 0xff, 0xff, 0xff,
    0xff, 0xff, 0xf0, 0x0, 0x0, 0x0, 0x0, 0xf,
    0xf1, 0x0, 0x0, 0x0, 0x0, 0x0, 0x0, 0x0,
    0x0, 0x0, 0xff, 0x10, 0x0, 0x0, 0x0, 0x0,
    0x0, 0x0, 0x0, 0x0, 0xf, 0xf1, 0x0, 0x0,
    0x0, 0x0, 0x0, 0x0, 0x0, 0x0, 0x0, 0xff,
    0x10, 0x0, 0x0, 0x0, 0x0, 0x0, 0x0, 0x0,
    0x0, 0x2f, 0xf1, 0x0, 0x0, 0x0, 0x0, 0x0,
    0x0, 0x8, 0xff, 0xff, 0xfe, 0x0, 0x0, 0x0,
    0x0, 0x0, 0x0, 0x0, 0x1f, 0xff, 0xdb, 0x20,
    0x0, 0x0, 0x0, 0x0, 0x0, 0x0, 0x0, 0x0,
    0x0, 0x0, 0x0, 0x0, 0x0, 0x0, 0x0,

    /* U+6253 "打" */
    0x0, 0x0, 0x55, 0x10, 0x0, 0x0, 0x0, 0x0,
    0x0, 0x0, 0x0, 0x0, 0x0, 0xdf, 0x30, 0x0,
    0x0, 0x0, 0x0, 0x0, 0x0, 0x0, 0x0, 0x0,
    0xdf, 0x30, 0x7, 0x99, 0x99, 0x99, 0x99, 0x99,
    0x90, 0x0, 0x0, 0xdf, 0x30, 0xb, 0xff, 0xff,
    0xff, 0xff, 0xff, 0xf1, 0x0, 0x0, 0xdf, 0x40,
    0x5, 0x77, 0x77, 0x7f, 0xfa, 0x77, 0x70, 0xf,
    0xff, 0xff, 0xff, 0xf0, 0x0, 0x0, 0xe, 0xf5,
    0x0, 0x0, 0xe, 0xee, 0xff, 0xfe, 0xe0, 0x0,
    0x0, 0xe, 0xf5, 0x0, 0x0, 0x0, 0x0, 0xdf,
    0x30, 0x0, 0x0, 0x0, 0xe, 0xf5, 0x0, 0x0,
    0x0, 0x0, 0xdf, 0x30, 0x0, 0x0, 0x0, 0xe,
    0xf5, 0x0, 0x0, 0x0, 0x0, 0xdf, 0x30, 0x0,
    0x0, 0x0, 0xe, 0xf5, 0x0, 0x0, 0x0, 0x0,
    0xdf, 0x89, 0xe1, 0x0, 0x0, 0xe, 0xf5, 0x0,
    0x0, 0x0, 0x48, 0xff, 0xff, 0xf3, 0x0, 0x0,
    0xe, 0xf5, 0x0, 0x0, 0x1f, 0xff, 0xff, 0xd7,
    0x30, 0x0, 0x0, 0xe, 0xf5, 0x0, 0x0, 0xc,
    0xea, 0xef, 0x30, 0x0, 0x0, 0x0, 0xe, 0xf5,
    0x0, 0x0, 0x1, 0x0, 0xdf, 0x30, 0x0, 0x0,
    0x0, 0xe, 0xf5, 0x0, 0x0, 0x0, 0x0, 0xdf,
    0x30, 0x0, 0x0, 0x0, 0xe, 0xf5, 0x0, 0x0,
    0x0, 0x0, 0xdf, 0x30, 0x0, 0x0, 0x0, 0xe,
    0xf5, 0x0, 0x0, 0x0, 0x0, 0xdf, 0x30, 0x0,
    0x0, 0x0, 0xe, 0xf5, 0x0, 0x0, 0x0, 0x0,
    0xef, 0x30, 0x0, 0x2, 0x11, 0x2f, 0xf4, 0x0,
    0x0, 0x5, 0xef, 0xff, 0x10, 0x0, 0xc, 0xff,
    0xff, 0xf1, 0x0, 0x0, 0x0, 0xff, 0xd6, 0x0,
    0x0, 0x6, 0xff, 0xfd, 0x50, 0x0, 0x0, 0x0,
    0x0, 0x0, 0x0, 0x0, 0x0, 0x10, 0x0, 0x0,
    0x0, 0x0,

    /* U+6279 "批" */
    0x0, 0x0, 0x33, 0x0, 0x0, 0x0, 0x0, 0x0,
    0x0, 0x0, 0x0, 0x0, 0x2, 0xfd, 0x0, 0x9,
    0x90, 0x0, 0x19, 0x80, 0x0, 0x0, 0x0, 0x2,
    0xfd, 0x0, 0xf, 0xf1, 0x0, 0x2f, 0xe0, 0x0,
    0x0, 0x0, 0x2, 0xfd, 0x0, 0xf, 0xf1, 0x0,
    0x2f, 0xe0, 0x0, 0x0, 0x1, 0x14, 0xfe, 0x11,
    0xf, 0xf1, 0x0, 0x2f, 0xe0, 0x0, 0x0, 0xf,
    0xff, 0xff, 0xff, 0x3f, 0xf1, 0x0, 0x2f, 0xe0,
    0x9, 0x0, 0x9, 0x9a, 0xff, 0x99, 0x2f, 0xf1,
    0x0, 0x2f, 0xe0, 0xbf, 0xa0, 0x0, 0x2, 0xfd,
    0x0, 0xf, 0xfc, 0xbb, 0x2f, 0xeb, 0xfd, 0x10,
    0x0, 0x2, 0xfd, 0x0, 0xf, 0xff, 0xfe, 0x2f,
    0xff, 0xd1, 0x0, 0x0, 0x2, 0xfd, 0x0, 0xf,
    0xf4, 0x22, 0x2f, 0xfc, 0x10, 0x0, 0x0, 0x2,
    0xff, 0xbf, 0x4f, 0xf1, 0x0, 0x2f, 0xf0, 0x0,
    0x0, 0x5, 0x9d, 0xff, 0xff, 0x6f, 0xf1, 0x0,
    0x2f, 0xe0, 0x0, 0x0, 0x2f, 0xff, 0xff, 0x72,
    0xf, 0xf1, 0x0, 0x2f, 0xe0, 0x0, 0x0, 0xd,
    0xa8, 0xfd, 0x0, 0xf, 0xf1, 0x0, 0x2f, 0xe0,
    0x0, 0x0, 0x0, 0x2, 0xfd, 0x0, 0xf, 0xf1,
    0x0, 0x2f, 0xe0, 0x0, 0x0, 0x0, 0x2, 0xfd,
    0x0, 0xf, 0xf1, 0x0, 0x2f, 0xe0, 0x4, 0x0,
    0x0, 0x2, 0xfd, 0x0, 0xf, 0xf1, 0x2, 0x2f,
    0xe0, 0xa, 0xe2, 0x0, 0x2, 0xfd, 0x0, 0xf,
    0xf7, 0xdd, 0x2f, 0xe0, 0xb, 0xf2, 0x0, 0x2,
    0xfd, 0x0, 0x4f, 0xff, 0xfe, 0x2f, 0xf0, 0xd,
    0xf1, 0x8, 0xde, 0xfb, 0x0, 0x8f, 0xfb, 0x40,
    0xf, 0xff, 0xff, 0xc0, 0x5, 0xff, 0xc3, 0x0,
    0xa, 0x20, 0x0, 0x7, 0xef, 0xfe, 0x40, 0x0,
    0x0, 0x0, 0x0, 0x0, 0x0, 0x0, 0x0, 0x0,
    0x0, 0x0,

    /* U+627E "找" */
    0x0, 0x0, 0x33, 0x0, 0x0, 0x0, 0x21, 0x0,
    0x0, 0x0, 0x0, 0x0, 0x1, 0xfe, 0x0, 0x0,
    0x6, 0xfb, 0x3, 0xa1, 0x0, 0x0, 0x0, 0x1,
    0xfe, 0x0, 0x0, 0x5, 0xfc, 0xb, 0xfd, 0x10,
    0x0, 0x0, 0x1, 0xfe, 0x0, 0x0, 0x4, 0xfd,
    0x0, 0xbf, 0xd0, 0x0, 0x0, 0x1, 0xff, 0x0,
    0x0, 0x2, 0xfe, 0x0, 0xd, 0xd2, 0x0, 0xf,
    0xff, 0xff, 0xff, 0x70, 0x1, 0xff, 0x0, 0x14,
    0x56, 0x50, 0xe, 0xee, 0xff, 0xee, 0x86, 0x79,
    0xff, 0xef, 0xff, 0xff, 0xd0, 0x0, 0x1, 0xfe,
    0x0, 0x2f, 0xff, 0xff, 0xff, 0xec, 0xa9, 0x70,
    0x0, 0x1, 0xfe, 0x0, 0xa, 0x86, 0xef, 0x50,
    0x0, 0x0, 0x0, 0x0, 0x1, 0xfe, 0x0, 0x0,
    0x0, 0xbf, 0x60, 0x2, 0xe6, 0x0, 0x0, 0x1,
    0xff, 0x6a, 0x70, 0x0, 0x8f, 0x90, 0xb, 0xf8,
    0x0, 0x1, 0x59, 0xff, 0xff, 0xa0, 0x0, 0x6f,
    0xc0, 0x5f, 0xe0, 0x0, 0x3f, 0xff, 0xff, 0xa5,
    0x10, 0x0, 0x3f, 0xf2, 0xef, 0x60, 0x0, 0xe,
    0xc8, 0xfe, 0x0, 0x0, 0x0, 0xf, 0xfe, 0xfb,
    0x0, 0x0, 0x0, 0x1, 0xfe, 0x0, 0x0, 0x0,
    0xb, 0xff, 0xd0, 0x0, 0x0, 0x0, 0x1, 0xfe,
    0x0, 0x0, 0x0, 0x1c, 0xff, 0x20, 0x4, 0x60,
    0x0, 0x1, 0xfe, 0x0, 0x0, 0x3, 0xef, 0xff,
    0x50, 0x6, 0xf6, 0x0, 0x1, 0xfe, 0x0, 0x0,
    0x8f, 0xfe, 0xbf, 0xe1, 0x9, 0xf3, 0x0, 0x1,
    0xfe, 0x0, 0x7e, 0xff, 0xb1, 0x1e, 0xfe, 0x8f,
    0xf0, 0x7, 0xde, 0xfd, 0x0, 0x5f, 0xe6, 0x0,
    0x3, 0xff, 0xff, 0x90, 0x3, 0xff, 0xc4, 0x0,
    0x3, 0x0, 0x0, 0x0, 0x2b, 0xfd, 0x10, 0x0,
    0x0, 0x0, 0x0, 0x0, 0x0, 0x0, 0x0, 0x0,
    0x0, 0x0,

    /* U+6295 "投" */
    0x0, 0x0, 0x32, 0x0, 0x0, 0x0, 0x0, 0x0,
    0x0, 0x0, 0x0, 0x0, 0x3, 0xfd, 0x0, 0x0,
    0xcd, 0xdd, 0xdd, 0xdc, 0x0, 0x0, 0x0, 0x3,
    0xfd, 0x0, 0x0, 0xef, 0xff, 0xff, 0xfe, 0x0,
    0x0, 0x0, 0x3, 0xfd, 0x0, 0x0, 0xef, 0x10,
    0x2, 0xfe, 0x0, 0x0, 0x4, 0x47, 0xfe, 0x44,
    0x10, 0xff, 0x0, 0x1, 0xfe, 0x0, 0x0, 0xf,
    0xff, 0xff, 0xff, 0x53, 0xfd, 0x0, 0x1, 0xfe,
    0x0, 0x0, 0xb, 0xbc, 0xff, 0xbb, 0x4b, 0xf8,
    0x0, 0x1, 0xfe, 0x0, 0x0, 0x0, 0x3, 0xfd,
    0x0, 0xaf, 0xe1, 0x0, 0x0, 0xef, 0xff, 0xf0,
    0x0, 0x3, 0xfd, 0x3, 0xfe, 0x30, 0x0, 0x0,
    0x4b, 0xcc, 0xb0, 0x0, 0x3, 0xfd, 0x0, 0x42,
    0x0, 0x0, 0x0, 0x0, 0x0, 0x0, 0x0, 0x3,
    0xfe, 0xaa, 0xae, 0xee, 0xee, 0xee, 0xee, 0xf9,
    0x0, 0x5, 0x9d, 0xff, 0xfe, 0xbf, 0xff, 0xff,
    0xff, 0xff, 0xf9, 0x0, 0x2f, 0xff, 0xfe, 0x61,
    0x1f, 0xe1, 0x0, 0x0, 0x2f, 0xf2, 0x0, 0xc,
    0x97, 0xfd, 0x0, 0x8, 0xfa, 0x0, 0x0, 0xcf,
    0xa0, 0x0, 0x0, 0x3, 0xfd, 0x0, 0x1, 0xef,
    0x70, 0x9, 0xff, 0x20, 0x0, 0x0, 0x3, 0xfd,
    0x0, 0x0, 0x5f, 0xf7, 0x9f, 0xf5, 0x0, 0x0,
    0x0, 0x3, 0xfd, 0x0, 0x0, 0x8, 0xff, 0xff,
    0x70, 0x0, 0x0, 0x0, 0x3, 0xfd, 0x0, 0x0,
    0x19, 0xff, 0xff, 0x81, 0x0, 0x0, 0x0, 0x3,
    0xfd, 0x0, 0x49, 0xff, 0xfd, 0xef, 0xff, 0x83,
    0x0, 0x9, 0xde, 0xfb, 0x2e, 0xff, 0xfd, 0x50,
    0x7, 0xff, 0xff, 0xe2, 0x6, 0xff, 0xb2, 0xb,
    0xe9, 0x40, 0x0, 0x0, 0x16, 0xbf, 0x80, 0x0,
    0x0, 0x0, 0x1, 0x0, 0x0, 0x0, 0x0, 0x0,
    0x1, 0x0,

    /* U+62D2 "拒" */
    0x0, 0x0, 0x32, 0x0, 0x0, 0x0, 0x0, 0x0,
    0x0, 0x0, 0x0, 0x0, 0x2, 0xfd, 0x0, 0x3,
    0x44, 0x44, 0x44, 0x44, 0x44, 0x20, 0x0, 0x2,
    0xfd, 0x0, 0xe, 0xff, 0xff, 0xff, 0xff, 0xff,
    0x70, 0x0, 0x2, 0xfd, 0x0, 0xe, 0xfd, 0xcc,
    0xcc, 0xcc, 0xcc, 0x60, 0x0, 0x2, 0xfd, 0x0,
    0xe, 0xf2, 0x0, 0x0, 0x0, 0x0, 0x0, 0x1f,
    0xff, 0xff, 0xff, 0x3e, 0xf2, 0x0, 0x0, 0x0,
    0x0, 0x0, 0x1e, 0xee, 0xff, 0xee, 0x3e, 0xf4,
    0x22, 0x22, 0x22, 0x20, 0x0, 0x0, 0x2, 0xfd,
    0x0, 0xe, 0xff, 0xff, 0xff, 0xff, 0xf2, 0x0,
    0x0, 0x2, 0xfd, 0x0, 0xe, 0xfd, 0xcc, 0xcc,
    0xcf, 0xf2, 0x0, 0x0, 0x2, 0xfd, 0x0, 0xe,
    0xf2, 0x0, 0x0, 0xb, 0xf2, 0x0, 0x0, 0x2,
    0xfe, 0x9d, 0x5e, 0xf2, 0x0, 0x0, 0xb, 0xf2,
    0x0, 0x17, 0xbe, 0xff, 0xfe, 0x5e, 0xf2, 0x0,
    0x0, 0xb, 0xf2, 0x0, 0x1f, 0xff, 0xfe, 0x20,
    0xe, 0xfd, 0xcc, 0xcc, 0xcf, 0xf2, 0x0, 0x7,
    0x43, 0xfd, 0x0, 0xe, 0xff, 0xff, 0xff, 0xff,
    0xf2, 0x0, 0x0, 0x2, 0xfd, 0x0, 0xe, 0xf4,
    0x11, 0x11, 0x11, 0x10, 0x0, 0x0, 0x2, 0xfd,
    0x0, 0xe, 0xf2, 0x0, 0x0, 0x0, 0x0, 0x0,
    0x0, 0x2, 0xfd, 0x0, 0xe, 0xf2, 0x0, 0x0,
    0x0, 0x0, 0x0, 0x0, 0x2, 0xfd, 0x0, 0xe,
    0xf2, 0x0, 0x0, 0x0, 0x0, 0x0, 0x0, 0x2,
    0xfd, 0x0, 0xe, 0xff, 0xff, 0xff, 0xff, 0xff,
    0xf1, 0x8, 0xde, 0xfb, 0x0, 0xe, 0xff, 0xff,
    0xff, 0xff, 0xff, 0xf1, 0x5, 0xff, 0xb2, 0x0,
    0x0, 0x0, 0x0, 0x0, 0x0, 0x0, 0x0, 0x0,
    0x0, 0x0, 0x0, 0x0, 0x0, 0x0, 0x0, 0x0,
    0x0, 0x0,

    /* U+62E9 "择" */
    0x0, 0x1, 0x53, 0x0, 0x0, 0x0, 0x0, 0x0,
    0x0, 0x0, 0x0, 0x0, 0x4, 0xfa, 0x0, 0x3b,
    0xbb, 0xbb, 0xbb, 0xbb, 0xb5, 0x0, 0x0, 0x4,
    0xfa, 0x0, 0x4f, 0xff, 0xff, 0xff, 0xff, 0xf8,
    0x0, 0x0, 0x4, 0xfa, 0x0, 0x1, 0xbf, 0x61,
    0x11, 0x7f, 0xe0, 0x0, 0x0, 0x5, 0xfb, 0x0,
    0x0, 0x2f, 0xe2, 0x3, 0xff, 0x50, 0x0, 0xf,
    0xff, 0xff, 0xff, 0x20, 0x7, 0xfd, 0x3e, 0xf8,
    0x0, 0x0, 0xd, 0xde, 0xff, 0xdd, 0x20, 0x0,
    0xbf, 0xff, 0x90, 0x0, 0x0, 0x0, 0x4, 0xfa,
    0x0, 0x0, 0x3, 0xbf, 0xff, 0x91, 0x0, 0x0,
    0x0, 0x4, 0xfa, 0x0, 0x5, 0xbf, 0xfc, 0x7e,
    0xff, 0xa5, 0x10, 0x0, 0x4, 0xfa, 0x1, 0xff,
    0xfd, 0x50, 0x1, 0x8f, 0xff, 0xf1, 0x0, 0x4,
    0xfd, 0xbe, 0x7a, 0x40, 0xc, 0xf4, 0x0, 0x6b,
    0x60, 0x3, 0x8d, 0xff, 0xff, 0x0, 0x0, 0xc,
    0xf5, 0x0, 0x0, 0x0, 0x2f, 0xff, 0xfd, 0x61,
    0xe, 0xff, 0xff, 0xff, 0xff, 0xf6, 0x0, 0xc,
    0x98, 0xfa, 0x0, 0xb, 0xcc, 0xcf, 0xfd, 0xcc,
    0xc5, 0x0, 0x0, 0x4, 0xfa, 0x0, 0x0, 0x0,
    0xc, 0xf4, 0x0, 0x0, 0x0, 0x0, 0x4, 0xfa,
    0x0, 0xaa, 0xaa, 0xae, 0xfc, 0xaa, 0xaa, 0x90,
    0x0, 0x4, 0xfa, 0x0, 0xff, 0xff, 0xff, 0xff,
    0xff, 0xff, 0xd0, 0x0, 0x4, 0xfa, 0x0, 0x22,
    0x22, 0x2d, 0xf6, 0x22, 0x22, 0x20, 0x0, 0x5,
    0xfa, 0x0, 0x0, 0x0, 0xc, 0xf4, 0x0, 0x0,
    0x0, 0x7, 0xef, 0xf9, 0x0, 0x0, 0x0, 0xc,
    0xf4, 0x0, 0x0, 0x0, 0x3, 0xff, 0xb1, 0x0,
    0x0, 0x0, 0xc, 0xf4, 0x0, 0x0, 0x0, 0x0,
    0x0, 0x0, 0x0, 0x0, 0x0, 0x0, 0x0, 0x0,
    0x0, 0x0,

    /* U+6301 "持" */
    0x0, 0x4, 0xc6, 0x0, 0x0, 0x0, 0x3, 0xb7,
    0x0, 0x0, 0x0, 0x0, 0x6, 0xf8, 0x0, 0x0,
    0x0, 0x5, 0xfa, 0x0, 0x0, 0x0, 0x0, 0x6,
    0xf8, 0x0, 0x0, 0x0, 0x5, 0xfa, 0x0, 0x0,
    0x0, 0x0, 0x6, 0xf8, 0x0, 0xd, 0xdd, 0xde,
    0xff, 0xdd, 0xdd, 0x30, 0x3, 0x38, 0xfa, 0x32,
    0xf, 0xff, 0xff, 0xff, 0xff, 0xff, 0x30, 0x1f,
    0xff, 0xff, 0xfa, 0x0, 0x0, 0x5, 0xfa, 0x0,
    0x0, 0x0, 0x8, 0x8b, 0xfc, 0x85, 0x0, 0x0,
    0x5, 0xfa, 0x0, 0x0, 0x0, 0x0, 0x6, 0xf8,
    0x0, 0xcc, 0xcc, 0xcd, 0xfe, 0xcc, 0xcc, 0xc3,
    0x0, 0x6, 0xf8, 0x0, 0xff, 0xff, 0xff, 0xff,
    0xff, 0xff, 0xf4, 0x0, 0x6, 0xf8, 0x1, 0x11,
    0x11, 0x11, 0x11, 0x8f, 0x91, 0x10, 0x0, 0x6,
    0xfe, 0xf9, 0x0, 0x0, 0x0, 0x0, 0x7f, 0x80,
    0x0, 0x29, 0xdf, 0xff, 0xf8, 0x9b, 0xbb, 0xbb,
    0xbb, 0xdf, 0xeb, 0xb1, 0x3f, 0xff, 0xfa, 0x0,
    0xcf, 0xff, 0xff, 0xff, 0xff, 0xff, 0xf1, 0x9,
    0x46, 0xf8, 0x0, 0x22, 0x35, 0x22, 0x22, 0x8f,
    0x92, 0x20, 0x0, 0x6, 0xf8, 0x0, 0x1, 0xee,
    0x10, 0x0, 0x7f, 0x80, 0x0, 0x0, 0x6, 0xf8,
    0x0, 0x0, 0xbf, 0xa0, 0x0, 0x7f, 0x80, 0x0,
    0x0, 0x6, 0xf8, 0x0, 0x0, 0x1f, 0xf3, 0x0,
    0x7f, 0x80, 0x0, 0x0, 0x6, 0xf8, 0x0, 0x0,
    0x8, 0xf9, 0x0, 0x7f, 0x80, 0x0, 0x0, 0x6,
    0xf7, 0x0, 0x0, 0x1, 0x70, 0x0, 0x7f, 0x80,
    0x0, 0x9, 0xff, 0xf5, 0x0, 0x0, 0x0, 0x5,
    0xff, 0xff, 0x60, 0x0, 0x4, 0xed, 0x80, 0x0,
    0x0, 0x0, 0x1, 0xff, 0xe9, 0x0, 0x0,

    /* U+6309 "按" */
    0x0, 0x2, 0x64, 0x0, 0x0, 0x0, 0x4, 0x60,
    0x0, 0x0, 0x0, 0x0, 0x5, 0xfb, 0x0, 0x0,
    0x0, 0xd, 0xf5, 0x0, 0x0, 0x0, 0x0, 0x5,
    0xfb, 0x0, 0x0, 0x0, 0x9, 0xfa, 0x0, 0x0,
    0x0, 0x0, 0x5, 0xfb, 0x0, 0x5a, 0xaa, 0xac,
    0xff, 0xaa, 0xaa, 0x90, 0x0, 0x5, 0xfb, 0x0,
    0x8f, 0xff, 0xff, 0xff, 0xff, 0xff, 0xe0, 0x2f,
    0xff, 0xff, 0xfe, 0x8f, 0x72, 0x22, 0x22, 0x22,
    0x3f, 0xe0, 0x2e, 0xee, 0xff, 0xed, 0x8f, 0x60,
    0x7e, 0x90, 0x0, 0x1f, 0xe0, 0x0, 0x5, 0xfb,
    0x0, 0x59, 0x30, 0xdf, 0x60, 0x0, 0x9, 0x80,
    0x0, 0x5, 0xfb, 0x0, 0x0, 0x2, 0xff, 0x10,
    0x0, 0x0, 0x0, 0x0, 0x5, 0xfb, 0x3, 0xff,
    0xff, 0xff, 0xff, 0xff, 0xff, 0xf3, 0x0, 0x5,
    0xfb, 0x6, 0xee, 0xef, 0xfe, 0xee, 0xef, 0xfe,
    0xe3, 0x0, 0x6, 0xff, 0xff, 0x20, 0x6f, 0xd0,
    0x0, 0x5f, 0xe0, 0x0, 0x29, 0xdf, 0xff, 0xfb,
    0x20, 0xdf, 0x60, 0x0, 0xaf, 0x90, 0x0, 0x3f,
    0xff, 0xfc, 0x10, 0x5, 0xff, 0x0, 0x0, 0xef,
    0x40, 0x0, 0x9, 0x45, 0xfb, 0x0, 0xb, 0xff,
    0xc3, 0x8, 0xfd, 0x0, 0x0, 0x0, 0x5, 0xfb,
    0x0, 0x0, 0x6e, 0xff, 0xbf, 0xf4, 0x0, 0x0,
    0x0, 0x5, 0xfb, 0x0, 0x0, 0x0, 0x7f, 0xff,
    0xe0, 0x0, 0x0, 0x0, 0x5, 0xfb, 0x0, 0x0,
    0x0, 0x8f, 0xff, 0xfe, 0x50, 0x0, 0x0, 0x5,
    0xfb, 0x0, 0x3, 0x8e, 0xff, 0x94, 0xdf, 0xfb,
    0x10, 0x9, 0xde, 0xf9, 0x0, 0xef, 0xff, 0xc3,
    0x0, 0x7, 0xff, 0xd0, 0x6, 0xff, 0xb1, 0x0,
    0x7d, 0x72, 0x0, 0x0, 0x0, 0x3d, 0x30, 0x0,
    0x0, 0x0, 0x0, 0x0, 0x0, 0x0, 0x0, 0x0,
    0x0, 0x0,

    /* U+6362 "换" */
    0x0, 0x6, 0x94, 0x0, 0x0, 0x4, 0x72, 0x0,
    0x0, 0x0, 0x0, 0x0, 0x9, 0xf6, 0x0, 0x0,
    0xd, 0xf3, 0x0, 0x0, 0x0, 0x0, 0x0, 0x9,
    0xf6, 0x0, 0x0, 0x7f, 0xfb, 0xbb, 0xbb, 0x70,
    0x0, 0x0, 0x9, 0xf6, 0x0, 0x3, 0xff, 0xff,
    0xff, 0xff, 0xe1, 0x0, 0x4, 0x4b, 0xf9, 0x41,
    0x2e, 0xf8, 0x0, 0x5, 0xff, 0x40, 0x0, 0xf,
    0xff, 0xff, 0xf7, 0xef, 0xc0, 0x0, 0x2e, 0xf8,
    0x0, 0x0, 0xa, 0xae, 0xfc, 0xa8, 0xff, 0xff,
    0xff, 0xff, 0xff, 0xfd, 0x0, 0x0, 0x9, 0xf6,
    0x0, 0x5f, 0xf9, 0x9f, 0xfa, 0x9b, 0xfd, 0x0,
    0x0, 0x9, 0xf6, 0x0, 0x1f, 0xe0, 0xe, 0xf2,
    0x3, 0xfd, 0x0, 0x0, 0x9, 0xf6, 0x0, 0x1f,
    0xe0, 0xe, 0xf2, 0x3, 0xfd, 0x0, 0x0, 0x9,
    0xfc, 0xd7, 0x1f, 0xe0, 0xf, 0xf1, 0x3, 0xfd,
    0x0, 0x18, 0xcf, 0xff, 0xf8, 0x1f, 0xe0, 0xf,
    0xf0, 0x3, 0xfd, 0x0, 0x1f, 0xff, 0xf9, 0x16,
    0xbf, 0xfa, 0xbf, 0xfa, 0xac, 0xff, 0xa2, 0x8,
    0x4a, 0xf6, 0x9, 0xff, 0xff, 0xff, 0xff, 0xff,
    0xff, 0xf3, 0x0, 0x9, 0xf6, 0x1, 0x11, 0x12,
    0xef, 0xf9, 0x11, 0x11, 0x10, 0x0, 0x9, 0xf6,
    0x0, 0x0, 0x8, 0xfc, 0xef, 0x30, 0x0, 0x0,
    0x0, 0x9, 0xf6, 0x0, 0x0, 0x5f, 0xf2, 0x5f,
    0xe3, 0x0, 0x0, 0x0, 0x9, 0xf6, 0x0, 0x6,
    0xff, 0x50, 0x8, 0xff, 0x50, 0x0, 0x0, 0xa,
    0xf6, 0x1, 0xaf, 0xf6, 0x0, 0x0, 0x8f, 0xfa,
    0x20, 0x9, 0xff, 0xf4, 0x6f, 0xfe, 0x40, 0x0,
    0x0, 0x5, 0xff, 0xf6, 0x4, 0xfd, 0x80, 0x1d,
    0x91, 0x0, 0x0, 0x0, 0x0, 0x18, 0xb0, 0x0,
    0x0, 0x0, 0x0, 0x0, 0x0, 0x0, 0x0, 0x0,
    0x0, 0x0,

    /* U+6392 "排" */
    0x0, 0x1, 0x64, 0x0, 0x0, 0x0, 0x32, 0x0,
    0x32, 0x0, 0x0, 0x0, 0x4, 0xfb, 0x0, 0x0,
    0x1, 0xfe, 0x2, 0xfd, 0x0, 0x0, 0x0, 0x4,
    0xfb, 0x0, 0x0, 0x1, 0xfe, 0x2, 0xfd, 0x0,
    0x0, 0x0, 0x4, 0xfb, 0x0, 0x0, 0x1, 0xfe,
    0x2, 0xfd, 0x0, 0x0, 0x0, 0x4, 0xfb, 0x0,
    0x2b, 0xbc, 0xfe, 0x2, 0xff, 0xbb, 0xb2, 0xe,
    0xff, 0xff, 0xfe, 0x2f, 0xff, 0xfe, 0x2, 0xff,
    0xff, 0xf2, 0xd, 0xee, 0xff, 0xed, 0x1, 0x12,
    0xfe, 0x2, 0xfd, 0x11, 0x10, 0x0, 0x4, 0xfb,
    0x0, 0x0, 0x1, 0xfe, 0x2, 0xfd, 0x0, 0x0,
    0x0, 0x4, 0xfb, 0x0, 0x1, 0x12, 0xfe, 0x2,
    0xfd, 0x11, 0x10, 0x0, 0x4, 0xfb, 0x0, 0x1f,
    0xff, 0xfe, 0x2, 0xff, 0xff, 0xf0, 0x0, 0x4,
    0xfc, 0x59, 0x2b, 0xbc, 0xfe, 0x2, 0xff, 0xbb,
    0xb0, 0x3, 0x7b, 0xff, 0xff, 0x30, 0x1, 0xfe,
    0x2, 0xfd, 0x0, 0x0, 0x1f, 0xff, 0xfe, 0x62,
    0x0, 0x1, 0xfe, 0x2, 0xfd, 0x0, 0x0, 0x9,
    0x66, 0xfb, 0x0, 0x8c, 0xcd, 0xfe, 0x2, 0xff,
    0xcc, 0xc5, 0x0, 0x4, 0xfb, 0x0, 0xaf, 0xff,
    0xfe, 0x2, 0xff, 0xff, 0xf7, 0x0, 0x4, 0xfb,
    0x0, 0x0, 0x1, 0xfe, 0x2, 0xfd, 0x11, 0x10,
    0x0, 0x4, 0xfb, 0x0, 0x0, 0x1, 0xfe, 0x2,
    0xfd, 0x0, 0x0, 0x0, 0x4, 0xfb, 0x0, 0x0,
    0x1, 0xfe, 0x2, 0xfd, 0x0, 0x0, 0x0, 0x4,
    0xfb, 0x0, 0x0, 0x1, 0xfe, 0x2, 0xfd, 0x0,
    0x0, 0x5, 0xde, 0xf9, 0x0, 0x0, 0x1, 0xfe,
    0x2, 0xfd, 0x0, 0x0, 0x2, 0xff, 0xc2, 0x0,
    0x0, 0x1, 0xfe, 0x2, 0xfd, 0x0, 0x0, 0x0,
    0x0, 0x0, 0x0, 0x0, 0x0, 0x0, 0x0, 0x0,
    0x0, 0x0,

    /* U+63A5 "接" */
    0x0, 0x3, 0x51, 0x0, 0x0, 0x0, 0x1, 0x0,
    0x0, 0x0, 0x0, 0x0, 0xa, 0xf3, 0x0, 0x0,
    0x0, 0x8f, 0x80, 0x0, 0x0, 0x0, 0x0, 0xa,
    0xf3, 0x0, 0x23, 0x33, 0x4f, 0xf4, 0x33, 0x33,
    0x0, 0x0, 0xa, 0xf3, 0x0, 0xcf, 0xff, 0xff,
    0xff, 0xff, 0xff, 0x40, 0x0, 0xa, 0xf4, 0x0,
    0x79, 0xab, 0x99, 0x99, 0xba, 0x99, 0x20, 0x2f,
    0xff, 0xff, 0xf4, 0x1, 0xed, 0x0, 0x0, 0xdf,
    0x20, 0x0, 0x2e, 0xef, 0xfe, 0xe4, 0x0, 0x8f,
    0x70, 0x6, 0xfa, 0x0, 0x0, 0x0, 0xa, 0xf3,
    0x0, 0x11, 0x2e, 0x81, 0x1e, 0xf3, 0x11, 0x10,
    0x0, 0xa, 0xf3, 0x5, 0xff, 0xff, 0xff, 0xff,
    0xff, 0xff, 0xc0, 0x0, 0xa, 0xf3, 0x4, 0xbb,
    0xbb, 0xec, 0xbb, 0xbb, 0xbb, 0x90, 0x0, 0xa,
    0xf7, 0x91, 0x0, 0x1, 0xff, 0x10, 0x0, 0x0,
    0x0, 0x2, 0x6d, 0xff, 0xf4, 0x11, 0x18, 0xfa,
    0x11, 0x11, 0x11, 0x10, 0x5f, 0xff, 0xfc, 0x6b,
    0xff, 0xff, 0xff, 0xff, 0xff, 0xff, 0xf0, 0x1f,
    0xad, 0xf3, 0x6, 0xaa, 0xff, 0xca, 0xaa, 0xef,
    0xca, 0xa0, 0x0, 0xa, 0xf3, 0x0, 0x4, 0xfd,
    0x0, 0x0, 0xff, 0x20, 0x0, 0x0, 0xa, 0xf3,
    0x0, 0x1e, 0xfa, 0x20, 0x8, 0xfb, 0x0, 0x0,
    0x0, 0xa, 0xf3, 0x0, 0x3b, 0xff, 0xfc, 0x8f,
    0xf2, 0x0, 0x0, 0x0, 0xa, 0xf3, 0x0, 0x0,
    0x16, 0xdf, 0xff, 0xc1, 0x0, 0x0, 0x0, 0xa,
    0xf3, 0x0, 0x1, 0x5a, 0xff, 0xef, 0xff, 0x91,
    0x0, 0xb, 0xff, 0xf1, 0xa, 0xff, 0xff, 0xe8,
    0x11, 0x9f, 0xff, 0x30, 0x7, 0xfd, 0x60, 0x7,
    0xeb, 0x83, 0x0, 0x0, 0x2, 0xba, 0x0, 0x0,
    0x0, 0x0, 0x0, 0x0, 0x0, 0x0, 0x0, 0x0,
    0x0, 0x0,

    /* U+63D0 "提" */
    0x0, 0x5, 0xa4, 0x0, 0x0, 0x0, 0x0, 0x0,
    0x0, 0x0, 0x0, 0x0, 0x7, 0xf6, 0x0, 0xd,
    0xff, 0xff, 0xff, 0xff, 0xfd, 0x0, 0x0, 0x7,
    0xf6, 0x0, 0xe, 0xf8, 0x88, 0x88, 0x89, 0xfe,
    0x0, 0x0, 0x7, 0xf6, 0x0, 0xe, 0xf0, 0x0,
    0x0, 0x1, 0xfe, 0x0, 0x5, 0x5a, 0xf9, 0x53,
    0xe, 0xff, 0xff, 0xff, 0xff, 0xfe, 0x0, 0x1f,
    0xff, 0xff, 0xfb, 0xe, 0xf6, 0x66, 0x66, 0x67,
    0xfe, 0x0, 0xa, 0xad, 0xfc, 0xa7, 0xe, 0xf0,
    0x0, 0x0, 0x1, 0xfe, 0x0, 0x0, 0x7, 0xf6,
    0x0, 0xe, 0xff, 0xff, 0xff, 0xff, 0xfe, 0x0,
    0x0, 0x7, 0xf6, 0x0, 0x7, 0x88, 0x88, 0x88,
    0x88, 0x87, 0x0, 0x0, 0x7, 0xf6, 0x0, 0x0,
    0x0, 0x0, 0x0, 0x0, 0x0, 0x0, 0x0, 0x7,
    0xfa, 0xa8, 0xef, 0xff, 0xff, 0xff, 0xff, 0xff,
    0xf1, 0x3, 0x8d, 0xff, 0xfb, 0x9a, 0xaa, 0xaf,
    0xfb, 0xaa, 0xaa, 0xa1, 0x3f, 0xff, 0xfc, 0x50,
    0x4, 0x51, 0xd, 0xf1, 0x0, 0x0, 0x0, 0xc,
    0x9a, 0xf6, 0x0, 0xb, 0xf2, 0xd, 0xf2, 0x0,
    0x0, 0x0, 0x0, 0x7, 0xf6, 0x0, 0xe, 0xf0,
    0xd, 0xff, 0xff, 0xff, 0x0, 0x0, 0x7, 0xf6,
    0x0, 0x2f, 0xf1, 0xd, 0xfa, 0x99, 0x99, 0x0,
    0x0, 0x7, 0xf6, 0x0, 0x7f, 0xf7, 0xd, 0xf1,
    0x0, 0x0, 0x0, 0x0, 0x7, 0xf6, 0x0, 0xdf,
    0xbf, 0x3d, 0xf1, 0x0, 0x0, 0x0, 0x0, 0x8,
    0xf6, 0x7, 0xfb, 0xd, 0xff, 0xf1, 0x0, 0x0,
    0x0, 0x9, 0xde, 0xf5, 0x4f, 0xf3, 0x2, 0xdf,
    0xfe, 0xdd, 0xdd, 0xd7, 0x7, 0xff, 0xa0, 0x3e,
    0x60, 0x0, 0x6, 0xbe, 0xff, 0xff, 0xf4, 0x0,
    0x0, 0x0, 0x1, 0x0, 0x0, 0x0, 0x0, 0x0,
    0x0, 0x0,

    /* U+64E6 "擦" */
    0x0, 0x7, 0x80, 0x0, 0x0, 0x0, 0x26, 0x40,
    0x0, 0x0, 0x0, 0x0, 0xc, 0xf0, 0x0, 0x0,
    0x0, 0x3f, 0xd0, 0x0, 0x0, 0x0, 0x0, 0xc,
    0xf0, 0x2, 0xaa, 0xaa, 0xaf, 0xfb, 0xaa, 0xaa,
    0x90, 0x0, 0xc, 0xf0, 0x4, 0xff, 0xff, 0xff,
    0xff, 0xff, 0xff, 0xd0, 0x3, 0x3d, 0xf4, 0x34,
    0xfa, 0x85, 0x0, 0x22, 0x0, 0x2f, 0xd0, 0x1f,
    0xff, 0xff, 0xe2, 0x9b, 0xfa, 0x55, 0xec, 0x55,
    0x7e, 0x70, 0xc, 0xcf, 0xfc, 0xa0, 0x1d, 0xfd,
    0xef, 0xbf, 0xff, 0xff, 0x70, 0x0, 0xc, 0xf0,
    0x1, 0xcf, 0x50, 0xec, 0x1f, 0x90, 0xee, 0x0,
    0x0, 0xc, 0xf0, 0xb, 0xf6, 0xce, 0xf4, 0x8,
    0xfb, 0xf5, 0x0, 0x0, 0xc, 0xf0, 0x1, 0x67,
    0x4f, 0xa0, 0x0, 0xef, 0xa0, 0x0, 0x0, 0xc,
    0xfb, 0xe0, 0x2d, 0xff, 0xa9, 0x99, 0xbf, 0xe2,
    0x0, 0x6, 0xbf, 0xff, 0xe0, 0x6e, 0xda, 0xff,
    0xff, 0xc4, 0xfe, 0x60, 0x1f, 0xff, 0xf4, 0xb,
    0xfd, 0x10, 0x0, 0x0, 0x0, 0x4e, 0xf3, 0x9,
    0x5d, 0xf0, 0x4, 0xba, 0x99, 0x99, 0x99, 0x99,
    0x98, 0x40, 0x0, 0xc, 0xf0, 0x0, 0x1f, 0xff,
    0xff, 0xff, 0xff, 0xfb, 0x0, 0x0, 0xc, 0xf0,
    0x0, 0x1, 0x20, 0xd, 0xf1, 0x3, 0x10, 0x0,
    0x0, 0xc, 0xf0, 0x0, 0xa, 0xf5, 0xd, 0xf0,
    0x3f, 0xb0, 0x0, 0x0, 0xc, 0xf0, 0x0, 0x5f,
    0xd0, 0xd, 0xf0, 0xb, 0xf9, 0x0, 0x0, 0xd,
    0xf0, 0x4, 0xff, 0x30, 0xd, 0xf0, 0x0, 0xdf,
    0x50, 0x6, 0xbf, 0xf0, 0xc, 0xf6, 0xa, 0xbf,
    0xf0, 0x0, 0x4f, 0xa0, 0x4, 0xfd, 0x60, 0x0,
    0x30, 0xb, 0xfe, 0x70, 0x0, 0x3, 0x0, 0x0,
    0x0, 0x0, 0x0, 0x0, 0x0, 0x0, 0x0, 0x0,
    0x0, 0x0,

    /* U+652F "支" */
    0x0, 0x0, 0x0, 0x0, 0x1, 0x54, 0x0, 0x0,
    0x0, 0x0, 0x0, 0x0, 0x0, 0x0, 0x0, 0x5,
    0xfc, 0x0, 0x0, 0x0, 0x0, 0x0, 0x0, 0x0,
    0x0, 0x0, 0x5, 0xfc, 0x0, 0x0, 0x0, 0x0,
    0x0, 0x1, 0x33, 0x33, 0x33, 0x37, 0xfd, 0x33,
    0x33, 0x33, 0x33, 0x0, 0x9, 0xff, 0xff, 0xff,
    0xff, 0xff, 0xff, 0xff, 0xff, 0xff, 0x10, 0x8,
    0xdd, 0xdd, 0xdd, 0xde, 0xff, 0xdd, 0xdd, 0xdd,
    0xdd, 0x10, 0x0, 0x0, 0x0, 0x0, 0x5, 0xfc,
    0x0, 0x0, 0x0, 0x0, 0x0, 0x0, 0x0, 0x0,
    0x0, 0x5, 0xfc, 0x0, 0x0, 0x0, 0x0, 0x0,
    0x0, 0x1, 0x11, 0x11, 0x16, 0xfd, 0x11, 0x11,
    0x10, 0x0, 0x0, 0x0, 0x8f, 0xff, 0xff, 0xff,
    0xff, 0xff, 0xff, 0xfd, 0x30, 0x0, 0x0, 0x8f,
    0xff, 0xff, 0xff, 0xff, 0xff, 0xff, 0xff, 0x10,
    0x0, 0x0, 0x0, 0x7f, 0xc0, 0x0, 0x0, 0x0,
    0x1e, 0xf9, 0x0, 0x0, 0x0, 0x0, 0xd, 0xf8,
    0x0, 0x0, 0x0, 0xbf, 0xe1, 0x0, 0x0, 0x0,
    0x0, 0x4, 0xff, 0x50, 0x0, 0x8, 0xff, 0x40,
    0x0, 0x0, 0x0, 0x0, 0x0, 0x7f, 0xf7, 0x0,
    0xaf, 0xf4, 0x0, 0x0, 0x0, 0x0, 0x0, 0x0,
    0x7, 0xff, 0xbd, 0xff, 0x40, 0x0, 0x0, 0x0,
    0x0, 0x0, 0x0, 0x0, 0x8f, 0xff, 0xf4, 0x0,
    0x0, 0x0, 0x0, 0x0, 0x0, 0x1, 0x6c, 0xff,
    0xff, 0xff, 0xa5, 0x0, 0x0, 0x0, 0x2, 0x58,
    0xcf, 0xff, 0xf9, 0x36, 0xdf, 0xff, 0xfc, 0x96,
    0x30, 0x4f, 0xff, 0xff, 0xd7, 0x10, 0x0, 0x4,
    0xbf, 0xff, 0xff, 0xa0, 0xb, 0xd9, 0x51, 0x0,
    0x0, 0x0, 0x0, 0x0, 0x37, 0xad, 0x10, 0x0,
    0x0, 0x0, 0x0, 0x0, 0x0, 0x0, 0x0, 0x0,
    0x0, 0x0,

    /* U+6536 "收" */
    0x0, 0x0, 0x0, 0x11, 0x0, 0x2, 0x52, 0x0,
    0x0, 0x0, 0x0, 0x0, 0x0, 0xf, 0xf0, 0x0,
    0x9f, 0xa0, 0x0, 0x0, 0x0, 0x0, 0x0, 0x0,
    0xff, 0x0, 0xc, 0xf7, 0x0, 0x0, 0x0, 0x0,
    0xff, 0x0, 0xf, 0xf0, 0x0, 0xff, 0x30, 0x0,
    0x0, 0x0, 0xf, 0xf0, 0x0, 0xff, 0x0, 0x4f,
    0xf2, 0x22, 0x22, 0x22, 0x0, 0xff, 0x0, 0xf,
    0xf0, 0x8, 0xff, 0xff, 0xff, 0xff, 0xf2, 0xf,
    0xf0, 0x0, 0xff, 0x0, 0xdf, 0xdc, 0xcc, 0xef,
    0xec, 0x10, 0xff, 0x0, 0xf, 0xf0, 0x5f, 0xf4,
    0x0, 0x9, 0xf7, 0x0, 0xf, 0xf0, 0x0, 0xff,
    0xc, 0xff, 0x80, 0x0, 0xcf, 0x30, 0x0, 0xff,
    0x0, 0xf, 0xf8, 0xff, 0xfd, 0x0, 0xf, 0xf0,
    0x0, 0xf, 0xf0, 0x0, 0xff, 0xaf, 0x7a, 0xf3,
    0x4, 0xfc, 0x0, 0x0, 0xff, 0x0, 0xf, 0xf0,
    0x90, 0x4f, 0xa0, 0xaf, 0x70, 0x0, 0xf, 0xf0,
    0x0, 0xff, 0x0, 0x0, 0xef, 0x3f, 0xf1, 0x0,
    0x0, 0xff, 0x26, 0xbf, 0xf0, 0x0, 0x7, 0xfe,
    0xf9, 0x0, 0x0, 0x3f, 0xff, 0xff, 0xff, 0x0,
    0x0, 0xe, 0xff, 0x20, 0x0, 0x9, 0xff, 0xfa,
    0x5f, 0xf0, 0x0, 0x0, 0xcf, 0xe1, 0x0, 0x0,
    0x3e, 0x71, 0x0, 0xff, 0x0, 0x0, 0xaf, 0xff,
    0xd1, 0x0, 0x0, 0x0, 0x0, 0xf, 0xf0, 0x0,
    0xaf, 0xf5, 0xef, 0xc1, 0x0, 0x0, 0x0, 0x0,
    0xff, 0x4, 0xdf, 0xf3, 0x2, 0xef, 0xe5, 0x0,
    0x0, 0x0, 0xf, 0xf4, 0xff, 0xd3, 0x0, 0x2,
    0xdf, 0xe1, 0x0, 0x0, 0x0, 0xff, 0x8, 0x90,
    0x0, 0x0, 0x0, 0x93, 0x0, 0x0, 0x0, 0x0,
    0x0, 0x0, 0x0, 0x0, 0x0, 0x0, 0x0,

    /* U+653E "放" */
    0x0, 0x0, 0x3a, 0x50, 0x0, 0x0, 0xa, 0x92,
    0x0, 0x0, 0x0, 0x0, 0x0, 0x4f, 0xc0, 0x0,
    0x0, 0x1f, 0xf2, 0x0, 0x0, 0x0, 0x0, 0x0,
    0xe, 0xf2, 0x0, 0x0, 0x4f, 0xf0, 0x0, 0x0,
    0x0, 0x4, 0x44, 0x4b, 0xa5, 0x44, 0x30, 0x8f,
    0xb0, 0x0, 0x0, 0x0, 0x1f, 0xff, 0xff, 0xff,
    0xff, 0xa0, 0xcf, 0xeb, 0xbb, 0xbb, 0xb2, 0x9,
    0x9e, 0xfb, 0x99, 0x99, 0x61, 0xff, 0xff, 0xff,
    0xff, 0xf3, 0x0, 0xa, 0xf4, 0x0, 0x0, 0x7,
    0xff, 0x33, 0x39, 0xfa, 0x30, 0x0, 0xa, 0xf4,
    0x0, 0x0, 0xd, 0xff, 0x20, 0xb, 0xf5, 0x0,
    0x0, 0xa, 0xfd, 0xcc, 0xca, 0x6f, 0xff, 0x60,
    0xe, 0xf1, 0x0, 0x0, 0xa, 0xff, 0xff, 0xfd,
    0xff, 0xcf, 0xa0, 0x1f, 0xe0, 0x0, 0x0, 0xa,
    0xf5, 0x14, 0xfd, 0xce, 0x1f, 0xe0, 0x6f, 0xa0,
    0x0, 0x0, 0xb, 0xf3, 0x3, 0xfb, 0x14, 0xb,
    0xf4, 0xcf, 0x60, 0x0, 0x0, 0xc, 0xf3, 0x3,
    0xfb, 0x0, 0x6, 0xfc, 0xfe, 0x0, 0x0, 0x0,
    0xe, 0xf1, 0x4, 0xfa, 0x0, 0x1, 0xff, 0xf8,
    0x0, 0x0, 0x0, 0xf, 0xe0, 0x4, 0xfa, 0x0,
    0x0, 0xaf, 0xf2, 0x0, 0x0, 0x0, 0x4f, 0xc0,
    0x5, 0xf9, 0x0, 0x0, 0xcf, 0xf4, 0x0, 0x0,
    0x0, 0xaf, 0x70, 0x6, 0xf9, 0x0, 0xb, 0xff,
    0xff, 0x20, 0x0, 0x1, 0xff, 0x10, 0x8, 0xf7,
    0x0, 0xaf, 0xf5, 0xdf, 0xd2, 0x0, 0xb, 0xfb,
    0x0, 0xb, 0xf6, 0x3d, 0xff, 0x50, 0x2f, 0xff,
    0x50, 0x5f, 0xf2, 0x3e, 0xef, 0xf6, 0xff, 0xe5,
    0x0, 0x3, 0xef, 0xf3, 0xa, 0x60, 0xe, 0xfe,
    0x70, 0xbb, 0x10, 0x0, 0x0, 0x1b, 0x70, 0x0,
    0x0, 0x0, 0x0, 0x0, 0x0, 0x0, 0x0, 0x0,
    0x0, 0x0,

    /* U+6548 "效" */
    0x0, 0x0, 0x3a, 0x30, 0x0, 0x0, 0x1, 0xb7,
    0x0, 0x0, 0x0, 0x0, 0x0, 0x5f, 0xd0, 0x0,
    0x0, 0x5, 0xfa, 0x0, 0x0, 0x0, 0x0, 0x0,
    0xc, 0xf5, 0x0, 0x0, 0x8, 0xf7, 0x0, 0x0,
    0x0, 0x9, 0xaa, 0xad, 0xea, 0xaa, 0xa3, 0xc,
    0xf4, 0x0, 0x0, 0x0, 0xe, 0xff, 0xff, 0xff,
    0xff, 0xf4, 0xf, 0xfd, 0xdd, 0xdd, 0xc0, 0x3,
    0x37, 0x53, 0x34, 0x93, 0x31, 0x3f, 0xff, 0xff,
    0xff, 0xe0, 0x0, 0x1f, 0xf1, 0xa, 0xf6, 0x0,
    0x9f, 0x71, 0x16, 0xfb, 0x10, 0x0, 0x8f, 0x80,
    0x1, 0xef, 0x20, 0xef, 0x20, 0x8, 0xf7, 0x0,
    0x2, 0xff, 0x10, 0x0, 0x6f, 0xb7, 0xff, 0x50,
    0xb, 0xf4, 0x0, 0xc, 0xf7, 0x0, 0xd, 0xae,
    0xef, 0xff, 0x90, 0xe, 0xf0, 0x0, 0x3f, 0xc8,
    0xd1, 0x5f, 0xb2, 0x4f, 0xbe, 0xe0, 0x3f, 0xd0,
    0x0, 0x4, 0x2b, 0xfd, 0xbf, 0x50, 0x6, 0x19,
    0xf5, 0x9f, 0x70, 0x0, 0x0, 0x0, 0xcf, 0xff,
    0x0, 0x0, 0x2, 0xfc, 0xef, 0x10, 0x0, 0x0,
    0x0, 0x1e, 0xfd, 0x0, 0x0, 0x0, 0xcf, 0xfa,
    0x0, 0x0, 0x0, 0x0, 0x4f, 0xff, 0x80, 0x0,
    0x0, 0x6f, 0xf3, 0x0, 0x0, 0x0, 0x1, 0xef,
    0xaf, 0xf4, 0x0, 0x0, 0xcf, 0xf8, 0x0, 0x0,
    0x0, 0xc, 0xfb, 0x8, 0xfe, 0x10, 0xb, 0xfe,
    0xff, 0x50, 0x0, 0x2, 0xdf, 0xd1, 0x0, 0xdc,
    0x11, 0xbf, 0xe2, 0x8f, 0xf5, 0x0, 0x2f, 0xfd,
    0x20, 0x0, 0x20, 0x7f, 0xfe, 0x20, 0xa, 0xff,
    0xa0, 0x8, 0xb1, 0x0, 0x0, 0x3, 0xff, 0xb1,
    0x0, 0x0, 0x9f, 0xc0, 0x0, 0x0, 0x0, 0x0,
    0x0, 0x45, 0x0, 0x0, 0x0, 0x5, 0x10,

    /* U+6570 "数" */
    0x0, 0x0, 0x6, 0xb3, 0x2, 0x0, 0x3, 0x62,
    0x0, 0x0, 0x0, 0x1, 0xea, 0x9, 0xf5, 0xd,
    0xe1, 0x8, 0xf6, 0x0, 0x0, 0x0, 0x0, 0xaf,
    0x29, 0xf5, 0x6f, 0x80, 0xc, 0xf3, 0x0, 0x0,
    0x0, 0x0, 0x3f, 0x59, 0xf5, 0xbc, 0x0, 0xf,
    0xf0, 0x0, 0x0, 0x0, 0xa, 0xac, 0xad, 0xfc,
    0xab, 0xa7, 0x2f, 0xf7, 0x77, 0x77, 0x70, 0xf,
    0xff, 0xff, 0xff, 0xff, 0xfb, 0x6f, 0xff, 0xff,
    0xff, 0xf0, 0x0, 0x0, 0xbf, 0xff, 0xa1, 0x0,
    0xaf, 0xc6, 0x6b, 0xfa, 0x60, 0x0, 0x1c, 0xff,
    0xfb, 0xff, 0x61, 0xff, 0xb0, 0x9, 0xf4, 0x0,
    0x6, 0xef, 0x99, 0xf5, 0x3e, 0xa7, 0xff, 0xf0,
    0xc, 0xf1, 0x0, 0x1e, 0xf8, 0x9, 0xf5, 0x1,
    0x2f, 0xfc, 0xf2, 0xf, 0xe0, 0x0, 0x4, 0x30,
    0x18, 0x40, 0x0, 0x5f, 0xa5, 0xf7, 0x3f, 0xb0,
    0x0, 0x0, 0x0, 0x7f, 0x80, 0x0, 0x7, 0x31,
    0xfc, 0x8f, 0x70, 0x0, 0x8, 0xff, 0xff, 0xff,
    0xff, 0xc0, 0x0, 0xcf, 0xef, 0x10, 0x0, 0x5,
    0xae, 0xfc, 0xaa, 0xdf, 0x80, 0x0, 0x6f, 0xfb,
    0x0, 0x0, 0x0, 0x1f, 0xf1, 0x0, 0xdf, 0x20,
    0x0, 0x1f, 0xf5, 0x0, 0x0, 0x0, 0x9f, 0xe6,
    0xa, 0xf8, 0x0, 0x0, 0x7f, 0xfb, 0x0, 0x0,
    0x0, 0x17, 0xef, 0xef, 0xd0, 0x0, 0x4, 0xff,
    0xff, 0x70, 0x0, 0x0, 0x0, 0x2e, 0xff, 0xd4,
    0x0, 0x4f, 0xf6, 0x4f, 0xf5, 0x0, 0x0, 0x39,
    0xff, 0xa9, 0xfc, 0x1a, 0xff, 0x80, 0x8, 0xff,
    0x80, 0xe, 0xff, 0xd4, 0x0, 0x31, 0xdf, 0xf7,
    0x0, 0x0, 0x8f, 0xf2, 0x7, 0x93, 0x0, 0x0,
    0x0, 0x5c, 0x20, 0x0, 0x0, 0x5, 0x50, 0x0,
    0x0, 0x0, 0x0, 0x0, 0x0, 0x0, 0x0, 0x0,
    0x0, 0x0,

    /* U+6587 "文" */
    0x0, 0x0, 0x0, 0x0, 0x4, 0xa9, 0x0, 0x0,
    0x0, 0x0, 0x0, 0x0, 0x0, 0x0, 0x0, 0x6,
    0xff, 0x20, 0x0, 0x0, 0x0, 0x0, 0x0, 0x0,
    0x0, 0x0, 0x0, 0xef, 0x90, 0x0, 0x0, 0x0,
    0x0, 0x0, 0x0, 0x0, 0x0, 0x0, 0x8e, 0x90,
    0x0, 0x0, 0x0, 0x0, 0xe, 0xff, 0xff, 0xff,
    0xff, 0xff, 0xff, 0xff, 0xff, 0xff, 0xf0, 0xe,
    0xff, 0xff, 0xff, 0xff, 0xff, 0xff, 0xff, 0xff,
    0xff, 0xf0, 0x1, 0x11, 0x5f, 0xe1, 0x11, 0x11,
    0x11, 0x1e, 0xf6, 0x11, 0x10, 0x0, 0x0, 0xd,
    0xf6, 0x0, 0x0, 0x0, 0x6f, 0xe0, 0x0, 0x0,
    0x0, 0x0, 0x5, 0xfe, 0x0, 0x0, 0x0, 0xef,
    0x70, 0x0, 0x0, 0x0, 0x0, 0x0, 0xdf, 0x60,
    0x0, 0x5, 0xff, 0x0, 0x0, 0x0, 0x0, 0x0,
    0x0, 0x5f, 0xf3, 0x0, 0x1e, 0xf8, 0x0, 0x0,
    0x0, 0x0, 0x0, 0x0, 0xa, 0xfe, 0x10, 0xcf,
    0xc0, 0x0, 0x0, 0x0, 0x0, 0x0, 0x0, 0x0,
    0xdf, 0xb9, 0xff, 0x20, 0x0, 0x0, 0x0, 0x0,
    0x0, 0x0, 0x0, 0x2f, 0xff, 0xf5, 0x0, 0x0,
    0x0, 0x0, 0x0, 0x0, 0x0, 0x0, 0xc, 0xff,
    0xe2, 0x0, 0x0, 0x0, 0x0, 0x0, 0x0, 0x0,
    0x5, 0xef, 0xff, 0xff, 0x70, 0x0, 0x0, 0x0,
    0x0, 0x0, 0x2, 0xbf, 0xfe, 0x43, 0xdf, 0xfd,
    0x30, 0x0, 0x0, 0x0, 0x5, 0xbf, 0xff, 0x90,
    0x0, 0x8, 0xff, 0xfd, 0x71, 0x0, 0x1a, 0xff,
    0xff, 0xc4, 0x0, 0x0, 0x0, 0x3c, 0xff, 0xff,
    0xb1, 0xb, 0xff, 0x93, 0x0, 0x0, 0x0, 0x0,
    0x0, 0x28, 0xef, 0xa0, 0x1, 0x60, 0x0, 0x0,
    0x0, 0x0, 0x0, 0x0, 0x0, 0x5, 0x10,

    /* U+65AD "断" */
    0x0, 0x0, 0x0, 0x67, 0x0, 0x0, 0x0, 0x0,
    0x1, 0x70, 0x1, 0xb8, 0x0, 0xc, 0xe0, 0x0,
    0x0, 0x0, 0x39, 0xff, 0xd2, 0x1f, 0xb4, 0xb0,
    0xce, 0x9, 0xa0, 0x5a, 0xef, 0xff, 0xc6, 0x1,
    0xfb, 0x4f, 0x2c, 0xe0, 0xfa, 0xf, 0xff, 0xb7,
    0x20, 0x0, 0x1f, 0xb0, 0xf6, 0xce, 0x4f, 0x40,
    0xfe, 0x0, 0x0, 0x0, 0x1, 0xfb, 0xd, 0x9c,
    0xea, 0xc0, 0xf, 0xe0, 0x0, 0x0, 0x0, 0x1f,
    0xb0, 0x30, 0xce, 0x12, 0x0, 0xfe, 0x0, 0x0,
    0x0, 0x1, 0xfb, 0xae, 0xef, 0xfe, 0xee, 0x2f,
    0xe0, 0x0, 0x0, 0x0, 0x1f, 0xba, 0xde, 0xff,
    0xdd, 0xd2, 0xff, 0xff, 0xff, 0xff, 0xa1, 0xfb,
    0x0, 0x5f, 0xf5, 0x0, 0xf, 0xfd, 0xdf, 0xfd,
    0xd9, 0x1f, 0xb0, 0xd, 0xff, 0xf5, 0x1, 0xfe,
    0x0, 0xdf, 0x10, 0x1, 0xfb, 0x7, 0xff, 0xfc,
    0xf4, 0x2f, 0xd0, 0xd, 0xf1, 0x0, 0x1f, 0xb4,
    0xfa, 0xce, 0x1e, 0xc3, 0xfd, 0x0, 0xdf, 0x10,
    0x1, 0xfc, 0xff, 0x1c, 0xe0, 0x51, 0x4f, 0xc0,
    0xd, 0xf1, 0x0, 0x1f, 0xbb, 0x40, 0xce, 0x0,
    0x5, 0xfa, 0x0, 0xdf, 0x10, 0x1, 0xfb, 0x0,
    0xc, 0xe0, 0x0, 0x8f, 0x80, 0xd, 0xf1, 0x0,
    0x1f, 0xb0, 0x0, 0x56, 0x0, 0xb, 0xf5, 0x0,
    0xdf, 0x10, 0x1, 0xff, 0xff, 0xff, 0xff, 0xf6,
    0xff, 0x20, 0xd, 0xf1, 0x0, 0x1c, 0xcc, 0xcc,
    0xcc, 0xcc, 0xbf, 0xe0, 0x0, 0xdf, 0x10, 0x0,
    0x0, 0x0, 0x0, 0x0, 0xc, 0xf8, 0x0, 0xd,
    0xf1, 0x0, 0x0, 0x0, 0x0, 0x0, 0x0, 0x2c,
    0x20, 0x0, 0xdf, 0x10, 0x0, 0x0, 0x0, 0x0,
    0x0, 0x0, 0x0, 0x0, 0x0, 0x0, 0x0,

    /* U+65B0 "新" */
    0x0, 0x0, 0x3, 0x30, 0x0, 0x0, 0x0, 0x0,
    0x0, 0x0, 0x0, 0x0, 0x0, 0x4f, 0xd0, 0x0,
    0x0, 0x0, 0x0, 0x38, 0xe8, 0x0, 0x1, 0x11,
    0x1d, 0xf5, 0x11, 0x10, 0x48, 0xbf, 0xff, 0xfd,
    0x30, 0xb, 0xff, 0xff, 0xff, 0xff, 0xf0, 0xdf,
    0xfd, 0xa6, 0x20, 0x0, 0x7, 0x9c, 0xb9, 0x99,
    0xeb, 0x90, 0xdf, 0x10, 0x0, 0x0, 0x0, 0x0,
    0x4f, 0x90, 0x4, 0xfc, 0x0, 0xdf, 0x0, 0x0,
    0x0, 0x0, 0x0, 0xf, 0xe0, 0x9, 0xf5, 0x0,
    0xdf, 0x0, 0x0, 0x0, 0x0, 0x2, 0x2c, 0xd3,
    0x3e, 0xf3, 0x21, 0xdf, 0x10, 0x0, 0x0, 0x0,
    0x1f, 0xff, 0xff, 0xff, 0xff, 0xf6, 0xdf, 0xff,
    0xff, 0xff, 0xf2, 0x8, 0x88, 0x8d, 0xfa, 0x88,
    0x83, 0xdf, 0xee, 0xef, 0xfe, 0xe2, 0x0, 0x0,
    0xa, 0xf3, 0x0, 0x0, 0xef, 0x0, 0x1f, 0xe0,
    0x0, 0xb, 0xbb, 0xbe, 0xfc, 0xbb, 0xb1, 0xef,
    0x0, 0x1f, 0xe0, 0x0, 0xf, 0xff, 0xff, 0xff,
    0xff, 0xf1, 0xff, 0x0, 0x1f, 0xe0, 0x0, 0x0,
    0x0, 0xa, 0xf3, 0x11, 0x1, 0xfe, 0x0, 0x1f,
    0xe0, 0x0, 0x0, 0x7e, 0x3a, 0xf3, 0xca, 0x1,
    0xfd, 0x0, 0x1f, 0xe0, 0x0, 0x0, 0xde, 0xa,
    0xf3, 0xaf, 0x33, 0xfb, 0x0, 0x1f, 0xe0, 0x0,
    0x6, 0xf8, 0xa, 0xf3, 0x2f, 0xa7, 0xf7, 0x0,
    0x1f, 0xe0, 0x0, 0x1e, 0xf1, 0xa, 0xf3, 0xc,
    0xdb, 0xf3, 0x0, 0x1f, 0xe0, 0x0, 0x7, 0x70,
    0xa, 0xf3, 0x2, 0x2f, 0xf0, 0x0, 0x1f, 0xe0,
    0x0, 0x0, 0x5, 0xbf, 0xf1, 0x0, 0x9f, 0x80,
    0x0, 0x1f, 0xe0, 0x0, 0x0, 0x3, 0xfe, 0x80,
    0x0, 0x2b, 0x10, 0x0, 0x1f, 0xe0, 0x0, 0x0,
    0x0, 0x0, 0x0, 0x0, 0x0, 0x0, 0x0, 0x0,
    0x0, 0x0,

    /* U+65B9 "方" */
    0x0, 0x0, 0x0, 0x0, 0x17, 0xa0, 0x0, 0x0,
    0x0, 0x0, 0x0, 0x0, 0x0, 0x0, 0x2f, 0xf4,
    0x0, 0x0, 0x0, 0x0, 0x0, 0x0, 0x0, 0x0,
    0xa, 0xfc, 0x0, 0x0, 0x0, 0x0, 0x0, 0x0,
    0x0, 0x0, 0x4, 0xfa, 0x0, 0x0, 0x0, 0x0,
    0x6f, 0xff, 0xff, 0xff, 0xff, 0xff, 0xff, 0xff,
    0xff, 0xfe, 0x7f, 0xff, 0xff, 0xff, 0xff, 0xff,
    0xff, 0xff, 0xff, 0xfe, 0x0, 0x0, 0x0, 0xcf,
    0x80, 0x0, 0x0, 0x0, 0x0, 0x0, 0x0, 0x0,
    0x0, 0xdf, 0x70, 0x0, 0x0, 0x0, 0x0, 0x0,
    0x0, 0x0, 0x0, 0xef, 0x50, 0x0, 0x0, 0x0,
    0x0, 0x0, 0x0, 0x0, 0x0, 0xff, 0xfe, 0xee,
    0xee, 0xee, 0xe9, 0x0, 0x0, 0x0, 0x2, 0xff,
    0xff, 0xff, 0xff, 0xff, 0xf8, 0x0, 0x0, 0x0,
    0x5, 0xfe, 0x11, 0x11, 0x11, 0x1a, 0xf7, 0x0,
    0x0, 0x0, 0x9, 0xfa, 0x0, 0x0, 0x0, 0xb,
    0xf6, 0x0, 0x0, 0x0, 0xd, 0xf6, 0x0, 0x0,
    0x0, 0xd, 0xf5, 0x0, 0x0, 0x0, 0x3f, 0xf1,
    0x0, 0x0, 0x0, 0xe, 0xf3, 0x0, 0x0, 0x0,
    0xbf, 0xa0, 0x0, 0x0, 0x0, 0xf, 0xf1, 0x0,
    0x0, 0x5, 0xff, 0x30, 0x0, 0x0, 0x0, 0x3f,
    0xf0, 0x0, 0x0, 0x3f, 0xf8, 0x0, 0x0, 0x0,
    0x0, 0x6f, 0xc0, 0x0, 0x4, 0xff, 0xc0, 0x0,
    0x0, 0x0, 0x1, 0xcf, 0x80, 0x0, 0x8f, 0xfc,
    0x10, 0x0, 0x6, 0xff, 0xff, 0xff, 0x20, 0x0,
    0x1e, 0x90, 0x0, 0x0, 0x0, 0xff, 0xff, 0xd4,
    0x0, 0x0, 0x1, 0x0, 0x0, 0x0, 0x0, 0x0,
    0x0, 0x0, 0x0, 0x0,

    /* U+65E0 "无" */
    0x0, 0x1, 0x11, 0x11, 0x11, 0x11, 0x11, 0x11,
    0x11, 0x11, 0x0, 0x0, 0x8f, 0xff, 0xff, 0xff,
    0xff, 0xff, 0xff, 0xff, 0xfc, 0x0, 0x0, 0x8f,
    0xff, 0xff, 0xff, 0xff, 0xff, 0xff, 0xff, 0xfb,
    0x0, 0x0, 0x0, 0x0, 0x0, 0x7, 0xfa, 0x0,
    0x0, 0x0, 0x0, 0x0, 0x0, 0x0, 0x0, 0x0,
    0x9, 0xf9, 0x0, 0x0, 0x0, 0x0, 0x0, 0x0,
    0x0, 0x0, 0x0, 0xa, 0xf7, 0x0, 0x0, 0x0,
    0x0, 0x0, 0x0, 0x0, 0x0, 0x0, 0xb, 0xf6,
    0x0, 0x0, 0x0, 0x0, 0x0, 0xe, 0xff, 0xff,
    0xff, 0xff, 0xff, 0xff, 0xff, 0xff, 0xff, 0xf0,
    0xe, 0xff, 0xff, 0xff, 0xff, 0xff, 0xff, 0xff,
    0xff, 0xff, 0xf0, 0x1, 0x11, 0x11, 0x11, 0x5f,
    0xed, 0xf6, 0x11, 0x11, 0x11, 0x10, 0x0, 0x0,
    0x0, 0x0, 0x9f, 0x9d, 0xf5, 0x0, 0x0, 0x0,
    0x0, 0x0, 0x0, 0x0, 0x0, 0xef, 0x4d, 0xf5,
    0x0, 0x0, 0x0, 0x0, 0x0, 0x0, 0x0, 0x6,
    0xfe, 0xd, 0xf5, 0x0, 0x0, 0x0, 0x0, 0x0,
    0x0, 0x0, 0xe, 0xf7, 0xd, 0xf5, 0x0, 0x0,
    0x0, 0x0, 0x0, 0x0, 0x0, 0x9f, 0xe0, 0xd,
    0xf5, 0x0, 0x0, 0x7, 0x10, 0x0, 0x0, 0x7,
    0xff, 0x60, 0xd, 0xf5, 0x0, 0x0, 0xd, 0xf2,
    0x0, 0x0, 0x7f, 0xfa, 0x0, 0xd, 0xf5, 0x0,
    0x0, 0xf, 0xf1, 0x0, 0x1a, 0xff, 0xa0, 0x0,
    0xc, 0xf8, 0x0, 0x0, 0x4f, 0xe0, 0x8, 0xff,
    0xf8, 0x0, 0x0, 0x9, 0xff, 0xff, 0xff, 0xff,
    0x90, 0x9, 0xfd, 0x40, 0x0, 0x0, 0x1, 0xae,
    0xff, 0xff, 0xeb, 0x10, 0x0, 0x50, 0x0, 0x0,
    0x0, 0x0, 0x0, 0x0, 0x0, 0x0, 0x0,

    /* U+65F6 "时" */
    0x0, 0x0, 0x0, 0x0, 0x0, 0x0, 0x0, 0x0,
    0x33, 0x0, 0x0, 0x0, 0x0, 0x0, 0x0, 0x0,
    0x0, 0x0, 0x1f, 0xf0, 0x0, 0x19, 0x99, 0x99,
    0x99, 0x0, 0x0, 0x0, 0x1, 0xff, 0x0, 0x1,
    0xff, 0xff, 0xff, 0xf0, 0x0, 0x0, 0x0, 0x1f,
    0xf0, 0x0, 0x1f, 0xe4, 0x44, 0xef, 0x11, 0x11,
    0x11, 0x13, 0xff, 0x11, 0x1, 0xfd, 0x0, 0xe,
    0xf1, 0xff, 0xff, 0xff, 0xff, 0xff, 0xf7, 0x1f,
    0xd0, 0x0, 0xef, 0x1f, 0xff, 0xff, 0xff, 0xff,
    0xff, 0x71, 0xfd, 0x0, 0xe, 0xf0, 0x0, 0x0,
    0x0, 0x1f, 0xf0, 0x0, 0x1f, 0xfb, 0xbb, 0xff,
    0x0, 0x66, 0x0, 0x1, 0xff, 0x0, 0x1, 0xff,
    0xff, 0xff, 0xf0, 0x3f, 0xf2, 0x0, 0x1f, 0xf0,
    0x0, 0x1f, 0xd1, 0x11, 0xef, 0x0, 0x9f, 0xc0,
    0x1, 0xff, 0x0, 0x1, 0xfd, 0x0, 0xe, 0xf0,
    0x1, 0xef, 0x60, 0x1f, 0xf0, 0x0, 0x1f, 0xd0,
    0x0, 0xef, 0x0, 0x6, 0xff, 0x11, 0xff, 0x0,
    0x1, 0xfd, 0x0, 0xe, 0xf0, 0x0, 0xc, 0xf4,
    0x1f, 0xf0, 0x0, 0x1f, 0xd0, 0x0, 0xef, 0x0,
    0x0, 0x32, 0x1, 0xff, 0x0, 0x1, 0xff, 0xff,
    0xff, 0xf0, 0x0, 0x0, 0x0, 0x1f, 0xf0, 0x0,
    0x1f, 0xfd, 0xdd, 0xdd, 0x0, 0x0, 0x0, 0x1,
    0xff, 0x0, 0x1, 0xfd, 0x0, 0x0, 0x0, 0x0,
    0x0, 0x0, 0x1f, 0xf0, 0x0, 0x18, 0x70, 0x0,
    0x0, 0x0, 0x0, 0x10, 0x4, 0xff, 0x0, 0x0,
    0x0, 0x0, 0x0, 0x0, 0x0, 0x5f, 0xff, 0xff,
    0xd0, 0x0, 0x0, 0x0, 0x0, 0x0, 0x0, 0x0,
    0xef, 0xfd, 0xa2, 0x0, 0x0, 0x0, 0x0, 0x0,
    0x0, 0x0, 0x0, 0x0, 0x0, 0x0, 0x0,

    /* U+662F "是" */
    0x0, 0x3, 0x88, 0x88, 0x88, 0x88, 0x88, 0x88,
    0x88, 0x40, 0x0, 0x0, 0x5, 0xff, 0xff, 0xff,
    0xff, 0xff, 0xff, 0xff, 0x70, 0x0, 0x0, 0x5,
    0xf9, 0x0, 0x0, 0x0, 0x0, 0x0, 0x9f, 0x70,
    0x0, 0x0, 0x5, 0xff, 0xff, 0xff, 0xff, 0xff,
    0xff, 0xff, 0x70, 0x0, 0x0, 0x5, 0xfc, 0x77,
    0x77, 0x77, 0x77, 0x77, 0xcf, 0x70, 0x0, 0x0,
    0x5, 0xf9, 0x0, 0x0, 0x0, 0x0, 0x0, 0x9f,
    0x70, 0x0, 0x0, 0x5, 0xff, 0xff, 0xff, 0xff,
    0xff, 0xff, 0xff, 0x70, 0x0, 0x0, 0x3, 0x99,
    0x99, 0x99, 0x99, 0x99, 0x99, 0x99, 0x40, 0x0,
    0x0, 0x0, 0x0, 0x0, 0x0, 0x0, 0x0, 0x0,
    0x0, 0x0, 0x0, 0x8, 0xff, 0xff, 0xff, 0xff,
    0xff, 0xff, 0xff, 0xff, 0xff, 0xe0, 0x7, 0xdd,
    0xdd, 0xdd, 0xdd, 0xff, 0xed, 0xdd, 0xdd, 0xdd,
    0xc0, 0x0, 0x0, 0x7, 0x50, 0x0, 0xbf, 0x50,
    0x0, 0x0, 0x0, 0x0, 0x0, 0x0, 0x3f, 0xd0,
    0x0, 0xbf, 0x50, 0x0, 0x0, 0x0, 0x0, 0x0,
    0x0, 0x7f, 0x90, 0x0, 0xbf, 0xff, 0xff, 0xff,
    0xf5, 0x0, 0x0, 0x0, 0xdf, 0xd0, 0x0, 0xbf,
    0xdc, 0xcc, 0xcc, 0xc4, 0x0, 0x0, 0x4, 0xff,
    0xf7, 0x0, 0xbf, 0x50, 0x0, 0x0, 0x0, 0x0,
    0x0, 0xd, 0xfa, 0xff, 0x60, 0xbf, 0x50, 0x0,
    0x0, 0x0, 0x0, 0x0, 0x9f, 0xd0, 0x5f, 0xfc,
    0xef, 0x50, 0x0, 0x0, 0x0, 0x0, 0xa, 0xff,
    0x40, 0x5, 0xef, 0xff, 0xff, 0xff, 0xff, 0xff,
    0xf3, 0x9, 0xf5, 0x0, 0x0, 0x5, 0x9d, 0xef,
    0xff, 0xff, 0xff, 0xd0, 0x0, 0x20, 0x0, 0x0,
    0x0, 0x0, 0x0, 0x0, 0x0, 0x0, 0x0,

    /* U+663E "显" */
    0x0, 0x3, 0x99, 0x99, 0x99, 0x99, 0x99, 0x99,
    0x99, 0x30, 0x0, 0x0, 0x5, 0xff, 0xff, 0xff,
    0xff, 0xff, 0xff, 0xff, 0x60, 0x0, 0x0, 0x5,
    0xfb, 0x0, 0x0, 0x0, 0x0, 0x0, 0xbf, 0x60,
    0x0, 0x0, 0x5, 0xfb, 0x0, 0x0, 0x0, 0x0,
    0x0, 0xbf, 0x60, 0x0, 0x0, 0x5, 0xff, 0xff,
    0xff, 0xff, 0xff, 0xff, 0xff, 0x60, 0x0, 0x0,
    0x5, 0xfd, 0x88, 0x88, 0x88, 0x88, 0x88, 0xef,
    0x60, 0x0, 0x0, 0x5, 0xfb, 0x0, 0x0, 0x0,
    0x0, 0x0, 0xbf, 0x60, 0x0, 0x0, 0x5, 0xfe,
    0x99, 0x99, 0x99, 0x99, 0x99, 0xef, 0x60, 0x0,
    0x0, 0x5, 0xff, 0xff, 0xff, 0xff, 0xff, 0xff,
    0xff, 0x60, 0x0, 0x0, 0x0, 0x0, 0x0, 0x0,
    0x0, 0x0, 0x0, 0x0, 0x0, 0x0, 0x0, 0x0,
    0x0, 0x7, 0xf7, 0x0, 0x9f, 0x50, 0x1, 0x10,
    0x0, 0x0, 0x3e, 0x80, 0x8, 0xf7, 0x0, 0x9f,
    0x60, 0x9, 0xf5, 0x0, 0x0, 0xe, 0xf2, 0x8,
    0xf7, 0x0, 0x9f, 0x60, 0x2f, 0xe1, 0x0, 0x0,
    0x5, 0xfb, 0x8, 0xf7, 0x0, 0x9f, 0x60, 0xcf,
    0x50, 0x0, 0x0, 0x0, 0xdf, 0x38, 0xf7, 0x0,
    0x9f, 0x68, 0xfa, 0x0, 0x0, 0x0, 0x0, 0x59,
    0x18, 0xf7, 0x0, 0x9f, 0x64, 0xa0, 0x0, 0x0,
    0x0, 0x0, 0x0, 0x8, 0xf8, 0x0, 0x9f, 0x60,
    0x0, 0x0, 0x0, 0x3f, 0xff, 0xff, 0xff, 0xff,
    0xff, 0xff, 0xff, 0xff, 0xff, 0xf3, 0x3e, 0xee,
    0xee, 0xee, 0xee, 0xee, 0xee, 0xee, 0xee, 0xee,
    0xe3,

    /* U+6682 "暂" */
    0x0, 0x1, 0x40, 0x0, 0x0, 0x0, 0x0, 0x0,
    0x0, 0x0, 0x0, 0x9, 0xfb, 0x0, 0x0, 0x0,
    0x23, 0x58, 0xbe, 0xb0, 0xef, 0xff, 0xff, 0xff,
    0xff, 0x5c, 0xff, 0xff, 0xfc, 0x91, 0x88, 0xff,
    0xa8, 0x88, 0x88, 0x3c, 0xf6, 0x42, 0x0, 0x0,
    0x7, 0xf9, 0x9, 0xc1, 0x0, 0xc, 0xf1, 0x0,
    0x0, 0x0, 0x7f, 0xf8, 0x7e, 0xf8, 0x77, 0x3c,
    0xfb, 0xaa, 0xaa, 0xa9, 0x7f, 0xff, 0xff, 0xff,
    0xff, 0x6d, 0xff, 0xff, 0xff, 0xfd, 0x14, 0x22,
    0x2c, 0xf4, 0x22, 0xf, 0xe0, 0x8, 0xf5, 0x0,
    0x0, 0x13, 0x4d, 0xf9, 0x9b, 0x4f, 0xb0, 0x8,
    0xf5, 0x0, 0xdf, 0xff, 0xff, 0xff, 0xec, 0x9f,
    0x80, 0x8, 0xf5, 0x0, 0x9a, 0x87, 0x5d, 0xf2,
    0x0, 0xef, 0x10, 0x8, 0xf5, 0x0, 0x0, 0x0,
    0xc, 0xf2, 0x0, 0x88, 0x0, 0x8, 0xf5, 0x0,
    0x0, 0x28, 0x88, 0x88, 0x88, 0x88, 0x88, 0x88,
    0x81, 0x0, 0x0, 0x5f, 0xff, 0xff, 0xff, 0xff,
    0xff, 0xff, 0xf2, 0x0, 0x0, 0x5f, 0xa0, 0x0,
    0x0, 0x0, 0x0, 0xe, 0xf2, 0x0, 0x0, 0x5f,
    0xc6, 0x66, 0x66, 0x66, 0x66, 0x6f, 0xf2, 0x0,
    0x0, 0x5f, 0xff, 0xff, 0xff, 0xff, 0xff, 0xff,
    0xf2, 0x0, 0x0, 0x5f, 0xa0, 0x0, 0x0, 0x0,
    0x0, 0xe, 0xf2, 0x0, 0x0, 0x5f, 0xd8, 0x88,
    0x88, 0x88, 0x88, 0x8f, 0xf2, 0x0, 0x0, 0x5f,
    0xff, 0xff, 0xff, 0xff, 0xff, 0xff, 0xf2, 0x0,
    0x0, 0x5f, 0xa0, 0x0, 0x0, 0x0, 0x0, 0xe,
    0xf2, 0x0,

    /* U+66F4 "更" */
    0x4a, 0xaa, 0xaa, 0xaa, 0xaa, 0xaa, 0xaa, 0xaa,
    0xaa, 0xa9, 0x6, 0xff, 0xff, 0xff, 0xff, 0xff,
    0xff, 0xff, 0xff, 0xff, 0xd0, 0x12, 0x22, 0x22,
    0x22, 0x2c, 0xf9, 0x22, 0x22, 0x22, 0x22, 0x0,
    0x0, 0x0, 0x0, 0x0, 0xbf, 0x70, 0x0, 0x0,
    0x0, 0x0, 0x0, 0x6f, 0xff, 0xff, 0xff, 0xff,
    0xff, 0xff, 0xff, 0x70, 0x0, 0x6, 0xfd, 0xbb,
    0xbb, 0xef, 0xdb, 0xbb, 0xbe, 0xf7, 0x0, 0x0,
    0x6f, 0x80, 0x0, 0xb, 0xf7, 0x0, 0x0, 0x9f,
    0x70, 0x0, 0x6, 0xfc, 0x88, 0x88, 0xdf, 0xc8,
    0x88, 0x8d, 0xf7, 0x0, 0x0, 0x6f, 0xff, 0xff,
    0xff, 0xff, 0xff, 0xff, 0xff, 0x70, 0x0, 0x6,
    0xf9, 0x0, 0x0, 0xbf, 0x80, 0x0, 0x9, 0xf7,
    0x0, 0x0, 0x6f, 0x80, 0x0, 0xb, 0xf7, 0x0,
    0x0, 0x9f, 0x70, 0x0, 0x6, 0xff, 0xff, 0xff,
    0xff, 0xff, 0xff, 0xff, 0xf7, 0x0, 0x0, 0x5c,
    0xcc, 0xcc, 0xcf, 0xfc, 0xcc, 0xcc, 0xcc, 0x50,
    0x0, 0x0, 0x7e, 0x60, 0x5, 0xff, 0x0, 0x0,
    0x0, 0x0, 0x0, 0x0, 0x4, 0xff, 0x50, 0xdf,
    0x90, 0x0, 0x0, 0x0, 0x0, 0x0, 0x0, 0x7,
    0xff, 0xcf, 0xe1, 0x0, 0x0, 0x0, 0x0, 0x0,
    0x0, 0x0, 0xa, 0xff, 0xfa, 0x10, 0x0, 0x0,
    0x0, 0x0, 0x0, 0x2, 0x7d, 0xff, 0xff, 0xff,
    0xc9, 0x64, 0x21, 0x0, 0x0, 0x7e, 0xff, 0xff,
    0x81, 0x5b, 0xff, 0xff, 0xff, 0xff, 0xff, 0x51,
    0xef, 0xb6, 0x10, 0x0, 0x0, 0x37, 0x9b, 0xde,
    0xff, 0xe0, 0x1, 0x0, 0x0, 0x0, 0x0, 0x0,
    0x0, 0x0, 0x0, 0x0, 0x0,

    /* U+6700 "最" */
    0x0, 0x3, 0xff, 0xff, 0xff, 0xff, 0xff, 0xff,
    0xff, 0x30, 0x0, 0x0, 0x3, 0xfe, 0x77, 0x77,
    0x77, 0x77, 0x77, 0xef, 0x30, 0x0, 0x0, 0x3,
    0xfd, 0x33, 0x33, 0x33, 0x33, 0x33, 0xdf, 0x30,
    0x0, 0x0, 0x3, 0xff, 0xff, 0xff, 0xff, 0xff,
    0xff, 0xff, 0x30, 0x0, 0x0, 0x3, 0xfc, 0x11,
    0x11, 0x11, 0x11, 0x11, 0xdf, 0x30, 0x0, 0x0,
    0x3, 0xfe, 0x66, 0x66, 0x66, 0x66, 0x66, 0xef,
    0x30, 0x0, 0x0, 0x3, 0xff, 0xff, 0xff, 0xff,
    0xff, 0xff, 0xff, 0x30, 0x0, 0x0, 0x0, 0x0,
    0x0, 0x0, 0x0, 0x0, 0x0, 0x0, 0x0, 0x0,
    0xf, 0xff, 0xff, 0xff, 0xff, 0xff, 0xff, 0xff,
    0xff, 0xff, 0xe0, 0x9, 0x9f, 0xf9, 0x99, 0xdf,
    0xc9, 0x99, 0x99, 0x99, 0x99, 0x90, 0x0, 0xe,
    0xf0, 0x0, 0x8f, 0x71, 0x11, 0x11, 0x11, 0x21,
    0x0, 0x0, 0xe, 0xff, 0xff, 0xff, 0x7b, 0xff,
    0xff, 0xff, 0xff, 0x30, 0x0, 0xe, 0xf7, 0x77,
    0xbf, 0x76, 0xef, 0x88, 0x89, 0xfd, 0x0, 0x0,
    0xe, 0xf7, 0x77, 0xcf, 0x70, 0x8f, 0x60, 0x9,
    0xf6, 0x0, 0x0, 0xe, 0xff, 0xff, 0xff, 0x70,
    0x1e, 0xf3, 0x5f, 0xd0, 0x0, 0x0, 0xe, 0xf0,
    0x0, 0x8f, 0x81, 0x4, 0xff, 0xfe, 0x20, 0x0,
    0x2, 0x3f, 0xf8, 0x9b, 0xef, 0xf9, 0x0, 0xbf,
    0xfa, 0x0, 0x0, 0xf, 0xff, 0xff, 0xff, 0xff,
    0xd5, 0x4d, 0xfe, 0xff, 0xd6, 0x10, 0xa, 0xa8,
    0x64, 0x20, 0x8f, 0x7b, 0xff, 0xb1, 0x2c, 0xff,
    0xe1, 0x0, 0x0, 0x0, 0x0, 0x8f, 0x74, 0xb4,
    0x0, 0x0, 0x4a, 0x50,

    /* U+6709 "有" */
    0x0, 0x0, 0x0, 0x0, 0x67, 0x20, 0x0, 0x0,
    0x0, 0x0, 0x0, 0x0, 0x0, 0x0, 0xe, 0xf6,
    0x0, 0x0, 0x0, 0x0, 0x0, 0x0, 0x0, 0x0,
    0x3, 0xff, 0x10, 0x0, 0x0, 0x0, 0x0, 0x0,
    0x7e, 0xee, 0xee, 0xff, 0xfe, 0xee, 0xee, 0xee,
    0xee, 0xed, 0x8, 0xff, 0xff, 0xff, 0xff, 0xff,
    0xff, 0xff, 0xff, 0xff, 0xe0, 0x0, 0x0, 0x9,
    0xfc, 0x0, 0x0, 0x0, 0x0, 0x0, 0x0, 0x0,
    0x0, 0x3, 0xff, 0x40, 0x0, 0x0, 0x0, 0x0,
    0x0, 0x0, 0x0, 0x0, 0xdf, 0xfc, 0xcc, 0xcc,
    0xcc, 0xcc, 0xc4, 0x0, 0x0, 0x0, 0x7f, 0xff,
    0xff, 0xff, 0xff, 0xff, 0xff, 0x50, 0x0, 0x0,
    0x4f, 0xff, 0xa0, 0x0, 0x0, 0x0, 0xa, 0xf5,
    0x0, 0x0, 0x3f, 0xfe, 0xfa, 0x0, 0x0, 0x0,
    0x0, 0xaf, 0x50, 0x0, 0x6f, 0xf9, 0x6f, 0xff,
    0xff, 0xff, 0xff, 0xff, 0xf5, 0x0, 0xc, 0xf9,
    0x6, 0xfe, 0xcc, 0xcc, 0xcc, 0xcc, 0xef, 0x50,
    0x0, 0x17, 0x0, 0x6f, 0xa0, 0x0, 0x0, 0x0,
    0xa, 0xf5, 0x0, 0x0, 0x0, 0x6, 0xfa, 0x0,
    0x0, 0x0, 0x0, 0xaf, 0x50, 0x0, 0x0, 0x0,
    0x6f, 0xff, 0xff, 0xff, 0xff, 0xff, 0xf5, 0x0,
    0x0, 0x0, 0x6, 0xfe, 0xbb, 0xbb, 0xbb, 0xbb,
    0xef, 0x50, 0x0, 0x0, 0x0, 0x6f, 0xa0, 0x0,
    0x0, 0x0, 0xa, 0xf5, 0x0, 0x0, 0x0, 0x6,
    0xfa, 0x0, 0x0, 0x0, 0x0, 0xbf, 0x50, 0x0,
    0x0, 0x0, 0x6f, 0xa0, 0x0, 0x0, 0xff, 0xff,
    0xf3, 0x0, 0x0, 0x0, 0x6, 0xfa, 0x0, 0x0,
    0xb, 0xff, 0xd7, 0x0, 0x0,

    /* U+670D "服" */
    0x0, 0xbe, 0xee, 0xee, 0xb0, 0xad, 0xdd, 0xdd,
    0xdd, 0xdd, 0x10, 0x0, 0xcf, 0xff, 0xff, 0xd0,
    0xcf, 0xff, 0xff, 0xff, 0xff, 0x10, 0x0, 0xcf,
    0x10, 0x1f, 0xd0, 0xcf, 0x41, 0x11, 0x11, 0xef,
    0x10, 0x0, 0xcf, 0x10, 0x1f, 0xd0, 0xcf, 0x30,
    0x0, 0x0, 0xef, 0x10, 0x0, 0xcf, 0x10, 0x1f,
    0xd0, 0xcf, 0x30, 0x5, 0x45, 0xff, 0x0, 0x0,
    0xcf, 0xdd, 0xdf, 0xd0, 0xcf, 0x30, 0xe, 0xff,
    0xfb, 0x0, 0x0, 0xcf, 0xff, 0xff, 0xd0, 0xcf,
    0x30, 0x4, 0x65, 0x30, 0x0, 0x0, 0xcf, 0x10,
    0x1f, 0xd0, 0xcf, 0x75, 0x55, 0x55, 0x55, 0x10,
    0x0, 0xdf, 0x10, 0x1f, 0xd0, 0xcf, 0xff, 0xff,
    0xff, 0xff, 0x90, 0x0, 0xdf, 0x0, 0x1f, 0xd0,
    0xcf, 0xcf, 0xc8, 0x88, 0xdf, 0x40, 0x0, 0xdf,
    0xbb, 0xbf, 0xd0, 0xcf, 0x4f, 0xd0, 0x0, 0xef,
    0x0, 0x0, 0xef, 0xff, 0xff, 0xd0, 0xcf, 0x3a,
    0xf3, 0x3, 0xfc, 0x0, 0x0, 0xfe, 0x44, 0x5f,
    0xd0, 0xcf, 0x34, 0xfc, 0xb, 0xf6, 0x0, 0x0,
    0xfc, 0x0, 0x1f, 0xd0, 0xcf, 0x30, 0xcf, 0x8f,
    0xe0, 0x0, 0x2, 0xfa, 0x0, 0x1f, 0xd0, 0xcf,
    0x30, 0x3f, 0xff, 0x60, 0x0, 0x5, 0xf8, 0x0,
    0x1f, 0xd0, 0xcf, 0x30, 0xc, 0xff, 0x0, 0x0,
    0x8, 0xf5, 0x0, 0x1f, 0xd0, 0xcf, 0x30, 0x6f,
    0xff, 0xb0, 0x0, 0xd, 0xf1, 0x0, 0x1f, 0xd0,
    0xcf, 0x38, 0xff, 0x8e, 0xfc, 0x20, 0x2f, 0xc0,
    0x6f, 0xff, 0xb0, 0xcf, 0xcf, 0xf5, 0x2, 0xef,
    0xf2, 0x18, 0x70, 0x2f, 0xfc, 0x20, 0xcf, 0x4b,
    0x30, 0x0, 0x1a, 0x80, 0x0, 0x0, 0x0, 0x0,
    0x0, 0x0, 0x0, 0x0, 0x0, 0x0, 0x0,

    /* U+671F "期" */
    0x0, 0x1, 0x10, 0x0, 0x11, 0x0, 0x0, 0x0,
    0x0, 0x0, 0x0, 0x0, 0xfd, 0x0, 0xa, 0xf4,
    0x1, 0x66, 0x66, 0x66, 0x65, 0x0, 0xf, 0xd0,
    0x0, 0xaf, 0x40, 0x3f, 0xff, 0xff, 0xff, 0xd0,
    0xac, 0xff, 0xcc, 0xce, 0xfd, 0xa3, 0xfe, 0x55,
    0x57, 0xfd, 0xc, 0xff, 0xff, 0xff, 0xff, 0xfd,
    0x3f, 0xc0, 0x0, 0x2f, 0xd0, 0x0, 0xfe, 0x0,
    0xa, 0xf4, 0x3, 0xfc, 0x0, 0x2, 0xfd, 0x0,
    0xf, 0xf8, 0x88, 0xdf, 0x40, 0x3f, 0xfb, 0xbb,
    0xcf, 0xd0, 0x0, 0xff, 0xff, 0xff, 0xf4, 0x3,
    0xff, 0xff, 0xff, 0xfd, 0x0, 0xf, 0xe1, 0x11,
    0xbf, 0x40, 0x3f, 0xd1, 0x11, 0x3f, 0xd0, 0x0,
    0xfd, 0x0, 0xa, 0xf4, 0x3, 0xfc, 0x0, 0x2,
    0xfd, 0x0, 0xf, 0xff, 0xff, 0xff, 0x40, 0x4f,
    0xc0, 0x0, 0x2f, 0xd0, 0x0, 0xff, 0xbb, 0xbe,
    0xf4, 0x5, 0xfe, 0x88, 0x89, 0xfd, 0x0, 0xf,
    0xd0, 0x0, 0xaf, 0x40, 0x6f, 0xff, 0xff, 0xff,
    0xd0, 0x11, 0xfe, 0x11, 0x1b, 0xf5, 0x6, 0xfd,
    0xaa, 0xab, 0xfd, 0x1f, 0xff, 0xff, 0xff, 0xff,
    0xfc, 0x7f, 0x80, 0x0, 0x2f, 0xd0, 0xbb, 0xbb,
    0xbb, 0xbb, 0xbb, 0x9a, 0xf5, 0x0, 0x2, 0xfd,
    0x0, 0x6, 0xb5, 0x5, 0xc1, 0x0, 0xdf, 0x20,
    0x0, 0x2f, 0xd0, 0x1, 0xff, 0x40, 0x8f, 0xc0,
    0x1f, 0xf0, 0x0, 0x2, 0xfd, 0x0, 0xbf, 0xa0,
    0x0, 0xbf, 0x88, 0xfb, 0x0, 0x0, 0x2f, 0xd0,
    0xbf, 0xd1, 0x0, 0x2, 0xf9, 0xef, 0x50, 0xe,
    0xff, 0xfb, 0x4, 0xd2, 0x0, 0x0, 0x1, 0x5,
    0xc0, 0x0, 0xbf, 0xeb, 0x20, 0x0, 0x0, 0x0,
    0x0, 0x0, 0x0, 0x0, 0x0, 0x0, 0x0,

    /* U+672A "未" */
    0x0, 0x0, 0x0, 0x0, 0x0, 0x66, 0x10, 0x0,
    0x0, 0x0, 0x0, 0x0, 0x0, 0x0, 0x0, 0x0,
    0xff, 0x20, 0x0, 0x0, 0x0, 0x0, 0x0, 0x0,
    0x0, 0x0, 0x0, 0xff, 0x20, 0x0, 0x0, 0x0,
    0x0, 0x0, 0x1, 0x11, 0x11, 0x11, 0xff, 0x41,
    0x11, 0x11, 0x10, 0x0, 0x0, 0xf, 0xff, 0xff,
    0xff, 0xff, 0xff, 0xff, 0xff, 0xf5, 0x0, 0x0,
    0xf, 0xff, 0xff, 0xff, 0xff, 0xff, 0xff, 0xff,
    0xf5, 0x0, 0x0, 0x0, 0x0, 0x0, 0x0, 0xff,
    0x20, 0x0, 0x0, 0x0, 0x0, 0x0, 0x0, 0x0,
    0x0, 0x0, 0xff, 0x20, 0x0, 0x0, 0x0, 0x0,
    0x0, 0x0, 0x0, 0x0, 0x0, 0xff, 0x20, 0x0,
    0x0, 0x0, 0x0, 0x8, 0xdd, 0xdd, 0xdd, 0xde,
    0xff, 0xed, 0xdd, 0xdd, 0xdd, 0xc0, 0x9, 0xff,
    0xff, 0xff, 0xff, 0xff, 0xff, 0xff, 0xff, 0xff,
    0xe0, 0x1, 0x22, 0x22, 0x22, 0x8f, 0xff, 0xfa,
    0x22, 0x22, 0x22, 0x20, 0x0, 0x0, 0x0, 0x3,
    0xff, 0xff, 0xff, 0x50, 0x0, 0x0, 0x0, 0x0,
    0x0, 0x0, 0x2e, 0xf9, 0xff, 0x8f, 0xf4, 0x0,
    0x0, 0x0, 0x0, 0x0, 0x3, 0xef, 0xa0, 0xff,
    0x26, 0xff, 0x50, 0x0, 0x0, 0x0, 0x0, 0x5f,
    0xfb, 0x0, 0xff, 0x20, 0x7f, 0xf7, 0x0, 0x0,
    0x0, 0x9, 0xff, 0xc0, 0x0, 0xff, 0x20, 0x9,
    0xff, 0xb1, 0x0, 0x6, 0xef, 0xfa, 0x0, 0x0,
    0xff, 0x20, 0x0, 0x7f, 0xff, 0x80, 0xc, 0xff,
    0x60, 0x0, 0x0, 0xff, 0x20, 0x0, 0x4, 0xef,
    0xe1, 0x1, 0xa2, 0x0, 0x0, 0x0, 0xff, 0x20,
    0x0, 0x0, 0x9, 0x30, 0x0, 0x0, 0x0, 0x0,
    0x0, 0xff, 0x20, 0x0, 0x0, 0x0, 0x0,

    /* U+672C "本" */
    0x0, 0x0, 0x0, 0x0, 0x0, 0x56, 0x10, 0x0,
    0x0, 0x0, 0x0, 0x0, 0x0, 0x0, 0x0, 0x0,
    0xef, 0x40, 0x0, 0x0, 0x0, 0x0, 0x0, 0x0,
    0x0, 0x0, 0x0, 0xef, 0x40, 0x0, 0x0, 0x0,
    0x0, 0x0, 0x0, 0x0, 0x0, 0x0, 0xef, 0x40,
    0x0, 0x0, 0x0, 0x0, 0x0, 0x11, 0x11, 0x11,
    0x11, 0xef, 0x51, 0x11, 0x11, 0x11, 0x10, 0x6,
    0xff, 0xff, 0xff, 0xff, 0xff, 0xff, 0xff, 0xff,
    0xff, 0xe0, 0x6, 0xff, 0xff, 0xff, 0xff, 0xff,
    0xff, 0xff, 0xff, 0xff, 0xe0, 0x0, 0x0, 0x0,
    0x8, 0xf9, 0xef, 0x9f, 0xd0, 0x0, 0x0, 0x0,
    0x0, 0x0, 0x0, 0x1f, 0xf2, 0xef, 0x4c, 0xf5,
    0x0, 0x0, 0x0, 0x0, 0x0, 0x0, 0x8f, 0xa0,
    0xef, 0x45, 0xfd, 0x0, 0x0, 0x0, 0x0, 0x0,
    0x2, 0xff, 0x20, 0xef, 0x40, 0xdf, 0x80, 0x0,
    0x0, 0x0, 0x0, 0xc, 0xfa, 0x0, 0xef, 0x40,
    0x5f, 0xf3, 0x0, 0x0, 0x0, 0x0, 0x9f, 0xd0,
    0x0, 0xef, 0x40, 0x9, 0xfe, 0x20, 0x0, 0x0,
    0x7, 0xff, 0x30, 0x0, 0xef, 0x40, 0x0, 0xdf,
    0xd1, 0x0, 0x0, 0x7f, 0xfa, 0x22, 0x22, 0xef,
    0x62, 0x22, 0x5f, 0xfd, 0x30, 0xa, 0xff, 0x9d,
    0xff, 0xff, 0xff, 0xff, 0xff, 0xf8, 0xff, 0xf3,
    0x6, 0xf8, 0xc, 0xff, 0xff, 0xff, 0xff, 0xff,
    0xf3, 0x3e, 0x90, 0x0, 0x30, 0x0, 0x0, 0x0,
    0xef, 0x40, 0x0, 0x0, 0x2, 0x0, 0x0, 0x0,
    0x0, 0x0, 0x0, 0xef, 0x40, 0x0, 0x0, 0x0,
    0x0, 0x0, 0x0, 0x0, 0x0, 0x0, 0xef, 0x40,
    0x0, 0x0, 0x0, 0x0, 0x0, 0x0, 0x0, 0x0,
    0x0, 0xef, 0x40, 0x0, 0x0, 0x0, 0x0,

    /* U+673A "机" */
    0x0, 0x0, 0x26, 0x30, 0x0, 0x0, 0x0, 0x0,
    0x0, 0x0, 0x0, 0x0, 0x0, 0x6f, 0x80, 0x0,
    0x1, 0x11, 0x11, 0x11, 0x0, 0x0, 0x0, 0x0,
    0x6f, 0x80, 0x0, 0x1f, 0xff, 0xff, 0xff, 0x40,
    0x0, 0x0, 0x0, 0x6f, 0x80, 0x0, 0x1f, 0xfe,
    0xee, 0xff, 0x40, 0x0, 0x0, 0x0, 0x6f, 0x80,
    0x0, 0x1f, 0xe0, 0x0, 0xcf, 0x40, 0x0, 0xd,
    0xee, 0xff, 0xfe, 0xe9, 0x1f, 0xe0, 0x0, 0xcf,
    0x40, 0x0, 0xe, 0xff, 0xff, 0xff, 0xfa, 0x1f,
    0xe0, 0x0, 0xcf, 0x40, 0x0, 0x0, 0x0, 0xef,
    0x90, 0x0, 0x1f, 0xe0, 0x0, 0xcf, 0x40, 0x0,
    0x0, 0x3, 0xff, 0x90, 0x0, 0x1f, 0xe0, 0x0,
    0xcf, 0x40, 0x0, 0x0, 0x9, 0xff, 0xf3, 0x0,
    0x2f, 0xe0, 0x0, 0xcf, 0x40, 0x0, 0x0, 0xe,
    0xff, 0xfe, 0x20, 0x2f, 0xd0, 0x0, 0xcf, 0x40,
    0x0, 0x0, 0x4f, 0xdf, 0xcf, 0xd1, 0x3f, 0xd0,
    0x0, 0xcf, 0x40, 0x0, 0x0, 0xcf, 0x7f, 0x88,
    0xfa, 0x4f, 0xb0, 0x0, 0xcf, 0x40, 0x0, 0x5,
    0xf9, 0x6f, 0x80, 0xd3, 0x7f, 0x80, 0x0, 0xcf,
    0x40, 0x0, 0x1e, 0xf2, 0x6f, 0x80, 0x10, 0x9f,
    0x60, 0x0, 0xcf, 0x40, 0x0, 0x4f, 0xa0, 0x6f,
    0x80, 0x0, 0xef, 0x20, 0x0, 0xcf, 0x40, 0xb3,
    0xb, 0x10, 0x6f, 0x80, 0x4, 0xfc, 0x0, 0x0,
    0xcf, 0x40, 0xe9, 0x0, 0x0, 0x6f, 0x80, 0xb,
    0xf7, 0x0, 0x0, 0xcf, 0x40, 0xf9, 0x0, 0x0,
    0x6f, 0x80, 0x6f, 0xe1, 0x0, 0x0, 0xcf, 0x41,
    0xf8, 0x0, 0x0, 0x6f, 0x82, 0xff, 0x40, 0x0,
    0x0, 0xaf, 0xff, 0xf5, 0x0, 0x0, 0x6f, 0x80,
    0x78, 0x0, 0x0, 0x0, 0x3d, 0xff, 0xa0,

    /* U+6761 "条" */
    0x0, 0x0, 0x0, 0x1, 0xa7, 0x10, 0x0, 0x0,
    0x0, 0x0, 0x0, 0x0, 0x0, 0x0, 0xb, 0xfd,
    0x0, 0x0, 0x0, 0x0, 0x0, 0x0, 0x0, 0x0,
    0x0, 0x8f, 0xfd, 0xcc, 0xcc, 0xcc, 0xa1, 0x0,
    0x0, 0x0, 0x0, 0x8, 0xff, 0xff, 0xff, 0xff,
    0xff, 0xf3, 0x0, 0x0, 0x0, 0x1, 0xbf, 0xff,
    0x40, 0x0, 0x3, 0xff, 0x70, 0x0, 0x0, 0x0,
    0x7e, 0xfe, 0x9f, 0xf5, 0x0, 0x3e, 0xfb, 0x0,
    0x0, 0x0, 0x2, 0xef, 0xa1, 0x6, 0xff, 0x98,
    0xff, 0xa0, 0x0, 0x0, 0x0, 0x0, 0x35, 0x0,
    0x0, 0x5f, 0xff, 0xf9, 0x0, 0x0, 0x0, 0x0,
    0x0, 0x0, 0x0, 0x39, 0xef, 0xff, 0xff, 0xa5,
    0x0, 0x0, 0x0, 0x0, 0x36, 0x9d, 0xff, 0xfb,
    0x54, 0xaf, 0xff, 0xfb, 0x85, 0x20, 0x1f, 0xff,
    0xff, 0xc6, 0x10, 0x44, 0x0, 0x6b, 0xef, 0xff,
    0xd0, 0x7, 0x96, 0x30, 0x0, 0x1, 0xff, 0x0,
    0x0, 0x1, 0x58, 0x20, 0x0, 0x8, 0xaa, 0xaa,
    0xaa, 0xff, 0xaa, 0xaa, 0xaa, 0x90, 0x0, 0x0,
    0xc, 0xff, 0xff, 0xff, 0xff, 0xff, 0xff, 0xff,
    0xe0, 0x0, 0x0, 0x2, 0x22, 0x22, 0x23, 0xff,
    0x22, 0x22, 0x22, 0x20, 0x0, 0x0, 0x0, 0x3,
    0xe7, 0x1, 0xff, 0x0, 0x8d, 0x10, 0x0, 0x0,
    0x0, 0x0, 0x4f, 0xf4, 0x1, 0xff, 0x0, 0xaf,
    0xd2, 0x0, 0x0, 0x0, 0x6, 0xff, 0x50, 0x1,
    0xff, 0x0, 0xa, 0xfe, 0x10, 0x0, 0x0, 0xaf,
    0xf6, 0x0, 0x1, 0xff, 0x0, 0x0, 0xbf, 0xd0,
    0x0, 0x0, 0x7f, 0x50, 0x3, 0xcd, 0xfe, 0x0,
    0x0, 0xd, 0xe2, 0x0, 0x0, 0x1, 0x0, 0x0,
    0xef, 0xd5, 0x0, 0x0, 0x2, 0x10, 0x0,

    /* U+6790 "析" */
    0x0, 0x0, 0x46, 0x10, 0x0, 0x0, 0x0, 0x0,
    0x0, 0x0, 0x0, 0x0, 0xb, 0xf3, 0x0, 0x0,
    0x0, 0x0, 0x49, 0xeb, 0x0, 0x0, 0x0, 0xbf,
    0x30, 0x0, 0x15, 0x8c, 0xff, 0xff, 0xd4, 0x0,
    0x0, 0xb, 0xf3, 0x0, 0xc, 0xff, 0xfe, 0xb7,
    0x20, 0x0, 0x0, 0x0, 0xbf, 0x30, 0x0, 0xcf,
    0x72, 0x0, 0x0, 0x0, 0x0, 0xcd, 0xdf, 0xfe,
    0xdd, 0x5c, 0xf2, 0x0, 0x0, 0x0, 0x0, 0xe,
    0xff, 0xff, 0xff, 0xf6, 0xcf, 0x20, 0x0, 0x0,
    0x0, 0x0, 0x11, 0x3f, 0xf5, 0x11, 0xc, 0xf3,
    0x0, 0x0, 0x0, 0x0, 0x0, 0x7, 0xff, 0x90,
    0x0, 0xcf, 0xff, 0xff, 0xff, 0xff, 0xd0, 0x0,
    0xcf, 0xff, 0x50, 0xc, 0xff, 0xee, 0xff, 0xfe,
    0xec, 0x0, 0x2f, 0xff, 0xff, 0x20, 0xdf, 0x20,
    0x0, 0xff, 0x0, 0x0, 0x7, 0xfe, 0xf8, 0xfc,
    0xd, 0xf2, 0x0, 0xf, 0xf0, 0x0, 0x0, 0xec,
    0xbf, 0x3b, 0xe0, 0xef, 0x10, 0x0, 0xff, 0x0,
    0x0, 0x8f, 0x5b, 0xf3, 0x23, 0xf, 0xf0, 0x0,
    0xf, 0xf0, 0x0, 0x2f, 0xe0, 0xbf, 0x30, 0x1,
    0xfd, 0x0, 0x0, 0xff, 0x0, 0x4, 0xf6, 0xb,
    0xf3, 0x0, 0x4f, 0xb0, 0x0, 0xf, 0xf0, 0x0,
    0x8, 0x0, 0xbf, 0x30, 0x7, 0xf8, 0x0, 0x0,
    0xff, 0x0, 0x0, 0x0, 0xb, 0xf3, 0x0, 0xbf,
    0x40, 0x0, 0xf, 0xf0, 0x0, 0x0, 0x0, 0xbf,
    0x30, 0x2f, 0xf0, 0x0, 0x0, 0xff, 0x0, 0x0,
    0x0, 0xb, 0xf3, 0x9, 0xf8, 0x0, 0x0, 0xf,
    0xf0, 0x0, 0x0, 0x0, 0xbf, 0x30, 0x1a, 0x10,
    0x0, 0x0, 0xff, 0x0, 0x0,

    /* U+679C "果" */
    0x0, 0x4, 0xbb, 0xbb, 0xbb, 0xbb, 0xbb, 0xbb,
    0xbb, 0xa0, 0x0, 0x0, 0x6, 0xff, 0xff, 0xff,
    0xff, 0xff, 0xff, 0xff, 0xe0, 0x0, 0x0, 0x6,
    0xfc, 0x0, 0x0, 0xef, 0x50, 0x0, 0x5f, 0xe0,
    0x0, 0x0, 0x6, 0xfc, 0x0, 0x0, 0xef, 0x40,
    0x0, 0x5f, 0xe0, 0x0, 0x0, 0x6, 0xff, 0xff,
    0xff, 0xff, 0xff, 0xff, 0xff, 0xe0, 0x0, 0x0,
    0x6, 0xfe, 0xaa, 0xaa, 0xff, 0xca, 0xaa, 0xcf,
    0xe0, 0x0, 0x0, 0x6, 0xfc, 0x0, 0x0, 0xef,
    0x40, 0x0, 0x5f, 0xe0, 0x0, 0x0, 0x6, 0xfc,
    0x11, 0x11, 0xef, 0x51, 0x11, 0x6f, 0xe0, 0x0,
    0x0, 0x6, 0xff, 0xff, 0xff, 0xff, 0xff, 0xff,
    0xff, 0xe0, 0x0, 0x0, 0x4, 0xaa, 0xaa, 0xaa,
    0xff, 0xca, 0xaa, 0xaa, 0x90, 0x0, 0x0, 0x0,
    0x0, 0x0, 0x0, 0xef, 0x40, 0x0, 0x0, 0x0,
    0x0, 0x8, 0xee, 0xee, 0xee, 0xee, 0xff, 0xfe,
    0xee, 0xee, 0xee, 0xd0, 0x8, 0xff, 0xff, 0xff,
    0xff, 0xff, 0xff, 0xff, 0xff, 0xff, 0xe0, 0x0,
    0x0, 0x0, 0x2, 0xef, 0xff, 0xff, 0x80, 0x0,
    0x0, 0x0, 0x0, 0x0, 0x0, 0x5f, 0xf9, 0xef,
    0x6d, 0xfb, 0x10, 0x0, 0x0, 0x0, 0x0, 0x1a,
    0xff, 0x80, 0xef, 0x41, 0xbf, 0xf6, 0x0, 0x0,
    0x0, 0x18, 0xff, 0xe4, 0x0, 0xef, 0x40, 0x9,
    0xff, 0xd6, 0x0, 0xa, 0xff, 0xfa, 0x10, 0x0,
    0xef, 0x40, 0x0, 0x4d, 0xff, 0xf3, 0x6, 0xfc,
    0x40, 0x0, 0x0, 0xef, 0x40, 0x0, 0x0, 0x7e,
    0x90, 0x0, 0x20, 0x0, 0x0, 0x0, 0xef, 0x40,
    0x0, 0x0, 0x0, 0x0,

    /* U+67E5 "查" */
    0x0, 0x0, 0x0, 0x0, 0x0, 0x99, 0x0, 0x0,
    0x0, 0x0, 0x0, 0x0, 0x0, 0x0, 0x0, 0x0,
    0xff, 0x10, 0x0, 0x0, 0x0, 0x0, 0x0, 0x0,
    0x0, 0x0, 0x0, 0xff, 0x10, 0x0, 0x0, 0x0,
    0x0, 0xa, 0xff, 0xff, 0xff, 0xff, 0xff, 0xff,
    0xff, 0xff, 0xff, 0xe0, 0x9, 0xdd, 0xdd, 0xde,
    0xff, 0xff, 0xff, 0xed, 0xdd, 0xdd, 0xc0, 0x0,
    0x0, 0x0, 0xb, 0xfb, 0xff, 0xaf, 0xc1, 0x0,
    0x0, 0x0, 0x0, 0x0, 0x2, 0xdf, 0xc0, 0xff,
    0x1a, 0xfe, 0x40, 0x0, 0x0, 0x0, 0x0, 0x6f,
    0xfb, 0x0, 0xff, 0x10, 0x8f, 0xf9, 0x20, 0x0,
    0x0, 0x5d, 0xff, 0x80, 0x0, 0xff, 0x10, 0x5,
    0xef, 0xfb, 0x30, 0xd, 0xff, 0xd5, 0x11, 0x11,
    0x44, 0x21, 0x11, 0x3a, 0xff, 0xe2, 0x4, 0xd5,
    0x3f, 0xff, 0xff, 0xff, 0xff, 0xff, 0xf4, 0x29,
    0x40, 0x0, 0x0, 0x2f, 0xe4, 0x44, 0x44, 0x44,
    0x4e, 0xf4, 0x0, 0x0, 0x0, 0x0, 0x2f, 0xe3,
    0x33, 0x33, 0x33, 0x3e, 0xf4, 0x0, 0x0, 0x0,
    0x0, 0x2f, 0xff, 0xff, 0xff, 0xff, 0xff, 0xf4,
    0x0, 0x0, 0x0, 0x0, 0x2f, 0xe2, 0x22, 0x22,
    0x22, 0x2d, 0xf4, 0x0, 0x0, 0x0, 0x0, 0x2f,
    0xe4, 0x44, 0x44, 0x44, 0x4e, 0xf4, 0x0, 0x0,
    0x0, 0x0, 0x2f, 0xff, 0xff, 0xff, 0xff, 0xff,
    0xf4, 0x0, 0x0, 0x0, 0x0, 0x1, 0x11, 0x11,
    0x11, 0x11, 0x11, 0x10, 0x0, 0x0, 0x5, 0xcc,
    0xcc, 0xcc, 0xcc, 0xcc, 0xcc, 0xcc, 0xcc, 0xcc,
    0x80, 0x6, 0xff, 0xff, 0xff, 0xff, 0xff, 0xff,
    0xff, 0xff, 0xff, 0xa0, 0x0, 0x0, 0x0, 0x0,
    0x0, 0x0, 0x0, 0x0, 0x0, 0x0, 0x0,

    /* U+6821 "校" */
    0x0, 0x0, 0x65, 0x0, 0x0, 0x0, 0x3, 0x40,
    0x0, 0x0, 0x0, 0x0, 0x0, 0xfe, 0x0, 0x0,
    0x0, 0x2f, 0xf3, 0x0, 0x0, 0x0, 0x0, 0x0,
    0xfe, 0x0, 0x0, 0x0, 0x8, 0xfc, 0x0, 0x0,
    0x0, 0x0, 0x0, 0xfe, 0x0, 0x5, 0x55, 0x56,
    0xfa, 0x55, 0x55, 0x50, 0x0, 0x0, 0xff, 0x0,
    0x2f, 0xff, 0xff, 0xff, 0xff, 0xff, 0xf0, 0xb,
    0xff, 0xff, 0xff, 0x68, 0x88, 0x88, 0x88, 0x89,
    0x88, 0x80, 0xb, 0xef, 0xff, 0xee, 0x40, 0xc,
    0xb2, 0x0, 0xcd, 0x10, 0x0, 0x0, 0x7, 0xff,
    0x0, 0x0, 0x7f, 0xd0, 0x0, 0xaf, 0xd1, 0x0,
    0x0, 0xc, 0xff, 0x60, 0x3, 0xff, 0x30, 0x0,
    0xb, 0xfc, 0x0, 0x0, 0x1f, 0xff, 0xf1, 0x3f,
    0xf6, 0x0, 0x0, 0x1, 0xdf, 0x80, 0x0, 0x6f,
    0xff, 0xfa, 0xbf, 0xee, 0x80, 0x0, 0xbe, 0x8f,
    0xa0, 0x0, 0xbd, 0xfe, 0x9f, 0x47, 0x1f, 0xe0,
    0x1, 0xff, 0x24, 0x0, 0x2, 0xf8, 0xfe, 0x2f,
    0x40, 0xa, 0xf7, 0x7, 0xfb, 0x0, 0x0, 0x9,
    0xf2, 0xfe, 0x4, 0x0, 0x3, 0xff, 0x3f, 0xf4,
    0x0, 0x0, 0x2f, 0xd0, 0xfe, 0x0, 0x0, 0x0,
    0x9f, 0xff, 0xb0, 0x0, 0x0, 0x3f, 0x60, 0xfe,
    0x0, 0x0, 0x0, 0xe, 0xff, 0x20, 0x0, 0x0,
    0x9, 0x0, 0xfe, 0x0, 0x0, 0x0, 0x9f, 0xff,
    0xc1, 0x0, 0x0, 0x0, 0x0, 0xfe, 0x0, 0x0,
    0x1b, 0xff, 0x9f, 0xfe, 0x40, 0x0, 0x0, 0x0,
    0xfe, 0x0, 0x7, 0xef, 0xf4, 0x3, 0xef, 0xfd,
    0x60, 0x0, 0x0, 0xfe, 0x0, 0xdf, 0xfc, 0x20,
    0x0, 0x1a, 0xff, 0xe1, 0x0, 0x0, 0xfe, 0x0,
    0x4d, 0x40, 0x0, 0x0, 0x0, 0x2a, 0x40, 0x0,
    0x0, 0x0, 0x0, 0x0, 0x0, 0x0, 0x0, 0x0,
    0x0, 0x0,

    /* U+683C "格" */
    0x0, 0x0, 0x56, 0x0, 0x0, 0x0, 0x32, 0x0,
    0x0, 0x0, 0x0, 0x0, 0x0, 0xef, 0x10, 0x0,
    0x0, 0xef, 0x40, 0x0, 0x0, 0x0, 0x0, 0x0,
    0xef, 0x10, 0x0, 0x7, 0xfe, 0x21, 0x12, 0x10,
    0x0, 0x0, 0x0, 0xef, 0x10, 0x0, 0x1e, 0xff,
    0xff, 0xff, 0xf3, 0x0, 0x0, 0x0, 0xef, 0x10,
    0x0, 0xbf, 0xd9, 0x99, 0xbf, 0xe0, 0x0, 0xe,
    0xee, 0xff, 0xee, 0xb9, 0xff, 0xd0, 0x0, 0xaf,
    0x70, 0x0, 0xf, 0xff, 0xff, 0xff, 0xff, 0xfc,
    0xf7, 0x4, 0xfe, 0x10, 0x0, 0x0, 0x4, 0xff,
    0x10, 0xbf, 0x61, 0xef, 0x6e, 0xf4, 0x0, 0x0,
    0x0, 0x9, 0xff, 0xa0, 0x4, 0x0, 0x3f, 0xff,
    0x80, 0x0, 0x0, 0x0, 0xe, 0xff, 0xf7, 0x0,
    0x0, 0x3e, 0xff, 0x60, 0x0, 0x0, 0x0, 0x3f,
    0xff, 0xdf, 0x30, 0x6, 0xff, 0xdf, 0xfb, 0x10,
    0x0, 0x0, 0x9f, 0xff, 0x4f, 0x84, 0xcf, 0xf8,
    0x3, 0xef, 0xfa, 0x30, 0x1, 0xfa, 0xef, 0x19,
    0xdf, 0xff, 0x51, 0x11, 0x2c, 0xff, 0xd0, 0x8,
    0xf4, 0xef, 0x11, 0xee, 0xff, 0xff, 0xff, 0xff,
    0xfc, 0x30, 0x2f, 0xd0, 0xef, 0x10, 0x20, 0xff,
    0xaa, 0xaa, 0xae, 0xf3, 0x0, 0x5f, 0x40, 0xef,
    0x10, 0x0, 0xff, 0x0, 0x0, 0xc, 0xf3, 0x0,
    0x7, 0x0, 0xef, 0x10, 0x0, 0xff, 0x0, 0x0,
    0xc, 0xf3, 0x0, 0x0, 0x0, 0xef, 0x10, 0x0,
    0xff, 0x0, 0x0, 0xc, 0xf3, 0x0, 0x0, 0x0,
    0xef, 0x10, 0x0, 0xff, 0xdd, 0xdd, 0xdf, 0xf3,
    0x0, 0x0, 0x0, 0xef, 0x10, 0x0, 0xff, 0xff,
    0xff, 0xff, 0xf3, 0x0, 0x0, 0x0, 0xef, 0x10,
    0x0, 0xff, 0x0, 0x0, 0xc, 0xf3, 0x0, 0x0,
    0x0, 0x0, 0x0, 0x0, 0x0, 0x0, 0x0, 0x0,
    0x0, 0x0,

    /* U+68C0 "检" */
    0x0, 0x0, 0x65, 0x0, 0x0, 0x0, 0x3, 0x50,
    0x0, 0x0, 0x0, 0x0, 0x1, 0xfc, 0x0, 0x0,
    0x0, 0xd, 0xf6, 0x0, 0x0, 0x0, 0x0, 0x1,
    0xfc, 0x0, 0x0, 0x0, 0x8f, 0xfb, 0x0, 0x0,
    0x0, 0x0, 0x1, 0xfc, 0x0, 0x0, 0x5, 0xfe,
    0xbf, 0xb0, 0x0, 0x0, 0x5, 0x67, 0xfe, 0x65,
    0x0, 0x3f, 0xf2, 0xb, 0xfc, 0x10, 0x0, 0xd,
    0xff, 0xff, 0xfd, 0x4, 0xff, 0x40, 0x0, 0xbf,
    0xe4, 0x0, 0x6, 0x7a, 0xfe, 0x76, 0x7f, 0xf5,
    0x0, 0x0, 0xa, 0xff, 0x91, 0x0, 0x8, 0xfe,
    0x1b, 0xff, 0xcc, 0xcc, 0xcc, 0xcc, 0x9f, 0xf7,
    0x0, 0xd, 0xff, 0xa7, 0xe4, 0x8f, 0xff, 0xff,
    0xff, 0x24, 0xc0, 0x0, 0x2f, 0xff, 0xf4, 0x10,
    0x0, 0x0, 0x0, 0x0, 0x0, 0x0, 0x0, 0x6f,
    0xfd, 0xde, 0x0, 0x0, 0x5, 0x70, 0x0, 0x45,
    0x10, 0x0, 0xde, 0xfc, 0x5e, 0x1e, 0xb0, 0xb,
    0xf0, 0x0, 0xcf, 0x20, 0x4, 0xf8, 0xfc, 0x3,
    0xb, 0xf0, 0x7, 0xf3, 0x2, 0xfb, 0x0, 0xc,
    0xf3, 0xfc, 0x0, 0x7, 0xf5, 0x4, 0xf6, 0x8,
    0xf5, 0x0, 0xe, 0xa1, 0xfc, 0x0, 0x3, 0xf9,
    0x2, 0xf8, 0xe, 0xd0, 0x0, 0x7, 0x31, 0xfc,
    0x0, 0x0, 0xfc, 0x1, 0xd7, 0x5f, 0x60, 0x0,
    0x0, 0x1, 0xfc, 0x0, 0x0, 0x63, 0x0, 0x0,
    0xce, 0x0, 0x0, 0x0, 0x1, 0xfc, 0x0, 0x0,
    0x0, 0x0, 0x4, 0xf6, 0x0, 0x0, 0x0, 0x1,
    0xfc, 0x2, 0xff, 0xff, 0xff, 0xff, 0xff, 0xff,
    0xe0, 0x0, 0x1, 0xfc, 0x2, 0xdd, 0xdd, 0xdd,
    0xdd, 0xdd, 0xdd, 0xc0, 0x0, 0x1, 0xfc, 0x0,
    0x0, 0x0, 0x0, 0x0, 0x0, 0x0, 0x0,

    /* U+6A21 "模" */
    0x0, 0x1, 0x65, 0x0, 0x0, 0x4, 0x61, 0x0,
    0x46, 0x10, 0x0, 0x0, 0x2, 0xfc, 0x0, 0x0,
    0xc, 0xf2, 0x0, 0xcf, 0x30, 0x0, 0x0, 0x2,
    0xfc, 0x0, 0x9d, 0xdf, 0xfd, 0xdd, 0xff, 0xdd,
    0xd0, 0x0, 0x2, 0xfc, 0x0, 0x8c, 0xcf, 0xfd,
    0xcc, 0xff, 0xdc, 0xc0, 0x5, 0x79, 0xfe, 0x77,
    0x0, 0xc, 0xf2, 0x0, 0xcf, 0x30, 0x0, 0xb,
    0xff, 0xff, 0xff, 0x6, 0x79, 0x97, 0x77, 0x99,
    0x76, 0x0, 0x4, 0x57, 0xfe, 0x55, 0xf, 0xff,
    0xff, 0xff, 0xff, 0xff, 0x0, 0x0, 0x6, 0xfe,
    0x10, 0xf, 0xf0, 0x0, 0x0, 0x1, 0xff, 0x0,
    0x0, 0xb, 0xff, 0x90, 0xf, 0xf7, 0x77, 0x77,
    0x77, 0xff, 0x0, 0x0, 0xf, 0xff, 0xf3, 0xf,
    0xff, 0xff, 0xff, 0xff, 0xff, 0x0, 0x0, 0x5f,
    0xfd, 0xfc, 0xf, 0xf0, 0x0, 0x0, 0x0, 0xff,
    0x0, 0x0, 0xaf, 0xfc, 0x8f, 0x4f, 0xf8, 0x88,
    0x88, 0x89, 0xff, 0x0, 0x1, 0xfe, 0xfc, 0x1c,
    0xe, 0xff, 0xff, 0xff, 0xff, 0xfe, 0x0, 0xa,
    0xf8, 0xfc, 0x0, 0x0, 0x0, 0xa, 0xf5, 0x0,
    0x0, 0x0, 0x1f, 0xe3, 0xfc, 0x1, 0xaa, 0xaa,
    0xaf, 0xfc, 0xaa, 0xaa, 0xa0, 0xb, 0x62, 0xfc,
    0x2, 0xff, 0xff, 0xff, 0xff, 0xff, 0xff, 0xf0,
    0x2, 0x2, 0xfc, 0x0, 0x0, 0x1, 0xcf, 0xbf,
    0xe1, 0x0, 0x0, 0x0, 0x2, 0xfc, 0x0, 0x0,
    0xa, 0xfe, 0x19, 0xfc, 0x10, 0x0, 0x0, 0x2,
    0xfc, 0x0, 0x17, 0xef, 0xf3, 0x0, 0xcf, 0xf9,
    0x30, 0x0, 0x2, 0xfc, 0x8, 0xff, 0xfb, 0x20,
    0x0, 0xa, 0xff, 0xf5, 0x0, 0x2, 0xfc, 0x1,
    0xd9, 0x40, 0x0, 0x0, 0x0, 0x4a, 0xa0, 0x0,
    0x0, 0x0, 0x0, 0x0, 0x0, 0x0, 0x0, 0x0,
    0x0, 0x0,

    /* U+6B21 "次" */
    0x0, 0x0, 0x0, 0x0, 0x4, 0x63, 0x0, 0x0,
    0x0, 0x0, 0x0, 0x0, 0x0, 0x0, 0x0, 0xb,
    0xfa, 0x0, 0x0, 0x0, 0x0, 0x0, 0x5, 0xd4,
    0x0, 0x0, 0xf, 0xf6, 0x0, 0x0, 0x0, 0x0,
    0x0, 0xc, 0xff, 0xa1, 0x0, 0x4f, 0xf2, 0x0,
    0x0, 0x0, 0x0, 0x0, 0x0, 0x7f, 0xfe, 0x20,
    0x8f, 0xff, 0xff, 0xff, 0xff, 0xfc, 0x20, 0x0,
    0x3, 0xde, 0x10, 0xdf, 0xff, 0xff, 0xff, 0xff,
    0xff, 0x40, 0x0, 0x0, 0x13, 0x4, 0xff, 0x31,
    0x11, 0x11, 0x15, 0xfe, 0x0, 0x0, 0x0, 0x0,
    0xc, 0xfa, 0x0, 0xef, 0x50, 0x9, 0xf9, 0x0,
    0x0, 0x0, 0x0, 0x6f, 0xf3, 0x0, 0xef, 0x50,
    0xe, 0xf3, 0x0, 0x0, 0x0, 0x0, 0xcf, 0xa0,
    0x0, 0xff, 0x40, 0x5f, 0xc0, 0x0, 0x0, 0x0,
    0x2, 0x7, 0x10, 0x0, 0xff, 0x70, 0x2a, 0x50,
    0x0, 0x0, 0x0, 0x8f, 0x40, 0x0, 0x3, 0xff,
    0xc0, 0x0, 0x0, 0x0, 0x0, 0x2, 0xff, 0x50,
    0x0, 0x7, 0xff, 0xf1, 0x0, 0x0, 0x0, 0x0,
    0xc, 0xfb, 0x0, 0x0, 0xd, 0xff, 0xf8, 0x0,
    0x0, 0x0, 0x0, 0x6f, 0xf2, 0x0, 0x0, 0x6f,
    0xf5, 0xff, 0x20, 0x0, 0x0, 0x2, 0xff, 0x90,
    0x0, 0x2, 0xef, 0xb0, 0xbf, 0xb0, 0x0, 0x0,
    0xc, 0xfe, 0x0, 0x0, 0x1d, 0xfe, 0x10, 0x2f,
    0xf9, 0x0, 0x0, 0x2e, 0xf4, 0x0, 0x2, 0xdf,
    0xf4, 0x0, 0x6, 0xff, 0xa1, 0x0, 0x1, 0x70,
    0x0, 0x7f, 0xff, 0x40, 0x0, 0x0, 0x8f, 0xfe,
    0x70, 0x0, 0x0, 0x9, 0xff, 0xd3, 0x0, 0x0,
    0x0, 0x6, 0xff, 0x80, 0x0, 0x0, 0x0, 0xa7,
    0x0, 0x0, 0x0, 0x0, 0x0, 0x17, 0x0,

    /* U+6B62 "止" */
    0x0, 0x0, 0x0, 0x0, 0x0, 0x15, 0x50, 0x0,
    0x0, 0x0, 0x0, 0x0, 0x0, 0x0, 0x0, 0x3,
    0xff, 0x0, 0x0, 0x0, 0x0, 0x0, 0x0, 0x0,
    0x0, 0x0, 0x3f, 0xf0, 0x0, 0x0, 0x0, 0x0,
    0x0, 0x0, 0x0, 0x0, 0x3, 0xff, 0x0, 0x0,
    0x0, 0x0, 0x0, 0x0, 0x0, 0x0, 0x0, 0x3f,
    0xf0, 0x0, 0x0, 0x0, 0x0, 0x0, 0xa, 0xa0,
    0x0, 0x3, 0xff, 0x0, 0x0, 0x0, 0x0, 0x0,
    0x0, 0xff, 0x10, 0x0, 0x3f, 0xf0, 0x0, 0x0,
    0x0, 0x0, 0x0, 0xf, 0xf1, 0x0, 0x3, 0xff,
    0x22, 0x22, 0x22, 0x20, 0x0, 0x0, 0xff, 0x10,
    0x0, 0x3f, 0xff, 0xff, 0xff, 0xfe, 0x0, 0x0,
    0xf, 0xf1, 0x0, 0x3, 0xff, 0xee, 0xee, 0xee,
    0xc0, 0x0, 0x0, 0xff, 0x10, 0x0, 0x3f, 0xf0,
    0x0, 0x0, 0x0, 0x0, 0x0, 0xf, 0xf1, 0x0,
    0x3, 0xff, 0x0, 0x0, 0x0, 0x0, 0x0, 0x0,
    0xff, 0x10, 0x0, 0x3f, 0xf0, 0x0, 0x0, 0x0,
    0x0, 0x0, 0xf, 0xf1, 0x0, 0x3, 0xff, 0x0,
    0x0, 0x0, 0x0, 0x0, 0x0, 0xff, 0x10, 0x0,
    0x3f, 0xf0, 0x0, 0x0, 0x0, 0x0, 0x0, 0xf,
    0xf1, 0x0, 0x3, 0xff, 0x0, 0x0, 0x0, 0x0,
    0x0, 0x0, 0xff, 0x10, 0x0, 0x3f, 0xf0, 0x0,
    0x0, 0x0, 0x0, 0x11, 0x2f, 0xf3, 0x11, 0x15,
    0xff, 0x11, 0x11, 0x11, 0x11, 0xf, 0xff, 0xff,
    0xff, 0xff, 0xff, 0xff, 0xff, 0xff, 0xff, 0xf0,
    0xff, 0xff, 0xff, 0xff, 0xff, 0xff, 0xff, 0xff,
    0xff, 0xfe,

    /* U+6B63 "正" */
    0x0, 0x0, 0x0, 0x0, 0x0, 0x0, 0x0, 0x0,
    0x0, 0x0, 0x1f, 0xff, 0xff, 0xff, 0xff, 0xff,
    0xff, 0xff, 0xff, 0xf4, 0x1f, 0xff, 0xff, 0xff,
    0xff, 0xff, 0xff, 0xff, 0xff, 0xf4, 0x0, 0x0,
    0x0, 0x0, 0x7, 0xfb, 0x0, 0x0, 0x0, 0x0,
    0x0, 0x0, 0x0, 0x0, 0x7, 0xfb, 0x0, 0x0,
    0x0, 0x0, 0x0, 0x0, 0x0, 0x0, 0x7, 0xfb,
    0x0, 0x0, 0x0, 0x0, 0x0, 0x3, 0x30, 0x0,
    0x7, 0xfb, 0x0, 0x0, 0x0, 0x0, 0x0, 0xf,
    0xf1, 0x0, 0x7, 0xfb, 0x0, 0x0, 0x0, 0x0,
    0x0, 0xf, 0xf1, 0x0, 0x7, 0xff, 0xcc, 0xcc,
    0xcc, 0x30, 0x0, 0xf, 0xf1, 0x0, 0x7, 0xff,
    0xff, 0xff, 0xff, 0x40, 0x0, 0xf, 0xf1, 0x0,
    0x7, 0xfc, 0x33, 0x33, 0x33, 0x10, 0x0, 0xf,
    0xf1, 0x0, 0x7, 0xfb, 0x0, 0x0, 0x0, 0x0,
    0x0, 0xf, 0xf1, 0x0, 0x7, 0xfb, 0x0, 0x0,
    0x0, 0x0, 0x0, 0xf, 0xf1, 0x0, 0x7, 0xfb,
    0x0, 0x0, 0x0, 0x0, 0x0, 0xf, 0xf1, 0x0,
    0x7, 0xfb, 0x0, 0x0, 0x0, 0x0, 0x0, 0xf,
    0xf1, 0x0, 0x7, 0xfb, 0x0, 0x0, 0x0, 0x0,
    0x11, 0x2f, 0xf2, 0x11, 0x18, 0xfb, 0x11, 0x11,
    0x11, 0x11, 0xef, 0xff, 0xff, 0xff, 0xff, 0xff,
    0xff, 0xff, 0xff, 0xff, 0xef, 0xff, 0xff, 0xff,
    0xff, 0xff, 0xff, 0xff, 0xff, 0xff,

    /* U+6B65 "步" */
    0x0, 0x0, 0x0, 0x0, 0x0, 0x78, 0x30, 0x0,
    0x0, 0x0, 0x0, 0x0, 0x0, 0x0, 0x0, 0xd,
    0xf6, 0x0, 0x0, 0x0, 0x0, 0x0, 0x0, 0xbf,
    0x60, 0x0, 0xdf, 0xdb, 0xbb, 0xbb, 0xa0, 0x0,
    0x0, 0xb, 0xf6, 0x0, 0xd, 0xff, 0xff, 0xff,
    0xfe, 0x0, 0x0, 0x0, 0xbf, 0x60, 0x0, 0xdf,
    0x94, 0x44, 0x44, 0x30, 0x0, 0x0, 0xb, 0xf6,
    0x0, 0xd, 0xf6, 0x0, 0x0, 0x0, 0x0, 0x0,
    0x0, 0xbf, 0x60, 0x0, 0xdf, 0x60, 0x0, 0x0,
    0x0, 0x0, 0xef, 0xff, 0xff, 0xff, 0xff, 0xff,
    0xff, 0xff, 0xff, 0xf8, 0xe, 0xff, 0xff, 0xff,
    0xff, 0xff, 0xff, 0xff, 0xff, 0xff, 0x80, 0x0,
    0x0, 0x1, 0x0, 0xf, 0xf2, 0x0, 0x0, 0x0,
    0x0, 0x0, 0x0, 0x8, 0xfa, 0x0, 0xff, 0x20,
    0x0, 0x2e, 0x70, 0x0, 0x0, 0x5, 0xff, 0x40,
    0xf, 0xf2, 0x0, 0xd, 0xfd, 0x0, 0x0, 0x4,
    0xff, 0x70, 0x0, 0xff, 0x20, 0x8, 0xff, 0x30,
    0x0, 0x7, 0xff, 0xa0, 0x0, 0xf, 0xf2, 0x8,
    0xff, 0x70, 0x0, 0x2, 0xef, 0x90, 0x0, 0x0,
    0xff, 0x3b, 0xff, 0x90, 0x0, 0x0, 0x3, 0x70,
    0x0, 0x0, 0xb, 0xee, 0xff, 0x60, 0x0, 0x0,
    0x0, 0x0, 0x0, 0x0, 0x4, 0xcf, 0xfd, 0x30,
    0x0, 0x0, 0x0, 0x0, 0x0, 0x4, 0x9e, 0xff,
    0xf9, 0x0, 0x0, 0x0, 0x0, 0x4, 0x79, 0xcf,
    0xff, 0xfe, 0x91, 0x0, 0x0, 0x0, 0x0, 0x0,
    0xbf, 0xff, 0xfd, 0x94, 0x0, 0x0, 0x0, 0x0,
    0x0, 0x0, 0x2, 0xb8, 0x51, 0x0, 0x0, 0x0,
    0x0, 0x0, 0x0, 0x0, 0x0,

    /* U+6BB5 "段" */
    0x0, 0x0, 0x0, 0x18, 0x40, 0x0, 0x0, 0x0,
    0x0, 0x0, 0x0, 0x0, 0x0, 0x4a, 0xff, 0xf3,
    0x8, 0xbb, 0xbb, 0xbb, 0x0, 0x0, 0x0, 0x7e,
    0xff, 0xfa, 0x40, 0xb, 0xff, 0xff, 0xff, 0x0,
    0x0, 0x0, 0xbf, 0xb5, 0x0, 0x0, 0xc, 0xf3,
    0x0, 0xff, 0x0, 0x0, 0x0, 0xbf, 0x30, 0x0,
    0x0, 0xc, 0xf1, 0x0, 0xef, 0x0, 0x0, 0x0,
    0xbf, 0x74, 0x44, 0x40, 0xe, 0xf0, 0x0, 0xef,
    0x0, 0x0, 0x0, 0xbf, 0xff, 0xff, 0xd0, 0x3f,
    0xc0, 0x0, 0xef, 0x0, 0x0, 0x0, 0xbf, 0xa8,
    0x88, 0x70, 0xcf, 0x60, 0x0, 0xdf, 0x98, 0x70,
    0x0, 0xbf, 0x30, 0x0, 0xb, 0xfd, 0x0, 0x0,
    0x6f, 0xff, 0xc0, 0x0, 0xbf, 0x30, 0x0, 0x5,
    0xc1, 0x0, 0x0, 0x0, 0x11, 0x0, 0x0, 0xbf,
    0xee, 0xee, 0xb2, 0xbb, 0xbb, 0xbb, 0xbb, 0xb3,
    0x0, 0x0, 0xbf, 0xfe, 0xee, 0xb3, 0xff, 0xff,
    0xff, 0xff, 0xf4, 0x0, 0x0, 0xbf, 0x30, 0x0,
    0x0, 0x4f, 0x80, 0x0, 0x2f, 0xe0, 0x0, 0x0,
    0xbf, 0x30, 0x0, 0x0, 0xe, 0xf1, 0x0, 0x9f,
    0x90, 0x0, 0x0, 0xbf, 0x54, 0x79, 0xc2, 0x8,
    0xfa, 0x3, 0xff, 0x30, 0x0, 0x4a, 0xff, 0xff,
    0xff, 0xf3, 0x1, 0xef, 0x7d, 0xf8, 0x0, 0x0,
    0x6f, 0xff, 0xeb, 0x85, 0x20, 0x0, 0x4f, 0xff,
    0xd0, 0x0, 0x0, 0x27, 0xdf, 0x30, 0x0, 0x0,
    0x0, 0x4f, 0xff, 0xb1, 0x0, 0x0, 0x0, 0xbf,
    0x30, 0x0, 0x0, 0x3b, 0xff, 0xef, 0xff, 0x71,
    0x0, 0x0, 0xbf, 0x30, 0x0, 0x5d, 0xff, 0xf8,
    0x3, 0xdf, 0xff, 0xa0, 0x0, 0xbf, 0x30, 0x0,
    0x2f, 0xfa, 0x30, 0x0, 0x7, 0xdf, 0x40, 0x0,
    0x0, 0x0, 0x0, 0x4, 0x10, 0x0, 0x0, 0x0,
    0x3, 0x0,

    /* U+6C42 "求" */
    0x0, 0x0, 0x0, 0x0, 0x0, 0x56, 0x10, 0x3,
    0x0, 0x0, 0x0, 0x0, 0x0, 0x0, 0x0, 0x0,
    0xef, 0x30, 0xaf, 0xb3, 0x0, 0x0, 0x0, 0x0,
    0x0, 0x0, 0x0, 0xef, 0x30, 0x2b, 0xff, 0x90,
    0x0, 0x0, 0x0, 0x0, 0x0, 0x0, 0xef, 0x30,
    0x0, 0x6e, 0xc1, 0x0, 0x6, 0xff, 0xff, 0xff,
    0xff, 0xff, 0xff, 0xff, 0xff, 0xff, 0xe0, 0x6,
    0xff, 0xff, 0xff, 0xff, 0xff, 0xff, 0xff, 0xff,
    0xff, 0xe0, 0x0, 0x0, 0x0, 0x0, 0x0, 0xef,
    0x50, 0x0, 0x0, 0x0, 0x0, 0x0, 0x8, 0x80,
    0x0, 0x0, 0xef, 0xb0, 0x0, 0x4, 0xe5, 0x0,
    0x0, 0x2f, 0xf9, 0x0, 0x0, 0xef, 0xf2, 0x0,
    0x2e, 0xfb, 0x0, 0x0, 0x3, 0xff, 0x80, 0x0,
    0xef, 0xfb, 0x1, 0xdf, 0xc0, 0x0, 0x0, 0x0,
    0x4f, 0xf5, 0x0, 0xef, 0xff, 0x5d, 0xfc, 0x10,
    0x0, 0x0, 0x0, 0x8, 0xf6, 0x0, 0xef, 0x8f,
    0xff, 0xc0, 0x0, 0x0, 0x0, 0x0, 0x0, 0x20,
    0x4d, 0xff, 0x3b, 0xfe, 0x0, 0x0, 0x0, 0x0,
    0x0, 0x0, 0x2b, 0xff, 0xff, 0x32, 0xff, 0x90,
    0x0, 0x0, 0x0, 0x0, 0x19, 0xff, 0xe6, 0xef,
    0x30, 0x5f, 0xf8, 0x0, 0x0, 0x0, 0x7, 0xff,
    0xfa, 0x10, 0xef, 0x30, 0x8, 0xff, 0xa1, 0x0,
    0x6, 0xef, 0xfd, 0x40, 0x0, 0xef, 0x30, 0x0,
    0x8f, 0xfe, 0x60, 0x9, 0xff, 0x70, 0x0, 0x0,
    0xef, 0x30, 0x0, 0x7, 0xff, 0xf3, 0x0, 0x92,
    0x0, 0x22, 0x23, 0xff, 0x20, 0x0, 0x0, 0x2c,
    0x70, 0x0, 0x0, 0x0, 0x8f, 0xff, 0xff, 0x0,
    0x0, 0x0, 0x0, 0x0, 0x0, 0x0, 0x0, 0x3f,
    0xfe, 0xb3, 0x0, 0x0, 0x0, 0x0, 0x0, 0x0,
    0x0, 0x0, 0x0, 0x0, 0x0, 0x0, 0x0, 0x0,
    0x0, 0x0,

    /* U+6CD5 "法" */
    0x0, 0x0, 0x0, 0x0, 0x0, 0x0, 0x45, 0x10,
    0x0, 0x0, 0x0, 0x1e, 0xa3, 0x0, 0x0, 0x0,
    0xc, 0xf4, 0x0, 0x0, 0x0, 0x4, 0xef, 0xfa,
    0x10, 0x0, 0x0, 0xcf, 0x40, 0x0, 0x0, 0x0,
    0x0, 0x6e, 0xf4, 0x0, 0x0, 0xc, 0xf4, 0x0,
    0x0, 0x0, 0x0, 0x0, 0x16, 0x5, 0xff, 0xff,
    0xff, 0xff, 0xff, 0xf0, 0x0, 0x0, 0x0, 0x0,
    0x5f, 0xff, 0xff, 0xff, 0xff, 0xff, 0x0, 0x3,
    0x0, 0x0, 0x0, 0x0, 0x0, 0xcf, 0x40, 0x0,
    0x0, 0x6, 0xfb, 0x30, 0x0, 0x0, 0x0, 0xc,
    0xf4, 0x0, 0x0, 0x0, 0x6e, 0xff, 0x90, 0x0,
    0x0, 0x0, 0xcf, 0x40, 0x0, 0x0, 0x0, 0x19,
    0xfe, 0x11, 0x33, 0x33, 0x3d, 0xf7, 0x33, 0x33,
    0x30, 0x0, 0x4, 0x40, 0x4f, 0xff, 0xff, 0xff,
    0xff, 0xff, 0xfd, 0x0, 0x0, 0x0, 0x3, 0xbb,
    0xbb, 0xff, 0xeb, 0xbb, 0xbb, 0xa0, 0x0, 0x0,
    0x13, 0x0, 0x0, 0x1f, 0xf5, 0x0, 0x0, 0x0,
    0x0, 0x0, 0x9, 0xf4, 0x0, 0x9, 0xfd, 0x0,
    0x0, 0x0, 0x0, 0x0, 0x2, 0xff, 0x20, 0x1,
    0xff, 0x40, 0x1c, 0xc0, 0x0, 0x0, 0x0, 0xbf,
    0x90, 0x0, 0x9f, 0xb0, 0x0, 0xcf, 0x80, 0x0,
    0x0, 0x4f, 0xf1, 0x0, 0x3f, 0xf2, 0x0, 0x2,
    0xff, 0x30, 0x0, 0xe, 0xf8, 0x0, 0x1d, 0xf9,
    0x35, 0x78, 0xae, 0xfd, 0x0, 0x9, 0xfe, 0x0,
    0xb, 0xff, 0xff, 0xff, 0xff, 0xff, 0xf6, 0x0,
    0xdf, 0x50, 0x0, 0x7f, 0xfd, 0xb9, 0x75, 0x31,
    0x6f, 0xd0, 0x1, 0x80, 0x0, 0x1, 0x30, 0x0,
    0x0, 0x0, 0x0, 0xd7, 0x0, 0x0, 0x0, 0x0,
    0x0, 0x0, 0x0, 0x0, 0x0, 0x0, 0x0,

    /* U+6D4F "浏" */
    0x0, 0x0, 0x0, 0x0, 0x2, 0x0, 0x0, 0x0,
    0x0, 0x57, 0x10, 0x7, 0x60, 0x0, 0xa, 0xf4,
    0x0, 0x0, 0x0, 0xb, 0xf2, 0x2, 0xef, 0x70,
    0x0, 0x4f, 0xd0, 0x0, 0x5, 0x30, 0xbf, 0x20,
    0x2, 0xef, 0x50, 0x0, 0xcc, 0x20, 0x1, 0xf9,
    0xb, 0xf2, 0x0, 0x3, 0xd3, 0xff, 0xff, 0xff,
    0xff, 0x3f, 0x90, 0xbf, 0x20, 0x0, 0x0, 0xe,
    0xee, 0xee, 0xff, 0xe3, 0xf9, 0xb, 0xf2, 0x0,
    0x0, 0x0, 0x0, 0x0, 0x3f, 0xb0, 0x1f, 0x90,
    0xbf, 0x20, 0xac, 0x20, 0x0, 0x50, 0x7, 0xf8,
    0x1, 0xf9, 0xb, 0xf2, 0x9, 0xfe, 0x30, 0x7f,
    0x80, 0xaf, 0x50, 0x1f, 0x90, 0xbf, 0x20, 0x7,
    0xfe, 0x1, 0xef, 0x3d, 0xf2, 0x1, 0xf9, 0xb,
    0xf2, 0x0, 0x7, 0x30, 0x5, 0xfe, 0xfd, 0x0,
    0x1f, 0x90, 0xbf, 0x20, 0x0, 0x0, 0x0, 0xa,
    0xff, 0x90, 0x1, 0xf9, 0xb, 0xf2, 0x0, 0x0,
    0x30, 0x0, 0x1e, 0xf6, 0x0, 0x1f, 0x90, 0xbf,
    0x20, 0x0, 0x4f, 0x70, 0x2, 0xff, 0xc0, 0x1,
    0xf9, 0xb, 0xf2, 0x0, 0xa, 0xf5, 0x0, 0x9f,
    0xff, 0x50, 0x1f, 0x90, 0xbf, 0x20, 0x1, 0xfe,
    0x0, 0x1f, 0xf6, 0xfe, 0x1, 0xf9, 0xb, 0xf2,
    0x0, 0x7f, 0x90, 0xa, 0xf8, 0xd, 0xf5, 0x1,
    0x0, 0xbf, 0x20, 0xe, 0xf2, 0x8, 0xfe, 0x0,
    0x6f, 0x80, 0x0, 0xb, 0xf2, 0x7, 0xfb, 0x6,
    0xff, 0x40, 0x0, 0x60, 0x0, 0x0, 0xbf, 0x20,
    0x4e, 0x40, 0x8f, 0x60, 0x0, 0x0, 0x0, 0xc,
    0xcf, 0xf0, 0x0, 0x0, 0x0, 0x50, 0x0, 0x0,
    0x0, 0x0, 0xbf, 0xd6, 0x0, 0x0, 0x0, 0x0,
    0x0, 0x0, 0x0, 0x0, 0x0, 0x0, 0x0,

    /* U+6D88 "消" */
    0x0, 0x0, 0x0, 0x0, 0x0, 0x0, 0x5, 0x50,
    0x0, 0x0, 0x0, 0xc, 0xb2, 0x0, 0x5, 0x40,
    0x1, 0xff, 0x0, 0x6, 0x71, 0x2, 0xdf, 0xf7,
    0x4, 0xfe, 0x0, 0x1f, 0xf0, 0x0, 0xef, 0x50,
    0x0, 0x8f, 0xf6, 0xb, 0xf8, 0x1, 0xff, 0x0,
    0x7f, 0xd0, 0x0, 0x0, 0x4b, 0x0, 0x3f, 0xf1,
    0x1f, 0xf0, 0x1f, 0xf4, 0x0, 0x0, 0x0, 0x0,
    0x0, 0xcc, 0x21, 0xff, 0x3, 0xda, 0x0, 0x1,
    0x0, 0x0, 0x0, 0x13, 0x21, 0x3f, 0xf1, 0x12,
    0x21, 0x1, 0xdd, 0x40, 0x0, 0xe, 0xff, 0xff,
    0xff, 0xff, 0xff, 0xb0, 0x2c, 0xff, 0xb1, 0x0,
    0xef, 0xdc, 0xcc, 0xcc, 0xcd, 0xfb, 0x0, 0x5,
    0xef, 0x60, 0xe, 0xf1, 0x0, 0x0, 0x0, 0x4f,
    0xb0, 0x0, 0x2, 0x80, 0x0, 0xef, 0x42, 0x22,
    0x22, 0x26, 0xfb, 0x0, 0x0, 0x0, 0x0, 0xe,
    0xff, 0xff, 0xff, 0xff, 0xff, 0xb0, 0x0, 0x0,
    0x12, 0x0, 0xef, 0xa9, 0x99, 0x99, 0x9b, 0xfb,
    0x0, 0x0, 0x9, 0xf4, 0xe, 0xf1, 0x0, 0x0,
    0x0, 0x4f, 0xb0, 0x0, 0x1, 0xff, 0x10, 0xef,
    0xcb, 0xbb, 0xbb, 0xbd, 0xfb, 0x0, 0x0, 0x9f,
    0x90, 0xe, 0xff, 0xff, 0xff, 0xff, 0xff, 0xb0,
    0x0, 0x1f, 0xf2, 0x0, 0xef, 0x20, 0x0, 0x0,
    0x5, 0xfb, 0x0, 0xa, 0xfa, 0x0, 0xe, 0xf1,
    0x0, 0x0, 0x0, 0x4f, 0xb0, 0x3, 0xff, 0x20,
    0x0, 0xef, 0x10, 0x0, 0x0, 0x5, 0xfb, 0x0,
    0x9f, 0xa0, 0x0, 0xe, 0xf1, 0x0, 0x4, 0xff,
    0xff, 0x90, 0x0, 0x72, 0x0, 0x0, 0xef, 0x10,
    0x0, 0xe, 0xed, 0x91, 0x0,

    /* U+6E05 "清" */
    0x0, 0x0, 0x0, 0x0, 0x0, 0x0, 0x48, 0x40,
    0x0, 0x0, 0x0, 0x0, 0x9d, 0x40, 0x0, 0x0,
    0x0, 0x8f, 0x80, 0x0, 0x0, 0x0, 0x1, 0xcf,
    0xfa, 0xe, 0xff, 0xff, 0xff, 0xff, 0xff, 0xff,
    0x20, 0x0, 0x6, 0xff, 0x28, 0x88, 0x88, 0xcf,
    0xc8, 0x88, 0x88, 0x10, 0x0, 0x0, 0x35, 0x1,
    0x33, 0x33, 0xaf, 0xa3, 0x33, 0x32, 0x0, 0x0,
    0x0, 0x0, 0x6, 0xff, 0xff, 0xff, 0xff, 0xff,
    0xf9, 0x0, 0x2, 0x20, 0x0, 0x1, 0x33, 0x33,
    0xaf, 0xa3, 0x33, 0x32, 0x0, 0x1d, 0xf8, 0x0,
    0x67, 0x77, 0x77, 0xcf, 0xc7, 0x77, 0x77, 0x70,
    0x7, 0xff, 0xd3, 0xcf, 0xff, 0xff, 0xff, 0xff,
    0xff, 0xff, 0xf0, 0x0, 0x1c, 0xf2, 0x0, 0x0,
    0x0, 0x0, 0x0, 0x0, 0x0, 0x0, 0x0, 0x0,
    0x20, 0x1, 0xff, 0xff, 0xff, 0xff, 0xff, 0xf2,
    0x0, 0x0, 0x0, 0x0, 0x1, 0xfe, 0x99, 0x99,
    0x99, 0x9e, 0xf2, 0x0, 0x0, 0x0, 0x64, 0x1,
    0xfd, 0x0, 0x0, 0x0, 0xc, 0xf2, 0x0, 0x0,
    0x0, 0xef, 0x31, 0xff, 0xff, 0xff, 0xff, 0xff,
    0xf2, 0x0, 0x0, 0x4, 0xfe, 0x1, 0xfe, 0x88,
    0x88, 0x88, 0x8e, 0xf2, 0x0, 0x0, 0xb, 0xf8,
    0x1, 0xfd, 0x0, 0x0, 0x0, 0xc, 0xf2, 0x0,
    0x0, 0x2f, 0xf2, 0x1, 0xff, 0xff, 0xff, 0xff,
    0xff, 0xf2, 0x0, 0x0, 0xaf, 0xb0, 0x1, 0xfe,
    0x77, 0x77, 0x77, 0x7e, 0xf2, 0x0, 0x2, 0xff,
    0x30, 0x1, 0xfd, 0x0, 0x0, 0x0, 0xd, 0xf2,
    0x0, 0x5, 0xfc, 0x0, 0x1, 0xfd, 0x0, 0x0,
    0x5c, 0xdf, 0xf1, 0x0, 0x0, 0x23, 0x0, 0x1,
    0xfd, 0x0, 0x0, 0x1f, 0xec, 0x60, 0x0,

    /* U+6EE1 "满" */
    0x0, 0x0, 0x0, 0x0, 0x0, 0x88, 0x0, 0x5,
    0x82, 0x0, 0x0, 0x0, 0x5d, 0x30, 0x0, 0x0,
    0xff, 0x0, 0x9, 0xf5, 0x0, 0x0, 0x0, 0xbf,
    0xf8, 0x6d, 0xdd, 0xff, 0xdd, 0xdf, 0xfe, 0xdd,
    0xb0, 0x0, 0x7, 0xff, 0xae, 0xee, 0xff, 0xee,
    0xef, 0xfe, 0xee, 0xb0, 0x0, 0x0, 0x47, 0x0,
    0x0, 0xff, 0x0, 0x9, 0xf5, 0x0, 0x0, 0x0,
    0x0, 0x0, 0x0, 0x0, 0x66, 0x0, 0x4, 0x62,
    0x0, 0x0, 0x0, 0x0, 0x0, 0x8f, 0xff, 0xff,
    0xff, 0xff, 0xff, 0xff, 0xf0, 0x8, 0xd4, 0x0,
    0x7c, 0xcc, 0xcf, 0xfc, 0xcf, 0xec, 0xcc, 0xc0,
    0xb, 0xff, 0xb1, 0x0, 0x0, 0xe, 0xc0, 0xf,
    0xa0, 0x0, 0x0, 0x0, 0x4e, 0xe1, 0x1b, 0xbb,
    0xbf, 0xeb, 0xbf, 0xeb, 0xbb, 0x50, 0x0, 0x1,
    0x20, 0x1f, 0xff, 0xff, 0xff, 0xff, 0xff, 0xff,
    0x70, 0x0, 0x0, 0x0, 0x1f, 0xe1, 0x3f, 0x91,
    0x4f, 0x81, 0x7f, 0x70, 0x0, 0x0, 0x65, 0x1f,
    0xe0, 0x4f, 0x70, 0x6f, 0x60, 0x6f, 0x70, 0x0,
    0x0, 0xdf, 0x5f, 0xe0, 0x7f, 0xe2, 0x8f, 0xe0,
    0x6f, 0x70, 0x0, 0x5, 0xfe, 0x1f, 0xe0, 0xbf,
    0xfc, 0xcf, 0xf9, 0x6f, 0x70, 0x0, 0xc, 0xf7,
    0x1f, 0xe3, 0xfa, 0x79, 0xfa, 0xdf, 0x9f, 0x70,
    0x0, 0x4f, 0xf1, 0x1f, 0xed, 0xf4, 0x9, 0xf4,
    0x5e, 0x9f, 0x70, 0x0, 0xcf, 0x90, 0x1f, 0xe5,
    0x90, 0x1e, 0xc0, 0x1, 0x6f, 0x70, 0x5, 0xff,
    0x20, 0x1f, 0xe0, 0x0, 0x1, 0x20, 0x0, 0x6f,
    0x70, 0x6, 0xf9, 0x0, 0x1f, 0xe0, 0x0, 0x0,
    0x0, 0x56, 0xbf, 0x60, 0x0, 0x32, 0x0, 0x1f,
    0xe0, 0x0, 0x0, 0x0, 0x7e, 0xeb, 0x10,

    /* U+70B9 "点" */
    0x0, 0x0, 0x0, 0x0, 0x8, 0x81, 0x0, 0x0,
    0x0, 0x0, 0x0, 0x0, 0x0, 0x0, 0x0, 0xff,
    0x20, 0x0, 0x0, 0x0, 0x0, 0x0, 0x0, 0x0,
    0x0, 0xf, 0xf5, 0x22, 0x22, 0x22, 0x20, 0x0,
    0x0, 0x0, 0x0, 0x0, 0xff, 0xff, 0xff, 0xff,
    0xff, 0x10, 0x0, 0x0, 0x0, 0x0, 0xf, 0xfc,
    0xcc, 0xcc, 0xcc, 0xc1, 0x0, 0x0, 0x0, 0x0,
    0x0, 0xff, 0x20, 0x0, 0x0, 0x0, 0x0, 0x0,
    0x0, 0x0, 0x0, 0xf, 0xf2, 0x0, 0x0, 0x0,
    0x0, 0x0, 0x4, 0xff, 0xff, 0xff, 0xff, 0xff,
    0xff, 0xff, 0xe0, 0x0, 0x0, 0x4f, 0xff, 0xff,
    0xff, 0xff, 0xff, 0xff, 0xfe, 0x0, 0x0, 0x4,
    0xfb, 0x0, 0x0, 0x0, 0x0, 0x0, 0x3f, 0xe0,
    0x0, 0x0, 0x4f, 0xb0, 0x0, 0x0, 0x0, 0x0,
    0x3, 0xfe, 0x0, 0x0, 0x4, 0xfb, 0x0, 0x0,
    0x0, 0x0, 0x0, 0x3f, 0xe0, 0x0, 0x0, 0x4f,
    0xfc, 0xcc, 0xcc, 0xcc, 0xcc, 0xcd, 0xfe, 0x0,
    0x0, 0x4, 0xff, 0xff, 0xff, 0xff, 0xff, 0xff,
    0xff, 0xe0, 0x0, 0x0, 0x2, 0x22, 0x22, 0x22,
    0x22, 0x22, 0x22, 0x22, 0x0, 0x0, 0x3, 0x94,
    0x0, 0x11, 0x0, 0x15, 0x10, 0x7, 0xa0, 0x0,
    0x0, 0xbf, 0x80, 0x6f, 0x90, 0xa, 0xf7, 0x0,
    0xdf, 0x60, 0x0, 0x4f, 0xf1, 0x4, 0xfc, 0x0,
    0x4f, 0xe0, 0x3, 0xff, 0x10, 0x1e, 0xf8, 0x0,
    0x2f, 0xe0, 0x0, 0xef, 0x40, 0x9, 0xf8, 0xa,
    0xfb, 0x0, 0x1, 0xff, 0x0, 0x9, 0xf9, 0x0,
    0x2f, 0xd0, 0x5, 0x10, 0x0, 0x6, 0x40, 0x0,
    0x22, 0x0, 0x0, 0x40, 0x0,

    /* U+70ED "热" */
    0x0, 0x0, 0x4a, 0x50, 0x0, 0x0, 0x8b, 0x20,
    0x0, 0x0, 0x0, 0x0, 0x0, 0x7f, 0x70, 0x0,
    0x0, 0xbf, 0x30, 0x0, 0x0, 0x0, 0x0, 0x0,
    0x7f, 0x70, 0x0, 0x0, 0xcf, 0x30, 0x0, 0x0,
    0x0, 0x7, 0xcc, 0xdf, 0xec, 0xb4, 0xaa, 0xef,
    0xba, 0xaa, 0x80, 0x0, 0x9, 0xff, 0xff, 0xff,
    0xe7, 0xff, 0xff, 0xff, 0xff, 0xc0, 0x0, 0x1,
    0x22, 0x8f, 0x82, 0x20, 0x11, 0xef, 0x21, 0x4f,
    0xb0, 0x0, 0x0, 0x0, 0x7f, 0x70, 0x0, 0x0,
    0xff, 0x0, 0x3f, 0xb0, 0x0, 0x0, 0x0, 0x7f,
    0xb9, 0xd0, 0x31, 0xfe, 0x0, 0x3f, 0xa0, 0x0,
    0x1, 0x59, 0xef, 0xff, 0xf8, 0xfc, 0xfb, 0x0,
    0x3f, 0xa0, 0x0, 0xe, 0xff, 0xff, 0xc6, 0x13,
    0xcf, 0xfa, 0x0, 0x2f, 0xa0, 0x0, 0xa, 0xb7,
    0x9f, 0x70, 0x0, 0xe, 0xff, 0xc2, 0x2f, 0xb0,
    0x0, 0x0, 0x0, 0x7f, 0x70, 0x0, 0x7f, 0xdc,
    0xff, 0x4f, 0xc0, 0xb3, 0x0, 0x0, 0x7f, 0x70,
    0x5, 0xff, 0x30, 0x8c, 0xe, 0xe1, 0xf9, 0x0,
    0x9a, 0xdf, 0x60, 0x8f, 0xf9, 0x0, 0x0, 0xa,
    0xfc, 0xf6, 0x0, 0x9f, 0xfc, 0x10, 0x3f, 0x70,
    0x0, 0x0, 0x2, 0xef, 0xd0, 0x0, 0x13, 0x20,
    0x0, 0x1, 0x0, 0x0, 0x0, 0x1, 0x43, 0x0,
    0x0, 0xb, 0xf6, 0x4, 0xa7, 0x0, 0xad, 0x10,
    0x2f, 0xf3, 0x0, 0x0, 0x5f, 0xe1, 0x6, 0xfb,
    0x0, 0xaf, 0x80, 0x9, 0xfd, 0x0, 0x1, 0xef,
    0x70, 0x4, 0xfe, 0x0, 0x4f, 0xe0, 0x0, 0xdf,
    0x80, 0xb, 0xfc, 0x0, 0x3, 0xff, 0x0, 0xf,
    0xf2, 0x0, 0x5f, 0xf2, 0x3, 0x91, 0x0, 0x1,
    0x75, 0x0, 0x6, 0x40, 0x0, 0x9, 0x40,

    /* U+72B6 "状" */
    0x0, 0x0, 0x5, 0x60, 0x0, 0x0, 0x5, 0x40,
    0x0, 0x0, 0x0, 0x0, 0x0, 0xe, 0xf1, 0x0,
    0x0, 0x1f, 0xe0, 0x8, 0x20, 0x0, 0x0, 0x0,
    0xe, 0xf1, 0x0, 0x0, 0x1f, 0xe0, 0x5f, 0xd0,
    0x0, 0x1, 0x40, 0xe, 0xf1, 0x0, 0x0, 0x1f,
    0xe0, 0xb, 0xf9, 0x0, 0xe, 0xf3, 0xe, 0xf1,
    0x0, 0x0, 0x1f, 0xe0, 0x1, 0xff, 0x30, 0x7,
    0xfd, 0xe, 0xf1, 0x0, 0x0, 0x1f, 0xe0, 0x0,
    0x79, 0x10, 0x0, 0xcf, 0x8e, 0xf2, 0x11, 0x11,
    0x3f, 0xe1, 0x11, 0x11, 0x10, 0x0, 0x3f, 0xdf,
    0xf4, 0xff, 0xff, 0xff, 0xff, 0xff, 0xff, 0xf0,
    0x0, 0x5, 0xe, 0xf4, 0xff, 0xff, 0xff, 0xff,
    0xff, 0xff, 0xf0, 0x0, 0x0, 0xe, 0xf1, 0x0,
    0x0, 0x5f, 0xf5, 0x0, 0x0, 0x0, 0x0, 0x0,
    0xe, 0xf1, 0x0, 0x0, 0x8f, 0xfa, 0x0, 0x0,
    0x0, 0x0, 0x0, 0xbf, 0xf1, 0x0, 0x0, 0xbf,
    0xff, 0x0, 0x0, 0x0, 0x0, 0x1d, 0xff, 0xf1,
    0x0, 0x1, 0xff, 0xdf, 0x50, 0x0, 0x0, 0x3,
    0xef, 0xcf, 0xf1, 0x0, 0x6, 0xfe, 0x4f, 0xc0,
    0x0, 0x0, 0x3f, 0xfb, 0xe, 0xf1, 0x0, 0xc,
    0xf9, 0xe, 0xf4, 0x0, 0x0, 0xe, 0xa0, 0xe,
    0xf1, 0x0, 0x6f, 0xf1, 0x6, 0xfd, 0x0, 0x0,
    0x2, 0x0, 0xe, 0xf1, 0x1, 0xff, 0x90, 0x0,
    0xdf, 0x90, 0x0, 0x0, 0x0, 0xe, 0xf1, 0xc,
    0xfe, 0x10, 0x0, 0x4f, 0xf7, 0x0, 0x0, 0x0,
    0xe, 0xf2, 0xbf, 0xf4, 0x0, 0x0, 0x8, 0xff,
    0x90, 0x0, 0x0, 0xe, 0xfc, 0xff, 0x60, 0x0,
    0x0, 0x0, 0xaf, 0xf4, 0x0, 0x0, 0xe, 0xf3,
    0xc5, 0x0, 0x0, 0x0, 0x0, 0x8, 0x70, 0x0,
    0x0, 0x0, 0x0, 0x0, 0x0, 0x0, 0x0, 0x0,
    0x0, 0x0,

    /* U+73B0 "现" */
    0x0, 0x0, 0x0, 0x0, 0x3, 0x66, 0x66, 0x66,
    0x66, 0x65, 0x0, 0xe, 0xff, 0xff, 0xff, 0x97,
    0xff, 0xff, 0xff, 0xff, 0xfe, 0x0, 0xd, 0xee,
    0xff, 0xee, 0x87, 0xfb, 0x66, 0x66, 0x67, 0xfe,
    0x0, 0x0, 0x1, 0xfe, 0x0, 0x7, 0xf8, 0x0,
    0x0, 0x2, 0xfe, 0x0, 0x0, 0x1, 0xfe, 0x0,
    0x7, 0xf8, 0x1, 0x64, 0x2, 0xfe, 0x0, 0x0,
    0x1, 0xfe, 0x0, 0x7, 0xf8, 0x3, 0xfa, 0x2,
    0xfe, 0x0, 0x0, 0x1, 0xfe, 0x0, 0x7, 0xf8,
    0x3, 0xfa, 0x2, 0xfe, 0x0, 0x8, 0xde, 0xff,
    0xdd, 0x17, 0xf8, 0x3, 0xfa, 0x2, 0xfe, 0x0,
    0x9, 0xff, 0xff, 0xff, 0x17, 0xf8, 0x4, 0xfa,
    0x2, 0xfe, 0x0, 0x0, 0x1, 0xfe, 0x0, 0x7,
    0xf8, 0x5, 0xfa, 0x2, 0xfe, 0x0, 0x0, 0x1,
    0xfe, 0x0, 0x7, 0xf8, 0x6, 0xf9, 0x2, 0xfe,
    0x0, 0x0, 0x1, 0xfe, 0x0, 0x7, 0xf8, 0x8,
    0xf6, 0x2, 0xfe, 0x0, 0x0, 0x1, 0xfe, 0x0,
    0x1, 0x21, 0xd, 0xf8, 0x30, 0x22, 0x0, 0x0,
    0x1, 0xfe, 0x1, 0x30, 0x0, 0x2f, 0xff, 0x90,
    0x0, 0x0, 0x0, 0x1, 0xff, 0xbf, 0xb0, 0x0,
    0xaf, 0xaf, 0x90, 0x2, 0x30, 0x4, 0x8d, 0xff,
    0xff, 0xc0, 0x4, 0xfd, 0x5f, 0x90, 0x5, 0xf4,
    0x2f, 0xff, 0xfd, 0x72, 0x0, 0x3f, 0xf3, 0x5f,
    0x90, 0x6, 0xf4, 0xe, 0xc7, 0x20, 0x0, 0x5,
    0xff, 0x60, 0x5f, 0x90, 0x8, 0xf2, 0x0, 0x0,
    0x0, 0x1, 0xaf, 0xf6, 0x0, 0x3f, 0xe8, 0x8e,
    0xe0, 0x0, 0x0, 0x0, 0x5, 0xfe, 0x40, 0x0,
    0xa, 0xff, 0xfe, 0x50, 0x0, 0x0, 0x0, 0x0,
    0x40, 0x0, 0x0, 0x0, 0x0, 0x0, 0x0,

    /* U+7406 "理" */
    0x0, 0x0, 0x0, 0x0, 0x7, 0x77, 0x77, 0x77,
    0x77, 0x77, 0x0, 0x1f, 0xff, 0xff, 0xff, 0xf,
    0xff, 0xff, 0xff, 0xff, 0xff, 0x10, 0x1e, 0xef,
    0xff, 0xed, 0xf, 0xf4, 0x45, 0xfc, 0x44, 0xef,
    0x10, 0x0, 0x7, 0xf7, 0x0, 0xf, 0xe0, 0x1,
    0xfb, 0x0, 0xdf, 0x10, 0x0, 0x7, 0xf7, 0x0,
    0xf, 0xf9, 0x9a, 0xfe, 0x99, 0xff, 0x10, 0x0,
    0x7, 0xf7, 0x0, 0xf, 0xff, 0xff, 0xff, 0xff,
    0xff, 0x10, 0x0, 0x7, 0xf7, 0x0, 0xf, 0xe0,
    0x1, 0xfb, 0x0, 0xef, 0x10, 0xc, 0xde, 0xfe,
    0xd8, 0xf, 0xe0, 0x1, 0xfb, 0x0, 0xdf, 0x10,
    0xd, 0xff, 0xff, 0xfa, 0xf, 0xe1, 0x12, 0xfb,
    0x11, 0xef, 0x10, 0x4, 0x4a, 0xfa, 0x43, 0xf,
    0xff, 0xff, 0xff, 0xff, 0xff, 0x10, 0x0, 0x7,
    0xf7, 0x0, 0xa, 0xaa, 0xac, 0xff, 0xaa, 0xaa,
    0x10, 0x0, 0x7, 0xf7, 0x0, 0x0, 0x0, 0x4,
    0xfd, 0x0, 0x0, 0x0, 0x0, 0x7, 0xf7, 0x0,
    0x0, 0x0, 0x4, 0xfd, 0x0, 0x0, 0x0, 0x0,
    0x7, 0xf7, 0x4, 0x3f, 0xff, 0xff, 0xff, 0xff,
    0xff, 0x60, 0x0, 0x7, 0xfe, 0xff, 0x3d, 0xdd,
    0xdd, 0xff, 0xdd, 0xdd, 0x50, 0x18, 0xcf, 0xff,
    0xfa, 0x10, 0x0, 0x4, 0xfd, 0x0, 0x0, 0x0,
    0x2f, 0xfe, 0x94, 0x0, 0x0, 0x0, 0x4, 0xfd,
    0x0, 0x0, 0x0, 0x7, 0x30, 0x0, 0xc, 0xdd,
    0xdd, 0xde, 0xff, 0xdd, 0xdd, 0xd1, 0x0, 0x0,
    0x0, 0xe, 0xff, 0xff, 0xff, 0xff, 0xff, 0xff,
    0xf1, 0x0, 0x0, 0x0, 0x0, 0x0, 0x0, 0x0,
    0x0, 0x0, 0x0, 0x0,

    /* U+751F "生" */
    0x0, 0x0, 0x2, 0x0, 0x0, 0xaa, 0x10, 0x0,
    0x0, 0x0, 0x0, 0x0, 0x5, 0xfe, 0x0, 0xf,
    0xf1, 0x0, 0x0, 0x0, 0x0, 0x0, 0x0, 0xbf,
    0xa0, 0x0, 0xff, 0x10, 0x0, 0x0, 0x0, 0x0,
    0x0, 0x1f, 0xf5, 0x0, 0xf, 0xf1, 0x0, 0x0,
    0x0, 0x0, 0x0, 0x6, 0xff, 0x42, 0x23, 0xff,
    0x42, 0x22, 0x22, 0x22, 0x0, 0x0, 0xdf, 0xff,
    0xff, 0xff, 0xff, 0xff, 0xff, 0xff, 0xd0, 0x0,
    0x5f, 0xfd, 0xdd, 0xdd, 0xff, 0xdd, 0xdd, 0xdd,
    0xdb, 0x0, 0x1e, 0xfa, 0x0, 0x0, 0xf, 0xf1,
    0x0, 0x0, 0x0, 0x0, 0xb, 0xfe, 0x10, 0x0,
    0x0, 0xff, 0x10, 0x0, 0x0, 0x0, 0x0, 0x3d,
    0x40, 0x0, 0x0, 0xf, 0xf1, 0x0, 0x0, 0x0,
    0x0, 0x0, 0x0, 0x0, 0x0, 0x0, 0xff, 0x10,
    0x0, 0x0, 0x0, 0x0, 0x0, 0x5f, 0xff, 0xff,
    0xff, 0xff, 0xff, 0xff, 0xff, 0x0, 0x0, 0x5,
    0xff, 0xff, 0xff, 0xff, 0xff, 0xff, 0xff, 0xf0,
    0x0, 0x0, 0x0, 0x0, 0x0, 0xf, 0xf2, 0x0,
    0x0, 0x0, 0x0, 0x0, 0x0, 0x0, 0x0, 0x0,
    0xff, 0x10, 0x0, 0x0, 0x0, 0x0, 0x0, 0x0,
    0x0, 0x0, 0xf, 0xf1, 0x0, 0x0, 0x0, 0x0,
    0x0, 0x0, 0x0, 0x0, 0x0, 0xff, 0x10, 0x0,
    0x0, 0x0, 0x0, 0x0, 0x0, 0x0, 0x0, 0xf,
    0xf1, 0x0, 0x0, 0x0, 0x0, 0xc, 0xff, 0xff,
    0xff, 0xff, 0xff, 0xff, 0xff, 0xff, 0xff, 0xe0,
    0xdf, 0xff, 0xff, 0xff, 0xff, 0xff, 0xff, 0xff,
    0xff, 0xfe, 0x1, 0x11, 0x11, 0x11, 0x11, 0x11,
    0x11, 0x11, 0x11, 0x11, 0x10,

    /* U+7528 "用" */
    0x0, 0x0, 0x0, 0x0, 0x0, 0x0, 0x0, 0x0,
    0x0, 0x0, 0x0, 0xc, 0xff, 0xff, 0xff, 0xff,
    0xff, 0xff, 0xff, 0xfc, 0x0, 0xc, 0xff, 0xee,
    0xee, 0xff, 0xfe, 0xee, 0xef, 0xfc, 0x0, 0xc,
    0xf4, 0x0, 0x0, 0xef, 0x20, 0x0, 0x4, 0xfc,
    0x0, 0xc, 0xf4, 0x0, 0x0, 0xef, 0x20, 0x0,
    0x4, 0xfc, 0x0, 0xc, 0xf4, 0x0, 0x0, 0xef,
    0x20, 0x0, 0x4, 0xfc, 0x0, 0xc, 0xff, 0xff,
    0xff, 0xff, 0xff, 0xff, 0xff, 0xfc, 0x0, 0xc,
    0xff, 0xff, 0xff, 0xff, 0xff, 0xff, 0xff, 0xfc,
    0x0, 0xc, 0xf4, 0x0, 0x0, 0xef, 0x20, 0x0,
    0x4, 0xfc, 0x0, 0xd, 0xf3, 0x0, 0x0, 0xef,
    0x20, 0x0, 0x4, 0xfc, 0x0, 0xd, 0xf3, 0x0,
    0x0, 0xef, 0x20, 0x0, 0x4, 0xfc, 0x0, 0xe,
    0xff, 0xee, 0xee, 0xff, 0xfe, 0xee, 0xef, 0xfc,
    0x0, 0xf, 0xff, 0xff, 0xff, 0xff, 0xff, 0xff,
    0xff, 0xfc, 0x0, 0x2f, 0xe0, 0x0, 0x0, 0xff,
    0x20, 0x0, 0x4, 0xfc, 0x0, 0x5f, 0xa0, 0x0,
    0x0, 0xef, 0x20, 0x0, 0x4, 0xfc, 0x0, 0xaf,
    0x60, 0x0, 0x0, 0xef, 0x20, 0x0, 0x4, 0xfc,
    0x0, 0xef, 0x20, 0x0, 0x0, 0xef, 0x20, 0x0,
    0x4, 0xfc, 0x8, 0xfd, 0x0, 0x0, 0x0, 0xef,
    0x20, 0x0, 0x4, 0xfc, 0x2f, 0xf5, 0x0, 0x0,
    0x0, 0xef, 0x21, 0xdd, 0xdf, 0xfa, 0x1b, 0xc0,
    0x0, 0x0, 0x0, 0xef, 0x20, 0xcf, 0xff, 0xc2,
    0x0, 0x10, 0x0, 0x0, 0x0, 0x0, 0x0, 0x1,
    0x10, 0x0,

    /* U+754C "界" */
    0x0, 0xa, 0xcc, 0xcc, 0xcc, 0xcc, 0xcc, 0xcc,
    0xcc, 0x30, 0x0, 0x0, 0xdf, 0xff, 0xff, 0xff,
    0xff, 0xff, 0xff, 0xf4, 0x0, 0x0, 0xd, 0xf2,
    0x0, 0x2, 0xfe, 0x0, 0x0, 0xdf, 0x40, 0x0,
    0x0, 0xdf, 0x30, 0x0, 0x3f, 0xe0, 0x0, 0xd,
    0xf4, 0x0, 0x0, 0xd, 0xff, 0xff, 0xff, 0xff,
    0xff, 0xff, 0xff, 0x40, 0x0, 0x0, 0xdf, 0xa8,
    0x88, 0xaf, 0xf8, 0x88, 0x8e, 0xf4, 0x0, 0x0,
    0xd, 0xf2, 0x0, 0x2, 0xfe, 0x0, 0x0, 0xdf,
    0x40, 0x0, 0x0, 0xdf, 0xba, 0xaa, 0xbf, 0xfa,
    0xaa, 0xaf, 0xf4, 0x0, 0x0, 0xd, 0xff, 0xff,
    0xff, 0xff, 0xff, 0xff, 0xff, 0x40, 0x0, 0x0,
    0x0, 0x6, 0xff, 0x70, 0x9, 0xfb, 0x10, 0x0,
    0x0, 0x0, 0x0, 0x8, 0xff, 0xa0, 0x0, 0xd,
    0xfc, 0x20, 0x0, 0x0, 0x0, 0x3c, 0xff, 0xa0,
    0x0, 0x0, 0x1e, 0xff, 0x81, 0x0, 0x5, 0xcf,
    0xff, 0xcb, 0x80, 0x0, 0xa, 0xde, 0xff, 0xfa,
    0x31, 0xef, 0xfb, 0x26, 0xfc, 0x0, 0x0, 0xef,
    0x45, 0xef, 0xf5, 0x3, 0x92, 0x0, 0x7f, 0xa0,
    0x0, 0xe, 0xf4, 0x0, 0x46, 0x0, 0x0, 0x0,
    0xc, 0xf8, 0x0, 0x0, 0xef, 0x40, 0x0, 0x0,
    0x0, 0x0, 0x7, 0xff, 0x20, 0x0, 0xe, 0xf4,
    0x0, 0x0, 0x0, 0x0, 0x8, 0xff, 0x90, 0x0,
    0x0, 0xef, 0x40, 0x0, 0x0, 0x0, 0x5e, 0xff,
    0xa0, 0x0, 0x0, 0xe, 0xf4, 0x0, 0x0, 0x0,
    0x0, 0xcd, 0x50, 0x0, 0x0, 0x0, 0xef, 0x40,
    0x0, 0x0, 0x0, 0x0, 0x0, 0x0, 0x0, 0x0,
    0x0, 0x0, 0x0, 0x0, 0x0,

    /* U+7559 "留" */
    0x0, 0x0, 0x1, 0x7a, 0x0, 0x0, 0x0, 0x0,
    0x0, 0x0, 0x4, 0x8c, 0xff, 0xf8, 0xa, 0xaa,
    0xaa, 0xaa, 0xaa, 0xc, 0xff, 0xfb, 0x72, 0x0,
    0xff, 0xff, 0xff, 0xff, 0xe0, 0xcf, 0x60, 0x0,
    0x0, 0x2, 0x2f, 0xf2, 0x24, 0xfd, 0xc, 0xf4,
    0x4, 0xb4, 0x0, 0x2, 0xfc, 0x0, 0x2f, 0xd0,
    0xcf, 0x40, 0x4f, 0xd0, 0x0, 0x5f, 0x90, 0x3,
    0xfc, 0xc, 0xf4, 0x0, 0xcf, 0x70, 0xa, 0xf4,
    0x0, 0x5f, 0xa0, 0xff, 0x9a, 0xef, 0xfe, 0x4,
    0xfe, 0x0, 0x7, 0xf8, 0x6f, 0xff, 0xff, 0xcd,
    0xf9, 0xff, 0x43, 0x77, 0xef, 0x52, 0xfe, 0xa5,
    0x10, 0x59, 0xff, 0x70, 0x2f, 0xff, 0xd0, 0x3,
    0x0, 0x0, 0x0, 0x7, 0x40, 0x0, 0x44, 0x40,
    0x0, 0x6, 0x99, 0x99, 0x99, 0x99, 0x99, 0x99,
    0x99, 0x20, 0x0, 0x9f, 0xff, 0xff, 0xff, 0xff,
    0xff, 0xff, 0xf4, 0x0, 0x9, 0xf8, 0x0, 0x1,
    0xfe, 0x0, 0x0, 0xef, 0x40, 0x0, 0x9f, 0x80,
    0x0, 0x1f, 0xe0, 0x0, 0xe, 0xf4, 0x0, 0x9,
    0xff, 0xff, 0xff, 0xff, 0xff, 0xff, 0xff, 0x40,
    0x0, 0x9f, 0xc7, 0x77, 0x8f, 0xf7, 0x77, 0x7f,
    0xf4, 0x0, 0x9, 0xf8, 0x0, 0x1, 0xfe, 0x0,
    0x0, 0xef, 0x40, 0x0, 0x9f, 0xd9, 0x99, 0xaf,
    0xf9, 0x99, 0x9f, 0xf4, 0x0, 0x9, 0xff, 0xff,
    0xff, 0xff, 0xff, 0xff, 0xff, 0x40, 0x0, 0x9f,
    0x80, 0x0, 0x0, 0x0, 0x0, 0xd, 0xe4, 0x0,

    /* U+7565 "略" */
    0x0, 0x0, 0x0, 0x0, 0x0, 0x0, 0x40, 0x0,
    0x0, 0x0, 0x0, 0x0, 0x0, 0x0, 0x0, 0x0,
    0x7f, 0xc0, 0x0, 0x0, 0x0, 0x7f, 0xff, 0xff,
    0xff, 0x0, 0x1e, 0xf6, 0x11, 0x11, 0x0, 0x7,
    0xfc, 0xdf, 0xbe, 0xf0, 0x8, 0xff, 0xff, 0xff,
    0xfd, 0x10, 0x7f, 0x17, 0xe0, 0xaf, 0x5, 0xff,
    0xaa, 0xaa, 0xdf, 0xc0, 0x7, 0xf1, 0x7e, 0xa,
    0xf4, 0xff, 0xf3, 0x0, 0x2e, 0xf3, 0x0, 0x7f,
    0x17, 0xe0, 0xaf, 0xff, 0xaf, 0xe1, 0x1d, 0xfa,
    0x0, 0x7, 0xf1, 0x7e, 0xa, 0xfc, 0x70, 0x7f,
    0xdb, 0xfd, 0x0, 0x0, 0x7f, 0xff, 0xff, 0xff,
    0x0, 0x0, 0xaf, 0xfe, 0x10, 0x0, 0x7, 0xfb,
    0xdf, 0xae, 0xf0, 0x0, 0x3e, 0xff, 0xf7, 0x0,
    0x0, 0x7f, 0x17, 0xe0, 0xaf, 0x0, 0x7f, 0xfb,
    0x8f, 0xfc, 0x40, 0x7, 0xf1, 0x7e, 0xa, 0xf6,
    0xef, 0xe5, 0x0, 0x2c, 0xff, 0xd4, 0x7f, 0x17,
    0xe0, 0xaf, 0xff, 0xe7, 0x55, 0x55, 0x6d, 0xff,
    0x27, 0xf1, 0x7e, 0xa, 0xf5, 0xdf, 0xff, 0xff,
    0xff, 0xfe, 0x20, 0x7f, 0xac, 0xfa, 0xdf, 0xc,
    0xf7, 0x55, 0x55, 0x6f, 0xe0, 0x7, 0xff, 0xff,
    0xff, 0xf0, 0xcf, 0x20, 0x0, 0x1, 0xfe, 0x0,
    0x7f, 0x32, 0x22, 0x22, 0xc, 0xf2, 0x0, 0x0,
    0x1f, 0xe0, 0x7, 0xf1, 0x0, 0x0, 0x0, 0xcf,
    0x20, 0x0, 0x1, 0xfe, 0x0, 0x24, 0x0, 0x0,
    0x0, 0xc, 0xfd, 0xcc, 0xcc, 0xcf, 0xe0, 0x0,
    0x0, 0x0, 0x0, 0x0, 0xcf, 0xff, 0xff, 0xff,
    0xfe, 0x0, 0x0, 0x0, 0x0, 0x0, 0xc, 0xf3,
    0x0, 0x0, 0x2f, 0xe0, 0x0,

    /* U+7684 "的" */
    0x0, 0x0, 0x76, 0x10, 0x0, 0x0, 0x75, 0x0,
    0x0, 0x0, 0x0, 0x0, 0xff, 0x20, 0x0, 0x1,
    0xff, 0x10, 0x0, 0x0, 0x0, 0x4, 0xfd, 0x0,
    0x0, 0x7, 0xfc, 0x0, 0x0, 0x0, 0x0, 0x7,
    0xf7, 0x0, 0x0, 0xc, 0xf8, 0x22, 0x22, 0x21,
    0x1f, 0xff, 0xff, 0xff, 0xd0, 0x1f, 0xff, 0xff,
    0xff, 0xfd, 0x1f, 0xfd, 0xdd, 0xdf, 0xd0, 0x9f,
    0xec, 0xcc, 0xcc, 0xfd, 0x1f, 0xd0, 0x0, 0xf,
    0xd1, 0xff, 0x30, 0x0, 0x1, 0xfd, 0x1f, 0xd0,
    0x0, 0xf, 0xdb, 0xfb, 0x0, 0x0, 0x2, 0xfc,
    0x1f, 0xd0, 0x0, 0xf, 0xec, 0xf2, 0x0, 0x0,
    0x3, 0xfb, 0x1f, 0xd0, 0x0, 0xf, 0xd0, 0x34,
    0xd3, 0x0, 0x3, 0xfb, 0x1f, 0xff, 0xff, 0xff,
    0xd0, 0x6, 0xfe, 0x10, 0x4, 0xfa, 0x1f, 0xfc,
    0xcc, 0xdf, 0xd0, 0x0, 0xbf, 0xa0, 0x5, 0xf9,
    0x1f, 0xd0, 0x0, 0xf, 0xd0, 0x0, 0x1f, 0xf5,
    0x6, 0xf9, 0x1f, 0xd0, 0x0, 0xf, 0xd0, 0x0,
    0x7, 0xfe, 0x7, 0xf8, 0x1f, 0xd0, 0x0, 0xf,
    0xd0, 0x0, 0x0, 0xd7, 0x8, 0xf7, 0x1f, 0xd0,
    0x0, 0xf, 0xd0, 0x0, 0x0, 0x0, 0x9, 0xf5,
    0x1f, 0xd1, 0x11, 0x2f, 0xd0, 0x0, 0x0, 0x0,
    0xb, 0xf4, 0x1f, 0xff, 0xff, 0xff, 0xd0, 0x0,
    0x0, 0x0, 0xe, 0xf2, 0x1f, 0xfc, 0xcc, 0xcc,
    0xa0, 0x0, 0x21, 0x0, 0x4f, 0xe0, 0x1f, 0xd0,
    0x0, 0x0, 0x0, 0x0, 0x5f, 0xff, 0xff, 0x80,
    0xb, 0x90, 0x0, 0x0, 0x0, 0x0, 0x1f, 0xff,
    0xe9, 0x0, 0x0, 0x0, 0x0, 0x0, 0x0, 0x0,
    0x0, 0x0, 0x0, 0x0,

    /* U+76D6 "盖" */
    0x0, 0x0, 0x0, 0x53, 0x0, 0x0, 0x0, 0x36,
    0x20, 0x0, 0x0, 0x0, 0x0, 0x6, 0xfd, 0x0,
    0x0, 0x0, 0xbf, 0x70, 0x0, 0x0, 0x0, 0x0,
    0x0, 0xdf, 0x70, 0x0, 0x3, 0xfe, 0x0, 0x0,
    0x0, 0x0, 0x6a, 0xaa, 0xdf, 0xca, 0xaa, 0xad,
    0xfd, 0xaa, 0xa5, 0x0, 0x0, 0x9f, 0xff, 0xff,
    0xff, 0xff, 0xff, 0xff, 0xff, 0xf8, 0x0, 0x0,
    0x0, 0x0, 0x0, 0x1, 0xff, 0x0, 0x0, 0x0,
    0x0, 0x0, 0x0, 0x4, 0x88, 0x88, 0x89, 0xff,
    0x98, 0x88, 0x88, 0x40, 0x0, 0x0, 0x7, 0xff,
    0xff, 0xff, 0xff, 0xff, 0xff, 0xff, 0x80, 0x0,
    0x0, 0x0, 0x0, 0x0, 0x2, 0xff, 0x10, 0x0,
    0x0, 0x0, 0x0, 0x0, 0x0, 0x0, 0x0, 0x2,
    0xff, 0x10, 0x0, 0x0, 0x0, 0x0, 0x8, 0xff,
    0xff, 0xff, 0xff, 0xff, 0xff, 0xff, 0xff, 0xff,
    0x80, 0x5, 0x99, 0x99, 0x99, 0x99, 0x99, 0x99,
    0x99, 0x99, 0x99, 0x50, 0x0, 0x0, 0x0, 0x0,
    0x0, 0x0, 0x0, 0x0, 0x0, 0x0, 0x0, 0x0,
    0xa, 0xff, 0xff, 0xff, 0xff, 0xff, 0xff, 0xff,
    0xc0, 0x0, 0x0, 0xa, 0xfc, 0xbc, 0xfe, 0xbb,
    0xef, 0xcb, 0xcf, 0xc0, 0x0, 0x0, 0xa, 0xf3,
    0x2, 0xfb, 0x0, 0xbf, 0x20, 0x3f, 0xc0, 0x0,
    0x0, 0xa, 0xf3, 0x2, 0xfb, 0x0, 0xbf, 0x20,
    0x3f, 0xc0, 0x0, 0x0, 0xa, 0xf3, 0x2, 0xfb,
    0x0, 0xbf, 0x20, 0x3f, 0xc0, 0x0, 0xc, 0xce,
    0xfd, 0xcc, 0xfe, 0xcc, 0xff, 0xcc, 0xdf, 0xfc,
    0xc0, 0xf, 0xff, 0xff, 0xff, 0xff, 0xff, 0xff,
    0xff, 0xff, 0xff, 0xf0, 0x0, 0x0, 0x0, 0x0,
    0x0, 0x0, 0x0, 0x0, 0x0, 0x0, 0x0,

    /* U+770B "看" */
    0x0, 0x0, 0x0, 0x0, 0x0, 0x0, 0x0, 0x1,
    0x35, 0x0, 0x0, 0x3, 0x77, 0x88, 0x99, 0xaa,
    0xbc, 0xef, 0xff, 0xfa, 0x0, 0x0, 0x6f, 0xff,
    0xff, 0xff, 0xfe, 0xdc, 0xa9, 0x75, 0x20, 0x0,
    0x0, 0x22, 0x11, 0x19, 0xfa, 0x0, 0x0, 0x0,
    0x0, 0x0, 0x0, 0x3a, 0xaa, 0xaa, 0xef, 0xda,
    0xaa, 0xaa, 0xaa, 0xa3, 0x0, 0x5, 0xff, 0xff,
    0xff, 0xff, 0xff, 0xff, 0xff, 0xff, 0x50, 0x0,
    0x0, 0x0, 0xa, 0xf9, 0x0, 0x0, 0x0, 0x0,
    0x0, 0x0, 0xab, 0xbb, 0xbb, 0xff, 0xdb, 0xbb,
    0xbb, 0xbb, 0xbb, 0xb6, 0xe, 0xff, 0xff, 0xff,
    0xff, 0xff, 0xff, 0xff, 0xff, 0xff, 0x80, 0x0,
    0x0, 0x5f, 0xf2, 0x0, 0x0, 0x0, 0x0, 0x0,
    0x0, 0x0, 0x0, 0x2f, 0xfe, 0xaa, 0xaa, 0xaa,
    0xaa, 0xaa, 0x40, 0x0, 0x0, 0x1d, 0xff, 0xff,
    0xff, 0xff, 0xff, 0xff, 0xf6, 0x0, 0x0, 0x2d,
    0xff, 0xf7, 0x0, 0x0, 0x0, 0x0, 0x9f, 0x60,
    0x0, 0x5f, 0xfe, 0xaf, 0xff, 0xff, 0xff, 0xff,
    0xff, 0xf6, 0x0, 0x4f, 0xfd, 0x18, 0xfb, 0x66,
    0x66, 0x66, 0x66, 0xcf, 0x60, 0x0, 0xb9, 0x0,
    0x8f, 0xa4, 0x44, 0x44, 0x44, 0x4b, 0xf6, 0x0,
    0x0, 0x0, 0x8, 0xff, 0xff, 0xff, 0xff, 0xff,
    0xff, 0x60, 0x0, 0x0, 0x0, 0x8f, 0x81, 0x11,
    0x11, 0x11, 0x1a, 0xf6, 0x0, 0x0, 0x0, 0x8,
    0xfc, 0x88, 0x88, 0x88, 0x88, 0xdf, 0x60, 0x0,
    0x0, 0x0, 0x8f, 0xff, 0xff, 0xff, 0xff, 0xff,
    0xf6, 0x0, 0x0, 0x0, 0x8, 0xf8, 0x0, 0x0,
    0x0, 0x0, 0xaf, 0x60, 0x0,

    /* U+7720 "眠" */
    0x0, 0x0, 0x0, 0x0, 0x56, 0x66, 0x66, 0x66,
    0x66, 0x60, 0xc, 0xff, 0xff, 0xfd, 0xe, 0xff,
    0xff, 0xff, 0xff, 0xfe, 0x0, 0xcf, 0xdc, 0xcf,
    0xd0, 0xef, 0x88, 0x88, 0x88, 0x9f, 0xe0, 0xc,
    0xf2, 0x1, 0xfd, 0xe, 0xf0, 0x0, 0x0, 0x1,
    0xfe, 0x0, 0xcf, 0x20, 0x1f, 0xd0, 0xef, 0x0,
    0x0, 0x0, 0x1f, 0xe0, 0xc, 0xfc, 0xbc, 0xfd,
    0xe, 0xff, 0xff, 0xff, 0xff, 0xfe, 0x0, 0xcf,
    0xff, 0xff, 0xd0, 0xef, 0xee, 0xef, 0xfe, 0xee,
    0xd0, 0xc, 0xf3, 0x2, 0xfd, 0xe, 0xf0, 0x0,
    0xdf, 0x20, 0x0, 0x0, 0xcf, 0x20, 0x1f, 0xd0,
    0xef, 0x0, 0xc, 0xf3, 0x0, 0x0, 0xc, 0xf3,
    0x2, 0xfd, 0xe, 0xf1, 0x0, 0xcf, 0x40, 0x0,
    0x0, 0xcf, 0xff, 0xff, 0xd0, 0xef, 0xff, 0xff,
    0xff, 0xff, 0xfc, 0xc, 0xfc, 0xbc, 0xfd, 0xe,
    0xfe, 0xee, 0xff, 0xfe, 0xee, 0xb0, 0xcf, 0x20,
    0x1f, 0xd0, 0xef, 0x0, 0x6, 0xf9, 0x0, 0x0,
    0xc, 0xf2, 0x1, 0xfd, 0xe, 0xf0, 0x0, 0x3f,
    0xc0, 0x0, 0x0, 0xcf, 0xdc, 0xcf, 0xd0, 0xef,
    0x0, 0x0, 0xfe, 0x0, 0x20, 0xc, 0xff, 0xff,
    0xfd, 0xe, 0xf0, 0x0, 0xc, 0xf3, 0x7, 0xe1,
    0xcf, 0x30, 0x0, 0x0, 0xef, 0x13, 0x89, 0x7f,
    0x80, 0x8f, 0x1c, 0xf2, 0x0, 0x0, 0x3f, 0xfe,
    0xff, 0xc2, 0xff, 0x3c, 0xf0, 0x45, 0x0, 0x0,
    0xc, 0xff, 0xff, 0xa5, 0x7, 0xff, 0xfa, 0x0,
    0x0, 0x0, 0x0, 0x7e, 0x84, 0x0, 0x0, 0x9,
    0xfd, 0x20, 0x0, 0x0, 0x0, 0x0, 0x0, 0x0,
    0x0, 0x0, 0x0, 0x0, 0x0,

    /* U+77E5 "知" */
    0x0, 0xa, 0x81, 0x0, 0x0, 0x0, 0x0, 0x0,
    0x0, 0x0, 0x0, 0x2, 0xff, 0x0, 0x0, 0x0,
    0x0, 0x0, 0x0, 0x0, 0x0, 0x0, 0x6f, 0xb0,
    0x0, 0x0, 0x1, 0xdd, 0xdd, 0xdd, 0xdd, 0x10,
    0xb, 0xff, 0xee, 0xee, 0xe9, 0x1f, 0xff, 0xff,
    0xff, 0xf1, 0x1, 0xff, 0xff, 0xff, 0xff, 0xa1,
    0xff, 0x11, 0x11, 0xff, 0x10, 0x7f, 0xb0, 0xbf,
    0x60, 0x0, 0x1f, 0xe0, 0x0, 0xf, 0xf1, 0x1f,
    0xf4, 0xb, 0xf5, 0x0, 0x1, 0xfe, 0x0, 0x0,
    0xff, 0x11, 0xbb, 0x0, 0xbf, 0x50, 0x0, 0x1f,
    0xe0, 0x0, 0xf, 0xf1, 0x0, 0x10, 0xb, 0xf5,
    0x0, 0x1, 0xfe, 0x0, 0x0, 0xff, 0x11, 0xee,
    0xee, 0xff, 0xfe, 0xee, 0x5f, 0xe0, 0x0, 0xf,
    0xf1, 0x1f, 0xff, 0xff, 0xff, 0xff, 0xf5, 0xfe,
    0x0, 0x0, 0xff, 0x10, 0x0, 0x0, 0xff, 0x30,
    0x0, 0x1f, 0xe0, 0x0, 0xf, 0xf1, 0x0, 0x0,
    0x2f, 0xf3, 0x0, 0x1, 0xfe, 0x0, 0x0, 0xff,
    0x10, 0x0, 0x5, 0xff, 0xe2, 0x0, 0x1f, 0xe0,
    0x0, 0xf, 0xf1, 0x0, 0x0, 0xbf, 0xef, 0xd1,
    0x1, 0xfe, 0x0, 0x0, 0xff, 0x10, 0x0, 0x2f,
    0xf3, 0xcf, 0xb0, 0x1f, 0xe0, 0x0, 0xf, 0xf1,
    0x0, 0xc, 0xfb, 0x1, 0xef, 0x91, 0xff, 0x33,
    0x33, 0xff, 0x10, 0x7, 0xff, 0x20, 0x4, 0xff,
    0x3f, 0xff, 0xff, 0xff, 0xf1, 0x7, 0xff, 0x70,
    0x0, 0x8, 0x61, 0xff, 0xbb, 0xbc, 0xff, 0x11,
    0xef, 0x90, 0x0, 0x0, 0x0, 0x1f, 0xe0, 0x0,
    0xf, 0xf1, 0x3, 0x60, 0x0, 0x0, 0x0, 0x0,
    0x33, 0x0, 0x0, 0x0, 0x0,

    /* U+7801 "码" */
    0x4, 0x44, 0x44, 0x44, 0x30, 0x22, 0x22, 0x22,
    0x22, 0x20, 0x0, 0xff, 0xff, 0xff, 0xfb, 0x4f,
    0xff, 0xff, 0xff, 0xff, 0x0, 0x9, 0x9c, 0xfc,
    0x99, 0x73, 0xbb, 0xbb, 0xbb, 0xcf, 0xe0, 0x0,
    0x0, 0xaf, 0x40, 0x0, 0x1, 0x42, 0x0, 0x3,
    0xfc, 0x0, 0x0, 0xe, 0xf0, 0x0, 0x0, 0x4f,
    0xa0, 0x0, 0x4f, 0xb0, 0x0, 0x3, 0xfb, 0x0,
    0x0, 0x6, 0xf8, 0x0, 0x6, 0xf9, 0x0, 0x0,
    0x7f, 0x70, 0x0, 0x0, 0x7f, 0x70, 0x0, 0x8f,
    0x70, 0x0, 0xd, 0xfc, 0xaa, 0xa2, 0x9, 0xf5,
    0x0, 0xa, 0xf5, 0x0, 0x4, 0xff, 0xff, 0xff,
    0x30, 0xbf, 0x30, 0x0, 0xcf, 0x30, 0x0, 0xcf,
    0xf5, 0x2a, 0xf3, 0xc, 0xff, 0xff, 0xff, 0xff,
    0xfb, 0x5f, 0xff, 0x30, 0x9f, 0x30, 0xcc, 0xcc,
    0xcc, 0xcc, 0xef, 0xa1, 0xfd, 0xf3, 0x9, 0xf3,
    0x0, 0x0, 0x0, 0x0, 0x6, 0xf9, 0x5, 0x8f,
    0x30, 0x9f, 0x30, 0x0, 0x0, 0x0, 0x0, 0x8f,
    0x70, 0x8, 0xf3, 0x9, 0xf3, 0x9a, 0xaa, 0xaa,
    0xaa, 0x29, 0xf5, 0x0, 0x8f, 0x30, 0x9f, 0x3e,
    0xff, 0xff, 0xff, 0xf4, 0xcf, 0x30, 0x8, 0xfd,
    0xce, 0xf3, 0x22, 0x22, 0x22, 0x22, 0xe, 0xf1,
    0x0, 0x8f, 0xff, 0xff, 0x30, 0x0, 0x0, 0x0,
    0x2, 0xfe, 0x0, 0x8, 0xf4, 0x0, 0x0, 0x0,
    0x0, 0x0, 0x0, 0x8f, 0xa0, 0x0, 0x8f, 0x30,
    0x0, 0x0, 0x0, 0x0, 0xad, 0xef, 0xf5, 0x0,
    0x0, 0x0, 0x0, 0x0, 0x0, 0x0, 0x6, 0xff,
    0xe8, 0x0, 0x0, 0x0, 0x0, 0x0, 0x0, 0x0,
    0x0, 0x0, 0x0, 0x0, 0x0,

    /* U+786E "确" */
    0x0, 0x0, 0x0, 0x0, 0x0, 0x3, 0x72, 0x0,
    0x0, 0x0, 0x0, 0x77, 0x77, 0x77, 0x74, 0x0,
    0xbf, 0x60, 0x0, 0x0, 0x0, 0xe, 0xff, 0xff,
    0xff, 0x90, 0x3f, 0xfc, 0xbb, 0xba, 0x0, 0x0,
    0x56, 0xbf, 0xa6, 0x64, 0xb, 0xff, 0xff, 0xff,
    0xf3, 0x0, 0x0, 0xb, 0xf3, 0x0, 0x4, 0xfd,
    0x0, 0x7, 0xf9, 0x0, 0x0, 0x0, 0xff, 0x0,
    0x2, 0xef, 0x40, 0x2, 0xfe, 0x0, 0x0, 0x0,
    0x3f, 0xb0, 0x2, 0xef, 0xff, 0xff, 0xff, 0xff,
    0xff, 0x30, 0x7, 0xf7, 0x0, 0x2f, 0xff, 0xed,
    0xdf, 0xfd, 0xdf, 0xf3, 0x0, 0xdf, 0xca, 0xaa,
    0x46, 0xf8, 0x0, 0xfd, 0x0, 0xbf, 0x30, 0x4f,
    0xff, 0xff, 0xf0, 0x5f, 0x80, 0x1f, 0xd0, 0xc,
    0xf3, 0xc, 0xff, 0x63, 0xcf, 0x5, 0xff, 0xff,
    0xff, 0xff, 0xff, 0x34, 0xff, 0xf3, 0xb, 0xf0,
    0x6f, 0xc9, 0x9f, 0xe9, 0x9e, 0xf3, 0xf, 0xdf,
    0x30, 0xbf, 0x6, 0xf8, 0x0, 0xfd, 0x0, 0xbf,
    0x30, 0x58, 0xf3, 0xb, 0xf0, 0x7f, 0x93, 0x4f,
    0xd3, 0x3c, 0xf3, 0x0, 0x8f, 0x30, 0xbf, 0x8,
    0xff, 0xff, 0xff, 0xff, 0xff, 0x30, 0x8, 0xf3,
    0xb, 0xf0, 0xbf, 0x97, 0x8f, 0xe7, 0x7d, 0xf3,
    0x0, 0x8f, 0xdc, 0xff, 0xe, 0xf0, 0x0, 0xfd,
    0x0, 0xbf, 0x30, 0x8, 0xff, 0xff, 0xf4, 0xfc,
    0x0, 0xf, 0xd0, 0xb, 0xf3, 0x0, 0x8f, 0x40,
    0x0, 0xcf, 0x70, 0x0, 0xfd, 0x0, 0xcf, 0x30,
    0x7, 0xd2, 0x0, 0x6f, 0xe0, 0x0, 0xf, 0xc7,
    0xcf, 0xf2, 0x0, 0x0, 0x0, 0x0, 0xb5, 0x0,
    0x0, 0x0, 0x6f, 0xe8, 0x0, 0x0, 0x0, 0x0,
    0x0, 0x0, 0x0, 0x0, 0x0, 0x0, 0x0,

    /* U+793A "示" */
    0x0, 0x0, 0x0, 0x0, 0x0, 0x0, 0x0, 0x0,
    0x0, 0x0, 0x0, 0x0, 0x9f, 0xff, 0xff, 0xff,
    0xff, 0xff, 0xff, 0xfe, 0x0, 0x0, 0x9, 0xff,
    0xff, 0xff, 0xff, 0xff, 0xff, 0xff, 0xe0, 0x0,
    0x0, 0x0, 0x0, 0x0, 0x0, 0x0, 0x0, 0x0,
    0x0, 0x0, 0x0, 0x0, 0x0, 0x0, 0x0, 0x0,
    0x0, 0x0, 0x0, 0x0, 0x0, 0x0, 0x0, 0x0,
    0x0, 0x0, 0x0, 0x0, 0x0, 0x0, 0x0, 0x8,
    0xee, 0xee, 0xee, 0xee, 0xee, 0xee, 0xee, 0xee,
    0xee, 0xd0, 0x9f, 0xff, 0xff, 0xff, 0xff, 0xff,
    0xff, 0xff, 0xff, 0xfe, 0x1, 0x22, 0x22, 0x22,
    0x22, 0xef, 0x62, 0x22, 0x22, 0x22, 0x20, 0x0,
    0x0, 0x0, 0x0, 0xe, 0xf5, 0x0, 0x0, 0x0,
    0x0, 0x0, 0x0, 0x3a, 0x60, 0x0, 0xef, 0x50,
    0x3, 0xa4, 0x0, 0x0, 0x0, 0xb, 0xfb, 0x0,
    0xe, 0xf5, 0x0, 0x9f, 0xd0, 0x0, 0x0, 0x3,
    0xff, 0x40, 0x0, 0xef, 0x50, 0x1, 0xef, 0x80,
    0x0, 0x0, 0xaf, 0xc0, 0x0, 0xe, 0xf5, 0x0,
    0x6, 0xff, 0x20, 0x0, 0x5f, 0xf4, 0x0, 0x0,
    0xef, 0x50, 0x0, 0xc, 0xfb, 0x0, 0x2e, 0xfa,
    0x0, 0x0, 0xe, 0xf5, 0x0, 0x0, 0x4f, 0xf3,
    0xd, 0xfe, 0x10, 0x0, 0x0, 0xef, 0x50, 0x0,
    0x0, 0xdf, 0x90, 0x2c, 0x30, 0x2, 0x22, 0x2f,
    0xf4, 0x0, 0x0, 0x7, 0xb3, 0x0, 0x0, 0x0,
    0x8f, 0xff, 0xff, 0x20, 0x0, 0x0, 0x0, 0x0,
    0x0, 0x0, 0x3, 0xff, 0xec, 0x50, 0x0, 0x0,
    0x0, 0x0, 0x0, 0x0, 0x0, 0x0, 0x0, 0x0,
    0x0, 0x0, 0x0, 0x0, 0x0,

    /* U+79BB "离" */
    0x0, 0x0, 0x0, 0x0, 0x29, 0x60, 0x0, 0x0,
    0x0, 0x0, 0x0, 0x0, 0x0, 0x0, 0x3f, 0xe0,
    0x0, 0x0, 0x0, 0x0, 0x5b, 0xbb, 0xbb, 0xbb,
    0xbf, 0xfc, 0xbb, 0xbb, 0xbb, 0xba, 0x7f, 0xff,
    0xff, 0xff, 0xff, 0xff, 0xff, 0xff, 0xff, 0xfe,
    0x0, 0x13, 0x30, 0x27, 0x10, 0x0, 0x67, 0x11,
    0x32, 0x0, 0x0, 0x1f, 0xd0, 0x6f, 0xe7, 0x2b,
    0xf8, 0x6, 0xfa, 0x0, 0x0, 0x1f, 0xd0, 0x0,
    0x9f, 0xff, 0x50, 0x6, 0xfa, 0x0, 0x0, 0x1f,
    0xd0, 0x3a, 0xfe, 0x9e, 0xf9, 0x16, 0xfa, 0x0,
    0x0, 0x1f, 0xd1, 0xed, 0x60, 0x0, 0x7f, 0x46,
    0xfa, 0x0, 0x0, 0x1f, 0xf9, 0xb9, 0x99, 0x99,
    0x9a, 0x9c, 0xfa, 0x0, 0x0, 0x1f, 0xff, 0xff,
    0xff, 0xff, 0xff, 0xff, 0xfa, 0x0, 0x0, 0x0,
    0x0, 0x0, 0x2f, 0xf2, 0x0, 0x0, 0x0, 0x0,
    0x6, 0xbb, 0xbb, 0xbb, 0xdf, 0xfb, 0xbb, 0xbb,
    0xbb, 0xb0, 0x8, 0xff, 0xff, 0xff, 0xff, 0xff,
    0xff, 0xff, 0xff, 0xf0, 0x8, 0xf8, 0x0, 0x1e,
    0xf5, 0x1, 0xb6, 0x0, 0xf, 0xf0, 0x8, 0xf7,
    0x0, 0x9f, 0x90, 0x0, 0xdf, 0x20, 0xf, 0xf0,
    0x8, 0xf7, 0x8, 0xff, 0x78, 0xab, 0xef, 0xd0,
    0xf, 0xf0, 0x8, 0xf7, 0xb, 0xff, 0xff, 0xfe,
    0xcc, 0xf7, 0xf, 0xf0, 0x8, 0xf7, 0x5, 0x96,
    0x42, 0x0, 0x0, 0x80, 0xf, 0xf0, 0x8, 0xf7,
    0x0, 0x0, 0x0, 0x0, 0x1, 0x88, 0x9f, 0xf0,
    0x8, 0xf7, 0x0, 0x0, 0x0, 0x0, 0x0, 0xdf,
    0xfd, 0x60, 0x0, 0x0, 0x0, 0x0, 0x0, 0x0,
    0x0, 0x0, 0x0, 0x0,

    /* U+79D2 "秒" */
    0x0, 0x0, 0x0, 0x1, 0x10, 0x0, 0x0, 0x88,
    0x0, 0x0, 0x0, 0x0, 0x0, 0x37, 0xcf, 0xa0,
    0x0, 0x1, 0xfe, 0x0, 0x0, 0x0, 0x8, 0xcf,
    0xff, 0xfe, 0x91, 0x0, 0x1, 0xfe, 0x0, 0x0,
    0x0, 0x9, 0xec, 0xef, 0x70, 0x0, 0x0, 0x1,
    0xfe, 0x0, 0x10, 0x0, 0x0, 0x0, 0x9f, 0x60,
    0x0, 0x4b, 0x51, 0xfe, 0xa, 0xf3, 0x0, 0x0,
    0x0, 0x9f, 0x60, 0x0, 0x8f, 0x71, 0xfe, 0x7,
    0xfa, 0x0, 0x6, 0x66, 0xcf, 0xa6, 0x62, 0xbf,
    0x41, 0xfe, 0x1, 0xff, 0x20, 0x2f, 0xff, 0xff,
    0xff, 0xf5, 0xef, 0x11, 0xfe, 0x0, 0x9f, 0x80,
    0x19, 0x99, 0xff, 0xb9, 0x95, 0xfd, 0x1, 0xfe,
    0x0, 0x4f, 0xd0, 0x0, 0x4, 0xff, 0xc0, 0x7,
    0xf9, 0x1, 0xfe, 0x0, 0xe, 0xf2, 0x0, 0xb,
    0xff, 0xfb, 0xb, 0xf4, 0x1, 0xfe, 0x0, 0x4,
    0x10, 0x0, 0x3f, 0xff, 0xcf, 0x80, 0x50, 0x1,
    0xfe, 0x0, 0x87, 0x10, 0x0, 0xaf, 0xbf, 0x6c,
    0xf1, 0x0, 0x1, 0xfe, 0x3, 0xff, 0x10, 0x4,
    0xfa, 0x9f, 0x63, 0x60, 0x0, 0x1, 0xfe, 0xc,
    0xf8, 0x0, 0x1e, 0xf2, 0x9f, 0x60, 0x0, 0x0,
    0x0, 0x0, 0x7f, 0xf1, 0x0, 0x3f, 0x90, 0x9f,
    0x60, 0x0, 0x0, 0x0, 0x7, 0xff, 0x60, 0x0,
    0x9, 0x0, 0x9f, 0x60, 0x0, 0x0, 0x1, 0x9f,
    0xf6, 0x0, 0x0, 0x0, 0x0, 0x9f, 0x60, 0x0,
    0x0, 0x7f, 0xff, 0x70, 0x0, 0x0, 0x0, 0x0,
    0x9f, 0x60, 0x26, 0xbf, 0xff, 0xc3, 0x0, 0x0,
    0x0, 0x0, 0x0, 0x9f, 0x60, 0xdf, 0xff, 0xc5,
    0x0, 0x0, 0x0, 0x0, 0x0, 0x0, 0x9f, 0x60,
    0x4c, 0x72, 0x0, 0x0, 0x0, 0x0, 0x0,

    /* U+79EF "积" */
    0x0, 0x0, 0x0, 0x0, 0x30, 0x0, 0x0, 0x0,
    0x0, 0x0, 0x0, 0x0, 0x0, 0x36, 0xaf, 0xf3,
    0x0, 0x0, 0x0, 0x0, 0x0, 0x0, 0x1b, 0xdf,
    0xff, 0xff, 0xb5, 0x6f, 0xff, 0xff, 0xff, 0xff,
    0x20, 0xe, 0xeb, 0xbf, 0xb0, 0x0, 0x6f, 0xff,
    0xff, 0xff, 0xff, 0x20, 0x0, 0x0, 0x4f, 0xb0,
    0x0, 0x6f, 0x80, 0x0, 0x0, 0xef, 0x20, 0x0,
    0x0, 0x4f, 0xb0, 0x0, 0x6f, 0x80, 0x0, 0x0,
    0xef, 0x20, 0x1, 0x11, 0x5f, 0xb1, 0x11, 0x6f,
    0x80, 0x0, 0x0, 0xef, 0x20, 0x1f, 0xff, 0xff,
    0xff, 0xff, 0x6f, 0x80, 0x0, 0x0, 0xef, 0x20,
    0x1d, 0xdd, 0xff, 0xfd, 0xdd, 0x6f, 0x80, 0x0,
    0x0, 0xef, 0x20, 0x0, 0x0, 0xef, 0xe2, 0x0,
    0x6f, 0x80, 0x0, 0x0, 0xef, 0x20, 0x0, 0x6,
    0xff, 0xfd, 0x10, 0x6f, 0xff, 0xff, 0xff, 0xff,
    0x20, 0x0, 0xe, 0xff, 0xdf, 0xd1, 0x6f, 0xff,
    0xff, 0xff, 0xff, 0x20, 0x0, 0x7f, 0xaf, 0xb6,
    0xfb, 0x0, 0x0, 0x0, 0x0, 0x0, 0x0, 0x2,
    0xfe, 0x5f, 0xb0, 0xc6, 0x0, 0x0, 0x0, 0x0,
    0x0, 0x0, 0xc, 0xf6, 0x4f, 0xb0, 0x20, 0x2,
    0xea, 0x0, 0x3c, 0x80, 0x0, 0x3f, 0xc0, 0x4f,
    0xb0, 0x0, 0x8, 0xfb, 0x0, 0x2f, 0xf2, 0x0,
    0xa, 0x20, 0x4f, 0xb0, 0x0, 0xe, 0xf4, 0x0,
    0xa, 0xfa, 0x0, 0x0, 0x0, 0x4f, 0xb0, 0x0,
    0x5f, 0xe0, 0x0, 0x2, 0xff, 0x20, 0x0, 0x0,
    0x4f, 0xb0, 0x1, 0xef, 0x60, 0x0, 0x0, 0xaf,
    0x80, 0x0, 0x0, 0x4f, 0xb0, 0xb, 0xfd, 0x0,
    0x0, 0x0, 0x4f, 0xe0, 0x0, 0x0, 0x4f, 0xb0,
    0x1, 0xb2, 0x0, 0x0, 0x0, 0xa, 0x40,

    /* U+79F0 "称" */
    0x0, 0x0, 0x0, 0x6, 0x10, 0x5, 0x72, 0x0,
    0x0, 0x0, 0x0, 0x0, 0x4, 0x7b, 0xff, 0xa0,
    0xc, 0xf4, 0x0, 0x0, 0x0, 0x0, 0x9, 0xff,
    0xff, 0xe9, 0x40, 0xf, 0xf1, 0x0, 0x0, 0x0,
    0x0, 0x4, 0xb8, 0xdf, 0x30, 0x0, 0x4f, 0xfe,
    0xee, 0xee, 0xee, 0xc0, 0x0, 0x0, 0xaf, 0x30,
    0x0, 0x8f, 0xff, 0xff, 0xff, 0xff, 0xb0, 0x0,
    0x0, 0xaf, 0x30, 0x0, 0xef, 0x20, 0xef, 0x20,
    0x9f, 0x50, 0x1, 0x11, 0xbf, 0x41, 0x15, 0xfb,
    0x0, 0xef, 0x10, 0xff, 0x0, 0xe, 0xff, 0xff,
    0xff, 0xed, 0xf4, 0x0, 0xef, 0x13, 0xe9, 0x0,
    0xc, 0xdd, 0xff, 0xed, 0xde, 0xc0, 0x0, 0xef,
    0x10, 0x0, 0x0, 0x0, 0x3, 0xff, 0x40, 0x0,
    0x48, 0x50, 0xef, 0x16, 0xb0, 0x0, 0x0, 0xa,
    0xff, 0xf3, 0x0, 0x5f, 0xa0, 0xef, 0x1a, 0xf5,
    0x0, 0x0, 0x1f, 0xff, 0xee, 0x20, 0x9f, 0x50,
    0xef, 0x15, 0xfa, 0x0, 0x0, 0x9f, 0xcf, 0x6f,
    0xd0, 0xdf, 0x10, 0xef, 0x10, 0xff, 0x0, 0x2,
    0xf9, 0xaf, 0x38, 0x62, 0xfd, 0x0, 0xef, 0x10,
    0xbf, 0x50, 0xc, 0xf2, 0xaf, 0x30, 0x8, 0xf8,
    0x0, 0xef, 0x10, 0x7f, 0x90, 0x3f, 0x90, 0xaf,
    0x30, 0x1e, 0xf2, 0x0, 0xef, 0x10, 0x3f, 0xd0,
    0xa, 0x0, 0xaf, 0x30, 0x4f, 0xa0, 0x0, 0xef,
    0x10, 0xf, 0xd0, 0x0, 0x0, 0xaf, 0x30, 0x1,
    0x10, 0x0, 0xef, 0x10, 0x2, 0x0, 0x0, 0x0,
    0xaf, 0x30, 0x0, 0x0, 0x1, 0xff, 0x10, 0x0,
    0x0, 0x0, 0x0, 0xaf, 0x30, 0x0, 0x4, 0xff,
    0xff, 0x0, 0x0, 0x0, 0x0, 0x0, 0xaf, 0x30,
    0x0, 0x0, 0xdd, 0xb4, 0x0, 0x0, 0x0,

    /* U+7A0D "稍" */
    0x0, 0x0, 0x0, 0x0, 0x0, 0x0, 0x0, 0x45,
    0x0, 0x0, 0x0, 0x0, 0x3, 0x9e, 0x80, 0x6,
    0x20, 0xe, 0xf0, 0x0, 0x92, 0x7, 0xcf, 0xff,
    0xfb, 0x6, 0xfa, 0x0, 0xef, 0x0, 0x7f, 0xa0,
    0x9f, 0xdf, 0xf1, 0x0, 0xd, 0xf3, 0xe, 0xf0,
    0xe, 0xf2, 0x0, 0x0, 0xef, 0x0, 0x0, 0x4f,
    0xa0, 0xef, 0x7, 0xf9, 0x0, 0x0, 0xe, 0xf0,
    0x0, 0x0, 0xd9, 0xe, 0xf0, 0x8e, 0x10, 0x1,
    0x11, 0xef, 0x11, 0x0, 0x12, 0x11, 0xef, 0x21,
    0x22, 0x1, 0xff, 0xff, 0xff, 0xf7, 0x1f, 0xff,
    0xff, 0xff, 0xff, 0xf2, 0x1d, 0xde, 0xff, 0xdd,
    0x61, 0xff, 0xcc, 0xcc, 0xcc, 0xff, 0x20, 0x0,
    0xaf, 0xf1, 0x0, 0x1f, 0xc0, 0x0, 0x0, 0xc,
    0xf2, 0x0, 0x1f, 0xff, 0xd1, 0x1, 0xfd, 0x22,
    0x22, 0x22, 0xcf, 0x20, 0x7, 0xff, 0xfe, 0xb0,
    0x1f, 0xff, 0xff, 0xff, 0xff, 0xf2, 0x0, 0xee,
    0xef, 0x5f, 0x41, 0xfe, 0x99, 0x99, 0x99, 0xef,
    0x20, 0x8f, 0x8e, 0xf0, 0x50, 0x1f, 0xc0, 0x0,
    0x0, 0xc, 0xf2, 0x2f, 0xf1, 0xef, 0x0, 0x1,
    0xff, 0xbb, 0xbb, 0xbb, 0xff, 0x20, 0xd8, 0xe,
    0xf0, 0x0, 0x1f, 0xff, 0xff, 0xff, 0xff, 0xf2,
    0x5, 0x0, 0xef, 0x0, 0x1, 0xfc, 0x0, 0x0,
    0x0, 0xcf, 0x20, 0x0, 0xe, 0xf0, 0x0, 0x1f,
    0xc0, 0x0, 0x0, 0xc, 0xf2, 0x0, 0x0, 0xef,
    0x0, 0x1, 0xfc, 0x0, 0x0, 0x0, 0xcf, 0x20,
    0x0, 0xe, 0xf0, 0x0, 0x1f, 0xc0, 0x0, 0x5f,
    0xff, 0xf0, 0x0, 0x0, 0xef, 0x0, 0x1, 0xfc,
    0x0, 0x0, 0xdd, 0xb5, 0x0,

    /* U+7A7A "空" */
    0x0, 0x0, 0x0, 0x0, 0x27, 0x70, 0x0, 0x0,
    0x0, 0x0, 0x0, 0x0, 0x0, 0x0, 0x6f, 0xf2,
    0x0, 0x0, 0x0, 0x0, 0x0, 0x0, 0x0, 0x0,
    0xe, 0xf9, 0x0, 0x0, 0x0, 0x0, 0x3f, 0xff,
    0xff, 0xff, 0xff, 0xff, 0xff, 0xff, 0xff, 0xfe,
    0x3f, 0xfe, 0xee, 0xee, 0xee, 0xee, 0xee, 0xee,
    0xef, 0xfe, 0x3f, 0xc0, 0x0, 0x0, 0x0, 0x0,
    0x0, 0x0, 0x3, 0xfe, 0x3f, 0xc0, 0x0, 0x3c,
    0x30, 0x0, 0x99, 0x10, 0x3, 0xfe, 0x3f, 0xc0,
    0x8, 0xff, 0xa0, 0x3, 0xef, 0xf9, 0x22, 0xaa,
    0x2, 0x37, 0xef, 0xf6, 0x0, 0x0, 0x7, 0xef,
    0xfa, 0x20, 0x9, 0xff, 0xfb, 0x20, 0x0, 0x0,
    0x0, 0x18, 0xff, 0xf6, 0x7, 0xfb, 0x30, 0x0,
    0x0, 0x0, 0x0, 0x0, 0x1a, 0xe1, 0x0, 0x38,
    0xcc, 0xcc, 0xcc, 0xcc, 0xcc, 0xcc, 0xc6, 0x0,
    0x0, 0xa, 0xff, 0xff, 0xff, 0xff, 0xff, 0xff,
    0xf7, 0x0, 0x0, 0x0, 0x0, 0x0, 0xf, 0xf5,
    0x0, 0x0, 0x0, 0x0, 0x0, 0x0, 0x0, 0x0,
    0xf, 0xf4, 0x0, 0x0, 0x0, 0x0, 0x0, 0x0,
    0x0, 0x0, 0xf, 0xf4, 0x0, 0x0, 0x0, 0x0,
    0x0, 0x0, 0x0, 0x0, 0xf, 0xf4, 0x0, 0x0,
    0x0, 0x0, 0x0, 0x0, 0x0, 0x0, 0xf, 0xf4,
    0x0, 0x0, 0x0, 0x0, 0x1d, 0xdd, 0xdd, 0xdd,
    0xdf, 0xfe, 0xdd, 0xdd, 0xdd, 0xdb, 0x2f, 0xff,
    0xff, 0xff, 0xff, 0xff, 0xff, 0xff, 0xff, 0xfd,
    0x0, 0x0, 0x0, 0x0, 0x0, 0x0, 0x0, 0x0,
    0x0, 0x0,

    /* U+7AEF "端" */
    0x0, 0x0, 0x30, 0x0, 0x0, 0x0, 0x2, 0x73,
    0x0, 0x0, 0x0, 0x0, 0xaf, 0x40, 0x0, 0x67,
    0x0, 0x5f, 0x70, 0x6, 0x71, 0x0, 0x4, 0xfc,
    0x0, 0xe, 0xf0, 0x5, 0xf7, 0x0, 0xdf, 0x20,
    0x0, 0xd, 0xf2, 0x0, 0xef, 0x0, 0x5f, 0x70,
    0xd, 0xf2, 0x7, 0x77, 0xba, 0x77, 0x3e, 0xf0,
    0x5, 0xf7, 0x0, 0xdf, 0x20, 0xff, 0xff, 0xff,
    0xf6, 0xef, 0xdd, 0xef, 0xed, 0xdf, 0xf2, 0x6,
    0x66, 0x66, 0x66, 0x2d, 0xff, 0xff, 0xff, 0xff,
    0xff, 0x20, 0x28, 0x20, 0xc, 0x80, 0x0, 0x0,
    0x0, 0x0, 0x0, 0x0, 0x3, 0xf6, 0x0, 0xfb,
    0xac, 0xcc, 0xcc, 0xcc, 0xcc, 0xcc, 0xb0, 0x1f,
    0x80, 0x2f, 0x8c, 0xff, 0xff, 0xff, 0xff, 0xff,
    0xfd, 0x0, 0xfb, 0x4, 0xf6, 0x0, 0x0, 0xb,
    0xf7, 0x0, 0x0, 0x0, 0xd, 0xd0, 0x6f, 0x30,
    0x0, 0x0, 0xdf, 0x30, 0x0, 0x0, 0x0, 0xbe,
    0x8, 0xf0, 0x3f, 0xff, 0xff, 0xff, 0xff, 0xff,
    0x60, 0xa, 0xf0, 0xad, 0x3, 0xfe, 0xbe, 0xfb,
    0xdf, 0xbd, 0xf6, 0x0, 0x9f, 0x1d, 0xa0, 0x3f,
    0xb0, 0xae, 0x8, 0xf1, 0x6f, 0x60, 0x2, 0x20,
    0xfc, 0xb8, 0xfb, 0xa, 0xe0, 0x8f, 0x16, 0xf6,
    0x5, 0x8c, 0xff, 0xff, 0xaf, 0xb0, 0xae, 0x8,
    0xf1, 0x6f, 0x60, 0xff, 0xff, 0xd9, 0x54, 0xfb,
    0xa, 0xe0, 0x8f, 0x16, 0xf6, 0xa, 0x95, 0x10,
    0x0, 0x3f, 0xb0, 0xae, 0x8, 0xf1, 0x6f, 0x60,
    0x0, 0x0, 0x0, 0x3, 0xfb, 0xa, 0xe0, 0x8f,
    0x7c, 0xf6, 0x0, 0x0, 0x0, 0x0, 0x3f, 0xb0,
    0x9c, 0x6, 0xc8, 0xfd, 0x10, 0x0, 0x0, 0x0,
    0x0, 0x0, 0x0, 0x0, 0x0, 0x0, 0x0,

    /* U+7B26 "符" */
    0x0, 0x3, 0xa5, 0x0, 0x0, 0x0, 0x4a, 0x50,
    0x0, 0x0, 0x0, 0x0, 0xaf, 0x90, 0x0, 0x0,
    0xb, 0xf8, 0x0, 0x0, 0x0, 0x0, 0x1f, 0xfc,
    0xbb, 0xbb, 0x72, 0xff, 0xcb, 0xbb, 0xbb, 0x90,
    0x8, 0xff, 0xff, 0xff, 0xfa, 0x9f, 0xff, 0xff,
    0xff, 0xfd, 0x3, 0xff, 0x39, 0xfa, 0x0, 0x4f,
    0xf2, 0x2f, 0xf3, 0x0, 0x0, 0xdf, 0x90, 0x2f,
    0xf2, 0x2e, 0xf8, 0x0, 0x8f, 0xb0, 0x0, 0x1b,
    0xe1, 0x0, 0xbf, 0x51, 0xac, 0x0, 0x1, 0xb5,
    0x0, 0x0, 0x2, 0x0, 0xae, 0x50, 0x0, 0x10,
    0x0, 0xa, 0xc1, 0x0, 0x0, 0x0, 0x5f, 0xf2,
    0x0, 0x0, 0x0, 0x0, 0xef, 0x20, 0x0, 0x0,
    0x1e, 0xf5, 0x3d, 0xdd, 0xdd, 0xdd, 0xdf, 0xfe,
    0xdc, 0x0, 0xb, 0xff, 0x13, 0xff, 0xff, 0xff,
    0xff, 0xff, 0xff, 0xe0, 0x9, 0xff, 0xf1, 0x0,
    0x0, 0x0, 0x0, 0xe, 0xf3, 0x0, 0xa, 0xff,
    0xff, 0x10, 0x5, 0x90, 0x0, 0x0, 0xef, 0x20,
    0x0, 0xdf, 0x5e, 0xf1, 0x0, 0xef, 0x50, 0x0,
    0xe, 0xf2, 0x0, 0x2, 0x60, 0xef, 0x10, 0x5,
    0xfe, 0x10, 0x0, 0xef, 0x20, 0x0, 0x0, 0xe,
    0xf1, 0x0, 0xb, 0xfa, 0x0, 0xe, 0xf2, 0x0,
    0x0, 0x0, 0xef, 0x10, 0x0, 0x2f, 0xe1, 0x0,
    0xef, 0x20, 0x0, 0x0, 0xe, 0xf1, 0x0, 0x0,
    0x40, 0x0, 0xe, 0xf2, 0x0, 0x0, 0x0, 0xef,
    0x10, 0x0, 0x0, 0x0, 0x0, 0xef, 0x20, 0x0,
    0x0, 0xe, 0xf1, 0x0, 0x0, 0x9, 0xff, 0xff,
    0xf0, 0x0, 0x0, 0x0, 0xef, 0x10, 0x0, 0x0,
    0x4f, 0xff, 0xc4, 0x0, 0x0, 0x0, 0x0, 0x0,
    0x0, 0x0, 0x0, 0x0, 0x0, 0x0, 0x0,

    /* U+7B49 "等" */
    0x0, 0x1, 0x83, 0x0, 0x0, 0x0, 0x37, 0x20,
    0x0, 0x0, 0x0, 0x0, 0x9, 0xfb, 0x0, 0x0,
    0x0, 0xcf, 0x70, 0x0, 0x0, 0x0, 0x0, 0x2f,
    0xfd, 0xcc, 0xcc, 0x94, 0xff, 0xdc, 0xcc, 0xcc,
    0xa0, 0x0, 0xcf, 0xff, 0xff, 0xff, 0xce, 0xff,
    0xff, 0xff, 0xff, 0xd0, 0xa, 0xfe, 0x1c, 0xf4,
    0x1, 0xcf, 0xb0, 0x4f, 0xe0, 0x0, 0x0, 0x2e,
    0xf4, 0x5, 0xf8, 0x1, 0xff, 0x10, 0x9, 0xf6,
    0x0, 0x0, 0x1, 0x40, 0x1, 0x30, 0x2, 0xff,
    0x10, 0x2, 0x30, 0x0, 0x0, 0x0, 0xc, 0xff,
    0xff, 0xff, 0xff, 0xff, 0xff, 0xff, 0xf0, 0x0,
    0x0, 0x8, 0xaa, 0xaa, 0xab, 0xff, 0xba, 0xaa,
    0xaa, 0xa0, 0x0, 0x0, 0x0, 0x0, 0x0, 0x1,
    0xff, 0x0, 0x0, 0x0, 0x0, 0x0, 0xb, 0xbb,
    0xbb, 0xbb, 0xbc, 0xff, 0xcb, 0xbb, 0xbb, 0xbb,
    0xb0, 0xf, 0xff, 0xff, 0xff, 0xff, 0xff, 0xff,
    0xff, 0xff, 0xff, 0xf0, 0x0, 0x0, 0x0, 0x0,
    0x0, 0x0, 0x0, 0xbf, 0x70, 0x0, 0x0, 0x0,
    0x0, 0x0, 0x0, 0x0, 0x0, 0x0, 0xbf, 0x80,
    0x0, 0x0, 0x3, 0xff, 0xff, 0xff, 0xff, 0xff,
    0xff, 0xff, 0xff, 0xff, 0x60, 0x2, 0xbb, 0xbc,
    0xfc, 0xbb, 0xbb, 0xbb, 0xef, 0xdb, 0xbb, 0x50,
    0x0, 0x0, 0xc, 0xfa, 0x0, 0x0, 0x0, 0xaf,
    0x70, 0x0, 0x0, 0x0, 0x0, 0x3, 0xef, 0xc1,
    0x0, 0x0, 0xaf, 0x70, 0x0, 0x0, 0x0, 0x0,
    0x0, 0x1d, 0xfb, 0x0, 0x0, 0xbf, 0x70, 0x0,
    0x0, 0x0, 0x0, 0x0, 0x1, 0xb2, 0xe, 0xee,
    0xff, 0x50, 0x0, 0x0, 0x0, 0x0, 0x0, 0x0,
    0x0, 0x9, 0xff, 0xd8, 0x0, 0x0, 0x0, 0x0,
    0x0, 0x0, 0x0, 0x0, 0x0, 0x0, 0x0, 0x0,
    0x0, 0x0,

    /* U+7ED3 "结" */
    0x0, 0x0, 0x45, 0x0, 0x0, 0x0, 0x1, 0xcc,
    0x0, 0x0, 0x0, 0x0, 0xd, 0xfa, 0x0, 0x0,
    0x0, 0x1f, 0xf0, 0x0, 0x0, 0x0, 0x4, 0xff,
    0x20, 0x0, 0x0, 0x1, 0xff, 0x0, 0x0, 0x0,
    0x0, 0xbf, 0xa0, 0x0, 0xff, 0xff, 0xff, 0xff,
    0xff, 0xfd, 0x0, 0x3f, 0xf2, 0x1, 0xf, 0xff,
    0xff, 0xff, 0xff, 0xff, 0xd0, 0xc, 0xf8, 0x3,
    0xf8, 0x0, 0x0, 0x2f, 0xf1, 0x0, 0x0, 0x7,
    0xfd, 0x0, 0xcf, 0xb0, 0x0, 0x1, 0xff, 0x0,
    0x0, 0x4, 0xff, 0xed, 0xff, 0xe1, 0x0, 0x0,
    0x1f, 0xf0, 0x0, 0x0, 0x1f, 0xff, 0xff, 0xf5,
    0x6, 0xff, 0xff, 0xff, 0xff, 0xff, 0x60, 0x53,
    0x1c, 0xfa, 0x0, 0x6f, 0xff, 0xff, 0xff, 0xff,
    0xf6, 0x0, 0x9, 0xfd, 0x0, 0x0, 0x0, 0x0,
    0x0, 0x0, 0x0, 0x0, 0x7, 0xfe, 0x20, 0x34,
    0x0, 0x0, 0x0, 0x0, 0x0, 0x0, 0x7, 0xff,
    0xed, 0xff, 0xe0, 0xbd, 0xdd, 0xdd, 0xdd, 0xdc,
    0x1, 0xff, 0xff, 0xfd, 0xb7, 0xd, 0xff, 0xff,
    0xff, 0xff, 0xf0, 0xb, 0xb7, 0x30, 0x0, 0x0,
    0xdf, 0x30, 0x0, 0x3, 0xff, 0x0, 0x0, 0x0,
    0x0, 0x0, 0xd, 0xf2, 0x0, 0x0, 0x2f, 0xf0,
    0x0, 0x0, 0x3, 0x7a, 0xc0, 0xdf, 0x20, 0x0,
    0x2, 0xff, 0x1, 0x8a, 0xdf, 0xff, 0xff, 0xd,
    0xf2, 0x0, 0x0, 0x2f, 0xf0, 0x2f, 0xff, 0xfd,
    0x96, 0x20, 0xdf, 0xff, 0xff, 0xff, 0xff, 0x0,
    0xa7, 0x30, 0x0, 0x0, 0xd, 0xfe, 0xdd, 0xdd,
    0xef, 0xf0, 0x0, 0x0, 0x0, 0x0, 0x0, 0xdf,
    0x20, 0x0, 0x2, 0xed, 0x0,

    /* U+7EDC "络" */
    0x0, 0x0, 0x0, 0x0, 0x0, 0x0, 0x0, 0x0,
    0x0, 0x0, 0x0, 0x0, 0x0, 0x37, 0x0, 0x0,
    0x0, 0xdc, 0x20, 0x0, 0x0, 0x0, 0x0, 0x0,
    0xbf, 0xa0, 0x0, 0x6, 0xfd, 0x0, 0x0, 0x0,
    0x0, 0x0, 0x2, 0xff, 0x30, 0x0, 0xe, 0xfe,
    0xbb, 0xbb, 0xba, 0x20, 0x0, 0x8, 0xfa, 0x0,
    0x0, 0x8f, 0xff, 0xff, 0xff, 0xff, 0x50, 0x0,
    0x1f, 0xf2, 0x0, 0x6, 0xff, 0x92, 0x22, 0x28,
    0xfb, 0x0, 0x0, 0x9f, 0x80, 0x5c, 0x6f, 0xff,
    0xf2, 0x0, 0x3f, 0xf2, 0x0, 0x4, 0xfd, 0x0,
    0xef, 0xef, 0x95, 0xfe, 0x23, 0xef, 0x60, 0x0,
    0x3e, 0xfd, 0xce, 0xfc, 0x18, 0x0, 0x7f, 0xef,
    0xf7, 0x0, 0x0, 0x1f, 0xff, 0xff, 0xf2, 0x0,
    0x0, 0x2e, 0xff, 0xd0, 0x0, 0x0, 0x5, 0x42,
    0xdf, 0x50, 0x0, 0x29, 0xff, 0xef, 0xfe, 0x71,
    0x0, 0x0, 0xa, 0xf9, 0x0, 0x6c, 0xff, 0xf9,
    0x11, 0xaf, 0xff, 0xb3, 0x0, 0x7f, 0xd4, 0x6a,
    0xaf, 0xfa, 0x20, 0x0, 0x3, 0xaf, 0xf2, 0x8,
    0xff, 0xff, 0xff, 0x46, 0xcb, 0xbb, 0xbb, 0xbb,
    0xbb, 0x50, 0x1f, 0xff, 0xfb, 0x73, 0x0, 0xff,
    0xff, 0xff, 0xff, 0xfd, 0x0, 0x9, 0x94, 0x0,
    0x0, 0x0, 0xff, 0x11, 0x11, 0x13, 0xfd, 0x0,
    0x0, 0x0, 0x0, 0x4, 0x20, 0xff, 0x0, 0x0,
    0x2, 0xfd, 0x0, 0x0, 0x0, 0x5a, 0xff, 0x70,
    0xff, 0x0, 0x0, 0x2, 0xfd, 0x0, 0x6, 0xaf,
    0xff, 0xfd, 0x50, 0xff, 0x11, 0x11, 0x13, 0xfd,
    0x0, 0xf, 0xff, 0xe9, 0x30, 0x0, 0xff, 0xff,
    0xff, 0xff, 0xfd, 0x0, 0xc, 0xa4, 0x0, 0x0,
    0x0, 0xff, 0xcc, 0xcc, 0xcc, 0xfd, 0x0, 0x0,
    0x0, 0x0, 0x0, 0x0, 0xff, 0x0, 0x0, 0x2,
    0xfd, 0x0,

    /* U+7EDD "绝" */
    0x0, 0x0, 0xb, 0x50, 0x0, 0x0, 0xbb, 0x20,
    0x0, 0x0, 0x0, 0x0, 0x0, 0x6f, 0xe0, 0x0,
    0x3, 0xfe, 0x0, 0x0, 0x0, 0x0, 0x0, 0x0,
    0xcf, 0x60, 0x0, 0xa, 0xfe, 0xaa, 0xaa, 0x30,
    0x0, 0x0, 0x3, 0xfe, 0x0, 0x0, 0x3f, 0xff,
    0xff, 0xff, 0xa0, 0x0, 0x0, 0xa, 0xf7, 0x0,
    0x0, 0xdf, 0x71, 0x12, 0xef, 0x20, 0x0, 0x0,
    0x3f, 0xd0, 0xc, 0x38, 0xfd, 0x0, 0x6, 0xfa,
    0x0, 0x0, 0x0, 0xcf, 0x50, 0x6f, 0xff, 0xf6,
    0x11, 0x1e, 0xf3, 0x11, 0x0, 0x9, 0xfd, 0x56,
    0xef, 0x9f, 0xff, 0xff, 0xff, 0xff, 0xff, 0x10,
    0xe, 0xff, 0xff, 0xf8, 0x4, 0xfe, 0xbb, 0xff,
    0xbb, 0xff, 0x10, 0x8, 0xb8, 0xaf, 0xd0, 0x2,
    0xfc, 0x0, 0xde, 0x0, 0xdf, 0x10, 0x0, 0x1,
    0xef, 0x20, 0x2, 0xfc, 0x0, 0xde, 0x0, 0xdf,
    0x10, 0x0, 0xc, 0xf4, 0x0, 0x22, 0xfc, 0x0,
    0xde, 0x0, 0xdf, 0x10, 0x0, 0xcf, 0xda, 0xcf,
    0xe2, 0xff, 0xdd, 0xff, 0xdd, 0xff, 0x10, 0xd,
    0xff, 0xff, 0xfc, 0x72, 0xff, 0xff, 0xff, 0xff,
    0xff, 0x10, 0xa, 0xea, 0x63, 0x0, 0x2, 0xfc,
    0x0, 0x0, 0x0, 0x0, 0x0, 0x1, 0x0, 0x0,
    0x0, 0x2, 0xfc, 0x0, 0x0, 0x0, 0x0, 0x0,
    0x0, 0x0, 0x0, 0x37, 0xa2, 0xfc, 0x0, 0x0,
    0x0, 0x7, 0x70, 0x0, 0x47, 0xbf, 0xff, 0xf4,
    0xfc, 0x0, 0x0, 0x0, 0xb, 0xf2, 0xe, 0xff,
    0xff, 0xc8, 0x41, 0xfd, 0x0, 0x0, 0x0, 0xe,
    0xf0, 0xc, 0xd9, 0x51, 0x0, 0x0, 0xef, 0xed,
    0xdd, 0xdd, 0xef, 0xa0, 0x0, 0x0, 0x0, 0x0,
    0x0, 0x3c, 0xff, 0xff, 0xff, 0xfb, 0x10,

    /* U+7F13 "缓" */
    0x0, 0x0, 0x44, 0x0, 0x0, 0x0, 0x0, 0x0,
    0x1, 0x43, 0x0, 0x0, 0x0, 0xdf, 0x70, 0x47,
    0x89, 0xab, 0xce, 0xff, 0xfe, 0x20, 0x0, 0x3,
    0xff, 0x10, 0x7f, 0xff, 0xff, 0xec, 0xb9, 0x84,
    0x10, 0x0, 0xa, 0xf9, 0x0, 0x6, 0xa1, 0x9,
    0xc0, 0x1, 0xfd, 0x0, 0x0, 0x2f, 0xf2, 0x0,
    0x8, 0xf5, 0x9, 0xf2, 0x8, 0xf8, 0x0, 0x0,
    0xaf, 0x80, 0x59, 0x12, 0xfb, 0x7, 0xf4, 0x1f,
    0xd0, 0x0, 0x4, 0xfe, 0x0, 0xdf, 0x99, 0xfb,
    0x9b, 0xb9, 0xcf, 0xc9, 0x70, 0x2e, 0xfb, 0x8b,
    0xfb, 0x6f, 0xff, 0xff, 0xff, 0xff, 0xff, 0xb0,
    0x1f, 0xff, 0xff, 0xf1, 0x0, 0xe, 0xf2, 0x0,
    0x0, 0x0, 0x0, 0x7, 0x53, 0xdf, 0x62, 0xaa,
    0xaf, 0xfb, 0xaa, 0xaa, 0xaa, 0xa0, 0x0, 0x8,
    0xfa, 0x3, 0xff, 0xff, 0xff, 0xff, 0xff, 0xff,
    0xf0, 0x0, 0x5f, 0xd0, 0x14, 0x10, 0x5f, 0xb0,
    0x0, 0x0, 0x0, 0x0, 0x4, 0xff, 0xdd, 0xff,
    0x10, 0x8f, 0xd8, 0x88, 0x88, 0x83, 0x0, 0x1f,
    0xff, 0xff, 0xc8, 0x0, 0xcf, 0xff, 0xff, 0xff,
    0xf7, 0x0, 0xb, 0xb6, 0x30, 0x0, 0x2, 0xff,
    0xf2, 0x0, 0xd, 0xf1, 0x0, 0x0, 0x0, 0x0,
    0x26, 0x8, 0xfd, 0xfd, 0x10, 0x8f, 0x90, 0x0,
    0x0, 0x2, 0x7c, 0xff, 0x4f, 0xf2, 0x7f, 0xe8,
    0xfd, 0x0, 0x0, 0x18, 0xdf, 0xff, 0xb5, 0xcf,
    0x90, 0x9, 0xff, 0xf3, 0x0, 0x0, 0x2f, 0xfd,
    0x71, 0xb, 0xfe, 0x12, 0x8f, 0xff, 0xff, 0xa5,
    0x10, 0x9, 0x30, 0x0, 0x6f, 0xe4, 0xdf, 0xfe,
    0x71, 0x8f, 0xff, 0xf4, 0x0, 0x0, 0x0, 0x7,
    0x20, 0x6a, 0x50, 0x0, 0x1, 0x5a, 0x80,

    /* U+7F3A "缺" */
    0x0, 0x27, 0x20, 0x0, 0x0, 0x0, 0x0, 0x88,
    0x0, 0x0, 0x0, 0x0, 0x8f, 0x50, 0x0, 0x0,
    0x0, 0x1, 0xfe, 0x0, 0x0, 0x0, 0x0, 0xcf,
    0x31, 0x11, 0x10, 0x0, 0x1, 0xfe, 0x0, 0x0,
    0x0, 0x0, 0xff, 0xff, 0xff, 0xf8, 0x0, 0x1,
    0xfe, 0x0, 0x0, 0x0, 0x6, 0xfd, 0xdf, 0xdb,
    0xb6, 0xe, 0xee, 0xff, 0xee, 0xec, 0x0, 0xd,
    0xf1, 0x6f, 0x70, 0x0, 0xf, 0xff, 0xff, 0xff,
    0xfd, 0x0, 0x3f, 0xa0, 0x6f, 0x70, 0x0, 0x0,
    0x1, 0xfe, 0x1, 0xfd, 0x0, 0x2, 0x10, 0x6f,
    0x70, 0x0, 0x0, 0x1, 0xfe, 0x1, 0xfd, 0x0,
    0x1c, 0xcc, 0xdf, 0xec, 0xcb, 0x0, 0x1, 0xfe,
    0x1, 0xfd, 0x0, 0x1f, 0xff, 0xff, 0xff, 0xfe,
    0x0, 0x1, 0xfe, 0x1, 0xfd, 0x0, 0x0, 0x0,
    0x6f, 0x70, 0x0, 0x6b, 0xbc, 0xff, 0xbb, 0xff,
    0xb0, 0x4, 0x91, 0x6f, 0x70, 0x95, 0x8f, 0xff,
    0xff, 0xff, 0xff, 0xf0, 0x7, 0xf2, 0x6f, 0x70,
    0xf9, 0x12, 0x28, 0xff, 0xf4, 0x22, 0x20, 0x7,
    0xf2, 0x6f, 0x70, 0xf9, 0x0, 0xa, 0xff, 0xf8,
    0x0, 0x0, 0x7, 0xf2, 0x6f, 0x70, 0xf9, 0x0,
    0xe, 0xf8, 0xfe, 0x0, 0x0, 0x7, 0xf2, 0x6f,
    0x70, 0xf9, 0x0, 0x5f, 0xe0, 0xcf, 0x70, 0x0,
    0x7, 0xf3, 0x8f, 0xb8, 0xf9, 0x0, 0xef, 0x80,
    0x4f, 0xe2, 0x0, 0x7, 0xff, 0xff, 0xff, 0xf9,
    0xa, 0xff, 0x10, 0xc, 0xfd, 0x10, 0x6, 0xb9,
    0x75, 0x21, 0xf9, 0x9f, 0xf6, 0x0, 0x2, 0xef,
    0xe3, 0x0, 0x0, 0x0, 0x0, 0x12, 0xcf, 0x90,
    0x0, 0x0, 0x3e, 0xe2, 0x0, 0x0, 0x0, 0x0,
    0x0, 0x6, 0x0, 0x0, 0x0, 0x2, 0x30,

    /* U+7F51 "网" */
    0x1, 0x11, 0x11, 0x11, 0x11, 0x11, 0x11, 0x11,
    0x11, 0x10, 0x2f, 0xff, 0xff, 0xff, 0xff, 0xff,
    0xff, 0xff, 0xff, 0xf2, 0x2f, 0xfe, 0xee, 0xee,
    0xee, 0xee, 0xee, 0xee, 0xef, 0xf2, 0x2f, 0xe0,
    0x0, 0x0, 0x0, 0x0, 0x0, 0x0, 0xe, 0xf2,
    0x2f, 0xe0, 0x0, 0x6, 0xb4, 0x0, 0x4, 0xb5,
    0xe, 0xf2, 0x2f, 0xe0, 0x20, 0xa, 0xf4, 0x10,
    0x8, 0xf6, 0xe, 0xf2, 0x2f, 0xe6, 0xf3, 0xd,
    0xf4, 0xf6, 0xb, 0xf3, 0xe, 0xf2, 0x2f, 0xe3,
    0xfe, 0x2f, 0xe1, 0xef, 0x4d, 0xf0, 0xe, 0xf2,
    0x2f, 0xe0, 0x6f, 0xef, 0xa0, 0x3f, 0xef, 0xc0,
    0xe, 0xf2, 0x2f, 0xe0, 0xa, 0xff, 0x60, 0x7,
    0xff, 0x80, 0xe, 0xf2, 0x2f, 0xe0, 0x0, 0xff,
    0x60, 0x0, 0xcf, 0x80, 0xe, 0xf2, 0x2f, 0xe0,
    0x3, 0xff, 0xf1, 0x1, 0xff, 0xf2, 0xe, 0xf2,
    0x2f, 0xe0, 0xa, 0xfc, 0xfb, 0x8, 0xfd, 0xfb,
    0xe, 0xf2, 0x2f, 0xe0, 0x2f, 0xe0, 0xcf, 0x2e,
    0xf1, 0xdf, 0x3e, 0xf2, 0x2f, 0xe0, 0xcf, 0x60,
    0x23, 0xaf, 0x90, 0x4e, 0x2e, 0xf2, 0x2f, 0xe9,
    0xfc, 0x0, 0x7, 0xfe, 0x10, 0x1, 0xe, 0xf2,
    0x2f, 0xfb, 0xe2, 0x0, 0xd, 0xf3, 0x0, 0x0,
    0xe, 0xf2, 0x2f, 0xe0, 0x20, 0x0, 0x0, 0x40,
    0x0, 0x0, 0x1f, 0xf2, 0x2f, 0xe0, 0x0, 0x0,
    0x0, 0x0, 0xa, 0xff, 0xff, 0xf0, 0x2f, 0xe0,
    0x0, 0x0, 0x0, 0x0, 0x4, 0xff, 0xeb, 0x30,

    /* U+7F6E "置" */
    0x7, 0xff, 0xff, 0xff, 0xff, 0xff, 0xff, 0xff,
    0xff, 0xc0, 0x7, 0xfb, 0x77, 0xbf, 0xb7, 0x7b,
    0xfb, 0x77, 0xaf, 0xc0, 0x7, 0xf7, 0x0, 0x7f,
    0x70, 0x6, 0xf7, 0x0, 0x4f, 0xc0, 0x7, 0xfb,
    0x77, 0xbf, 0xb7, 0x7b, 0xfb, 0x77, 0xaf, 0xc0,
    0x7, 0xff, 0xff, 0xff, 0xff, 0xff, 0xff, 0xff,
    0xff, 0xc0, 0x0, 0x0, 0x0, 0x0, 0x4f, 0xe0,
    0x0, 0x0, 0x0, 0x0, 0x7f, 0xff, 0xff, 0xff,
    0xff, 0xff, 0xff, 0xff, 0xff, 0xf5, 0x38, 0x88,
    0x88, 0x88, 0xcf, 0xb8, 0x88, 0x88, 0x88, 0x82,
    0x0, 0x5, 0x55, 0x55, 0xcf, 0x85, 0x55, 0x55,
    0x50, 0x0, 0x0, 0xf, 0xff, 0xff, 0xff, 0xff,
    0xff, 0xff, 0xf0, 0x0, 0x0, 0xf, 0xf0, 0x0,
    0x0, 0x0, 0x0, 0x1f, 0xf0, 0x0, 0x0, 0xf,
    0xff, 0xff, 0xff, 0xff, 0xff, 0xff, 0xf0, 0x0,
    0x0, 0xf, 0xf0, 0x0, 0x0, 0x0, 0x0, 0xf,
    0xf0, 0x0, 0x0, 0xf, 0xff, 0xff, 0xff, 0xff,
    0xff, 0xff, 0xf0, 0x0, 0x0, 0xf, 0xf2, 0x22,
    0x22, 0x22, 0x22, 0x3f, 0xf0, 0x0, 0x0, 0xf,
    0xfb, 0xbb, 0xbb, 0xbb, 0xbb, 0xbf, 0xf0, 0x0,
    0x0, 0xf, 0xf6, 0x66, 0x66, 0x66, 0x66, 0x7f,
    0xf0, 0x0, 0x57, 0x7f, 0xf7, 0x77, 0x77, 0x77,
    0x77, 0x7f, 0xf7, 0x76, 0xcf, 0xff, 0xff, 0xff,
    0xff, 0xff, 0xff, 0xff, 0xff, 0xfe, 0x0, 0x0,
    0x0, 0x0, 0x0, 0x0, 0x0, 0x0, 0x0, 0x0,

    /* U+80FD "能" */
    0x0, 0x7, 0x50, 0x0, 0x0, 0x7, 0x81, 0x0,
    0x0, 0x0, 0x0, 0x3, 0xff, 0x30, 0x10, 0x0,
    0xef, 0x10, 0x0, 0x0, 0x0, 0x0, 0xbf, 0xa1,
    0xde, 0x10, 0xe, 0xf1, 0x0, 0x6d, 0x40, 0x0,
    0x5f, 0xe1, 0x9, 0xf9, 0x0, 0xef, 0x49, 0xef,
    0xfa, 0x0, 0x3e, 0xf6, 0x23, 0x6f, 0xf3, 0xe,
    0xff, 0xfe, 0x82, 0x0, 0xa, 0xff, 0xff, 0xff,
    0xff, 0xb0, 0xef, 0x93, 0x0, 0x0, 0x0, 0x4d,
    0xb9, 0x76, 0x54, 0xfd, 0xe, 0xf1, 0x0, 0x0,
    0xa8, 0x0, 0x0, 0x0, 0x0, 0x2, 0x0, 0xef,
    0x20, 0x0, 0xe, 0xf0, 0x9, 0xaa, 0xaa, 0xaa,
    0xa1, 0xd, 0xfc, 0xaa, 0xac, 0xfc, 0x0, 0xef,
    0xff, 0xff, 0xff, 0x10, 0x5f, 0xff, 0xff, 0xff,
    0x40, 0xe, 0xf1, 0x0, 0xe, 0xf1, 0x1, 0x12,
    0x22, 0x22, 0x0, 0x0, 0xef, 0x98, 0x88, 0xff,
    0x10, 0xef, 0x20, 0x0, 0x10, 0x0, 0xe, 0xff,
    0xff, 0xff, 0xf1, 0xe, 0xf2, 0x1, 0x8f, 0xb0,
    0x0, 0xef, 0x10, 0x0, 0xef, 0x10, 0xef, 0x49,
    0xff, 0xfa, 0x10, 0xe, 0xf1, 0x0, 0xe, 0xf1,
    0xe, 0xff, 0xff, 0x92, 0x0, 0x0, 0xef, 0xff,
    0xff, 0xff, 0x10, 0xef, 0xb5, 0x0, 0x0, 0x0,
    0xe, 0xf9, 0x88, 0x8f, 0xf1, 0xe, 0xf2, 0x0,
    0x0, 0x66, 0x0, 0xef, 0x0, 0x0, 0xef, 0x10,
    0xef, 0x20, 0x0, 0xa, 0xf3, 0xe, 0xf0, 0x0,
    0xf, 0xf1, 0xd, 0xf4, 0x0, 0x0, 0xdf, 0x10,
    0xef, 0x3, 0xee, 0xff, 0x0, 0xbf, 0xff, 0xff,
    0xff, 0xc0, 0xe, 0xf0, 0xd, 0xec, 0x50, 0x2,
    0xac, 0xdd, 0xdd, 0xb2, 0x0,

    /* U+81EA "自" */
    0x0, 0x0, 0x0, 0x6b, 0x90, 0x0, 0x0, 0x0,
    0x0, 0x0, 0x0, 0xbf, 0xb0, 0x0, 0x0, 0x0,
    0x0, 0x0, 0x0, 0xff, 0x40, 0x0, 0x0, 0x0,
    0xbd, 0xdd, 0xdd, 0xff, 0xdd, 0xdd, 0xdd, 0xdc,
    0xcf, 0xff, 0xff, 0xff, 0xff, 0xff, 0xff, 0xfe,
    0xcf, 0x62, 0x22, 0x22, 0x22, 0x22, 0x25, 0xfe,
    0xcf, 0x40, 0x0, 0x0, 0x0, 0x0, 0x4, 0xfe,
    0xcf, 0x40, 0x0, 0x0, 0x0, 0x0, 0x4, 0xfe,
    0xcf, 0xee, 0xee, 0xee, 0xee, 0xee, 0xee, 0xfe,
    0xcf, 0xff, 0xff, 0xff, 0xff, 0xff, 0xff, 0xfe,
    0xcf, 0x50, 0x0, 0x0, 0x0, 0x0, 0x4, 0xfe,
    0xcf, 0x40, 0x0, 0x0, 0x0, 0x0, 0x4, 0xfe,
    0xcf, 0x50, 0x0, 0x0, 0x0, 0x0, 0x4, 0xfe,
    0xcf, 0xff, 0xff, 0xff, 0xff, 0xff, 0xff, 0xfe,
    0xcf, 0xee, 0xee, 0xee, 0xee, 0xee, 0xee, 0xfe,
    0xcf, 0x40, 0x0, 0x0, 0x0, 0x0, 0x4, 0xfe,
    0xcf, 0x40, 0x0, 0x0, 0x0, 0x0, 0x4, 0xfe,
    0xcf, 0x50, 0x0, 0x0, 0x0, 0x0, 0x4, 0xfe,
    0xcf, 0xff, 0xff, 0xff, 0xff, 0xff, 0xff, 0xfe,
    0xcf, 0xee, 0xee, 0xee, 0xee, 0xee, 0xee, 0xfe,
    0xcf, 0x40, 0x0, 0x0, 0x0, 0x0, 0x3, 0xed,

    /* U+8282 "节" */
    0x0, 0x0, 0xa, 0xb3, 0x0, 0x0, 0x2b, 0xb0,
    0x0, 0x0, 0x0, 0x0, 0xd, 0xf4, 0x0, 0x0,
    0x3f, 0xf0, 0x0, 0x0, 0x56, 0x66, 0x6e, 0xf9,
    0x66, 0x66, 0x8f, 0xf6, 0x66, 0x65, 0xcf, 0xff,
    0xff, 0xff, 0xff, 0xff, 0xff, 0xff, 0xff, 0xfe,
    0x79, 0x99, 0x9e, 0xfb, 0x99, 0x99, 0xaf, 0xf9,
    0x99, 0x98, 0x0, 0x0, 0xd, 0xf4, 0x0, 0x0,
    0x3f, 0xf0, 0x0, 0x0, 0x0, 0x0, 0xc, 0xe3,
    0x0, 0x0, 0x3e, 0xe0, 0x0, 0x0, 0x0, 0x0,
    0x0, 0x0, 0x0, 0x0, 0x0, 0x0, 0x0, 0x0,
    0xd, 0xff, 0xff, 0xff, 0xff, 0xff, 0xff, 0xff,
    0xfe, 0x0, 0xd, 0xff, 0xff, 0xff, 0xff, 0xff,
    0xff, 0xff, 0xfe, 0x0, 0x0, 0x0, 0x0, 0x5f,
    0xe0, 0x0, 0x0, 0x4, 0xfe, 0x0, 0x0, 0x0,
    0x0, 0x5f, 0xd0, 0x0, 0x0, 0x3, 0xfe, 0x0,
    0x0, 0x0, 0x0, 0x5f, 0xd0, 0x0, 0x0, 0x3,
    0xfe, 0x0, 0x0, 0x0, 0x0, 0x5f, 0xd0, 0x0,
    0x0, 0x3, 0xfe, 0x0, 0x0, 0x0, 0x0, 0x5f,
    0xd0, 0x0, 0x0, 0x3, 0xfe, 0x0, 0x0, 0x0,
    0x0, 0x5f, 0xd0, 0x0, 0x32, 0x26, 0xfe, 0x0,
    0x0, 0x0, 0x0, 0x5f, 0xd0, 0x0, 0xff, 0xff,
    0xfb, 0x0, 0x0, 0x0, 0x0, 0x5f, 0xd0, 0x0,
    0xbf, 0xfd, 0xa1, 0x0, 0x0, 0x0, 0x0, 0x5f,
    0xd0, 0x0, 0x0, 0x0, 0x0, 0x0, 0x0, 0x0,
    0x0, 0x5f, 0xd0, 0x0, 0x0, 0x0, 0x0, 0x0,
    0x0, 0x0, 0x0, 0x5f, 0xd0, 0x0, 0x0, 0x0,
    0x0, 0x0,

    /* U+83B7 "获" */
    0x0, 0x0, 0x0, 0x25, 0x20, 0x0, 0x0, 0x55,
    0x0, 0x0, 0x0, 0x0, 0x0, 0x0, 0x8f, 0x80,
    0x0, 0x1, 0xff, 0x0, 0x0, 0x0, 0x6, 0xaa,
    0xaa, 0xdf, 0xda, 0xaa, 0xab, 0xff, 0xaa, 0xaa,
    0xa0, 0x8, 0xff, 0xff, 0xff, 0xff, 0xff, 0xff,
    0xff, 0xff, 0xff, 0xe0, 0x1, 0x22, 0x22, 0x9f,
    0x92, 0x22, 0x23, 0xff, 0x22, 0x22, 0x20, 0x0,
    0x0, 0x0, 0x7d, 0x70, 0x0, 0x1, 0xaa, 0x0,
    0x0, 0x0, 0x0, 0x7f, 0x50, 0x5a, 0x20, 0x0,
    0x8, 0xe5, 0x6b, 0x10, 0x0, 0x0, 0x4e, 0xfb,
    0xff, 0x50, 0x0, 0x9, 0xf6, 0xaf, 0xd1, 0x0,
    0x0, 0x3, 0xff, 0xf4, 0x0, 0x0, 0x9, 0xf5,
    0x8, 0xfc, 0x0, 0x0, 0x8f, 0xff, 0xf1, 0x1,
    0x11, 0x19, 0xf6, 0x11, 0xa4, 0x10, 0xb, 0xfe,
    0x6a, 0xf7, 0x7f, 0xff, 0xff, 0xff, 0xff, 0xff,
    0xd0, 0x1, 0x80, 0x4, 0xfc, 0x6d, 0xdd, 0xdf,
    0xfe, 0xdd, 0xdd, 0xb0, 0x0, 0x0, 0xc, 0xfe,
    0x0, 0x0, 0xe, 0xfc, 0x0, 0x0, 0x0, 0x0,
    0x1, 0xcf, 0xff, 0x0, 0x0, 0x2f, 0xff, 0x20,
    0x0, 0x0, 0x0, 0x4e, 0xf8, 0xdf, 0x0, 0x0,
    0x8f, 0xef, 0x80, 0x0, 0x0, 0xa, 0xff, 0x70,
    0xef, 0x0, 0x1, 0xff, 0x4e, 0xf2, 0x0, 0x0,
    0x5, 0xd3, 0x0, 0xfe, 0x0, 0xa, 0xfc, 0x7,
    0xfb, 0x0, 0x0, 0x0, 0x0, 0x1, 0xfd, 0x0,
    0x7f, 0xf3, 0x0, 0xdf, 0xa0, 0x0, 0x0, 0x0,
    0x6, 0xfa, 0x8, 0xff, 0x60, 0x0, 0x3f, 0xfb,
    0x10, 0x0, 0x4c, 0xdf, 0xf4, 0xbf, 0xf7, 0x0,
    0x0, 0x4, 0xff, 0xe0, 0x0, 0xf, 0xed, 0x50,
    0x6e, 0x40, 0x0, 0x0, 0x0, 0x2c, 0x40, 0x0,
    0x0, 0x0, 0x0, 0x0, 0x0, 0x0, 0x0, 0x0,
    0x0, 0x0,

    /* U+884C "行" */
    0x0, 0x0, 0x2, 0x10, 0x0, 0x0, 0x0, 0x0,
    0x0, 0x0, 0x0, 0x0, 0x0, 0x1e, 0xf5, 0x0,
    0x0, 0x0, 0x0, 0x0, 0x0, 0x0, 0x0, 0x1,
    0xdf, 0xc0, 0x5, 0xff, 0xff, 0xff, 0xff, 0xff,
    0x70, 0x0, 0x2d, 0xfd, 0x0, 0x4, 0xee, 0xee,
    0xee, 0xee, 0xee, 0x60, 0x4, 0xef, 0xd1, 0x0,
    0x0, 0x0, 0x0, 0x0, 0x0, 0x0, 0x0, 0x1f,
    0xfa, 0x0, 0x54, 0x0, 0x0, 0x0, 0x0, 0x0,
    0x0, 0x0, 0x8, 0x80, 0x3, 0xff, 0x40, 0x0,
    0x0, 0x0, 0x0, 0x0, 0x0, 0x0, 0x0, 0x1d,
    0xf8, 0x0, 0x0, 0x0, 0x0, 0x0, 0x0, 0x0,
    0x0, 0x0, 0xbf, 0xd0, 0x4f, 0xff, 0xff, 0xff,
    0xff, 0xff, 0xf0, 0x0, 0xa, 0xff, 0x30, 0x4e,
    0xee, 0xee, 0xef, 0xff, 0xee, 0xe0, 0x0, 0xbf,
    0xff, 0x20, 0x0, 0x0, 0x0, 0x4, 0xfd, 0x0,
    0x0, 0x1c, 0xff, 0xff, 0x20, 0x0, 0x0, 0x0,
    0x4, 0xfd, 0x0, 0x0, 0x2f, 0xf5, 0xef, 0x20,
    0x0, 0x0, 0x0, 0x4, 0xfd, 0x0, 0x0, 0x5,
    0x40, 0xef, 0x20, 0x0, 0x0, 0x0, 0x4, 0xfd,
    0x0, 0x0, 0x0, 0x0, 0xef, 0x20, 0x0, 0x0,
    0x0, 0x4, 0xfd, 0x0, 0x0, 0x0, 0x0, 0xef,
    0x20, 0x0, 0x0, 0x0, 0x4, 0xfd, 0x0, 0x0,
    0x0, 0x0, 0xef, 0x20, 0x0, 0x0, 0x0, 0x4,
    0xfd, 0x0, 0x0, 0x0, 0x0, 0xef, 0x20, 0x0,
    0x0, 0x0, 0x4, 0xfd, 0x0, 0x0, 0x0, 0x0,
    0xef, 0x20, 0x0, 0x0, 0x0, 0x5, 0xfd, 0x0,
    0x0, 0x0, 0x0, 0xef, 0x20, 0x0, 0x0, 0xef,
    0xff, 0xfa, 0x0, 0x0, 0x0, 0x0, 0xef, 0x20,
    0x0, 0x0, 0xaf, 0xfe, 0xb1, 0x0, 0x0, 0x0,
    0x0, 0x11, 0x0, 0x0, 0x0, 0x0, 0x0, 0x0,
    0x0, 0x0,

    /* U+8868 "表" */
    0x0, 0x0, 0x0, 0x0, 0x2, 0x86, 0x0, 0x0,
    0x0, 0x0, 0x0, 0x0, 0x0, 0x0, 0x0, 0x4,
    0xfc, 0x0, 0x0, 0x0, 0x0, 0x0, 0x0, 0xbc,
    0xcc, 0xcc, 0xcd, 0xff, 0xcc, 0xcc, 0xcc, 0xc8,
    0x0, 0x0, 0xff, 0xff, 0xff, 0xff, 0xff, 0xff,
    0xff, 0xff, 0xfa, 0x0, 0x0, 0x0, 0x0, 0x0,
    0x5, 0xfc, 0x0, 0x0, 0x0, 0x0, 0x0, 0x0,
    0x8, 0xaa, 0xaa, 0xac, 0xfe, 0xaa, 0xaa, 0xaa,
    0x70, 0x0, 0x0, 0xd, 0xff, 0xff, 0xff, 0xff,
    0xff, 0xff, 0xff, 0xc0, 0x0, 0x0, 0x0, 0x0,
    0x0, 0x5, 0xfc, 0x0, 0x0, 0x0, 0x0, 0x0,
    0x0, 0x0, 0x0, 0x0, 0x5, 0xfc, 0x0, 0x0,
    0x0, 0x0, 0x0, 0xd, 0xff, 0xff, 0xff, 0xff,
    0xff, 0xff, 0xff, 0xff, 0xff, 0x60, 0xa, 0xbb,
    0xbb, 0xbc, 0xff, 0xff, 0xeb, 0xbb, 0xbb, 0xbb,
    0x40, 0x0, 0x0, 0x0, 0x3d, 0xfc, 0x3f, 0xe0,
    0x0, 0x1, 0x50, 0x0, 0x0, 0x0, 0x8, 0xff,
    0xb0, 0xa, 0xf7, 0x0, 0x2e, 0xf9, 0x0, 0x0,
    0x17, 0xef, 0xf9, 0x0, 0x2, 0xff, 0x26, 0xff,
    0xa1, 0x0, 0x2a, 0xff, 0xff, 0xf6, 0x0, 0x0,
    0x8f, 0xff, 0xe5, 0x0, 0x0, 0x1e, 0xfb, 0x3c,
    0xf6, 0x0, 0x0, 0xc, 0xff, 0x30, 0x0, 0x0,
    0x3, 0x20, 0xc, 0xf6, 0x0, 0x4, 0x41, 0xef,
    0xe4, 0x0, 0x0, 0x0, 0x0, 0xd, 0xf7, 0x6a,
    0xff, 0xa0, 0x1c, 0xff, 0xa3, 0x0, 0x0, 0x0,
    0x3f, 0xff, 0xff, 0xfb, 0x50, 0x0, 0xaf, 0xff,
    0xc0, 0x0, 0x0, 0x7f, 0xff, 0xa5, 0x0, 0x0,
    0x0, 0x2, 0xaf, 0x50, 0x0, 0x0, 0xa, 0x50,
    0x0, 0x0, 0x0, 0x0, 0x0, 0x1, 0x0,

    /* U+88AB "被" */
    0x0, 0x0, 0x50, 0x0, 0x0, 0x0, 0x0, 0x78,
    0x0, 0x0, 0x0, 0x0, 0xa, 0xf6, 0x0, 0x0,
    0x0, 0x0, 0xdf, 0x10, 0x0, 0x0, 0x0, 0x2,
    0xfe, 0x0, 0x0, 0x0, 0x0, 0xdf, 0x10, 0x0,
    0x0, 0x0, 0x0, 0x9e, 0x20, 0x5, 0x77, 0x77,
    0xef, 0x87, 0x78, 0x61, 0x1c, 0xcc, 0xdd, 0xd9,
    0xb, 0xff, 0xff, 0xff, 0xff, 0xff, 0xf2, 0x1f,
    0xff, 0xff, 0xfd, 0xb, 0xf8, 0x66, 0xef, 0x76,
    0x8f, 0xd0, 0x0, 0x0, 0x6, 0xf7, 0xb, 0xf2,
    0x0, 0xdf, 0x10, 0x6f, 0x90, 0x0, 0x0, 0xd,
    0xf1, 0xb, 0xf2, 0x0, 0xdf, 0x10, 0xaf, 0x30,
    0x0, 0x0, 0x7f, 0x82, 0x1b, 0xf3, 0x0, 0xef,
    0x10, 0x14, 0x0, 0x0, 0x3, 0xff, 0x1d, 0xbb,
    0xff, 0xff, 0xff, 0xff, 0xff, 0x40, 0x0, 0x1d,
    0xff, 0xbf, 0x3c, 0xff, 0xfd, 0xdd, 0xdd, 0xff,
    0x10, 0x0, 0xcf, 0xff, 0xf5, 0xc, 0xfb, 0xf5,
    0x0, 0x2, 0xfc, 0x0, 0x1c, 0xff, 0xfe, 0xfb,
    0xe, 0xf3, 0xfd, 0x0, 0x9, 0xf6, 0x0, 0x2f,
    0xe4, 0xfc, 0x7f, 0x5f, 0xe0, 0xcf, 0x50, 0x2f,
    0xf1, 0x0, 0x9, 0x21, 0xfc, 0xb, 0x3f, 0xb0,
    0x3f, 0xf2, 0xcf, 0x70, 0x0, 0x0, 0x1, 0xfc,
    0x0, 0x6f, 0x80, 0x8, 0xff, 0xfc, 0x0, 0x0,
    0x0, 0x1, 0xfc, 0x0, 0xaf, 0x50, 0x0, 0xef,
    0xf4, 0x0, 0x0, 0x0, 0x1, 0xfc, 0x1, 0xff,
    0x0, 0x2c, 0xff, 0xfe, 0x50, 0x0, 0x0, 0x1,
    0xfc, 0x9, 0xf9, 0x18, 0xff, 0xd4, 0xcf, 0xfb,
    0x50, 0x0, 0x1, 0xfc, 0xf, 0xf3, 0xff, 0xf9,
    0x0, 0x8, 0xff, 0xf4, 0x0, 0x1, 0xfc, 0x3,
    0x60, 0x8a, 0x20, 0x0, 0x0, 0x18, 0x80,

    /* U+8986 "覆" */
    0x5, 0xff, 0xff, 0xff, 0xff, 0xff, 0xff, 0xff,
    0xff, 0xff, 0xc0, 0x2, 0x77, 0x77, 0x7b, 0xfb,
    0x77, 0xaf, 0xd7, 0x77, 0x77, 0x60, 0x0, 0x15,
    0x55, 0x59, 0xfa, 0x55, 0x8f, 0xc5, 0x55, 0x55,
    0x0, 0x0, 0x4f, 0xff, 0xff, 0xff, 0xff, 0xff,
    0xff, 0xff, 0xfe, 0x0, 0x0, 0x4f, 0x90, 0x6,
    0xf8, 0x0, 0x5f, 0xa0, 0x1, 0xfe, 0x0, 0x0,
    0x4f, 0xff, 0xff, 0xff, 0xff, 0xff, 0xff, 0xff,
    0xfe, 0x0, 0x0, 0x1, 0x4d, 0x71, 0x16, 0xf8,
    0x11, 0x11, 0x11, 0x11, 0x0, 0x0, 0x2, 0xef,
    0x40, 0xd, 0xff, 0xee, 0xee, 0xee, 0xee, 0x70,
    0x0, 0x4e, 0xf6, 0x0, 0xaf, 0xa7, 0x77, 0x77,
    0x77, 0x77, 0x30, 0x8, 0xff, 0x67, 0x79, 0xff,
    0xdd, 0xdd, 0xdd, 0xdd, 0xd4, 0x0, 0x5, 0xd3,
    0x3f, 0xee, 0xee, 0xf4, 0x44, 0x44, 0x49, 0xf5,
    0x0, 0x0, 0x2, 0xef, 0x32, 0x2c, 0xfe, 0xee,
    0xee, 0xef, 0xf5, 0x0, 0x0, 0x4e, 0xfa, 0x0,
    0xc, 0xf2, 0x22, 0x22, 0x28, 0xf5, 0x0, 0x6,
    0xff, 0xf9, 0x0, 0xb, 0xef, 0xff, 0xee, 0xee,
    0xe5, 0x0, 0xb, 0xe7, 0xf9, 0x0, 0x0, 0x6e,
    0xf8, 0x44, 0x44, 0x30, 0x0, 0x0, 0x13, 0xf9,
    0x0, 0x6c, 0xff, 0xff, 0xff, 0xff, 0xf2, 0x0,
    0x0, 0x3, 0xf9, 0xb, 0xfc, 0xdf, 0x71, 0x7,
    0xff, 0x40, 0x0, 0x0, 0x3, 0xf9, 0x0, 0x30,
    0x8, 0xff, 0xef, 0xd2, 0x0, 0x0, 0x0, 0x3,
    0xf9, 0x7, 0xac, 0xef, 0xfe, 0xcf, 0xff, 0xec,
    0xa2, 0x0, 0x3, 0xf9, 0xb, 0xec, 0x96, 0x20,
    0x0, 0x48, 0xac, 0xb0, 0x0, 0x0, 0x0, 0x0,
    0x0, 0x0, 0x0, 0x0, 0x0, 0x0, 0x0,

    /* U+89C8 "览" */
    0x0, 0x0, 0x0, 0x88, 0x0, 0x8, 0x92, 0x0,
    0x0, 0x0, 0x7, 0x81, 0x1, 0xfe, 0x0, 0xf,
    0xf1, 0x0, 0x0, 0x0, 0xd, 0xf2, 0x1, 0xfe,
    0x0, 0x4f, 0xfb, 0xbb, 0xbb, 0xb5, 0xd, 0xf2,
    0x1, 0xfe, 0x0, 0x9f, 0xff, 0xff, 0xff, 0xf8,
    0xd, 0xf2, 0x1, 0xfe, 0x1, 0xff, 0x23, 0x83,
    0x22, 0x21, 0xd, 0xf2, 0x1, 0xfe, 0x8, 0xf8,
    0x9, 0xfc, 0x0, 0x0, 0xd, 0xf2, 0x1, 0xfe,
    0x2f, 0xe1, 0x0, 0xcf, 0xa0, 0x0, 0xa, 0xc2,
    0x1, 0xfe, 0x6, 0x50, 0x0, 0x2f, 0xf4, 0x0,
    0x0, 0x0, 0x0, 0x88, 0x0, 0x0, 0x0, 0x6,
    0x40, 0x0, 0x0, 0x1c, 0xcc, 0xcc, 0xcc, 0xcc,
    0xcc, 0xcc, 0xc0, 0x0, 0x0, 0x2f, 0xff, 0xff,
    0xff, 0xff, 0xff, 0xff, 0xf0, 0x0, 0x0, 0x2f,
    0xf0, 0x0, 0x0, 0x0, 0x0, 0x3f, 0xf0, 0x0,
    0x0, 0x2f, 0xf0, 0x0, 0x5e, 0x70, 0x0, 0x2f,
    0xf0, 0x0, 0x0, 0x2f, 0xf0, 0x0, 0x6f, 0x80,
    0x0, 0x2f, 0xf0, 0x0, 0x0, 0x2f, 0xf0, 0x0,
    0x7f, 0x70, 0x0, 0x2f, 0xf0, 0x0, 0x0, 0x2f,
    0xf0, 0x0, 0xbf, 0xc9, 0x10, 0x2f, 0xf0, 0x0,
    0x0, 0x4, 0x40, 0x6, 0xfc, 0xef, 0x20, 0x0,
    0x1, 0x0, 0x0, 0x0, 0x1, 0x9f, 0xe2, 0xef,
    0x20, 0x0, 0x4, 0xe5, 0x0, 0x3, 0x9f, 0xfd,
    0x20, 0xef, 0x30, 0x0, 0x7, 0xf7, 0x5a, 0xef,
    0xfe, 0x70, 0x0, 0xcf, 0xdc, 0xbb, 0xcf, 0xf3,
    0x2f, 0xfb, 0x50, 0x0, 0x0, 0x3c, 0xff, 0xff,
    0xfe, 0x80, 0x2, 0x0, 0x0, 0x0, 0x0, 0x0,
    0x0, 0x0, 0x0, 0x0,

    /* U+89E3 "解" */
    0x0, 0x1, 0x73, 0x0, 0x0, 0x0, 0x0, 0x0,
    0x0, 0x0, 0x0, 0x0, 0x6, 0xf9, 0x0, 0x0,
    0x4, 0x77, 0x77, 0x77, 0x77, 0x60, 0x0, 0xc,
    0xfb, 0x88, 0x81, 0xa, 0xff, 0xff, 0xff, 0xff,
    0xc0, 0x0, 0x2f, 0xff, 0xff, 0xf9, 0x2, 0x44,
    0xff, 0x44, 0x5f, 0xb0, 0x0, 0x8f, 0x80, 0xd,
    0xf2, 0x0, 0x3, 0xfc, 0x0, 0x2f, 0xb0, 0x2,
    0xff, 0x10, 0x4f, 0xb0, 0x0, 0xa, 0xf7, 0x0,
    0x4f, 0x90, 0xc, 0xff, 0xff, 0xff, 0xff, 0xa0,
    0x6f, 0xe0, 0x21, 0x9f, 0x70, 0x2e, 0xff, 0xac,
    0xfa, 0xaf, 0xba, 0xff, 0x40, 0xcf, 0xff, 0x30,
    0x2, 0xdf, 0x5, 0xf1, 0x1f, 0xaa, 0xe4, 0x0,
    0x58, 0x83, 0x0, 0x0, 0xbf, 0x5, 0xf1, 0x1f,
    0xa0, 0x5d, 0x52, 0xeb, 0x0, 0x0, 0x0, 0xbf,
    0xef, 0xfe, 0xef, 0xa0, 0x9f, 0x53, 0xfc, 0x0,
    0x0, 0x0, 0xbf, 0x9b, 0xf9, 0x9f, 0xa0, 0xdf,
    0xff, 0xff, 0xff, 0xd0, 0x0, 0xcf, 0x5, 0xf1,
    0x1f, 0xa5, 0xfd, 0xbc, 0xff, 0xbb, 0xa0, 0x0,
    0xdf, 0x5, 0xf1, 0x1f, 0xad, 0xf2, 0x2, 0xfc,
    0x0, 0x0, 0x0, 0xdf, 0xde, 0xfe, 0xef, 0xa1,
    0x50, 0x2, 0xfc, 0x0, 0x0, 0x0, 0xee, 0xac,
    0xfb, 0xaf, 0xa8, 0xff, 0xff, 0xff, 0xff, 0xf6,
    0x1, 0xfa, 0x5, 0xf1, 0x1f, 0xa7, 0xdd, 0xdd,
    0xff, 0xdd, 0xd5, 0x4, 0xf7, 0x5, 0xf1, 0x1f,
    0xa0, 0x0, 0x2, 0xfc, 0x0, 0x0, 0x9, 0xf4,
    0x5, 0xf1, 0x1f, 0xa0, 0x0, 0x2, 0xfc, 0x0,
    0x0, 0x1f, 0xd0, 0x3, 0x9a, 0xcf, 0x90, 0x0,
    0x2, 0xfc, 0x0, 0x0, 0x19, 0x60, 0x0, 0x7,
    0xfd, 0x20, 0x0, 0x2, 0xfc, 0x0, 0x0, 0x0,
    0x0, 0x0, 0x0, 0x0, 0x0, 0x0, 0x0, 0x0,
    0x0, 0x0,

    /* U+8BA4 "认" */
    0x0, 0x1, 0x20, 0x0, 0x0, 0x0, 0x9, 0xb3,
    0x0, 0x0, 0x0, 0x0, 0x1d, 0xe3, 0x0, 0x0,
    0x0, 0xd, 0xf4, 0x0, 0x0, 0x0, 0x0, 0xa,
    0xff, 0x40, 0x0, 0x0, 0xd, 0xf4, 0x0, 0x0,
    0x0, 0x0, 0x0, 0x9f, 0xf3, 0x0, 0x0, 0xd,
    0xf3, 0x0, 0x0, 0x0, 0x0, 0x0, 0x9, 0xb0,
    0x0, 0x0, 0xd, 0xf3, 0x0, 0x0, 0x0, 0x0,
    0x0, 0x0, 0x0, 0x0, 0x0, 0xe, 0xf2, 0x0,
    0x0, 0x0, 0x0, 0x0, 0x0, 0x0, 0x0, 0x0,
    0xf, 0xf2, 0x0, 0x0, 0x0, 0x3e, 0xee, 0xee,
    0x40, 0x0, 0x0, 0x1f, 0xf3, 0x0, 0x0, 0x0,
    0x4f, 0xff, 0xff, 0x40, 0x0, 0x0, 0x2f, 0xf6,
    0x0, 0x0, 0x0, 0x0, 0x0, 0xcf, 0x40, 0x0,
    0x0, 0x4f, 0xf9, 0x0, 0x0, 0x0, 0x0, 0x0,
    0xbf, 0x40, 0x0, 0x0, 0x6f, 0xfd, 0x0, 0x0,
    0x0, 0x0, 0x0, 0xbf, 0x40, 0x0, 0x0, 0x9f,
    0xff, 0x20, 0x0, 0x0, 0x0, 0x0, 0xbf, 0x40,
    0x0, 0x0, 0xdf, 0xdf, 0x60, 0x0, 0x0, 0x0,
    0x0, 0xbf, 0x40, 0x0, 0x2, 0xff, 0x4f, 0xd0,
    0x0, 0x0, 0x0, 0x0, 0xbf, 0x41, 0x70, 0x9,
    0xfb, 0xd, 0xf4, 0x0, 0x0, 0x0, 0x0, 0xbf,
    0x9e, 0xf1, 0x1f, 0xf4, 0x6, 0xfd, 0x0, 0x0,
    0x0, 0x0, 0xdf, 0xff, 0x90, 0xbf, 0xc0, 0x0,
    0xef, 0x80, 0x0, 0x0, 0x2, 0xff, 0xe4, 0x7,
    0xff, 0x30, 0x0, 0x4f, 0xf5, 0x0, 0x0, 0xc,
    0xfb, 0x10, 0x8f, 0xf7, 0x0, 0x0, 0x9, 0xff,
    0x70, 0x0, 0x3, 0x90, 0x0, 0xaf, 0x90, 0x0,
    0x0, 0x0, 0x9f, 0x90, 0x0, 0x0, 0x0, 0x0,
    0x5, 0x0, 0x0, 0x0, 0x0, 0x5, 0x0,

    /* U+8BB8 "许" */
    0x0, 0x0, 0x0, 0x0, 0x0, 0x44, 0x0, 0x0,
    0x0, 0x0, 0x0, 0x0, 0xb3, 0x0, 0x0, 0xf,
    0xf3, 0x0, 0x0, 0x0, 0x0, 0x0, 0x6f, 0xf5,
    0x0, 0x3, 0xff, 0x0, 0x0, 0x0, 0x0, 0x0,
    0x0, 0x7f, 0xf5, 0x0, 0x7f, 0xc0, 0x0, 0x0,
    0x0, 0x0, 0x0, 0x0, 0x7f, 0xd0, 0xb, 0xff,
    0xff, 0xff, 0xff, 0xff, 0x20, 0x0, 0x0, 0x82,
    0x2, 0xff, 0xff, 0xff, 0xff, 0xff, 0xf2, 0x0,
    0x0, 0x0, 0x0, 0xaf, 0xb0, 0x9, 0xf8, 0x0,
    0x0, 0x4, 0xff, 0xff, 0xf1, 0x4f, 0xf3, 0x0,
    0x9f, 0x80, 0x0, 0x0, 0x4f, 0xff, 0xff, 0x11,
    0x89, 0x0, 0x9, 0xf8, 0x0, 0x0, 0x0, 0x0,
    0xe, 0xf1, 0x0, 0x0, 0x0, 0x9f, 0x80, 0x0,
    0x0, 0x0, 0x0, 0xef, 0x10, 0x0, 0x0, 0x9,
    0xf8, 0x0, 0x0, 0x0, 0x0, 0xe, 0xf1, 0x6f,
    0xff, 0xff, 0xff, 0xff, 0xff, 0xff, 0x0, 0x0,
    0xef, 0x16, 0xff, 0xff, 0xff, 0xff, 0xff, 0xff,
    0xf0, 0x0, 0xe, 0xf1, 0x0, 0x0, 0x0, 0x9f,
    0x80, 0x0, 0x0, 0x0, 0x0, 0xef, 0x10, 0x0,
    0x0, 0x9, 0xf8, 0x0, 0x0, 0x0, 0x0, 0xe,
    0xf1, 0x32, 0x0, 0x0, 0x9f, 0x80, 0x0, 0x0,
    0x0, 0x0, 0xef, 0x9f, 0x80, 0x0, 0x9, 0xf8,
    0x0, 0x0, 0x0, 0x0, 0x1f, 0xff, 0xe4, 0x0,
    0x0, 0x9f, 0x80, 0x0, 0x0, 0x0, 0x9, 0xff,
    0xb1, 0x0, 0x0, 0x9, 0xf8, 0x0, 0x0, 0x0,
    0x0, 0x4f, 0x70, 0x0, 0x0, 0x0, 0x9f, 0x80,
    0x0, 0x0, 0x0, 0x0, 0x30, 0x0, 0x0, 0x0,
    0x9, 0xf8, 0x0, 0x0, 0x0,

    /* U+8BBE "设" */
    0x0, 0x0, 0x0, 0x0, 0x0, 0x0, 0x0, 0x0,
    0x0, 0x0, 0x0, 0x1c, 0xc1, 0x0, 0x0, 0x1d,
    0xdd, 0xdd, 0xdd, 0x10, 0x0, 0x1, 0xcf, 0xd1,
    0x0, 0x1, 0xff, 0xff, 0xff, 0xf1, 0x0, 0x0,
    0x0, 0xcf, 0xd1, 0x0, 0x1f, 0xd0, 0x0, 0xef,
    0x10, 0x0, 0x0, 0x1, 0xde, 0x20, 0x2, 0xfc,
    0x0, 0xe, 0xf1, 0x0, 0x0, 0x0, 0x2, 0x20,
    0x0, 0x7f, 0x90, 0x0, 0xef, 0x10, 0x0, 0x0,
    0x0, 0x0, 0x0, 0x2f, 0xf3, 0x0, 0xe, 0xf2,
    0x0, 0xb, 0xbb, 0xba, 0x0, 0x6e, 0xfa, 0x0,
    0x0, 0xbf, 0xff, 0xf0, 0xff, 0xff, 0xe0, 0x2e,
    0xfa, 0x0, 0x0, 0x2, 0xac, 0xcb, 0x4, 0x45,
    0xfe, 0x0, 0x35, 0x0, 0x0, 0x0, 0x0, 0x0,
    0x0, 0x0, 0x1f, 0xe0, 0x5, 0xee, 0xee, 0xee,
    0xee, 0xef, 0xa0, 0x0, 0x1, 0xfe, 0x0, 0x5f,
    0xff, 0xff, 0xff, 0xff, 0xf9, 0x0, 0x0, 0x1f,
    0xe0, 0x0, 0x5f, 0xc0, 0x0, 0x0, 0xdf, 0x20,
    0x0, 0x1, 0xfe, 0x0, 0x0, 0xcf, 0x50, 0x0,
    0x7f, 0xb0, 0x0, 0x0, 0x1f, 0xe0, 0x1, 0x3,
    0xfe, 0x30, 0x4f, 0xf2, 0x0, 0x0, 0x1, 0xfe,
    0x2d, 0x90, 0x7, 0xfe, 0x6f, 0xf4, 0x0, 0x0,
    0x0, 0x1f, 0xff, 0xfa, 0x0, 0x8, 0xff, 0xf6,
    0x0, 0x0, 0x0, 0x5, 0xff, 0xf7, 0x0, 0x5,
    0xcf, 0xff, 0xb4, 0x0, 0x0, 0x0, 0xef, 0xe4,
    0x4, 0x8d, 0xff, 0xc7, 0xef, 0xfc, 0x73, 0x0,
    0xa, 0xd2, 0x5, 0xff, 0xfd, 0x50, 0x0, 0x8f,
    0xff, 0xf1, 0x0, 0x10, 0x0, 0xa, 0x72, 0x0,
    0x0, 0x0, 0x5, 0xb5, 0x0,

    /* U+8BC4 "评" */
    0x0, 0x0, 0x0, 0x0, 0x0, 0x0, 0x0, 0x0,
    0x0, 0x0, 0x0, 0x4e, 0x50, 0x0, 0x7b, 0xbb,
    0xbb, 0xbb, 0xbb, 0xbb, 0x80, 0x5, 0xff, 0x70,
    0xa, 0xff, 0xff, 0xff, 0xff, 0xff, 0xfc, 0x0,
    0x5, 0xff, 0x70, 0x24, 0x44, 0x48, 0xfc, 0x44,
    0x44, 0x30, 0x0, 0x6, 0xf9, 0x0, 0x68, 0x0,
    0x5f, 0xb0, 0x5, 0x72, 0x0, 0x0, 0x4, 0x0,
    0xd, 0xf1, 0x5, 0xfb, 0x0, 0xbf, 0x50, 0x0,
    0x0, 0x0, 0x0, 0x9f, 0x50, 0x5f, 0xb0, 0xe,
    0xf1, 0xd, 0xee, 0xed, 0x0, 0x5, 0xf9, 0x5,
    0xfb, 0x2, 0xfc, 0x0, 0xef, 0xff, 0xd0, 0x0,
    0x2f, 0xc0, 0x5f, 0xb0, 0x6f, 0x60, 0x0, 0x2,
    0xfd, 0x0, 0x0, 0xea, 0x5, 0xfb, 0x9, 0xf1,
    0x0, 0x0, 0x1f, 0xd0, 0x0, 0x0, 0x0, 0x5f,
    0xb0, 0x1, 0x0, 0x0, 0x1, 0xfd, 0x3, 0xee,
    0xee, 0xef, 0xff, 0xee, 0xee, 0xea, 0x0, 0x1f,
    0xd0, 0x3f, 0xff, 0xff, 0xff, 0xff, 0xff, 0xff,
    0xa0, 0x1, 0xfd, 0x0, 0x0, 0x0, 0x6, 0xfb,
    0x0, 0x0, 0x0, 0x0, 0x1f, 0xd0, 0x10, 0x0,
    0x0, 0x5f, 0xb0, 0x0, 0x0, 0x0, 0x1, 0xfd,
    0x4e, 0x40, 0x0, 0x5, 0xfb, 0x0, 0x0, 0x0,
    0x0, 0x1f, 0xff, 0xf8, 0x0, 0x0, 0x5f, 0xb0,
    0x0, 0x0, 0x0, 0x4, 0xff, 0xf7, 0x0, 0x0,
    0x5, 0xfb, 0x0, 0x0, 0x0, 0x0, 0xcf, 0xf4,
    0x0, 0x0, 0x0, 0x5f, 0xb0, 0x0, 0x0, 0x0,
    0xa, 0xe2, 0x0, 0x0, 0x0, 0x5, 0xfb, 0x0,
    0x0, 0x0, 0x0, 0x21, 0x0, 0x0, 0x0, 0x0,
    0x5f, 0xb0, 0x0, 0x0, 0x0,

    /* U+8BD5 "试" */
    0x0, 0x0, 0x0, 0x0, 0x0, 0x0, 0x2, 0x53,
    0x1, 0x0, 0x0, 0x1c, 0x70, 0x0, 0x0, 0x0,
    0x0, 0x7f, 0xa8, 0xf2, 0x0, 0x3, 0xff, 0x80,
    0x0, 0x0, 0x0, 0x6, 0xfa, 0x3f, 0xe1, 0x0,
    0x3, 0xef, 0x80, 0x0, 0x0, 0x0, 0x6f, 0xb0,
    0x7f, 0x90, 0x0, 0x3, 0xfa, 0x0, 0x0, 0x0,
    0x6, 0xfb, 0x1, 0x92, 0x0, 0x0, 0x3, 0x6,
    0xff, 0xff, 0xff, 0xff, 0xff, 0xff, 0xf1, 0x0,
    0x0, 0x0, 0x6f, 0xff, 0xff, 0xff, 0xff, 0xff,
    0xff, 0x18, 0x99, 0x98, 0x0, 0x0, 0x0, 0x0,
    0x3f, 0xd0, 0x0, 0x0, 0xef, 0xff, 0xe0, 0x0,
    0x0, 0x0, 0x2, 0xfe, 0x0, 0x0, 0x6, 0x77,
    0xfe, 0x0, 0x0, 0x0, 0x0, 0x2f, 0xf0, 0x0,
    0x0, 0x0, 0xf, 0xe0, 0xb, 0xff, 0xff, 0xf2,
    0xff, 0x0, 0x0, 0x0, 0x0, 0xfe, 0x0, 0xad,
    0xff, 0xed, 0x1f, 0xf2, 0x0, 0x0, 0x0, 0xf,
    0xe0, 0x0, 0xa, 0xf3, 0x0, 0xdf, 0x30, 0x0,
    0x0, 0x0, 0xfe, 0x0, 0x0, 0xaf, 0x30, 0xb,
    0xf5, 0x0, 0x0, 0x0, 0xf, 0xe0, 0x0, 0xa,
    0xf3, 0x0, 0x9f, 0x80, 0x0, 0x0, 0x0, 0xfe,
    0x3, 0x10, 0xaf, 0x30, 0x6, 0xfb, 0x5, 0x50,
    0x0, 0x1f, 0xe8, 0xf5, 0xa, 0xfa, 0xcb, 0x3f,
    0xe0, 0x7f, 0x30, 0x4, 0xff, 0xfe, 0xaa, 0xff,
    0xff, 0xc0, 0xff, 0x4a, 0xf1, 0x0, 0xcf, 0xfa,
    0x1e, 0xff, 0xc7, 0x30, 0xa, 0xfe, 0xfd, 0x0,
    0xb, 0xe5, 0x0, 0x65, 0x10, 0x0, 0x0, 0x2f,
    0xff, 0x70, 0x0, 0x22, 0x0, 0x0, 0x0, 0x0,
    0x0, 0x0, 0x5e, 0xc0, 0x0, 0x0, 0x0, 0x0,
    0x0, 0x0, 0x0, 0x0, 0x0, 0x0, 0x0,

    /* U+8BE5 "该" */
    0x0, 0x2, 0x0, 0x0, 0x0, 0x0, 0x5, 0x91,
    0x0, 0x0, 0x0, 0x8, 0xf6, 0x0, 0x0, 0x0,
    0x0, 0xdf, 0x80, 0x0, 0x0, 0x0, 0x4f, 0xf4,
    0x0, 0x0, 0x0, 0x6, 0xfe, 0x0, 0x0, 0x0,
    0x0, 0x7f, 0xe2, 0x1e, 0xee, 0xee, 0xef, 0xfe,
    0xee, 0xeb, 0x0, 0x0, 0xbf, 0x61, 0xff, 0xff,
    0xff, 0xff, 0xff, 0xff, 0xc0, 0x0, 0x1, 0x40,
    0x0, 0x0, 0x1e, 0xf6, 0x0, 0x0, 0x0, 0x0,
    0x0, 0x0, 0x0, 0x0, 0xb, 0xfa, 0x0, 0x7,
    0x30, 0x4, 0xff, 0xff, 0xf1, 0x0, 0x7, 0xfd,
    0x0, 0x8, 0xfd, 0x0, 0x4f, 0xff, 0xff, 0x10,
    0x3a, 0xff, 0xb9, 0xab, 0xff, 0x30, 0x0, 0x0,
    0xe, 0xf1, 0x6, 0xff, 0xff, 0xff, 0xff, 0x70,
    0x0, 0x0, 0x0, 0xef, 0x10, 0x19, 0x75, 0x47,
    0xff, 0x90, 0x43, 0x0, 0x0, 0xe, 0xf1, 0x0,
    0x0, 0x8, 0xff, 0x90, 0x2f, 0xf9, 0x0, 0x0,
    0xef, 0x10, 0x0, 0x2b, 0xff, 0x70, 0xc, 0xfe,
    0x10, 0x0, 0xe, 0xf1, 0x2, 0xaf, 0xfe, 0x30,
    0xb, 0xff, 0x30, 0x0, 0x0, 0xef, 0x10, 0xcf,
    0xf8, 0x10, 0x1c, 0xff, 0x40, 0x0, 0x0, 0xe,
    0xf1, 0x77, 0x91, 0x0, 0x4e, 0xff, 0x40, 0x0,
    0x0, 0x0, 0xef, 0xdf, 0xa0, 0x1, 0xaf, 0xff,
    0xfc, 0x10, 0x0, 0x0, 0x2f, 0xff, 0xc2, 0x17,
    0xff, 0xf9, 0x2d, 0xfe, 0x30, 0x0, 0xa, 0xff,
    0x84, 0xaf, 0xff, 0xc3, 0x0, 0xb, 0xff, 0x40,
    0x0, 0x9e, 0x40, 0xaf, 0xfc, 0x50, 0x0, 0x0,
    0xa, 0xf6, 0x0, 0x0, 0x20, 0x0, 0x83, 0x0,
    0x0, 0x0, 0x0, 0x2, 0x0,

    /* U+8BE6 "详" */
    0x0, 0x0, 0x0, 0x0, 0x0, 0x2, 0x0, 0x0,
    0x0, 0x40, 0x0, 0x0, 0x1b, 0x20, 0x0, 0x0,
    0xcf, 0x40, 0x0, 0x6, 0xfd, 0x0, 0x0, 0x9f,
    0xe4, 0x0, 0x0, 0x7f, 0xd0, 0x0, 0xc, 0xf6,
    0x0, 0x0, 0x9, 0xff, 0x40, 0x0, 0xe, 0xf5,
    0x0, 0x4f, 0xe0, 0x0, 0x0, 0x0, 0x9f, 0xb0,
    0x2, 0x2a, 0xc5, 0x22, 0xcf, 0x82, 0x10, 0x0,
    0x0, 0x8, 0x10, 0x3f, 0xff, 0xff, 0xff, 0xff,
    0xff, 0x90, 0x0, 0x0, 0x0, 0x0, 0x2b, 0xbb,
    0xbc, 0xff, 0xbb, 0xbb, 0x70, 0x18, 0x88, 0x88,
    0x0, 0x0, 0x0, 0x3, 0xfd, 0x0, 0x0, 0x0,
    0x2f, 0xff, 0xff, 0x0, 0x0, 0x0, 0x3, 0xfd,
    0x0, 0x0, 0x0, 0x4, 0x44, 0xff, 0x0, 0x7,
    0xdd, 0xde, 0xff, 0xdd, 0xdd, 0x0, 0x0, 0x0,
    0xff, 0x0, 0x8, 0xff, 0xff, 0xff, 0xff, 0xff,
    0x0, 0x0, 0x0, 0xff, 0x0, 0x0, 0x0, 0x4,
    0xfd, 0x0, 0x0, 0x0, 0x0, 0x0, 0xff, 0x0,
    0x0, 0x0, 0x3, 0xfd, 0x0, 0x0, 0x0, 0x0,
    0x0, 0xff, 0x0, 0x0, 0x0, 0x4, 0xfd, 0x0,
    0x0, 0x0, 0x0, 0x0, 0xff, 0x0, 0xbf, 0xff,
    0xff, 0xff, 0xff, 0xff, 0xf0, 0x0, 0x0, 0xff,
    0x8, 0xce, 0xee, 0xee, 0xff, 0xee, 0xee, 0xe0,
    0x0, 0x0, 0xff, 0xcf, 0x80, 0x0, 0x3, 0xfd,
    0x0, 0x0, 0x0, 0x0, 0x2, 0xff, 0xfb, 0x10,
    0x0, 0x3, 0xfd, 0x0, 0x0, 0x0, 0x0, 0x7,
    0xff, 0x80, 0x0, 0x0, 0x3, 0xfd, 0x0, 0x0,
    0x0, 0x0, 0xc, 0xf5, 0x0, 0x0, 0x0, 0x3,
    0xfd, 0x0, 0x0, 0x0, 0x0, 0x2, 0x30, 0x0,
    0x0, 0x0, 0x3, 0xfd, 0x0, 0x0, 0x0,

    /* U+8BEF "误" */
    0x0, 0x1, 0x0, 0x0, 0x0, 0x0, 0x0, 0x0,
    0x0, 0x0, 0x0, 0x0, 0x4f, 0x60, 0x0, 0x8,
    0xbb, 0xbb, 0xbb, 0xbb, 0xba, 0x0, 0x0, 0x7f,
    0xf7, 0x0, 0xb, 0xff, 0xff, 0xff, 0xff, 0xfd,
    0x0, 0x0, 0x7, 0xff, 0x60, 0xb, 0xf4, 0x0,
    0x0, 0x3, 0xfd, 0x0, 0x0, 0x0, 0x9f, 0xa0,
    0xb, 0xf3, 0x0, 0x0, 0x2, 0xfd, 0x0, 0x0,
    0x0, 0x8, 0x0, 0xb, 0xf4, 0x0, 0x0, 0x3,
    0xfd, 0x0, 0x0, 0x0, 0x0, 0x0, 0xb, 0xff,
    0xff, 0xff, 0xff, 0xfd, 0x0, 0x1a, 0xaa, 0xa9,
    0x0, 0x8, 0xbb, 0xbb, 0xbb, 0xbb, 0xba, 0x0,
    0x1f, 0xff, 0xfe, 0x0, 0x0, 0x0, 0x0, 0x0,
    0x0, 0x0, 0x0, 0x1, 0x13, 0xfe, 0x0, 0x3c,
    0xcc, 0xcc, 0xcc, 0xcc, 0xcc, 0x50, 0x0, 0x1,
    0xfe, 0x0, 0x3f, 0xff, 0xff, 0xff, 0xff, 0xff,
    0x70, 0x0, 0x1, 0xfe, 0x0, 0x0, 0x0, 0x9,
    0xf7, 0x0, 0x0, 0x0, 0x0, 0x1, 0xfe, 0x0,
    0x0, 0x0, 0xa, 0xf5, 0x0, 0x0, 0x0, 0x0,
    0x1, 0xfe, 0x0, 0xbc, 0xcc, 0xcf, 0xfd, 0xcc,
    0xcc, 0xc3, 0x0, 0x1, 0xfe, 0x0, 0xef, 0xff,
    0xff, 0xff, 0xff, 0xff, 0xf4, 0x0, 0x1, 0xfe,
    0x7, 0x20, 0x0, 0x7f, 0xff, 0x30, 0x0, 0x0,
    0x0, 0x2, 0xff, 0xcf, 0x60, 0x1, 0xef, 0xbf,
    0xd1, 0x0, 0x0, 0x0, 0x5, 0xff, 0xfb, 0x10,
    0x3d, 0xfb, 0xb, 0xfd, 0x20, 0x0, 0x0, 0xd,
    0xff, 0x60, 0x39, 0xff, 0xc1, 0x1, 0xcf, 0xf9,
    0x30, 0x0, 0x5, 0xd2, 0x3, 0xff, 0xf8, 0x0,
    0x0, 0x9, 0xff, 0xe2, 0x0, 0x0, 0x10, 0x0,
    0x78, 0x10, 0x0, 0x0, 0x0, 0x39, 0x50,

    /* U+8BF7 "请" */
    0x0, 0x0, 0x0, 0x0, 0x0, 0x0, 0x7, 0x92,
    0x0, 0x0, 0x0, 0x0, 0x4e, 0x40, 0x0, 0x0,
    0x0, 0xc, 0xf4, 0x0, 0x0, 0x0, 0x0, 0x7f,
    0xf4, 0x0, 0xbf, 0xff, 0xff, 0xff, 0xff, 0xff,
    0x60, 0x0, 0x6, 0xff, 0x40, 0x68, 0x88, 0x8e,
    0xfa, 0x88, 0x88, 0x30, 0x0, 0x0, 0x7f, 0x70,
    0x3, 0x33, 0x3d, 0xf7, 0x33, 0x32, 0x0, 0x0,
    0x0, 0x5, 0x0, 0x2f, 0xff, 0xff, 0xff, 0xff,
    0xfb, 0x0, 0x0, 0x0, 0x0, 0x0, 0x3, 0x33,
    0x3d, 0xf6, 0x33, 0x32, 0x0, 0x1b, 0xbb, 0xbb,
    0x3, 0x88, 0x88, 0x8e, 0xfa, 0x88, 0x88, 0x80,
    0x1f, 0xff, 0xfe, 0x6, 0xff, 0xff, 0xff, 0xff,
    0xff, 0xff, 0xf1, 0x3, 0x34, 0xfe, 0x0, 0x0,
    0x0, 0x0, 0x0, 0x0, 0x0, 0x0, 0x0, 0x1,
    0xfe, 0x0, 0xd, 0xff, 0xff, 0xff, 0xff, 0xf6,
    0x0, 0x0, 0x1, 0xfe, 0x0, 0xe, 0xfa, 0x99,
    0x99, 0x9d, 0xf6, 0x0, 0x0, 0x1, 0xfe, 0x0,
    0xe, 0xf0, 0x0, 0x0, 0x8, 0xf6, 0x0, 0x0,
    0x1, 0xfe, 0x0, 0xe, 0xff, 0xff, 0xff, 0xff,
    0xf6, 0x0, 0x0, 0x1, 0xfe, 0x1, 0xe, 0xf7,
    0x66, 0x66, 0x6b, 0xf6, 0x0, 0x0, 0x1, 0xfe,
    0x3e, 0x2e, 0xf0, 0x0, 0x0, 0x8, 0xf6, 0x0,
    0x0, 0x1, 0xff, 0xff, 0x5e, 0xff, 0xff, 0xff,
    0xff, 0xf6, 0x0, 0x0, 0x4, 0xff, 0xf6, 0xe,
    0xf8, 0x77, 0x77, 0x7c, 0xf6, 0x0, 0x0, 0xb,
    0xff, 0x40, 0xe, 0xf0, 0x0, 0x0, 0x8, 0xf6,
    0x0, 0x0, 0xb, 0xe2, 0x0, 0xe, 0xf0, 0x0,
    0x2d, 0xcf, 0xf4, 0x0, 0x0, 0x2, 0x20, 0x0,
    0xe, 0xf0, 0x0, 0xd, 0xed, 0x90, 0x0,

    /* U+8D25 "败" */
    0x0, 0x0, 0x0, 0x0, 0x0, 0x0, 0x3, 0x51,
    0x0, 0x0, 0x0, 0x0, 0xaa, 0xaa, 0xaa, 0xaa,
    0x0, 0xa, 0xf5, 0x0, 0x0, 0x0, 0x1, 0xff,
    0xff, 0xff, 0xff, 0x10, 0xe, 0xf1, 0x0, 0x0,
    0x0, 0x1, 0xfb, 0x33, 0x33, 0xcf, 0x10, 0x3f,
    0xd0, 0x0, 0x0, 0x0, 0x1, 0xf9, 0x6, 0x60,
    0xaf, 0x10, 0x7f, 0xfd, 0xdd, 0xdd, 0xc0, 0x1,
    0xf9, 0xe, 0xe0, 0xaf, 0x10, 0xcf, 0xff, 0xff,
    0xff, 0xf0, 0x1, 0xf9, 0xe, 0xe0, 0xaf, 0x13,
    0xfd, 0x0, 0x5, 0xf8, 0x0, 0x1, 0xf9, 0xe,
    0xe0, 0xaf, 0x1a, 0xf7, 0x0, 0x7, 0xf5, 0x0,
    0x1, 0xf9, 0xe, 0xe0, 0xaf, 0x5f, 0xf8, 0x0,
    0xa, 0xf3, 0x0, 0x1, 0xf9, 0xe, 0xe0, 0xaf,
    0xaf, 0xfd, 0x0, 0xd, 0xf0, 0x0, 0x1, 0xf9,
    0xe, 0xe0, 0xaf, 0x2c, 0xaf, 0x30, 0xf, 0xc0,
    0x0, 0x1, 0xf9, 0xf, 0xd0, 0xaf, 0x10, 0x4f,
    0x90, 0x5f, 0x80, 0x0, 0x1, 0xf9, 0xf, 0xc0,
    0xaf, 0x10, 0xd, 0xf2, 0xbf, 0x30, 0x0, 0x1,
    0xf9, 0x2f, 0xa0, 0xaf, 0x10, 0x6, 0xfb, 0xfd,
    0x0, 0x0, 0x1, 0xf9, 0x6f, 0x60, 0x9e, 0x10,
    0x0, 0xdf, 0xf6, 0x0, 0x0, 0x0, 0x0, 0xbf,
    0x25, 0x0, 0x0, 0x0, 0x6f, 0xf1, 0x0, 0x0,
    0x0, 0x4, 0xfc, 0x5f, 0xa0, 0x0, 0x1, 0xdf,
    0xfc, 0x0, 0x0, 0x0, 0xd, 0xf3, 0xb, 0xf6,
    0x0, 0x1c, 0xfa, 0xcf, 0xb0, 0x0, 0x1, 0xbf,
    0xa0, 0x1, 0xff, 0x14, 0xef, 0xb0, 0x1d, 0xfe,
    0x40, 0xd, 0xfb, 0x0, 0x0, 0x7e, 0x5f, 0xfa,
    0x0, 0x1, 0xbf, 0xf2, 0x4, 0x80, 0x0, 0x0,
    0x1, 0x5, 0x60, 0x0, 0x0, 0x6, 0x50,

    /* U+8D85 "超" */
    0x0, 0x0, 0x8, 0x70, 0x0, 0x0, 0x0, 0x0,
    0x0, 0x0, 0x0, 0x0, 0x0, 0xf, 0xd0, 0x0,
    0x1a, 0xaa, 0xaa, 0xaa, 0xaa, 0x50, 0x0, 0x0,
    0x1f, 0xd0, 0x0, 0x2f, 0xff, 0xff, 0xff, 0xff,
    0x80, 0x7, 0xff, 0xff, 0xff, 0xff, 0x31, 0x19,
    0xf8, 0x11, 0x9f, 0x70, 0x5, 0xcc, 0xcf, 0xfc,
    0xcc, 0x20, 0xd, 0xf3, 0x0, 0x9f, 0x60, 0x0,
    0x0, 0xf, 0xd0, 0x0, 0x0, 0x3f, 0xe0, 0x0,
    0xbf, 0x40, 0x0, 0x0, 0xf, 0xd0, 0x0, 0x0,
    0xcf, 0x70, 0x1, 0xef, 0x20, 0xc, 0xdd, 0xdf,
    0xfd, 0xdd, 0x9c, 0xfc, 0x8, 0xff, 0xfe, 0x0,
    0xe, 0xff, 0xff, 0xff, 0xff, 0xef, 0xc1, 0x3,
    0xbb, 0xa3, 0x0, 0x0, 0x0, 0xb, 0xf1, 0x0,
    0x5, 0x22, 0x22, 0x22, 0x22, 0x0, 0x0, 0x85,
    0xb, 0xf1, 0x0, 0x8, 0xff, 0xff, 0xff, 0xff,
    0x0, 0x1, 0xfb, 0xb, 0xf2, 0x0, 0x8, 0xfc,
    0x99, 0x9a, 0xff, 0x0, 0x1, 0xfb, 0xb, 0xff,
    0xff, 0x58, 0xf6, 0x0, 0x0, 0xff, 0x0, 0x2,
    0xfb, 0xb, 0xfc, 0xcc, 0x48, 0xf6, 0x0, 0x0,
    0xff, 0x0, 0x3, 0xff, 0xb, 0xf1, 0x0, 0x8,
    0xf7, 0x0, 0x0, 0xff, 0x0, 0x4, 0xff, 0x8b,
    0xf1, 0x0, 0x8, 0xff, 0xff, 0xff, 0xff, 0x0,
    0x6, 0xff, 0xfe, 0xf1, 0x0, 0x5, 0xaa, 0xaa,
    0xaa, 0xaa, 0x0, 0x9, 0xf8, 0xff, 0xf1, 0x0,
    0x0, 0x0, 0x0, 0x0, 0x0, 0x0, 0xc, 0xf0,
    0x9f, 0xfc, 0x72, 0x10, 0x0, 0x0, 0x0, 0x0,
    0x0, 0x1f, 0xd0, 0x7, 0xff, 0xff, 0xff, 0xff,
    0xff, 0xff, 0xff, 0xf2, 0x5f, 0x80, 0x0, 0x26,
    0xbd, 0xef, 0xff, 0xff, 0xff, 0xff, 0xc0, 0x2,
    0x20, 0x0, 0x0, 0x0, 0x0, 0x0, 0x0, 0x0,
    0x0, 0x0,

    /* U+8FBE "达" */
    0x0, 0x0, 0x0, 0x0, 0x0, 0x0, 0x14, 0x30,
    0x0, 0x0, 0x0, 0x0, 0x8a, 0x0, 0x0, 0x0,
    0x0, 0x7f, 0xa0, 0x0, 0x0, 0x0, 0x1, 0xef,
    0x70, 0x0, 0x0, 0x0, 0x7f, 0xa0, 0x0, 0x0,
    0x0, 0x0, 0x5f, 0xf2, 0x0, 0x0, 0x0, 0x8f,
    0x90, 0x0, 0x0, 0x0, 0x0, 0xb, 0xfb, 0x1,
    0x11, 0x11, 0x9f, 0x91, 0x11, 0x11, 0x10, 0x0,
    0x2, 0xf9, 0xe, 0xff, 0xff, 0xff, 0xff, 0xff,
    0xff, 0xa0, 0x0, 0x0, 0x10, 0xc, 0xdd, 0xdd,
    0xff, 0xed, 0xdd, 0xdd, 0x90, 0x0, 0x0, 0x0,
    0x0, 0x0, 0x0, 0xef, 0x30, 0x0, 0x0, 0x0,
    0x3, 0x33, 0x33, 0x0, 0x0, 0x1, 0xff, 0x50,
    0x0, 0x0, 0x0, 0xf, 0xff, 0xfe, 0x0, 0x0,
    0x5, 0xff, 0xf4, 0x0, 0x0, 0x0, 0xc, 0xcc,
    0xfe, 0x0, 0x0, 0xb, 0xfd, 0xff, 0x40, 0x0,
    0x0, 0x0, 0x2, 0xfe, 0x0, 0x0, 0x2f, 0xf2,
    0x9f, 0xf3, 0x0, 0x0, 0x0, 0x2, 0xfe, 0x0,
    0x0, 0xcf, 0xb0, 0xa, 0xff, 0x30, 0x0, 0x0,
    0x2, 0xfe, 0x0, 0x9, 0xff, 0x20, 0x0, 0xbf,
    0xe2, 0x0, 0x0, 0x2, 0xfe, 0x1, 0xbf, 0xf6,
    0x0, 0x0, 0xd, 0xfd, 0x0, 0x0, 0x2, 0xfe,
    0xd, 0xff, 0x60, 0x0, 0x0, 0x2, 0xff, 0x70,
    0x0, 0x8, 0xff, 0x33, 0xc3, 0x0, 0x0, 0x0,
    0x0, 0x58, 0x0, 0x3, 0xef, 0xff, 0xfa, 0x61,
    0x0, 0x0, 0x0, 0x0, 0x0, 0x0, 0x1f, 0xfc,
    0x14, 0xcf, 0xff, 0xfe, 0xdd, 0xdd, 0xee, 0xff,
    0xf0, 0x9, 0xd1, 0x0, 0x4, 0x9e, 0xff, 0xff,
    0xff, 0xff, 0xff, 0xa0, 0x0, 0x20, 0x0, 0x0,
    0x0, 0x1, 0x22, 0x22, 0x11, 0x0, 0x0,

    /* U+8FC7 "过" */
    0x0, 0x0, 0x0, 0x0, 0x0, 0x0, 0x0, 0x0,
    0x77, 0x0, 0x0, 0x0, 0x89, 0x0, 0x0, 0x0,
    0x0, 0x0, 0x1, 0xff, 0x0, 0x0, 0x2, 0xef,
    0xb0, 0x0, 0x0, 0x0, 0x0, 0x1, 0xff, 0x0,
    0x0, 0x0, 0x2e, 0xfa, 0x0, 0x0, 0x0, 0x0,
    0x1, 0xff, 0x0, 0x0, 0x0, 0x3, 0xff, 0x46,
    0xee, 0xee, 0xee, 0xee, 0xff, 0xee, 0xd0, 0x0,
    0x0, 0x54, 0x7, 0xff, 0xff, 0xff, 0xff, 0xff,
    0xff, 0xe0, 0x0, 0x0, 0x0, 0x0, 0x0, 0x0,
    0x0, 0x2, 0xff, 0x10, 0x0, 0x0, 0x0, 0x0,
    0x0, 0x0, 0x0, 0x0, 0x1, 0xff, 0x0, 0x0,
    0x2, 0x22, 0x22, 0x0, 0x4e, 0xb0, 0x0, 0x1,
    0xff, 0x0, 0x0, 0xe, 0xff, 0xfe, 0x0, 0x1e,
    0xf7, 0x0, 0x1, 0xff, 0x0, 0x0, 0xb, 0xcd,
    0xfe, 0x0, 0x3, 0xff, 0x30, 0x1, 0xff, 0x0,
    0x0, 0x0, 0x1, 0xfe, 0x0, 0x0, 0x9f, 0xc0,
    0x1, 0xff, 0x0, 0x0, 0x0, 0x1, 0xfe, 0x0,
    0x0, 0xd, 0x80, 0x1, 0xff, 0x0, 0x0, 0x0,
    0x1, 0xfe, 0x0, 0x0, 0x0, 0x0, 0x1, 0xff,
    0x0, 0x0, 0x0, 0x1, 0xfe, 0x0, 0x0, 0x0,
    0x21, 0x14, 0xff, 0x0, 0x0, 0x0, 0x1, 0xfe,
    0x0, 0x0, 0x0, 0xff, 0xff, 0xfc, 0x0, 0x0,
    0x0, 0x3c, 0xff, 0x70, 0x0, 0x0, 0xaf, 0xed,
    0xa2, 0x0, 0x0, 0x5, 0xff, 0xff, 0xfe, 0x83,
    0x0, 0x0, 0x0, 0x0, 0x1, 0x11, 0x1f, 0xfc,
    0x13, 0xbf, 0xff, 0xff, 0xee, 0xee, 0xff, 0xff,
    0xf4, 0x9, 0xd1, 0x0, 0x3, 0x8d, 0xff, 0xff,
    0xff, 0xff, 0xff, 0xe0, 0x0, 0x20, 0x0, 0x0,
    0x0, 0x1, 0x22, 0x22, 0x11, 0x0, 0x0,

    /* U+8FD0 "运" */
    0x0, 0x10, 0x0, 0x0, 0x1, 0x11, 0x11, 0x11,
    0x11, 0x11, 0x0, 0x2, 0xde, 0x40, 0x0, 0x4f,
    0xff, 0xff, 0xff, 0xff, 0xfe, 0x0, 0x1, 0xaf,
    0xf8, 0x0, 0x3d, 0xdd, 0xdd, 0xdd, 0xdd, 0xdc,
    0x0, 0x0, 0x6, 0xff, 0x90, 0x0, 0x0, 0x0,
    0x0, 0x0, 0x0, 0x0, 0x0, 0x0, 0x3a, 0x0,
    0x0, 0x0, 0x0, 0x0, 0x0, 0x0, 0x0, 0x0,
    0x0, 0x0, 0x3, 0x44, 0x44, 0x44, 0x44, 0x44,
    0x44, 0x41, 0x0, 0x0, 0x0, 0xd, 0xff, 0xff,
    0xff, 0xff, 0xff, 0xff, 0xf6, 0xf, 0xff, 0xfe,
    0x8, 0x99, 0x9d, 0xff, 0x99, 0x99, 0x99, 0x94,
    0xf, 0xff, 0xfe, 0x0, 0x0, 0xe, 0xf8, 0x0,
    0x43, 0x0, 0x0, 0x0, 0x1, 0xfe, 0x0, 0x0,
    0x6f, 0xf1, 0x5, 0xfd, 0x0, 0x0, 0x0, 0x1,
    0xfe, 0x0, 0x0, 0xef, 0x70, 0x0, 0xcf, 0x60,
    0x0, 0x0, 0x1, 0xfe, 0x0, 0x7, 0xfd, 0x0,
    0x0, 0x3f, 0xf1, 0x0, 0x0, 0x1, 0xfe, 0x0,
    0x2f, 0xf4, 0x23, 0x45, 0x6e, 0xfa, 0x0, 0x0,
    0x1, 0xfe, 0x0, 0xef, 0xff, 0xff, 0xff, 0xff,
    0xff, 0x30, 0x0, 0x1, 0xfe, 0x0, 0xbf, 0xff,
    0xdb, 0xa8, 0x75, 0x9f, 0xc0, 0x0, 0x2, 0xff,
    0x10, 0x23, 0x10, 0x0, 0x0, 0x0, 0x1b, 0x40,
    0x0, 0x4e, 0xff, 0xe4, 0x0, 0x0, 0x0, 0x0,
    0x0, 0x0, 0x0, 0x4, 0xff, 0xa7, 0xff, 0xa4,
    0x10, 0x0, 0x0, 0x1, 0x35, 0x87, 0xe, 0xfa,
    0x0, 0x2c, 0xff, 0xff, 0xfe, 0xff, 0xff, 0xff,
    0xf6, 0x6, 0xe1, 0x0, 0x0, 0x5b, 0xef, 0xff,
    0xff, 0xff, 0xff, 0xe3, 0x0, 0x20, 0x0, 0x0,
    0x0, 0x0, 0x11, 0x11, 0x10, 0x0, 0x0,

    /* U+8FD4 "返" */
    0x0, 0x0, 0x0, 0x0, 0x0, 0x0, 0x0, 0x0,
    0x0, 0x12, 0x0, 0x0, 0x69, 0x0, 0x0, 0x1,
    0x23, 0x46, 0x79, 0xbe, 0xff, 0x40, 0x1, 0xef,
    0xa0, 0x0, 0x3f, 0xff, 0xff, 0xff, 0xff, 0xfb,
    0x70, 0x0, 0x3f, 0xf9, 0x0, 0x3f, 0xfa, 0x98,
    0x65, 0x31, 0x0, 0x0, 0x0, 0x4, 0xff, 0x30,
    0x3f, 0xd0, 0x0, 0x0, 0x0, 0x0, 0x0, 0x0,
    0x0, 0x62, 0x0, 0x3f, 0xe3, 0x33, 0x33, 0x33,
    0x32, 0x0, 0x0, 0x0, 0x0, 0x0, 0x3f, 0xff,
    0xff, 0xff, 0xff, 0xff, 0x30, 0x0, 0x0, 0x0,
    0x0, 0x3f, 0xe9, 0x99, 0x99, 0x9b, 0xfe, 0x0,
    0x9, 0xbb, 0xba, 0x0, 0x4f, 0xc0, 0x20, 0x0,
    0x9, 0xf8, 0x0, 0xd, 0xff, 0xfe, 0x0, 0x5f,
    0xb7, 0xf9, 0x0, 0x1f, 0xf2, 0x0, 0x3, 0x36,
    0xfe, 0x0, 0x8f, 0x93, 0xef, 0xb1, 0xbf, 0x90,
    0x0, 0x0, 0x2, 0xfe, 0x0, 0xbf, 0x60, 0x1d,
    0xff, 0xfe, 0x0, 0x0, 0x0, 0x2, 0xfe, 0x1,
    0xff, 0x30, 0x0, 0xef, 0xf7, 0x0, 0x0, 0x0,
    0x2, 0xfe, 0x6, 0xfd, 0x0, 0x1b, 0xff, 0xff,
    0x60, 0x0, 0x0, 0x2, 0xfe, 0x1f, 0xf7, 0x6,
    0xef, 0xe4, 0x8f, 0xf7, 0x0, 0x0, 0x2, 0xfe,
    0x6f, 0xe0, 0xcf, 0xfc, 0x20, 0x7, 0xff, 0x40,
    0x0, 0x1a, 0xff, 0x43, 0x40, 0x4d, 0x50, 0x0,
    0x0, 0x78, 0x0, 0x3, 0xef, 0xff, 0xfb, 0x62,
    0x0, 0x0, 0x0, 0x0, 0x1, 0x22, 0xf, 0xfb,
    0x3, 0xbf, 0xff, 0xfe, 0xdd, 0xde, 0xef, 0xff,
    0xf7, 0x7, 0xd0, 0x0, 0x3, 0x8d, 0xff, 0xff,
    0xff, 0xff, 0xff, 0xf2, 0x0, 0x20, 0x0, 0x0,
    0x0, 0x1, 0x22, 0x22, 0x11, 0x0, 0x0,

    /* U+8FD9 "这" */
    0x0, 0x0, 0x0, 0x0, 0x0, 0x0, 0x24, 0x0,
    0x0, 0x0, 0x0, 0x0, 0x21, 0x0, 0x0, 0x0,
    0x4, 0xff, 0x10, 0x0, 0x0, 0x0, 0x4, 0xfd,
    0x20, 0x0, 0x0, 0x0, 0xdf, 0x90, 0x0, 0x0,
    0x0, 0x0, 0xcf, 0xe1, 0x0, 0x0, 0x0, 0x6f,
    0xd1, 0x0, 0x0, 0x0, 0x0, 0xd, 0xfc, 0x5f,
    0xff, 0xff, 0xff, 0xff, 0xff, 0xff, 0xf0, 0x0,
    0x2, 0xe6, 0x4e, 0xee, 0xee, 0xee, 0xee, 0xff,
    0xee, 0xe0, 0x0, 0x0, 0x0, 0x0, 0x0, 0x0,
    0x0, 0x2, 0xff, 0x0, 0x0, 0x0, 0x0, 0x0,
    0x2, 0xda, 0x10, 0x0, 0x8, 0xfa, 0x0, 0x0,
    0x1, 0x11, 0x11, 0x3, 0xdf, 0xe3, 0x0, 0x1e,
    0xf3, 0x0, 0x0, 0xc, 0xff, 0xfe, 0x0, 0xa,
    0xff, 0x80, 0x9f, 0xb0, 0x0, 0x0, 0x9, 0xcd,
    0xfe, 0x0, 0x0, 0x6f, 0xfd, 0xff, 0x20, 0x0,
    0x0, 0x0, 0x1, 0xfe, 0x0, 0x0, 0x2, 0xdf,
    0xfa, 0x0, 0x0, 0x0, 0x0, 0x1, 0xfe, 0x0,
    0x0, 0x4, 0xef, 0xff, 0x80, 0x0, 0x0, 0x0,
    0x1, 0xfe, 0x0, 0x0, 0x8f, 0xfb, 0x7f, 0xfb,
    0x10, 0x0, 0x0, 0x1, 0xfe, 0x0, 0x7e, 0xff,
    0x80, 0x4, 0xff, 0xd2, 0x0, 0x0, 0x1, 0xfe,
    0x2f, 0xff, 0xd5, 0x0, 0x0, 0x2e, 0xfe, 0x10,
    0x0, 0x2, 0xff, 0x9, 0xe6, 0x0, 0x0, 0x0,
    0x2, 0xd6, 0x0, 0x0, 0x4e, 0xff, 0xd3, 0x0,
    0x0, 0x0, 0x0, 0x0, 0x0, 0x0, 0x5, 0xff,
    0xcb, 0xff, 0xa4, 0x21, 0x0, 0x0, 0x12, 0x47,
    0xa4, 0xe, 0xfb, 0x0, 0x5e, 0xff, 0xff, 0xff,
    0xff, 0xff, 0xff, 0xf1, 0x5, 0xe1, 0x0, 0x0,
    0x5b, 0xef, 0xff, 0xff, 0xff, 0xff, 0xd0, 0x0,
    0x20, 0x0, 0x0, 0x0, 0x0, 0x11, 0x11, 0x0,
    0x0, 0x0,

    /* U+8FDB "进" */
    0x0, 0x1, 0x0, 0x0, 0x0, 0x24, 0x20, 0x1,
    0x43, 0x0, 0x0, 0x1, 0xdd, 0x20, 0x0, 0x0,
    0x7f, 0x90, 0x4, 0xfc, 0x0, 0x0, 0x0, 0xaf,
    0xe2, 0x0, 0x0, 0x7f, 0x90, 0x4, 0xfc, 0x0,
    0x0, 0x0, 0xb, 0xfd, 0x10, 0x0, 0x7f, 0x90,
    0x4, 0xfc, 0x0, 0x0, 0x0, 0x0, 0xcf, 0x46,
    0xee, 0xff, 0xfe, 0xee, 0xff, 0xee, 0x70, 0x0,
    0x0, 0x12, 0x6, 0xff, 0xff, 0xff, 0xff, 0xff,
    0xff, 0x70, 0x0, 0x0, 0x0, 0x0, 0x11, 0x8f,
    0x91, 0x15, 0xfc, 0x11, 0x0, 0x0, 0x0, 0x0,
    0x0, 0x0, 0x7f, 0x90, 0x4, 0xfc, 0x0, 0x0,
    0x9, 0xaa, 0xa9, 0x0, 0x0, 0x7f, 0x90, 0x4,
    0xfc, 0x0, 0x0, 0xe, 0xff, 0xfe, 0x0, 0x0,
    0x8f, 0x90, 0x4, 0xfc, 0x0, 0x0, 0x5, 0x67,
    0xfe, 0x9, 0xff, 0xff, 0xff, 0xff, 0xff, 0xff,
    0xe0, 0x0, 0x1, 0xfe, 0x9, 0xff, 0xff, 0xff,
    0xff, 0xff, 0xff, 0xe0, 0x0, 0x1, 0xfe, 0x0,
    0x0, 0xff, 0x10, 0x4, 0xfc, 0x0, 0x0, 0x0,
    0x1, 0xfe, 0x0, 0x6, 0xfc, 0x0, 0x4, 0xfc,
    0x0, 0x0, 0x0, 0x1, 0xfe, 0x0, 0x1e, 0xf7,
    0x0, 0x4, 0xfc, 0x0, 0x0, 0x0, 0x1, 0xfe,
    0x0, 0xcf, 0xe0, 0x0, 0x4, 0xfc, 0x0, 0x0,
    0x0, 0x8, 0xff, 0x30, 0xaf, 0x30, 0x0, 0x4,
    0xfc, 0x0, 0x0, 0x3, 0xef, 0xff, 0xfb, 0x64,
    0x0, 0x0, 0x0, 0x32, 0x0, 0x0, 0x1f, 0xfb,
    0x12, 0xbf, 0xff, 0xed, 0xdc, 0xcd, 0xde, 0xff,
    0xf3, 0x9, 0xd0, 0x0, 0x3, 0x8d, 0xff, 0xff,
    0xff, 0xff, 0xff, 0xd0, 0x0, 0x20, 0x0, 0x0,
    0x0, 0x1, 0x22, 0x21, 0x11, 0x0, 0x0,

    /* U+8FDE "连" */
    0x0, 0x2, 0x0, 0x0, 0x0, 0x5, 0x50, 0x0,
    0x0, 0x0, 0x0, 0x0, 0xaf, 0x40, 0x0, 0x0,
    0xd, 0xf7, 0x0, 0x0, 0x0, 0x0, 0x0, 0x6f,
    0xf2, 0x3, 0x55, 0x6f, 0xf7, 0x55, 0x55, 0x55,
    0x30, 0x0, 0x9, 0xfd, 0xa, 0xff, 0xff, 0xff,
    0xff, 0xff, 0xff, 0x90, 0x0, 0x0, 0xdf, 0x55,
    0x78, 0xff, 0x97, 0x77, 0x77, 0x77, 0x40, 0x0,
    0x0, 0x35, 0x0, 0x6, 0xfc, 0x1, 0x87, 0x0,
    0x0, 0x0, 0x0, 0x0, 0x0, 0x0, 0xd, 0xf4,
    0x3, 0xfe, 0x0, 0x0, 0x0, 0x2, 0x22, 0x22,
    0x0, 0x7f, 0xd1, 0x4, 0xfe, 0x0, 0x0, 0x0,
    0xd, 0xff, 0xfd, 0x1, 0xff, 0xff, 0xff, 0xff,
    0xff, 0xff, 0x0, 0xa, 0xbc, 0xfd, 0x0, 0xcf,
    0xed, 0xde, 0xff, 0xdd, 0xdd, 0x0, 0x0, 0x1,
    0xfd, 0x0, 0x10, 0x0, 0x3, 0xfe, 0x0, 0x0,
    0x0, 0x0, 0x1, 0xfd, 0x0, 0x0, 0x0, 0x3,
    0xfe, 0x0, 0x0, 0x0, 0x0, 0x1, 0xfd, 0x8,
    0x99, 0x99, 0x9a, 0xff, 0x99, 0x99, 0x80, 0x0,
    0x1, 0xfd, 0xd, 0xff, 0xff, 0xff, 0xff, 0xff,
    0xff, 0xe0, 0x0, 0x1, 0xfd, 0x5, 0x55, 0x55,
    0x58, 0xff, 0x55, 0x55, 0x50, 0x0, 0x1, 0xfd,
    0x0, 0x0, 0x0, 0x3, 0xfe, 0x0, 0x0, 0x0,
    0x0, 0x7, 0xfe, 0x10, 0x0, 0x0, 0x3, 0xfe,
    0x0, 0x0, 0x0, 0x0, 0xaf, 0xff, 0xe3, 0x0,
    0x0, 0x3, 0xfe, 0x0, 0x0, 0x0, 0x8, 0xfe,
    0x37, 0xff, 0xa5, 0x21, 0x0, 0x0, 0x12, 0x46,
    0x97, 0x1f, 0xf5, 0x0, 0x4e, 0xff, 0xff, 0xff,
    0xff, 0xff, 0xff, 0xf4, 0x7, 0xc0, 0x0, 0x1,
    0x7c, 0xff, 0xff, 0xff, 0xff, 0xff, 0xe1, 0x0,
    0x10, 0x0, 0x0, 0x0, 0x0, 0x11, 0x11, 0x0,
    0x0, 0x0,

    /* U+9001 "送" */
    0x0, 0x15, 0x0, 0x0, 0x2, 0x82, 0x0, 0x0,
    0x9, 0x71, 0x0, 0x0, 0xdf, 0x60, 0x0, 0x7,
    0xfb, 0x0, 0x0, 0x3f, 0xf2, 0x0, 0x0, 0x4f,
    0xf4, 0x0, 0x0, 0xef, 0x40, 0x0, 0xbf, 0x70,
    0x0, 0x0, 0x7, 0xfe, 0x10, 0x0, 0x6f, 0x80,
    0x4, 0xfd, 0x0, 0x0, 0x0, 0x0, 0xcf, 0x50,
    0xdd, 0xde, 0xdd, 0xde, 0xfe, 0xdd, 0x50, 0x0,
    0x0, 0x22, 0x0, 0xff, 0xff, 0xff, 0xff, 0xff,
    0xff, 0x60, 0x0, 0x0, 0x0, 0x0, 0x0, 0x0,
    0x2f, 0xf1, 0x0, 0x0, 0x0, 0x3, 0x44, 0x43,
    0x0, 0x0, 0x0, 0x1f, 0xf0, 0x0, 0x0, 0x0,
    0xc, 0xff, 0xfd, 0x0, 0x0, 0x0, 0x1f, 0xf0,
    0x0, 0x0, 0x0, 0x9, 0xbc, 0xfd, 0xa, 0xdd,
    0xdd, 0xef, 0xfe, 0xdd, 0xdd, 0xd1, 0x0, 0x1,
    0xfd, 0xc, 0xff, 0xff, 0xff, 0xff, 0xff, 0xff,
    0xf1, 0x0, 0x1, 0xfd, 0x0, 0x0, 0x0, 0x9f,
    0xf9, 0x0, 0x0, 0x0, 0x0, 0x1, 0xfd, 0x0,
    0x0, 0x1, 0xef, 0xff, 0xa0, 0x0, 0x0, 0x0,
    0x1, 0xfd, 0x0, 0x0, 0xb, 0xfc, 0x2e, 0xfb,
    0x0, 0x0, 0x0, 0x1, 0xfd, 0x0, 0x1, 0xcf,
    0xe2, 0x1, 0xdf, 0xc0, 0x0, 0x0, 0x1, 0xfd,
    0x1, 0x8f, 0xfe, 0x30, 0x0, 0x1d, 0xfc, 0x0,
    0x0, 0x8, 0xfe, 0x5, 0xff, 0xb1, 0x0, 0x0,
    0x1, 0xec, 0x0, 0x0, 0xbf, 0xff, 0xd2, 0x53,
    0x0, 0x0, 0x0, 0x0, 0x20, 0x0, 0xa, 0xfd,
    0x29, 0xff, 0x94, 0x10, 0x0, 0x0, 0x12, 0x36,
    0x97, 0x3f, 0xf3, 0x0, 0x5f, 0xff, 0xff, 0xff,
    0xff, 0xff, 0xff, 0xf4, 0x9, 0x90, 0x0, 0x1,
    0x7c, 0xff, 0xff, 0xff, 0xff, 0xff, 0xe1, 0x0,
    0x10, 0x0, 0x0, 0x0, 0x0, 0x11, 0x11, 0x0,
    0x0, 0x0,

    /* U+9009 "选" */
    0x0, 0x0, 0x0, 0x0, 0x0, 0x0, 0x68, 0x20,
    0x0, 0x0, 0x0, 0xa7, 0x0, 0x0, 0x7, 0xc5,
    0xb, 0xf4, 0x0, 0x0, 0x0, 0x4f, 0xf9, 0x0,
    0x0, 0xdf, 0x40, 0xbf, 0x40, 0x0, 0x0, 0x0,
    0x5f, 0xf7, 0x0, 0x4f, 0xfb, 0xbe, 0xfc, 0xbb,
    0xbb, 0x10, 0x0, 0x5f, 0xf2, 0xc, 0xff, 0xff,
    0xff, 0xff, 0xff, 0xf2, 0x0, 0x0, 0x85, 0x7,
    0xfe, 0x10, 0xc, 0xf5, 0x0, 0x0, 0x0, 0x0,
    0x0, 0x0, 0x7f, 0x40, 0x0, 0xbf, 0x40, 0x0,
    0x0, 0x0, 0x0, 0x0, 0x0, 0x20, 0x0, 0xb,
    0xf4, 0x0, 0x0, 0x0, 0x0, 0x0, 0x0, 0xce,
    0xee, 0xee, 0xff, 0xee, 0xee, 0xee, 0x1a, 0xff,
    0xfe, 0xd, 0xff, 0xff, 0xff, 0xff, 0xff, 0xff,
    0xf1, 0x9e, 0xef, 0xe0, 0x0, 0x3, 0xfe, 0x1,
    0xff, 0x0, 0x0, 0x0, 0x1, 0xfe, 0x0, 0x0,
    0x6f, 0xb0, 0x1f, 0xf0, 0x0, 0x0, 0x0, 0x1f,
    0xe0, 0x0, 0xc, 0xf7, 0x1, 0xff, 0x0, 0x10,
    0x0, 0x1, 0xfe, 0x0, 0x6, 0xff, 0x10, 0x1f,
    0xf0, 0x8, 0xd2, 0x0, 0x1f, 0xe0, 0x7, 0xff,
    0x70, 0x1, 0xff, 0x0, 0xaf, 0x30, 0x1, 0xfe,
    0x2e, 0xff, 0x80, 0x0, 0xf, 0xff, 0xef, 0xf0,
    0x0, 0x1f, 0xf2, 0x9d, 0x40, 0x0, 0x0, 0x7f,
    0xff, 0xf7, 0x0, 0xa, 0xff, 0xf7, 0x0, 0x0,
    0x0, 0x0, 0x0, 0x0, 0x0, 0xc, 0xff, 0x9d,
    0xfb, 0x40, 0x0, 0x0, 0x0, 0x2, 0x47, 0x3a,
    0xfe, 0x20, 0xa, 0xff, 0xff, 0xed, 0xee, 0xff,
    0xff, 0xf1, 0x3f, 0x40, 0x0, 0x2, 0x8d, 0xff,
    0xff, 0xff, 0xff, 0xec, 0x0, 0x20, 0x0, 0x0,
    0x0, 0x0, 0x11, 0x11, 0x0, 0x0, 0x0,

    /* U+9012 "递" */
    0x0, 0x0, 0x0, 0x0, 0x5, 0x30, 0x0, 0x4,
    0x40, 0x0, 0x0, 0x26, 0x0, 0x0, 0x4, 0xfe,
    0x0, 0x0, 0xef, 0x40, 0x0, 0x1e, 0xf6, 0x0,
    0x0, 0xb, 0xf6, 0x0, 0x9f, 0x90, 0x0, 0x0,
    0x5f, 0xf2, 0x5, 0xbb, 0xdf, 0xbb, 0xbf, 0xfc,
    0xba, 0x0, 0x0, 0xaf, 0xb0, 0x7f, 0xff, 0xff,
    0xff, 0xff, 0xff, 0xe0, 0x0, 0x1, 0xfa, 0x10,
    0x0, 0x0, 0x1f, 0xf0, 0x0, 0xde, 0x0, 0x0,
    0x0, 0x0, 0x6, 0x99, 0x99, 0xff, 0x99, 0x9f,
    0xe0, 0x0, 0x0, 0x0, 0x0, 0xdf, 0xff, 0xff,
    0xff, 0xff, 0xfe, 0x0, 0x78, 0x88, 0x80, 0xf,
    0xe2, 0x23, 0xff, 0x22, 0x22, 0x20, 0xd, 0xff,
    0xfe, 0x1, 0xfb, 0x0, 0x1f, 0xf0, 0x0, 0x0,
    0x0, 0x8a, 0xaf, 0xe0, 0x4f, 0xff, 0xff, 0xff,
    0xff, 0xff, 0xfb, 0x0, 0x1, 0xfe, 0x4, 0xbb,
    0xbc, 0xff, 0xfb, 0xbb, 0xbf, 0xb0, 0x0, 0x1f,
    0xe0, 0x0, 0x3, 0xef, 0xff, 0x0, 0x3, 0xfa,
    0x0, 0x1, 0xfe, 0x0, 0x5, 0xff, 0x9f, 0xf0,
    0x0, 0x6f, 0x80, 0x0, 0x1f, 0xe0, 0x3c, 0xff,
    0x51, 0xff, 0xd, 0xef, 0xf4, 0x0, 0x1, 0xfe,
    0x1e, 0xfb, 0x20, 0x1f, 0xf0, 0x7b, 0xa6, 0x0,
    0x1, 0x9f, 0xf5, 0x24, 0x0, 0x1, 0xff, 0x0,
    0x0, 0x0, 0x2, 0xdf, 0xef, 0xfc, 0x72, 0x0,
    0x6, 0x60, 0x0, 0x1, 0x21, 0xcf, 0xd1, 0x2b,
    0xff, 0xff, 0xed, 0xdd, 0xee, 0xff, 0xff, 0x53,
    0xf2, 0x0, 0x2, 0x8d, 0xff, 0xff, 0xff, 0xff,
    0xff, 0xe0, 0x2, 0x0, 0x0, 0x0, 0x0, 0x12,
    0x22, 0x11, 0x10, 0x0, 0x0,

    /* U+901A "通" */
    0x0, 0x41, 0x0, 0x0, 0x9a, 0xaa, 0xaa, 0xaa,
    0xaa, 0xb4, 0x0, 0x5, 0xfe, 0x20, 0x0, 0xcf,
    0xff, 0xff, 0xff, 0xff, 0xfb, 0x0, 0x0, 0xaf,
    0xf4, 0x0, 0x0, 0x29, 0x30, 0x4, 0xef, 0x90,
    0x0, 0x0, 0x8, 0xff, 0x40, 0x0, 0x9f, 0xfd,
    0xbf, 0xd4, 0x0, 0x0, 0x0, 0x0, 0x8d, 0x20,
    0x0, 0x1, 0x8e, 0xff, 0x81, 0x0, 0x0, 0x0,
    0x0, 0x1, 0x0, 0xef, 0xff, 0xff, 0xff, 0xff,
    0xff, 0x20, 0x0, 0x0, 0x0, 0x0, 0xef, 0x87,
    0x7e, 0xf8, 0x77, 0xef, 0x20, 0x0, 0x0, 0x0,
    0x0, 0xef, 0x0, 0xc, 0xf1, 0x0, 0xdf, 0x20,
    0xf, 0xff, 0xfe, 0x0, 0xef, 0xaa, 0xae, 0xfb,
    0xaa, 0xff, 0x20, 0xe, 0xee, 0xfe, 0x0, 0xef,
    0xdd, 0xdf, 0xfd, 0xdd, 0xff, 0x20, 0x0, 0x1,
    0xfe, 0x0, 0xef, 0x0, 0xc, 0xf1, 0x0, 0xdf,
    0x20, 0x0, 0x1, 0xfe, 0x0, 0xef, 0x99, 0x9e,
    0xfa, 0x99, 0xef, 0x20, 0x0, 0x1, 0xfe, 0x0,
    0xef, 0xff, 0xff, 0xff, 0xff, 0xff, 0x20, 0x0,
    0x1, 0xfe, 0x0, 0xef, 0x0, 0xc, 0xf1, 0x0,
    0xdf, 0x20, 0x0, 0x1, 0xfe, 0x0, 0xef, 0x0,
    0xc, 0xf1, 0x11, 0xef, 0x20, 0x0, 0x2, 0xff,
    0x0, 0xef, 0x0, 0xc, 0xf1, 0xdf, 0xff, 0x0,
    0x0, 0x8f, 0xff, 0xe7, 0xa8, 0x0, 0x5, 0x70,
    0x69, 0x82, 0x0, 0xc, 0xfe, 0x56, 0xdf, 0xfe,
    0xbb, 0xaa, 0xaa, 0xbb, 0xbc, 0xc1, 0x9, 0xe2,
    0x0, 0x5, 0xae, 0xff, 0xff, 0xff, 0xff, 0xff,
    0xd0, 0x0, 0x20, 0x0, 0x0, 0x0, 0x1, 0x22,
    0x22, 0x11, 0x0, 0x0,

    /* U+914D "配" */
    0xdf, 0xff, 0xff, 0xff, 0xff, 0xc, 0xcc, 0xcc,
    0xcc, 0xc9, 0xc, 0xee, 0xff, 0xef, 0xee, 0xe0,
    0xff, 0xff, 0xff, 0xff, 0xb0, 0x0, 0xc, 0x94,
    0xf2, 0x0, 0x3, 0x33, 0x33, 0x36, 0xfb, 0x0,
    0x0, 0xc9, 0x4f, 0x20, 0x0, 0x0, 0x0, 0x0,
    0x4f, 0xb0, 0x4b, 0xbf, 0xec, 0xfc, 0xb6, 0x0,
    0x0, 0x0, 0x4, 0xfb, 0x6, 0xff, 0xff, 0xff,
    0xff, 0x90, 0x0, 0x0, 0x0, 0x4f, 0xb0, 0x6f,
    0x48, 0x97, 0xa2, 0xf9, 0x0, 0x0, 0x0, 0x4,
    0xfb, 0x6, 0xf3, 0x78, 0x69, 0x1f, 0x90, 0xbc,
    0xcc, 0xcc, 0xdf, 0xb0, 0x6f, 0x39, 0x76, 0x91,
    0xf9, 0xe, 0xff, 0xff, 0xff, 0xfb, 0x6, 0xf3,
    0xc5, 0x6a, 0x1f, 0x90, 0xef, 0x51, 0x11, 0x5f,
    0xb0, 0x6f, 0x7f, 0x5, 0xfd, 0xf9, 0xe, 0xf3,
    0x0, 0x2, 0x75, 0x6, 0xfa, 0x60, 0x3, 0x5f,
    0x90, 0xef, 0x30, 0x0, 0x0, 0x0, 0x6f, 0x30,
    0x0, 0x1, 0xf9, 0xe, 0xf3, 0x0, 0x0, 0x0,
    0x6, 0xff, 0xff, 0xff, 0xff, 0x90, 0xef, 0x30,
    0x0, 0x0, 0x0, 0x6f, 0xa8, 0x88, 0x89, 0xf9,
    0xe, 0xf3, 0x0, 0x0, 0x5c, 0x36, 0xf3, 0x0,
    0x0, 0x1f, 0x90, 0xef, 0x30, 0x0, 0x6, 0xf8,
    0x6f, 0xa9, 0x99, 0x99, 0xf9, 0xe, 0xf3, 0x0,
    0x0, 0x8f, 0x66, 0xff, 0xff, 0xff, 0xff, 0x90,
    0xdf, 0x60, 0x0, 0xc, 0xf3, 0x6f, 0x40, 0x0,
    0x2, 0xf9, 0xa, 0xff, 0xff, 0xff, 0xfe, 0x6,
    0xf3, 0x0, 0x0, 0x1d, 0x80, 0x2c, 0xff, 0xff,
    0xfd, 0x30, 0x1, 0x0, 0x0, 0x0, 0x0, 0x0,
    0x0, 0x0, 0x0, 0x0, 0x0,

    /* U+9192 "醒" */
    0x9a, 0xaa, 0xaa, 0xaa, 0xa3, 0x8a, 0xaa, 0xaa,
    0xaa, 0xa0, 0xe, 0xff, 0xff, 0xff, 0xff, 0x5b,
    0xff, 0xff, 0xff, 0xff, 0x10, 0x11, 0x5f, 0x4c,
    0xb1, 0x10, 0xbf, 0x10, 0x0, 0xc, 0xf1, 0x0,
    0x4, 0xf3, 0xbb, 0x0, 0xb, 0xf9, 0x88, 0x88,
    0xef, 0x10, 0x47, 0x9f, 0x9d, 0xd7, 0x71, 0xbf,
    0xff, 0xff, 0xff, 0xf1, 0x9, 0xff, 0xff, 0xff,
    0xff, 0x2b, 0xf1, 0x0, 0x0, 0xcf, 0x10, 0x9f,
    0x2f, 0x5d, 0x78, 0xf2, 0xbf, 0xa9, 0x99, 0x9e,
    0xf1, 0x9, 0xf0, 0xf3, 0xc5, 0x7f, 0x2b, 0xff,
    0xff, 0xff, 0xff, 0x10, 0x9f, 0xf, 0x2c, 0x57,
    0xf2, 0x3, 0x0, 0x0, 0x0, 0x0, 0x9, 0xf3,
    0xf0, 0xc6, 0x7f, 0x24, 0xf7, 0xe, 0xc0, 0x0,
    0x0, 0x9f, 0xab, 0xb, 0xdd, 0xf2, 0xaf, 0xcb,
    0xff, 0xbb, 0xb5, 0x9, 0xfc, 0x20, 0x16, 0xaf,
    0x5f, 0xff, 0xff, 0xff, 0xff, 0x60, 0x9f, 0x0,
    0x0, 0x7, 0xfe, 0xf1, 0x0, 0xfd, 0x0, 0x0,
    0x9, 0xfa, 0xaa, 0xaa, 0xdf, 0x87, 0x0, 0x1f,
    0xd0, 0x0, 0x0, 0x9f, 0xff, 0xff, 0xff, 0xf2,
    0x8f, 0xff, 0xff, 0xff, 0xf0, 0x9, 0xf0, 0x0,
    0x0, 0x7f, 0x24, 0x77, 0x7f, 0xe7, 0x77, 0x0,
    0x9f, 0x99, 0x99, 0x9c, 0xf2, 0x0, 0x0, 0xfd,
    0x0, 0x0, 0x9, 0xff, 0xff, 0xff, 0xff, 0x20,
    0x0, 0xf, 0xd0, 0x0, 0x0, 0x9f, 0x0, 0x0,
    0x7, 0xf7, 0xcc, 0xcd, 0xff, 0xcc, 0xcc, 0x19,
    0xf0, 0x0, 0x0, 0x7f, 0x7e, 0xee, 0xee, 0xee,
    0xee, 0xe1,

    /* U+91CC "里" */
    0x0, 0x8c, 0xcc, 0xcc, 0xcc, 0xcc, 0xcc, 0xcc,
    0xcc, 0x0, 0x0, 0xaf, 0xff, 0xff, 0xff, 0xff,
    0xff, 0xff, 0xff, 0x0, 0x0, 0xaf, 0x60, 0x0,
    0xd, 0xf2, 0x0, 0x2, 0xff, 0x0, 0x0, 0xaf,
    0x60, 0x0, 0xd, 0xf1, 0x0, 0x1, 0xff, 0x0,
    0x0, 0xaf, 0xda, 0xaa, 0xaf, 0xfb, 0xaa, 0xab,
    0xff, 0x0, 0x0, 0xaf, 0xff, 0xff, 0xff, 0xff,
    0xff, 0xff, 0xff, 0x0, 0x0, 0xaf, 0x60, 0x0,
    0xd, 0xf2, 0x0, 0x2, 0xff, 0x0, 0x0, 0xaf,
    0x60, 0x0, 0xd, 0xf1, 0x0, 0x1, 0xff, 0x0,
    0x0, 0xaf, 0xca, 0xaa, 0xaf, 0xfb, 0xaa, 0xab,
    0xff, 0x0, 0x0, 0xaf, 0xff, 0xff, 0xff, 0xff,
    0xff, 0xff, 0xff, 0x0, 0x0, 0x22, 0x22, 0x22,
    0x2f, 0xf6, 0x22, 0x22, 0x22, 0x0, 0x0, 0x0,
    0x0, 0x0, 0xf, 0xf4, 0x0, 0x0, 0x0, 0x0,
    0x0, 0x11, 0x11, 0x11, 0x1f, 0xf5, 0x11, 0x11,
    0x11, 0x10, 0x5, 0xff, 0xff, 0xff, 0xff, 0xff,
    0xff, 0xff, 0xff, 0xc0, 0x4, 0xcc, 0xcc, 0xcc,
    0xcf, 0xfd, 0xcc, 0xcc, 0xcc, 0xa0, 0x0, 0x0,
    0x0, 0x0, 0xf, 0xf4, 0x0, 0x0, 0x0, 0x0,
    0x0, 0x0, 0x0, 0x0, 0xf, 0xf4, 0x0, 0x0,
    0x0, 0x0, 0xbd, 0xdd, 0xdd, 0xdd, 0xdf, 0xfe,
    0xdd, 0xdd, 0xdd, 0xdc, 0xdf, 0xff, 0xff, 0xff,
    0xff, 0xff, 0xff, 0xff, 0xff, 0xfe, 0x0, 0x0,
    0x0, 0x0, 0x0, 0x0, 0x0, 0x0, 0x0, 0x0,

    /* U+91CD "重" */
    0x0, 0x0, 0x0, 0x0, 0x0, 0x0, 0x0, 0x14,
    0x50, 0x0, 0x0, 0x45, 0x67, 0x78, 0x9a, 0xbc,
    0xef, 0xff, 0xf4, 0x0, 0x0, 0xef, 0xff, 0xff,
    0xff, 0xfe, 0xdb, 0xa8, 0x52, 0x0, 0x0, 0x34,
    0x43, 0x32, 0x3f, 0xf0, 0x0, 0x0, 0x0, 0x0,
    0x8a, 0xaa, 0xaa, 0xaa, 0xbf, 0xfa, 0xaa, 0xaa,
    0xaa, 0xa8, 0xcf, 0xff, 0xff, 0xff, 0xff, 0xff,
    0xff, 0xff, 0xff, 0xfc, 0x0, 0x0, 0x0, 0x0,
    0x2f, 0xf0, 0x0, 0x0, 0x0, 0x0, 0x0, 0x8f,
    0xff, 0xff, 0xff, 0xff, 0xff, 0xff, 0xfa, 0x0,
    0x0, 0x8f, 0xb7, 0x77, 0x8f, 0xf7, 0x77, 0x7a,
    0xfb, 0x0, 0x0, 0x8f, 0x81, 0x11, 0x3f, 0xf1,
    0x11, 0x17, 0xfb, 0x0, 0x0, 0x8f, 0xff, 0xff,
    0xff, 0xff, 0xff, 0xff, 0xfb, 0x0, 0x0, 0x8f,
    0x93, 0x33, 0x5f, 0xf3, 0x33, 0x38, 0xfb, 0x0,
    0x0, 0x8f, 0xa6, 0x66, 0x7f, 0xf6, 0x66, 0x6a,
    0xfb, 0x0, 0x0, 0x8f, 0xff, 0xff, 0xff, 0xff,
    0xff, 0xff, 0xfb, 0x0, 0x0, 0x0, 0x0, 0x0,
    0x2f, 0xf0, 0x0, 0x0, 0x0, 0x0, 0x2, 0xaa,
    0xaa, 0xaa, 0xbf, 0xfa, 0xaa, 0xaa, 0xaa, 0x50,
    0x4, 0xff, 0xff, 0xff, 0xff, 0xff, 0xff, 0xff,
    0xff, 0x80, 0x0, 0x0, 0x0, 0x0, 0x2f, 0xf0,
    0x0, 0x0, 0x0, 0x0, 0x99, 0x99, 0x99, 0x99,
    0xaf, 0xf9, 0x99, 0x99, 0x99, 0x99, 0xef, 0xff,
    0xff, 0xff, 0xff, 0xff, 0xff, 0xff, 0xff, 0xff,
    0x0, 0x0, 0x0, 0x0, 0x0, 0x0, 0x0, 0x0,
    0x0, 0x0,

    /* U+949F "钟" */
    0x0, 0x2, 0x20, 0x0, 0x0, 0x0, 0x0, 0x56,
    0x0, 0x0, 0x0, 0x0, 0xaf, 0x60, 0x0, 0x0,
    0x0, 0xe, 0xf1, 0x0, 0x0, 0x0, 0x2f, 0xf2,
    0x0, 0x0, 0x0, 0x0, 0xef, 0x10, 0x0, 0x0,
    0xa, 0xff, 0xff, 0xff, 0x10, 0x0, 0xe, 0xf1,
    0x0, 0x0, 0x6, 0xff, 0xdd, 0xdd, 0xd1, 0x0,
    0x0, 0xef, 0x10, 0x0, 0x2, 0xff, 0x60, 0x0,
    0x0, 0x4e, 0xee, 0xef, 0xfe, 0xee, 0xec, 0x1f,
    0xb0, 0x0, 0x0, 0x4, 0xff, 0xff, 0xff, 0xff,
    0xff, 0xe0, 0x6a, 0xff, 0xff, 0xfa, 0x4f, 0x91,
    0x1e, 0xf3, 0x13, 0xfe, 0x0, 0x7c, 0xff, 0xdc,
    0x84, 0xf8, 0x0, 0xef, 0x10, 0x1f, 0xe0, 0x0,
    0xc, 0xf3, 0x0, 0x4f, 0x80, 0xe, 0xf1, 0x1,
    0xfe, 0x0, 0x0, 0xcf, 0x30, 0x4, 0xf8, 0x0,
    0xef, 0x10, 0x1f, 0xe0, 0x68, 0x8e, 0xf9, 0x88,
    0x5f, 0x90, 0xe, 0xf2, 0x2, 0xfe, 0xd, 0xff,
    0xff, 0xff, 0xf6, 0xff, 0xff, 0xff, 0xff, 0xff,
    0xe0, 0x45, 0x5d, 0xf7, 0x55, 0x5f, 0xff, 0xff,
    0xff, 0xff, 0xfe, 0x0, 0x0, 0xcf, 0x30, 0x4,
    0xf8, 0x0, 0xef, 0x10, 0x1e, 0xd0, 0x0, 0xc,
    0xf3, 0x0, 0x1, 0x0, 0xe, 0xf1, 0x0, 0x0,
    0x0, 0x0, 0xcf, 0x33, 0xb1, 0x0, 0x0, 0xef,
    0x10, 0x0, 0x0, 0x0, 0xd, 0xfd, 0xff, 0x40,
    0x0, 0xe, 0xf1, 0x0, 0x0, 0x0, 0x4, 0xff,
    0xfd, 0x40, 0x0, 0x0, 0xef, 0x10, 0x0, 0x0,
    0x0, 0xcf, 0xe6, 0x0, 0x0, 0x0, 0xe, 0xf1,
    0x0, 0x0, 0x0, 0x3, 0x80, 0x0, 0x0, 0x0,
    0x0, 0xef, 0x10, 0x0, 0x0,

    /* U+94C3 "铃" */
    0x0, 0x1, 0x10, 0x0, 0x0, 0x0, 0x0, 0x41,
    0x0, 0x0, 0x0, 0x0, 0xb, 0xf5, 0x0, 0x0,
    0x0, 0x1, 0xff, 0x10, 0x0, 0x0, 0x0, 0x2f,
    0xf1, 0x0, 0x0, 0x0, 0x8, 0xff, 0x30, 0x0,
    0x0, 0x0, 0xbf, 0xff, 0xff, 0xf0, 0x0, 0x2f,
    0xff, 0xc0, 0x0, 0x0, 0x7, 0xff, 0xee, 0xee,
    0xe0, 0x0, 0xcf, 0x78, 0xf8, 0x0, 0x0, 0x4f,
    0xf5, 0x0, 0x0, 0x0, 0x9, 0xfc, 0x0, 0xdf,
    0x50, 0x0, 0x2f, 0xa0, 0x0, 0x0, 0x0, 0x7f,
    0xf1, 0x0, 0x3f, 0xf4, 0x0, 0x6, 0xcf, 0xff,
    0xff, 0x47, 0xff, 0x4a, 0xd1, 0x7, 0xff, 0x50,
    0x0, 0xac, 0xff, 0xdc, 0xaf, 0xf3, 0x6, 0xfd,
    0x0, 0x9f, 0xe1, 0x0, 0x0, 0xbf, 0x40, 0x9,
    0x30, 0x0, 0x9e, 0x40, 0x8, 0x30, 0x0, 0x0,
    0xbf, 0x40, 0x0, 0x45, 0x55, 0x56, 0x55, 0x50,
    0x0, 0xa, 0xcc, 0xff, 0xdc, 0xc1, 0xcf, 0xff,
    0xff, 0xff, 0xfa, 0x0, 0xd, 0xff, 0xff, 0xff,
    0xf1, 0x68, 0x88, 0x88, 0x9f, 0xf4, 0x0, 0x0,
    0x0, 0xbf, 0x40, 0x0, 0x0, 0x0, 0x0, 0x9f,
    0xb0, 0x0, 0x0, 0x0, 0xbf, 0x40, 0x0, 0x0,
    0x0, 0x3, 0xff, 0x20, 0x0, 0x0, 0x0, 0xbf,
    0x40, 0x0, 0x4, 0xe5, 0xd, 0xf7, 0x0, 0x0,
    0x0, 0x0, 0xbf, 0x44, 0xc3, 0x6, 0xff, 0xdf,
    0xb0, 0x0, 0x0, 0x0, 0x0, 0xef, 0xef, 0xf5,
    0x0, 0x3e, 0xff, 0x30, 0x0, 0x0, 0x0, 0x6,
    0xff, 0xfb, 0x20, 0x0, 0x1, 0xbf, 0xe3, 0x0,
    0x0, 0x0, 0xb, 0xfb, 0x30, 0x0, 0x0, 0x0,
    0x9, 0xfe, 0x0, 0x0, 0x0, 0x1, 0x50, 0x0,
    0x0, 0x0, 0x0, 0x0, 0x72, 0x0, 0x0,

    /* U+9500 "销" */
    0x0, 0x1, 0x20, 0x0, 0x0, 0x0, 0x0, 0x67,
    0x0, 0x0, 0x0, 0x0, 0xaf, 0x50, 0x0, 0x7,
    0x30, 0xd, 0xf1, 0x2, 0xb4, 0x0, 0x2f, 0xe0,
    0x0, 0x4, 0xfd, 0x0, 0xdf, 0x10, 0x9f, 0x70,
    0xa, 0xff, 0xff, 0xff, 0xb, 0xf6, 0xd, 0xf1,
    0x1f, 0xe0, 0x6, 0xff, 0xee, 0xee, 0xe0, 0x3f,
    0xd0, 0xdf, 0x1a, 0xf6, 0x3, 0xff, 0x40, 0x0,
    0x0, 0x0, 0xc7, 0xd, 0xf1, 0x7b, 0x0, 0xe,
    0xa0, 0x0, 0x0, 0x0, 0x23, 0x22, 0xdf, 0x42,
    0x33, 0x0, 0x5c, 0xff, 0xff, 0xf9, 0x3f, 0xff,
    0xff, 0xff, 0xff, 0xf1, 0x0, 0x9c, 0xff, 0xdc,
    0x73, 0xfe, 0xcc, 0xcc, 0xcc, 0xff, 0x10, 0x0,
    0xc, 0xf1, 0x0, 0x3f, 0xa0, 0x0, 0x0, 0xb,
    0xf1, 0x0, 0x0, 0xcf, 0x10, 0x3, 0xfc, 0x66,
    0x66, 0x66, 0xdf, 0x10, 0x9c, 0xcf, 0xfd, 0xcc,
    0x4f, 0xff, 0xff, 0xff, 0xff, 0xf1, 0xb, 0xff,
    0xff, 0xff, 0xf4, 0xfc, 0x44, 0x44, 0x44, 0xdf,
    0x10, 0x0, 0xc, 0xf2, 0x0, 0x3f, 0xa0, 0x0,
    0x0, 0xb, 0xf1, 0x0, 0x0, 0xcf, 0x10, 0x3,
    0xfe, 0xbb, 0xbb, 0xbb, 0xef, 0x10, 0x0, 0xc,
    0xf1, 0x0, 0x3f, 0xff, 0xff, 0xff, 0xff, 0xf1,
    0x0, 0x0, 0xcf, 0x39, 0xa3, 0xfa, 0x0, 0x0,
    0x0, 0xbf, 0x10, 0x0, 0xd, 0xff, 0xfd, 0x3f,
    0xa0, 0x0, 0x0, 0xb, 0xf1, 0x0, 0x5, 0xff,
    0xfa, 0x13, 0xfa, 0x0, 0x0, 0x0, 0xcf, 0x10,
    0x0, 0x9f, 0xc3, 0x0, 0x3f, 0xa0, 0x0, 0x5f,
    0xff, 0xf0, 0x0, 0x1, 0x70, 0x0, 0x3, 0xfa,
    0x0, 0x0, 0xdc, 0xb4, 0x0,

    /* U+9519 "错" */
    0x0, 0x4, 0x72, 0x0, 0x0, 0x5, 0xc5, 0x0,
    0xac, 0x0, 0x0, 0x0, 0xc, 0xf5, 0x0, 0x0,
    0x6, 0xf7, 0x0, 0xcf, 0x10, 0x0, 0x0, 0x3f,
    0xe0, 0x0, 0x0, 0x6, 0xf7, 0x0, 0xcf, 0x10,
    0x0, 0x0, 0xbf, 0xff, 0xff, 0xd5, 0xce, 0xfe,
    0xcc, 0xff, 0xdc, 0x60, 0x8, 0xff, 0xee, 0xee,
    0xc6, 0xff, 0xff, 0xff, 0xff, 0xff, 0x80, 0x2f,
    0xf4, 0x0, 0x0, 0x0, 0x6, 0xf7, 0x0, 0xcf,
    0x10, 0x0, 0xc, 0xb5, 0x55, 0x55, 0x30, 0x6,
    0xf7, 0x0, 0xcf, 0x10, 0x0, 0x1, 0xaf, 0xff,
    0xff, 0x88, 0xac, 0xfc, 0xaa, 0xef, 0xaa, 0xa0,
    0x0, 0x47, 0xef, 0x87, 0x3d, 0xff, 0xff, 0xff,
    0xff, 0xff, 0xf0, 0x0, 0x0, 0xcf, 0x10, 0x2,
    0x33, 0x33, 0x33, 0x33, 0x33, 0x30, 0x0, 0x0,
    0xcf, 0x10, 0x0, 0x12, 0x22, 0x22, 0x22, 0x21,
    0x0, 0x9, 0xcc, 0xff, 0xdc, 0xc0, 0xbf, 0xff,
    0xff, 0xff, 0xfa, 0x0, 0xb, 0xff, 0xff, 0xff,
    0xf0, 0xbf, 0xa9, 0x99, 0x9b, 0xfa, 0x0, 0x0,
    0x0, 0xcf, 0x20, 0x0, 0xbf, 0x20, 0x0, 0x4,
    0xfa, 0x0, 0x0, 0x0, 0xcf, 0x10, 0x0, 0xbf,
    0xa9, 0x99, 0x9b, 0xfa, 0x0, 0x0, 0x0, 0xcf,
    0x10, 0x0, 0xbf, 0xff, 0xff, 0xff, 0xfa, 0x0,
    0x0, 0x0, 0xcf, 0x39, 0x90, 0xbf, 0x31, 0x11,
    0x15, 0xfa, 0x0, 0x0, 0x0, 0xef, 0xff, 0xc0,
    0xbf, 0x20, 0x0, 0x4, 0xfa, 0x0, 0x0, 0x7,
    0xff, 0xf9, 0x10, 0xbf, 0xcb, 0xbb, 0xbd, 0xfa,
    0x0, 0x0, 0x8, 0xfc, 0x30, 0x0, 0xbf, 0xff,
    0xff, 0xff, 0xfa, 0x0, 0x0, 0x1, 0x70, 0x0,
    0x0, 0xbf, 0x20, 0x0, 0x4, 0xe9, 0x0,

    /* U+957F "长" */
    0x0, 0x0, 0x57, 0x30, 0x0, 0x0, 0x0, 0x0,
    0x0, 0x0, 0x0, 0x0, 0xb, 0xf6, 0x0, 0x0,
    0x0, 0x0, 0xcd, 0x50, 0x0, 0x0, 0x0, 0xbf,
    0x60, 0x0, 0x0, 0x2, 0xcf, 0xf3, 0x0, 0x0,
    0x0, 0xb, 0xf6, 0x0, 0x0, 0x5, 0xff, 0xe3,
    0x0, 0x0, 0x0, 0x0, 0xbf, 0x60, 0x0, 0x2b,
    0xff, 0xc1, 0x0, 0x0, 0x0, 0x0, 0xb, 0xf6,
    0x2, 0xaf, 0xff, 0x80, 0x0, 0x0, 0x0, 0x0,
    0x0, 0xbf, 0x60, 0xdf, 0xfc, 0x20, 0x0, 0x0,
    0x0, 0x0, 0x0, 0xb, 0xf6, 0x1, 0xb4, 0x0,
    0x0, 0x0, 0x0, 0x0, 0x11, 0x11, 0xbf, 0x71,
    0x11, 0x11, 0x11, 0x11, 0x11, 0x11, 0xb, 0xff,
    0xff, 0xff, 0xff, 0xff, 0xff, 0xff, 0xff, 0xff,
    0xe0, 0xbf, 0xff, 0xff, 0xff, 0xff, 0xff, 0xff,
    0xff, 0xff, 0xfe, 0x0, 0x0, 0xb, 0xf6, 0x0,
    0x2f, 0xe1, 0x0, 0x0, 0x0, 0x0, 0x0, 0x0,
    0xbf, 0x60, 0x0, 0xaf, 0x90, 0x0, 0x0, 0x0,
    0x0, 0x0, 0xb, 0xf6, 0x0, 0x2, 0xff, 0x40,
    0x0, 0x0, 0x0, 0x0, 0x0, 0xbf, 0x60, 0x0,
    0x8, 0xff, 0x30, 0x0, 0x0, 0x0, 0x0, 0xb,
    0xf6, 0x0, 0x0, 0xb, 0xfe, 0x40, 0x0, 0x0,
    0x0, 0x0, 0xbf, 0x60, 0x1, 0x43, 0x1d, 0xff,
    0x90, 0x0, 0x0, 0x0, 0xc, 0xfa, 0x9d, 0xff,
    0x80, 0x1b, 0xff, 0xe8, 0x20, 0x0, 0x4, 0xff,
    0xff, 0xff, 0xc5, 0x0, 0x8, 0xff, 0xff, 0x20,
    0x0, 0x6f, 0xfd, 0x84, 0x0, 0x0, 0x0, 0x1,
    0x8e, 0x60, 0x0, 0x0, 0x72, 0x0, 0x0, 0x0,
    0x0, 0x0, 0x0, 0x0, 0x0,

    /* U+95ED "闭" */
    0x0, 0x0, 0x0, 0x0, 0x0, 0x0, 0x0, 0x0,
    0x0, 0x0, 0x5, 0xe6, 0x0, 0x13, 0x33, 0x33,
    0x33, 0x33, 0x33, 0x30, 0x3, 0xff, 0x50, 0x6f,
    0xff, 0xff, 0xff, 0xff, 0xff, 0xf3, 0x0, 0x4f,
    0xe1, 0x4b, 0xbb, 0xbb, 0xbb, 0xbb, 0xbf, 0xf3,
    0x0, 0x9, 0x90, 0x0, 0x0, 0x3, 0x30, 0x0,
    0xd, 0xf3, 0x4, 0x40, 0x0, 0x0, 0x0, 0xe,
    0xf3, 0x0, 0xd, 0xf3, 0x2f, 0xe0, 0x0, 0x0,
    0x0, 0xe, 0xf3, 0x0, 0xd, 0xf3, 0x2f, 0xe0,
    0x12, 0x22, 0x22, 0x2e, 0xf5, 0x22, 0xd, 0xf3,
    0x2f, 0xe0, 0xcf, 0xff, 0xff, 0xff, 0xff, 0xff,
    0x1d, 0xf3, 0x2f, 0xe0, 0xad, 0xdd, 0xdd, 0xff,
    0xfd, 0xdd, 0x1d, 0xf3, 0x2f, 0xe0, 0x0, 0x0,
    0xa, 0xff, 0xf3, 0x0, 0xd, 0xf3, 0x2f, 0xe0,
    0x0, 0x0, 0x8f, 0xef, 0xf3, 0x0, 0xd, 0xf3,
    0x2f, 0xe0, 0x0, 0x8, 0xfe, 0x2e, 0xf3, 0x0,
    0xd, 0xf3, 0x2f, 0xe0, 0x2, 0xbf, 0xe2, 0xe,
    0xf3, 0x0, 0xd, 0xf3, 0x2f, 0xe0, 0x6f, 0xfd,
    0x20, 0xe, 0xf3, 0x0, 0xd, 0xf3, 0x2f, 0xe6,
    0xff, 0x80, 0x0, 0xe, 0xf3, 0x0, 0xd, 0xf3,
    0x2f, 0xe0, 0x93, 0x0, 0x0, 0xf, 0xf3, 0x0,
    0xd, 0xf3, 0x2f, 0xe0, 0x0, 0x1, 0xff, 0xff,
    0xf0, 0x0, 0xd, 0xf3, 0x2f, 0xe0, 0x0, 0x0,
    0xbe, 0xeb, 0x40, 0x0, 0xd, 0xf3, 0x2f, 0xe0,
    0x0, 0x0, 0x0, 0x0, 0x0, 0x6d, 0xef, 0xf1,
    0x2f, 0xe0, 0x0, 0x0, 0x0, 0x0, 0x0, 0x1f,
    0xfd, 0x60, 0x0, 0x0, 0x0, 0x0, 0x0, 0x0,
    0x0, 0x0, 0x0, 0x0,

    /* U+95F2 "闲" */
    0x0, 0x34, 0x0, 0x0, 0x0, 0x0, 0x0, 0x0,
    0x0, 0x0, 0x2, 0xff, 0x40, 0x9, 0xee, 0xee,
    0xee, 0xee, 0xee, 0xea, 0x0, 0x8f, 0xf3, 0xa,
    0xff, 0xff, 0xff, 0xff, 0xff, 0xfb, 0x0, 0xb,
    0xfd, 0x0, 0x0, 0x0, 0x0, 0x0, 0x5, 0xfb,
    0x0, 0x1, 0xff, 0x70, 0x0, 0x0, 0x0, 0x0,
    0x4, 0xfb, 0x6, 0x50, 0x66, 0x0, 0x6, 0xa1,
    0x0, 0x0, 0x4, 0xfb, 0x1f, 0xd0, 0x0, 0x0,
    0xa, 0xf2, 0x0, 0x0, 0x4, 0xfb, 0x1f, 0xd0,
    0x0, 0x0, 0xa, 0xf2, 0x0, 0x0, 0x4, 0xfb,
    0x1f, 0xd0, 0x9b, 0xbb, 0xbe, 0xfc, 0xbb, 0xbb,
    0x14, 0xfb, 0x1f, 0xd0, 0xdf, 0xff, 0xff, 0xff,
    0xff, 0xff, 0x14, 0xfb, 0x1f, 0xd0, 0x0, 0x0,
    0xbf, 0xff, 0x40, 0x0, 0x4, 0xfb, 0x1f, 0xd0,
    0x0, 0x6, 0xff, 0xff, 0xe2, 0x0, 0x4, 0xfb,
    0x1f, 0xd0, 0x0, 0x2f, 0xeb, 0xf8, 0xfe, 0x10,
    0x4, 0xfb, 0x1f, 0xd0, 0x1, 0xdf, 0x4a, 0xf2,
    0x8f, 0xc0, 0x4, 0xfb, 0x1f, 0xd0, 0x2d, 0xf9,
    0xa, 0xf2, 0xb, 0xf8, 0x4, 0xfb, 0x1f, 0xd2,
    0xff, 0x90, 0xa, 0xf2, 0x1, 0xea, 0x4, 0xfb,
    0x1f, 0xd0, 0x77, 0x0, 0xa, 0xf2, 0x0, 0x20,
    0x4, 0xfb, 0x1f, 0xd0, 0x0, 0x0, 0xa, 0xf2,
    0x0, 0x0, 0x4, 0xfb, 0x1f, 0xd0, 0x0, 0x0,
    0x9, 0xf2, 0x0, 0x0, 0x6, 0xfb, 0x1f, 0xd0,
    0x0, 0x0, 0x0, 0x0, 0x5, 0xff, 0xff, 0xf8,
    0x1f, 0xd0, 0x0, 0x0, 0x0, 0x0, 0x0, 0xff,
    0xfd, 0x80,

    /* U+961F "队" */
    0x0, 0x0, 0x0, 0x0, 0x0, 0x3, 0xa8, 0x0,
    0x0, 0x0, 0xcd, 0xdd, 0xdd, 0x91, 0x0, 0x5,
    0xfb, 0x0, 0x0, 0x0, 0xff, 0xff, 0xff, 0xf4,
    0x0, 0x6, 0xfb, 0x0, 0x0, 0x0, 0xff, 0x0,
    0x4f, 0xe0, 0x0, 0x6, 0xfb, 0x0, 0x0, 0x0,
    0xff, 0x0, 0x8f, 0x80, 0x0, 0x6, 0xfa, 0x0,
    0x0, 0x0, 0xff, 0x0, 0xef, 0x20, 0x0, 0x7,
    0xfa, 0x0, 0x0, 0x0, 0xff, 0x3, 0xfb, 0x0,
    0x0, 0x8, 0xf9, 0x0, 0x0, 0x0, 0xff, 0x9,
    0xf5, 0x0, 0x0, 0xa, 0xfa, 0x0, 0x0, 0x0,
    0xff, 0x4, 0xfc, 0x0, 0x0, 0xc, 0xfd, 0x0,
    0x0, 0x0, 0xff, 0x0, 0x9f, 0x70, 0x0, 0xe,
    0xff, 0x0, 0x0, 0x0, 0xff, 0x0, 0x2f, 0xe0,
    0x0, 0xf, 0xff, 0x40, 0x0, 0x0, 0xff, 0x0,
    0xe, 0xf2, 0x0, 0x3f, 0xff, 0x80, 0x0, 0x0,
    0xff, 0x0, 0xc, 0xf3, 0x0, 0x8f, 0xef, 0xd0,
    0x0, 0x0, 0xff, 0x2, 0x4f, 0xf1, 0x0, 0xdf,
    0x7d, 0xf3, 0x0, 0x0, 0xff, 0xe, 0xff, 0xb0,
    0x4, 0xff, 0x18, 0xf9, 0x0, 0x0, 0xff, 0x8,
    0xb8, 0x10, 0xc, 0xfa, 0x1, 0xff, 0x20, 0x0,
    0xff, 0x0, 0x0, 0x0, 0x8f, 0xf2, 0x0, 0x9f,
    0xc0, 0x0, 0xff, 0x0, 0x0, 0x5, 0xff, 0x80,
    0x0, 0x1e, 0xf9, 0x0, 0xff, 0x0, 0x0, 0x7f,
    0xfb, 0x0, 0x0, 0x5, 0xff, 0x80, 0xff, 0x0,
    0x6, 0xff, 0xc1, 0x0, 0x0, 0x0, 0x8f, 0xf6,
    0xff, 0x0, 0x0, 0x99, 0x0, 0x0, 0x0, 0x0,
    0x7, 0x90, 0x0, 0x0, 0x0, 0x0, 0x0, 0x0,
    0x0, 0x0, 0x0, 0x0,

    /* U+9650 "限" */
    0x1d, 0xdd, 0xdd, 0xc5, 0x1c, 0xcc, 0xcc, 0xcc,
    0xcc, 0x90, 0x1, 0xff, 0xff, 0xff, 0xa1, 0xff,
    0xff, 0xff, 0xff, 0xfc, 0x0, 0x1f, 0xc0, 0xa,
    0xf5, 0x1f, 0xe0, 0x0, 0x0, 0x3f, 0xc0, 0x1,
    0xfb, 0x0, 0xef, 0x1, 0xfe, 0x0, 0x0, 0x3,
    0xfc, 0x0, 0x1f, 0xb0, 0x3f, 0xa0, 0x1f, 0xfa,
    0xaa, 0xaa, 0xbf, 0xc0, 0x1, 0xfb, 0x8, 0xf3,
    0x1, 0xff, 0xff, 0xff, 0xff, 0xfc, 0x0, 0x1f,
    0xb0, 0xce, 0x0, 0x1f, 0xe0, 0x0, 0x0, 0x3f,
    0xc0, 0x1, 0xfb, 0x7, 0xf6, 0x1, 0xfe, 0x0,
    0x0, 0x3, 0xfc, 0x0, 0x1f, 0xb0, 0xe, 0xe0,
    0x1f, 0xfb, 0xbb, 0xbb, 0xcf, 0xc0, 0x1, 0xfb,
    0x0, 0x8f, 0x51, 0xff, 0xff, 0xff, 0xff, 0xfc,
    0x0, 0x1f, 0xb0, 0x5, 0xf7, 0x1f, 0xe0, 0x3f,
    0xa0, 0x0, 0x30, 0x1, 0xfb, 0x0, 0x4f, 0x91,
    0xfe, 0x0, 0xdf, 0x10, 0x4f, 0x80, 0x1f, 0xb0,
    0x19, 0xf7, 0x1f, 0xe0, 0x8, 0xf6, 0x7f, 0xf9,
    0x1, 0xfb, 0x2f, 0xff, 0x31, 0xfe, 0x0, 0x2f,
    0xff, 0xe4, 0x0, 0x1f, 0xb0, 0x99, 0x40, 0x1f,
    0xe0, 0x0, 0xaf, 0xd1, 0x0, 0x1, 0xfb, 0x0,
    0x0, 0x1, 0xfe, 0x0, 0x3, 0xff, 0x50, 0x0,
    0x1f, 0xb0, 0x0, 0x0, 0x2f, 0xe0, 0x37, 0x48,
    0xff, 0x40, 0x1, 0xfb, 0x0, 0x0, 0x6, 0xff,
    0xff, 0xf7, 0xb, 0xff, 0xa1, 0x1f, 0xb0, 0x0,
    0x0, 0xef, 0xff, 0xc8, 0x20, 0xb, 0xff, 0x31,
    0xfb, 0x0, 0x0, 0x7, 0xb5, 0x10, 0x0, 0x0,
    0x6, 0x60,

    /* U+9664 "除" */
    0x0, 0x0, 0x0, 0x0, 0x0, 0x0, 0x9, 0x81,
    0x0, 0x0, 0x2, 0xdd, 0xdd, 0xda, 0x10, 0x0,
    0x5, 0xff, 0x0, 0x0, 0x0, 0x3f, 0xff, 0xff,
    0xf2, 0x0, 0x2, 0xff, 0xf9, 0x0, 0x0, 0x3,
    0xfa, 0x4, 0xfc, 0x0, 0x2, 0xef, 0x7c, 0xf9,
    0x0, 0x0, 0x3f, 0xa0, 0x8f, 0x70, 0x3, 0xef,
    0x80, 0x1d, 0xfb, 0x10, 0x3, 0xfa, 0xe, 0xf1,
    0x6, 0xff, 0x90, 0x0, 0x2d, 0xff, 0x60, 0x3f,
    0xa4, 0xfb, 0x1c, 0xff, 0x60, 0x0, 0x0, 0x1c,
    0xff, 0x63, 0xfa, 0x9f, 0x50, 0x9e, 0xdd, 0xdd,
    0xdd, 0xdd, 0xe9, 0xa0, 0x3f, 0xa5, 0xfb, 0x0,
    0xa, 0xff, 0xff, 0xff, 0xff, 0x10, 0x3, 0xfa,
    0x9, 0xf5, 0x0, 0x0, 0x1, 0xff, 0x0, 0x0,
    0x0, 0x3f, 0xa0, 0x1f, 0xb0, 0x0, 0x0, 0x1f,
    0xf0, 0x0, 0x0, 0x3, 0xfa, 0x0, 0xde, 0x6b,
    0xbb, 0xbb, 0xff, 0xbb, 0xbb, 0xb2, 0x3f, 0xa0,
    0xc, 0xf9, 0xff, 0xff, 0xff, 0xff, 0xff, 0xff,
    0x23, 0xfa, 0x13, 0xfe, 0x12, 0x22, 0x23, 0xff,
    0x22, 0x22, 0x20, 0x3f, 0xaf, 0xff, 0x90, 0xa,
    0x80, 0x1f, 0xf0, 0x7c, 0x0, 0x3, 0xfa, 0x8a,
    0x60, 0x5, 0xfc, 0x1, 0xff, 0x9, 0xf9, 0x0,
    0x3f, 0xa0, 0x0, 0x0, 0xdf, 0x30, 0x1f, 0xf0,
    0xd, 0xf5, 0x3, 0xfa, 0x0, 0x0, 0xaf, 0xa0,
    0x1, 0xff, 0x0, 0x3f, 0xe0, 0x3f, 0xa0, 0x0,
    0x4f, 0xe1, 0x0, 0x1f, 0xf0, 0x0, 0xaf, 0x53,
    0xfa, 0x0, 0x0, 0x53, 0xa, 0xdd, 0xfd, 0x0,
    0x2, 0x30, 0x3f, 0xa0, 0x0, 0x0, 0x0, 0x7f,
    0xfc, 0x40, 0x0, 0x0, 0x0, 0x0, 0x0, 0x0,
    0x0, 0x0, 0x0, 0x0, 0x0, 0x0, 0x0,

    /* U+968F "随" */
    0x0, 0x0, 0x0, 0x0, 0x0, 0x0, 0x0, 0x52,
    0x0, 0x0, 0x0, 0x77, 0x77, 0x71, 0x0, 0x0,
    0x0, 0x4f, 0xb0, 0x0, 0x0, 0x1f, 0xff, 0xff,
    0xb5, 0x0, 0x0, 0x9, 0xf7, 0x0, 0x0, 0x1,
    0xfd, 0x6a, 0xfc, 0xf9, 0xc, 0xff, 0xff, 0xff,
    0xff, 0xf8, 0x1f, 0xa0, 0x9f, 0x3a, 0xf4, 0x8b,
    0xdf, 0xeb, 0xbb, 0xbb, 0x61, 0xfa, 0xd, 0xe0,
    0x1f, 0xd0, 0xc, 0xf4, 0x0, 0x0, 0x0, 0x1f,
    0xa1, 0xf9, 0x0, 0x63, 0x6, 0xff, 0xa9, 0x99,
    0x96, 0x1, 0xfa, 0x6f, 0x40, 0x0, 0x3, 0xff,
    0xff, 0xff, 0xff, 0xa0, 0x1f, 0xa8, 0xf3, 0x0,
    0x2, 0xff, 0xff, 0x0, 0x2, 0xfa, 0x1, 0xfa,
    0x1f, 0xb8, 0xff, 0xfa, 0x9b, 0xf8, 0x88, 0x9f,
    0xa0, 0x1f, 0xa0, 0x9f, 0x8a, 0xef, 0x10, 0xbf,
    0xff, 0xff, 0xfa, 0x1, 0xfa, 0x5, 0xf6, 0xb,
    0xf0, 0xb, 0xf0, 0x0, 0x2f, 0xa0, 0x1f, 0xa0,
    0x3f, 0x80, 0xbf, 0x0, 0xbf, 0x88, 0x89, 0xfa,
    0x1, 0xfa, 0x3, 0xf8, 0xb, 0xf0, 0xb, 0xff,
    0xff, 0xff, 0xa0, 0x1f, 0xa7, 0xcf, 0x60, 0xbf,
    0x0, 0xbf, 0x0, 0x2, 0xfa, 0x1, 0xfa, 0xbf,
    0xd0, 0xb, 0xf0, 0xb, 0xf0, 0x0, 0x4f, 0xa0,
    0x1f, 0xa1, 0x20, 0x0, 0xdf, 0x10, 0xbf, 0x0,
    0xbf, 0xf7, 0x1, 0xfa, 0x0, 0x0, 0xcf, 0xfc,
    0x15, 0x70, 0x3, 0x74, 0x0, 0x1f, 0xa0, 0x0,
    0xaf, 0x64, 0xee, 0x50, 0x0, 0x0, 0x1, 0x31,
    0xfa, 0x0, 0x3f, 0xb0, 0x2, 0xcf, 0xfe, 0xcd,
    0xdf, 0xf8, 0x1f, 0xa0, 0x0, 0x82, 0x0, 0x0,
    0x6b, 0xef, 0xff, 0xfe, 0x50, 0x0, 0x0, 0x0,
    0x0, 0x0, 0x0, 0x0, 0x0, 0x0, 0x0,

    /* U+9700 "需" */
    0x0, 0x9a, 0xaa, 0xaa, 0xaa, 0xaa, 0xaa, 0xaa,
    0xaa, 0x20, 0x0, 0xdf, 0xff, 0xff, 0xff, 0xff,
    0xff, 0xff, 0xff, 0x40, 0x0, 0x0, 0x0, 0x0,
    0xd, 0xf3, 0x0, 0x0, 0x0, 0x0, 0x4f, 0xff,
    0xff, 0xff, 0xff, 0xff, 0xff, 0xff, 0xff, 0xfb,
    0x4f, 0xb5, 0x55, 0x55, 0x5e, 0xf7, 0x55, 0x55,
    0x58, 0xfb, 0x4f, 0x92, 0x66, 0x66, 0xd, 0xf2,
    0x56, 0x66, 0x53, 0xfb, 0x4f, 0x96, 0xee, 0xee,
    0x2d, 0xf2, 0xce, 0xee, 0xc3, 0xfb, 0x3, 0x24,
    0x44, 0x44, 0xd, 0xf2, 0x44, 0x44, 0x42, 0x32,
    0x0, 0xf, 0xff, 0xff, 0x2d, 0xf2, 0xef, 0xff,
    0xf5, 0x0, 0x0, 0x0, 0x0, 0x0, 0x6, 0x71,
    0x0, 0x0, 0x0, 0x0, 0x6f, 0xff, 0xff, 0xff,
    0xff, 0xff, 0xff, 0xff, 0xff, 0xfe, 0x4a, 0xaa,
    0xaa, 0xaa, 0xbf, 0xfb, 0xaa, 0xaa, 0xaa, 0xaa,
    0x0, 0x0, 0x0, 0x0, 0x4f, 0xc0, 0x0, 0x0,
    0x0, 0x0, 0x0, 0xbf, 0xff, 0xff, 0xff, 0xff,
    0xff, 0xff, 0xff, 0xa0, 0x0, 0xcf, 0xcb, 0xbf,
    0xfb, 0xbc, 0xfe, 0xbb, 0xcf, 0xb0, 0x0, 0xcf,
    0x20, 0xf, 0xe0, 0x2, 0xfb, 0x0, 0x4f, 0xb0,
    0x0, 0xcf, 0x20, 0xf, 0xe0, 0x2, 0xfb, 0x0,
    0x4f, 0xb0, 0x0, 0xcf, 0x20, 0xf, 0xe0, 0x2,
    0xfb, 0x0, 0x4f, 0xb0, 0x0, 0xcf, 0x20, 0xf,
    0xe0, 0x2, 0xfb, 0x2a, 0xcf, 0xa0, 0x0, 0xcf,
    0x20, 0xd, 0xc0, 0x2, 0xd9, 0xe, 0xfd, 0x30,
    0x0, 0x0, 0x0, 0x0, 0x0, 0x0, 0x0, 0x0,
    0x0, 0x0,

    /* U+9762 "面" */
    0x0, 0x0, 0x0, 0x0, 0x0, 0x0, 0x0, 0x0,
    0x0, 0x0, 0xbf, 0xff, 0xff, 0xff, 0xff, 0xff,
    0xff, 0xff, 0xff, 0xfe, 0xbe, 0xee, 0xee, 0xee,
    0xff, 0xfe, 0xee, 0xee, 0xee, 0xed, 0x0, 0x0,
    0x0, 0x0, 0x9f, 0xc0, 0x0, 0x0, 0x0, 0x0,
    0x0, 0x0, 0x0, 0x0, 0xdf, 0x60, 0x0, 0x0,
    0x0, 0x0, 0xb, 0xdd, 0xdd, 0xdd, 0xff, 0xed,
    0xdd, 0xdd, 0xdd, 0xc0, 0xc, 0xff, 0xff, 0xff,
    0xff, 0xff, 0xff, 0xff, 0xff, 0xd0, 0xc, 0xf4,
    0x1, 0xfd, 0x0, 0x1, 0xfd, 0x0, 0x4f, 0xd0,
    0xc, 0xf3, 0x0, 0xfd, 0x0, 0x0, 0xfd, 0x0,
    0x3f, 0xd0, 0xc, 0xf3, 0x0, 0xff, 0xbb, 0xbb,
    0xfd, 0x0, 0x3f, 0xd0, 0xc, 0xf3, 0x0, 0xff,
    0xff, 0xff, 0xfd, 0x0, 0x3f, 0xd0, 0xc, 0xf3,
    0x0, 0xfd, 0x0, 0x0, 0xfd, 0x0, 0x3f, 0xd0,
    0xc, 0xf3, 0x0, 0xfd, 0x0, 0x1, 0xfd, 0x0,
    0x3f, 0xd0, 0xc, 0xf3, 0x0, 0xff, 0xff, 0xff,
    0xfd, 0x0, 0x3f, 0xd0, 0xc, 0xf3, 0x0, 0xff,
    0x99, 0x9a, 0xfd, 0x0, 0x3f, 0xd0, 0xc, 0xf3,
    0x0, 0xfd, 0x0, 0x0, 0xfd, 0x0, 0x3f, 0xd0,
    0xc, 0xf4, 0x1, 0xfd, 0x0, 0x1, 0xfd, 0x0,
    0x4f, 0xd0, 0xc, 0xff, 0xff, 0xff, 0xff, 0xff,
    0xff, 0xff, 0xff, 0xd0, 0xc, 0xfe, 0xdd, 0xdd,
    0xdd, 0xdd, 0xdd, 0xdd, 0xef, 0xd0, 0xc, 0xf3,
    0x0, 0x0, 0x0, 0x0, 0x0, 0x0, 0x3f, 0xd0,

    /* U+97F3 "音" */
    0x0, 0x0, 0x0, 0x0, 0x4b, 0xa0, 0x0, 0x0,
    0x0, 0x0, 0x0, 0x0, 0x0, 0x0, 0x2f, 0xf3,
    0x0, 0x0, 0x0, 0x0, 0x6, 0xcc, 0xcc, 0xcc,
    0xcf, 0xfe, 0xcc, 0xcc, 0xcc, 0xb0, 0x8, 0xff,
    0xff, 0xff, 0xff, 0xff, 0xff, 0xff, 0xff, 0xd0,
    0x0, 0x0, 0x5c, 0x90, 0x0, 0x0, 0x6, 0xea,
    0x10, 0x0, 0x0, 0x0, 0x2f, 0xf2, 0x0, 0x0,
    0xc, 0xfa, 0x0, 0x0, 0x0, 0x0, 0xc, 0xf7,
    0x0, 0x0, 0x3f, 0xf2, 0x0, 0x0, 0x9c, 0xcc,
    0xce, 0xfe, 0xcc, 0xcc, 0xef, 0xfc, 0xcc, 0xcb,
    0xcf, 0xff, 0xff, 0xff, 0xff, 0xff, 0xff, 0xff,
    0xff, 0xfe, 0x11, 0x11, 0x11, 0x11, 0x11, 0x11,
    0x11, 0x11, 0x11, 0x11, 0x0, 0x0, 0x0, 0x0,
    0x0, 0x0, 0x0, 0x0, 0x0, 0x0, 0x0, 0xd,
    0xff, 0xff, 0xff, 0xff, 0xff, 0xff, 0xf3, 0x0,
    0x0, 0xd, 0xfc, 0xbb, 0xbb, 0xbb, 0xbb, 0xbf,
    0xf3, 0x0, 0x0, 0xd, 0xf3, 0x0, 0x0, 0x0,
    0x0, 0xe, 0xf3, 0x0, 0x0, 0xd, 0xfa, 0x88,
    0x88, 0x88, 0x88, 0x8f, 0xf3, 0x0, 0x0, 0xd,
    0xff, 0xff, 0xff, 0xff, 0xff, 0xff, 0xf3, 0x0,
    0x0, 0xd, 0xf4, 0x11, 0x11, 0x11, 0x11, 0x1e,
    0xf3, 0x0, 0x0, 0xd, 0xf3, 0x0, 0x0, 0x0,
    0x0, 0xe, 0xf3, 0x0, 0x0, 0xd, 0xfc, 0xaa,
    0xaa, 0xaa, 0xaa, 0xaf, 0xf3, 0x0, 0x0, 0xd,
    0xff, 0xff, 0xff, 0xff, 0xff, 0xff, 0xf3, 0x0,
    0x0, 0xd, 0xf3, 0x0, 0x0, 0x0, 0x0, 0xe,
    0xf3, 0x0,

    /* U+9875 "页" */
    0x3, 0x33, 0x33, 0x33, 0x33, 0x33, 0x33, 0x33,
    0x33, 0x33, 0x3f, 0xff, 0xff, 0xff, 0xff, 0xff,
    0xff, 0xff, 0xff, 0xfd, 0x2b, 0xbb, 0xbb, 0xbb,
    0xcf, 0xfb, 0xbb, 0xbb, 0xbb, 0xb9, 0x0, 0x0,
    0x0, 0x0, 0x9f, 0xb0, 0x0, 0x0, 0x0, 0x0,
    0x0, 0x0, 0x0, 0x1, 0xef, 0x30, 0x0, 0x0,
    0x0, 0x0, 0x0, 0x3f, 0xff, 0xff, 0xff, 0xff,
    0xff, 0xff, 0xfe, 0x0, 0x0, 0x3f, 0xfd, 0xdd,
    0xdd, 0xdd, 0xdd, 0xde, 0xfe, 0x0, 0x0, 0x3f,
    0xe0, 0x0, 0x0, 0x0, 0x0, 0x4, 0xfe, 0x0,
    0x0, 0x3f, 0xe0, 0x0, 0xc, 0xf5, 0x0, 0x4,
    0xfe, 0x0, 0x0, 0x3f, 0xe0, 0x0, 0xc, 0xf5,
    0x0, 0x4, 0xfe, 0x0, 0x0, 0x3f, 0xe0, 0x0,
    0xc, 0xf5, 0x0, 0x4, 0xfe, 0x0, 0x0, 0x3f,
    0xe0, 0x0, 0xc, 0xf5, 0x0, 0x4, 0xfe, 0x0,
    0x0, 0x3f, 0xe0, 0x0, 0xe, 0xf4, 0x0, 0x4,
    0xfe, 0x0, 0x0, 0x3f, 0xe0, 0x0, 0x1f, 0xf2,
    0x0, 0x4, 0xfe, 0x0, 0x0, 0x3f, 0xe0, 0x0,
    0x8f, 0xe0, 0x61, 0x4, 0xfe, 0x0, 0x0, 0x3,
    0x30, 0x7, 0xff, 0x58, 0xff, 0x82, 0x22, 0x0,
    0x0, 0x0, 0x4, 0xcf, 0xf8, 0x1, 0x8f, 0xff,
    0x91, 0x0, 0x0, 0x48, 0xef, 0xfe, 0x50, 0x0,
    0x1, 0x8f, 0xff, 0x80, 0x6f, 0xff, 0xfd, 0x60,
    0x0, 0x0, 0x0, 0x1, 0x9f, 0xfa, 0xb, 0xb7,
    0x20, 0x0, 0x0, 0x0, 0x0, 0x0, 0x3, 0xc1,

    /* U+9891 "频" */
    0x0, 0x0, 0x3, 0x95, 0x0, 0x0, 0x0, 0x0,
    0x0, 0x0, 0x0, 0x0, 0x0, 0x5, 0xf8, 0x0,
    0x3, 0x44, 0x44, 0x44, 0x44, 0x40, 0x0, 0x7a,
    0x5, 0xf8, 0x0, 0xa, 0xff, 0xff, 0xff, 0xff,
    0xf2, 0x0, 0xbf, 0x5, 0xff, 0xff, 0x85, 0x88,
    0x8d, 0xfa, 0x88, 0x81, 0x0, 0xbf, 0x5, 0xfd,
    0xbb, 0x60, 0x0, 0xe, 0xf1, 0x0, 0x0, 0x0,
    0xbf, 0x5, 0xf8, 0x0, 0x0, 0x55, 0x8f, 0xc5,
    0x55, 0x30, 0x0, 0xbf, 0x5, 0xf8, 0x0, 0x1,
    0xff, 0xff, 0xff, 0xff, 0xa0, 0x3d, 0xff, 0xde,
    0xfe, 0xdd, 0xd2, 0xfb, 0x33, 0x33, 0x6f, 0xa0,
    0x3f, 0xff, 0xff, 0xff, 0xff, 0xf2, 0xf9, 0x9,
    0xc0, 0x2f, 0xa0, 0x0, 0x0, 0xc, 0xf1, 0x0,
    0x1, 0xf9, 0xb, 0xf0, 0x2f, 0xa0, 0x0, 0x59,
    0x2c, 0xf1, 0x6, 0x31, 0xf9, 0xb, 0xf0, 0x2f,
    0xa0, 0x0, 0xcf, 0x1c, 0xf1, 0x1f, 0xc1, 0xf9,
    0xc, 0xe0, 0x2f, 0xa0, 0x2, 0xfb, 0xc, 0xf1,
    0x7f, 0x61, 0xf9, 0xd, 0xd0, 0x2f, 0xa0, 0xb,
    0xf4, 0xc, 0xf2, 0xdf, 0x11, 0xf9, 0xe, 0xc0,
    0x2f, 0xa0, 0x1f, 0xb0, 0xc, 0xf9, 0xfb, 0x1,
    0xf9, 0xf, 0xa0, 0x2f, 0xa0, 0x1, 0x20, 0x8,
    0xcf, 0xf1, 0x1, 0xf9, 0x4f, 0x70, 0x2f, 0x90,
    0x0, 0x0, 0x3, 0xef, 0x60, 0x0, 0x0, 0xbf,
    0x79, 0x0, 0x0, 0x0, 0x0, 0x5f, 0xf9, 0x0,
    0x0, 0x6, 0xfc, 0xaf, 0xd2, 0x0, 0x0, 0x6c,
    0xff, 0x60, 0x0, 0x1, 0x9f, 0xe2, 0x7, 0xff,
    0x50, 0xd, 0xff, 0xb3, 0x0, 0x0, 0xbf, 0xfc,
    0x20, 0x0, 0x4e, 0xf5, 0x5, 0xa3, 0x0, 0x0,
    0x0, 0x6b, 0x50, 0x0, 0x0, 0x2, 0x90,

    /* U+9996 "首" */
    0x0, 0x0, 0x6b, 0x10, 0x0, 0x0, 0x1, 0xb8,
    0x20, 0x0, 0x0, 0x0, 0xcf, 0xd0, 0x0, 0x0,
    0x9, 0xfd, 0x0, 0x0, 0x0, 0x0, 0x1e, 0xf7,
    0x0, 0x0, 0x4f, 0xf3, 0x0, 0x0, 0xbc, 0xcc,
    0xce, 0xfc, 0xcc, 0xcc, 0xef, 0xfc, 0xcc, 0xcb,
    0xdf, 0xff, 0xff, 0xff, 0xff, 0xff, 0xff, 0xff,
    0xff, 0xfe, 0x12, 0x22, 0x22, 0x22, 0x6f, 0xf4,
    0x22, 0x22, 0x22, 0x22, 0x0, 0x0, 0x0, 0x0,
    0x8f, 0xc0, 0x0, 0x0, 0x0, 0x0, 0x0, 0x6d,
    0xdd, 0xdd, 0xff, 0xfd, 0xdd, 0xdd, 0xd6, 0x0,
    0x0, 0x7f, 0xff, 0xff, 0xff, 0xff, 0xff, 0xff,
    0xf7, 0x0, 0x0, 0x7f, 0x80, 0x0, 0x0, 0x0,
    0x0, 0xa, 0xf7, 0x0, 0x0, 0x7f, 0x90, 0x0,
    0x0, 0x0, 0x0, 0xb, 0xf7, 0x0, 0x0, 0x7f,
    0xff, 0xff, 0xff, 0xff, 0xff, 0xff, 0xf7, 0x0,
    0x0, 0x7f, 0xd9, 0x99, 0x99, 0x99, 0x99, 0x9d,
    0xf7, 0x0, 0x0, 0x7f, 0x80, 0x0, 0x0, 0x0,
    0x0, 0xa, 0xf7, 0x0, 0x0, 0x7f, 0xda, 0xaa,
    0xaa, 0xaa, 0xaa, 0xae, 0xf7, 0x0, 0x0, 0x7f,
    0xff, 0xff, 0xff, 0xff, 0xff, 0xff, 0xf7, 0x0,
    0x0, 0x7f, 0x80, 0x0, 0x0, 0x0, 0x0, 0xa,
    0xf7, 0x0, 0x0, 0x7f, 0x90, 0x0, 0x0, 0x0,
    0x0, 0xb, 0xf7, 0x0, 0x0, 0x7f, 0xff, 0xff,
    0xff, 0xff, 0xff, 0xff, 0xf7, 0x0, 0x0, 0x7f,
    0xec, 0xcc, 0xcc, 0xcc, 0xcc, 0xce, 0xf7, 0x0,
    0x0, 0x7f, 0x80, 0x0, 0x0, 0x0, 0x0, 0xa,
    0xf7, 0x0,

    /* U+9A8C "验" */
    0x0, 0x0, 0x0, 0x0, 0x0, 0x0, 0x0, 0x88,
    0x10, 0x0, 0x0, 0x8, 0xbb, 0xbb, 0xbb, 0x20,
    0x0, 0x3, 0xff, 0x0, 0x0, 0x0, 0xc, 0xff,
    0xff, 0xff, 0x20, 0x0, 0xc, 0xff, 0x70, 0x0,
    0x0, 0x0, 0x0, 0x0, 0xaf, 0x10, 0x0, 0x8f,
    0xdf, 0xf6, 0x0, 0x0, 0x0, 0x10, 0x0, 0xbf,
    0x0, 0x6, 0xfe, 0x14, 0xff, 0x40, 0x0, 0x0,
    0xee, 0x0, 0xcf, 0x0, 0x6f, 0xf3, 0x0, 0x5f,
    0xf6, 0x0, 0x0, 0xfc, 0x0, 0xde, 0x9, 0xff,
    0x50, 0x0, 0x6, 0xff, 0xa0, 0x0, 0xfb, 0x0,
    0xfc, 0x9f, 0xf8, 0xcc, 0xcc, 0xcc, 0xbf, 0xf4,
    0x1, 0xf9, 0x0, 0xfb, 0x2d, 0x34, 0xff, 0xff,
    0xff, 0x63, 0xb0, 0x2, 0xf8, 0x2, 0xf9, 0x0,
    0x0, 0x0, 0x0, 0x0, 0x0, 0x0, 0x4, 0xf8,
    0x14, 0xf9, 0x10, 0x0, 0x0, 0x45, 0x0, 0x1,
    0x0, 0x6, 0xff, 0xff, 0xff, 0xf3, 0x8e, 0x0,
    0xce, 0x0, 0x4f, 0xa0, 0x4, 0x88, 0x88, 0x8d,
    0xf2, 0x6f, 0x50, 0x9f, 0x20, 0x9f, 0x50, 0x0,
    0x0, 0x0, 0xb, 0xf1, 0x1f, 0xa0, 0x6f, 0x50,
    0xfe, 0x0, 0x0, 0x0, 0x37, 0x3c, 0xf0, 0xd,
    0xe0, 0x3f, 0x75, 0xf8, 0x0, 0x28, 0xcf, 0xff,
    0x7e, 0xe0, 0xa, 0xf1, 0x1d, 0x6b, 0xf1, 0x0,
    0x3f, 0xea, 0x62, 0xf, 0xd0, 0x3, 0x30, 0x0,
    0x2f, 0x90, 0x0, 0x2, 0x0, 0x0, 0x2f, 0xb0,
    0x0, 0x0, 0x0, 0xaf, 0x20, 0x0, 0x0, 0x0,
    0x0, 0x6f, 0x86, 0xff, 0xff, 0xff, 0xff, 0xff,
    0xe0, 0x0, 0x8, 0xaa, 0xef, 0x35, 0xcc, 0xcc,
    0xcc, 0xcc, 0xcc, 0xb0, 0x0, 0x7, 0xff, 0xe8,
    0x0, 0x0, 0x0, 0x0, 0x0, 0x0, 0x0, 0x0,
    0x0, 0x0, 0x0, 0x0, 0x0, 0x0, 0x0, 0x0,
    0x0, 0x0,

    /* U+FF01 "！" */
    0x3, 0x32, 0x2f, 0xfb, 0x2f, 0xfb, 0x2f, 0xfb,
    0x1f, 0xfa, 0xf, 0xf9, 0xf, 0xf8, 0xe, 0xf7,
    0xd, 0xf6, 0xc, 0xf5, 0xb, 0xf4, 0x7, 0xc2,
    0x0, 0x0, 0x0, 0x10, 0xd, 0xf7, 0x4f, 0xfd,
    0xd, 0xf7, 0x0, 0x0,

    /* U+FF05 "％" */
    0x0, 0x5b, 0xc8, 0x0, 0x0, 0x0, 0x8, 0xc0,
    0x0, 0x0, 0x8, 0xfd, 0xbf, 0xd0, 0x0, 0x0,
    0x2f, 0x70, 0x0, 0x0, 0x1f, 0xd0, 0x7, 0xf6,
    0x0, 0x0, 0xae, 0x0, 0x0, 0x0, 0x6f, 0x70,
    0x1, 0xfc, 0x0, 0x2, 0xf7, 0x0, 0x0, 0x0,
    0x8f, 0x40, 0x0, 0xfe, 0x0, 0xb, 0xe0, 0x0,
    0x0, 0x0, 0x9f, 0x40, 0x0, 0xef, 0x0, 0x3f,
    0x60, 0x0, 0x0, 0x0, 0x7f, 0x50, 0x0, 0xfd,
    0x0, 0xcd, 0x0, 0x2, 0x10, 0x0, 0x4f, 0x90,
    0x3, 0xfa, 0x4, 0xf5, 0x5, 0xff, 0xfb, 0x10,
    0xd, 0xf4, 0x2c, 0xf3, 0xc, 0xc0, 0x3f, 0xd5,
    0x8f, 0xb0, 0x3, 0xef, 0xff, 0x70, 0x5f, 0x40,
    0xbf, 0x30, 0xa, 0xf3, 0x0, 0x15, 0x62, 0x0,
    0xdb, 0x0, 0xee, 0x0, 0x5, 0xf6, 0x0, 0x0,
    0x0, 0x6, 0xf3, 0x0, 0xfc, 0x0, 0x4, 0xf8,
    0x0, 0x0, 0x0, 0xe, 0xb0, 0x0, 0xfd, 0x0,
    0x4, 0xf8, 0x0, 0x0, 0x0, 0x7f, 0x20, 0x0,
    0xee, 0x0, 0x6, 0xf6, 0x0, 0x0, 0x0, 0xea,
    0x0, 0x0, 0x9f, 0x40, 0xc, 0xf2, 0x0, 0x0,
    0x8, 0xf2, 0x0, 0x0, 0x2f, 0xe8, 0xbf, 0x90,
    0x0, 0x0, 0x1f, 0x90, 0x0, 0x0, 0x3, 0xcf,
    0xe8, 0x0, 0x0, 0x0, 0x0, 0x0, 0x0, 0x0,
    0x0, 0x0, 0x0, 0x0,

    /* U+FF08 "（" */
    0x0, 0x0, 0x1b, 0x50, 0x0, 0x0, 0xcf, 0x80,
    0x0, 0x8, 0xfb, 0x0, 0x0, 0x2f, 0xf1, 0x0,
    0x0, 0xaf, 0x70, 0x0, 0x1, 0xff, 0x0, 0x0,
    0x6, 0xfa, 0x0, 0x0, 0xa, 0xf5, 0x0, 0x0,
    0xc, 0xf2, 0x0, 0x0, 0xe, 0xf1, 0x0, 0x0,
    0xf, 0xf0, 0x0, 0x0, 0xe, 0xf0, 0x0, 0x0,
    0xd, 0xf2, 0x0, 0x0, 0xb, 0xf4, 0x0, 0x0,
    0x7, 0xf9, 0x0, 0x0, 0x2, 0xfe, 0x0, 0x0,
    0x0, 0xcf, 0x50, 0x0, 0x0, 0x4f, 0xd0, 0x0,
    0x0, 0xb, 0xf8, 0x0, 0x0, 0x2, 0xef, 0x50,
    0x0, 0x0, 0x3f, 0x80, 0x0, 0x0, 0x0, 0x0,

    /* U+FF09 "）" */
    0x5, 0xb1, 0x0, 0x0, 0x8, 0xfc, 0x0, 0x0,
    0x0, 0xbf, 0x80, 0x0, 0x0, 0x1f, 0xf2, 0x0,
    0x0, 0x7, 0xfa, 0x0, 0x0, 0x0, 0xff, 0x10,
    0x0, 0x0, 0xaf, 0x50, 0x0, 0x0, 0x5f, 0xa0,
    0x0, 0x0, 0x3f, 0xc0, 0x0, 0x0, 0x1f, 0xe0,
    0x0, 0x0, 0xf, 0xf0, 0x0, 0x0, 0xf, 0xe0,
    0x0, 0x0, 0x2f, 0xd0, 0x0, 0x0, 0x4f, 0xb0,
    0x0, 0x0, 0x9f, 0x70, 0x0, 0x0, 0xef, 0x20,
    0x0, 0x5, 0xfc, 0x0, 0x0, 0xd, 0xf4, 0x0,
    0x0, 0x8f, 0xb0, 0x0, 0x5, 0xfe, 0x20, 0x0,
    0x8, 0xf3, 0x0, 0x0, 0x0, 0x0, 0x0, 0x0,

    /* U+FF0B "＋" */
    0x0, 0x0, 0x0, 0x0, 0x0, 0x0, 0x0, 0x0,
    0x0, 0x0, 0x0, 0xe, 0xe0, 0x0, 0x0, 0x0,
    0x0, 0x0, 0x0, 0xe, 0xe0, 0x0, 0x0, 0x0,
    0x0, 0x0, 0x0, 0xe, 0xe0, 0x0, 0x0, 0x0,
    0x0, 0x0, 0x0, 0xe, 0xe0, 0x0, 0x0, 0x0,
    0x0, 0x0, 0x0, 0xe, 0xe0, 0x0, 0x0, 0x0,
    0x0, 0x0, 0x0, 0xe, 0xe0, 0x0, 0x0, 0x0,
    0x0, 0x0, 0x0, 0xe, 0xe0, 0x0, 0x0, 0x0,
    0xef, 0xff, 0xff, 0xff, 0xff, 0xff, 0xff, 0xfe,
    0xbc, 0xcc, 0xcc, 0xcf, 0xfc, 0xcc, 0xcc, 0xcb,
    0x0, 0x0, 0x0, 0xe, 0xe0, 0x0, 0x0, 0x0,
    0x0, 0x0, 0x0, 0xe, 0xe0, 0x0, 0x0, 0x0,
    0x0, 0x0, 0x0, 0xe, 0xe0, 0x0, 0x0, 0x0,
    0x0, 0x0, 0x0, 0xe, 0xe0, 0x0, 0x0, 0x0,
    0x0, 0x0, 0x0, 0xe, 0xe0, 0x0, 0x0, 0x0,
    0x0, 0x0, 0x0, 0xe, 0xe0, 0x0, 0x0, 0x0,
    0x0, 0x0, 0x0, 0xb, 0xb0, 0x0, 0x0, 0x0,

    /* U+FF0C "，" */
    0x0, 0x0, 0x0, 0x9f, 0xe3, 0x1f, 0xff, 0xa0,
    0xdf, 0xfd, 0x0, 0x4f, 0xb0, 0x6, 0xf7, 0x5,
    0xfe, 0x9, 0xfd, 0x20, 0x36, 0x0, 0x0,

    /* U+FF0D "－" */
    0x0, 0x0, 0x0, 0x0, 0x0, 0x0, 0x0, 0x0,
    0xef, 0xff, 0xff, 0xff, 0xff, 0xff, 0xff, 0xfe,
    0xbc, 0xcc, 0xcc, 0xcc, 0xcc, 0xcc, 0xcc, 0xcb,

    /* U+FF1A "：" */
    0x0, 0x10, 0x0, 0xbf, 0xd1, 0x2f, 0xff, 0x61,
    0xef, 0xf3, 0x2, 0x74, 0x0, 0x0, 0x0, 0x0,
    0x0, 0x0, 0x0, 0x0, 0x0, 0x0, 0x0, 0x0,
    0x0, 0x0, 0x0, 0x0, 0x27, 0x40, 0x1f, 0xff,
    0x32, 0xff, 0xf6, 0xb, 0xfd, 0x10, 0x1, 0x0,

    /* U+FF1B "；" */
    0x0, 0x10, 0x0, 0xbf, 0xd1, 0x2f, 0xff, 0x61,
    0xef, 0xf3, 0x2, 0x74, 0x0, 0x0, 0x0, 0x0,
    0x0, 0x0, 0x0, 0x0, 0x0, 0x0, 0x0, 0x0,
    0x0, 0x3, 0x97, 0x0, 0xff, 0xf7, 0xf, 0xff,
    0xb0, 0x5c, 0xfc, 0x0, 0x1f, 0xa0, 0x7, 0xf5,
    0x6, 0xfc, 0x9, 0xfd, 0x10, 0x46, 0x0, 0x0,

    /* U+FF1D "＝" */
    0xef, 0xff, 0xff, 0xff, 0xff, 0xff, 0xff, 0xfe,
    0xcd, 0xdd, 0xdd, 0xdd, 0xdd, 0xdd, 0xdd, 0xdc,
    0x0, 0x0, 0x0, 0x0, 0x0, 0x0, 0x0, 0x0,
    0x0, 0x0, 0x0, 0x0, 0x0, 0x0, 0x0, 0x0,
    0x0, 0x0, 0x0, 0x0, 0x0, 0x0, 0x0, 0x0,
    0xcd, 0xdd, 0xdd, 0xdd, 0xdd, 0xdd, 0xdd, 0xdc,
    0xef, 0xff, 0xff, 0xff, 0xff, 0xff, 0xff, 0xfe,

    /* U+FF1F "？" */
    0x0, 0x6, 0xbd, 0xb8, 0x10, 0x0, 0x2d, 0xff,
    0xff, 0xff, 0x30, 0x1e, 0xfc, 0x64, 0x7f, 0xfd,
    0x0, 0x48, 0x0, 0x0, 0x7f, 0xf1, 0x0, 0x0,
    0x0, 0x4, 0xff, 0x20, 0x0, 0x0, 0x0, 0x8f,
    0xe0, 0x0, 0x0, 0x0, 0x5f, 0xf6, 0x0, 0x0,
    0x0, 0x4f, 0xf7, 0x0, 0x0, 0x0, 0x2f, 0xf9,
    0x0, 0x0, 0x0, 0xb, 0xfb, 0x0, 0x0, 0x0,
    0x0, 0xef, 0x60, 0x0, 0x0, 0x0, 0x6, 0x62,
    0x0, 0x0, 0x0, 0x0, 0x0, 0x0, 0x0, 0x0,
    0x0, 0x0, 0x10, 0x0, 0x0, 0x0, 0x0, 0xef,
    0x60, 0x0, 0x0, 0x0, 0x4f, 0xfc, 0x0, 0x0,
    0x0, 0x0, 0xdf, 0x60, 0x0, 0x0, 0x0, 0x0,
    0x0, 0x0, 0x0,

    /* U+FF5E "～" */
    0x0, 0x0, 0x2, 0x43, 0x10, 0x0, 0x0, 0x0,
    0x0, 0x0, 0x0, 0x0, 0x5, 0xdf, 0xff, 0xfa,
    0x20, 0x0, 0x0, 0x0, 0x0, 0x0, 0x0, 0x8f,
    0xff, 0xef, 0xff, 0xf4, 0x0, 0x0, 0x0, 0x3d,
    0x50, 0x6, 0xff, 0xa1, 0x0, 0x5e, 0xff, 0x70,
    0x0, 0x2, 0xef, 0xc0, 0xc, 0xf9, 0x0, 0x0,
    0x1, 0xcf, 0xfc, 0x86, 0x9f, 0xfe, 0x10, 0x0,
    0x50, 0x0, 0x0, 0x0, 0x9, 0xff, 0xff, 0xff,
    0xd2, 0x0, 0x0, 0x0, 0x0, 0x0, 0x0, 0x0,
    0x39, 0xcd, 0xb6, 0x0, 0x0,

    /* U+FFE5 "￥" */
    0x2, 0x21, 0x0, 0x0, 0x0, 0x0, 0x22, 0x21,
    0xef, 0xe0, 0x0, 0x0, 0x0, 0x5f, 0xf8, 0x5,
    0xff, 0x80, 0x0, 0x0, 0xe, 0xfd, 0x0, 0xa,
    0xff, 0x10, 0x0, 0x7, 0xff, 0x30, 0x0, 0x1f,
    0xfa, 0x0, 0x1, 0xff, 0x90, 0x0, 0x0, 0x6f,
    0xf2, 0x0, 0x8f, 0xe0, 0x0, 0x0, 0x0, 0xcf,
    0xb0, 0x1f, 0xf4, 0x0, 0x0, 0x0, 0x2, 0xff,
    0x39, 0xfa, 0x0, 0x0, 0x0, 0x0, 0x7, 0xfd,
    0xfe, 0x10, 0x0, 0x0, 0xc, 0xff, 0xff, 0xff,
    0xff, 0xff, 0x50, 0x0, 0x56, 0x66, 0xbf, 0xf7,
    0x66, 0x62, 0x0, 0x0, 0x0, 0x7, 0xff, 0x0,
    0x0, 0x0, 0x0, 0xcf, 0xff, 0xff, 0xff, 0xff,
    0xf5, 0x0, 0x5, 0x66, 0x6b, 0xff, 0x76, 0x66,
    0x20, 0x0, 0x0, 0x0, 0x7f, 0xf0, 0x0, 0x0,
    0x0, 0x0, 0x0, 0x7, 0xff, 0x0, 0x0, 0x0,
    0x0, 0x0, 0x0, 0x7f, 0xf0, 0x0, 0x0, 0x0
};


/*---------------------
 *  GLYPH DESCRIPTION
 *--------------------*/

static const lv_font_fmt_txt_glyph_dsc_t glyph_dsc[] = {
    {.bitmap_index = 0, .adv_w = 0, .box_w = 0, .box_h = 0, .ofs_x = 0, .ofs_y = 0} /* id = 0 reserved */,
    {.bitmap_index = 0, .adv_w = 79, .box_w = 0, .box_h = 0, .ofs_x = 0, .ofs_y = 0},
    {.bitmap_index = 0, .adv_w = 121, .box_w = 4, .box_h = 17, .ofs_x = 2, .ofs_y = 0},
    {.bitmap_index = 34, .adv_w = 182, .box_w = 9, .box_h = 8, .ofs_x = 1, .ofs_y = 10},
    {.bitmap_index = 70, .adv_w = 201, .box_w = 12, .box_h = 17, .ofs_x = 0, .ofs_y = 0},
    {.bitmap_index = 172, .adv_w = 201, .box_w = 11, .box_h = 22, .ofs_x = 1, .ofs_y = -3},
    {.bitmap_index = 293, .adv_w = 331, .box_w = 20, .box_h = 17, .ofs_x = 0, .ofs_y = 0},
    {.bitmap_index = 463, .adv_w = 249, .box_w = 16, .box_h = 17, .ofs_x = 0, .ofs_y = 0},
    {.bitmap_index = 599, .adv_w = 105, .box_w = 4, .box_h = 8, .ofs_x = 1, .ofs_y = 10},
    {.bitmap_index = 615, .adv_w = 125, .box_w = 6, .box_h = 25, .ofs_x = 1, .ofs_y = -5},
    {.bitmap_index = 690, .adv_w = 125, .box_w = 5, .box_h = 25, .ofs_x = 1, .ofs_y = -5},
    {.bitmap_index = 753, .adv_w = 170, .box_w = 9, .box_h = 9, .ofs_x = 1, .ofs_y = 9},
    {.bitmap_index = 794, .adv_w = 201, .box_w = 12, .box_h = 12, .ofs_x = 0, .ofs_y = 3},
    {.bitmap_index = 866, .adv_w = 105, .box_w = 5, .box_h = 9, .ofs_x = 1, .ofs_y = -5},
    {.bitmap_index = 889, .adv_w = 126, .box_w = 6, .box_h = 2, .ofs_x = 1, .ofs_y = 6},
    {.bitmap_index = 895, .adv_w = 105, .box_w = 4, .box_h = 4, .ofs_x = 1, .ofs_y = 0},
    {.bitmap_index = 903, .adv_w = 137, .box_w = 9, .box_h = 23, .ofs_x = 0, .ofs_y = -5},
    {.bitmap_index = 1007, .adv_w = 201, .box_w = 11, .box_h = 17, .ofs_x = 1, .ofs_y = 0},
    {.bitmap_index = 1101, .adv_w = 201, .box_w = 11, .box_h = 17, .ofs_x = 1, .ofs_y = 0},
    {.bitmap_index = 1195, .adv_w = 201, .box_w = 12, .box_h = 17, .ofs_x = 0, .ofs_y = 0},
    {.bitmap_index = 1297, .adv_w = 201, .box_w = 12, .box_h = 17, .ofs_x = 0, .ofs_y = 0},
    {.bitmap_index = 1399, .adv_w = 201, .box_w = 12, .box_h = 17, .ofs_x = 0, .ofs_y = 0},
    {.bitmap_index = 1501, .adv_w = 201, .box_w = 12, .box_h = 17, .ofs_x = 0, .ofs_y = 0},
    {.bitmap_index = 1603, .adv_w = 201, .box_w = 11, .box_h = 17, .ofs_x = 1, .ofs_y = 0},
    {.bitmap_index = 1697, .adv_w = 201, .box_w = 11, .box_h = 17, .ofs_x = 1, .ofs_y = 0},
    {.bitmap_index = 1791, .adv_w = 201, .box_w = 11, .box_h = 17, .ofs_x = 1, .ofs_y = 0},
    {.bitmap_index = 1885, .adv_w = 201, .box_w = 12, .box_h = 17, .ofs_x = 0, .ofs_y = 0},
    {.bitmap_index = 1987, .adv_w = 105, .box_w = 4, .box_h = 13, .ofs_x = 1, .ofs_y = 0},
    {.bitmap_index = 2013, .adv_w = 105, .box_w = 5, .box_h = 18, .ofs_x = 1, .ofs_y = -5},
    {.bitmap_index = 2058, .adv_w = 201, .box_w = 12, .box_h = 12, .ofs_x = 0, .ofs_y = 3},
    {.bitmap_index = 2130, .adv_w = 201, .box_w = 12, .box_h = 8, .ofs_x = 0, .ofs_y = 5},
    {.bitmap_index = 2178, .adv_w = 201, .box_w = 12, .box_h = 12, .ofs_x = 0, .ofs_y = 3},
    {.bitmap_index = 2250, .adv_w = 173, .box_w = 10, .box_h = 17, .ofs_x = 0, .ofs_y = 0},
    {.bitmap_index = 2335, .adv_w = 342, .box_w = 20, .box_h = 21, .ofs_x = 1, .ofs_y = -4},
    {.bitmap_index = 2545, .adv_w = 219, .box_w = 14, .box_h = 17, .ofs_x = 0, .ofs_y = 0},
    {.bitmap_index = 2664, .adv_w = 235, .box_w = 12, .box_h = 17, .ofs_x = 2, .ofs_y = 0},
    {.bitmap_index = 2766, .adv_w = 227, .box_w = 13, .box_h = 17, .ofs_x = 1, .ofs_y = 0},
    {.bitmap_index = 2877, .adv_w = 246, .box_w = 13, .box_h = 17, .ofs_x = 2, .ofs_y = 0},
    {.bitmap_index = 2988, .adv_w = 211, .box_w = 10, .box_h = 17, .ofs_x = 2, .ofs_y = 0},
    {.bitmap_index = 3073, .adv_w = 199, .box_w = 10, .box_h = 17, .ofs_x = 2, .ofs_y = 0},
    {.bitmap_index = 3158, .adv_w = 247, .box_w = 13, .box_h = 17, .ofs_x = 1, .ofs_y = 0},
    {.bitmap_index = 3269, .adv_w = 261, .box_w = 13, .box_h = 17, .ofs_x = 2, .ofs_y = 0},
    {.bitmap_index = 3380, .adv_w = 109, .box_w = 3, .box_h = 17, .ofs_x = 2, .ofs_y = 0},
    {.bitmap_index = 3406, .adv_w = 193, .box_w = 11, .box_h = 17, .ofs_x = 0, .ofs_y = 0},
    {.bitmap_index = 3500, .adv_w = 234, .box_w = 13, .box_h = 17, .ofs_x = 2, .ofs_y = 0},
    {.bitmap_index = 3611, .adv_w = 196, .box_w = 10, .box_h = 17, .ofs_x = 2, .ofs_y = 0},
    {.bitmap_index = 3696, .adv_w = 292, .box_w = 15, .box_h = 17, .ofs_x = 2, .ofs_y = 0},
    {.bitmap_index = 3824, .adv_w = 258, .box_w = 13, .box_h = 17, .ofs_x = 2, .ofs_y = 0},
    {.bitmap_index = 3935, .adv_w = 265, .box_w = 15, .box_h = 17, .ofs_x = 1, .ofs_y = 0},
    {.bitmap_index = 4063, .adv_w = 228, .box_w = 12, .box_h = 17, .ofs_x = 2, .ofs_y = 0},
    {.bitmap_index = 4165, .adv_w = 265, .box_w = 15, .box_h = 22, .ofs_x = 1, .ofs_y = -5},
    {.bitmap_index = 4330, .adv_w = 231, .box_w = 12, .box_h = 17, .ofs_x = 2, .ofs_y = 0},
    {.bitmap_index = 4432, .adv_w = 214, .box_w = 13, .box_h = 17, .ofs_x = 0, .ofs_y = 0},
    {.bitmap_index = 4543, .adv_w = 215, .box_w = 13, .box_h = 17, .ofs_x = 0, .ofs_y = 0},
    {.bitmap_index = 4654, .adv_w = 258, .box_w = 13, .box_h = 17, .ofs_x = 2, .ofs_y = 0},
    {.bitmap_index = 4765, .adv_w = 209, .box_w = 15, .box_h = 17, .ofs_x = -1, .ofs_y = 0},
    {.bitmap_index = 4893, .adv_w = 315, .box_w = 20, .box_h = 17, .ofs_x = 0, .ofs_y = 0},
    {.bitmap_index = 5063, .adv_w = 210, .box_w = 13, .box_h = 17, .ofs_x = 0, .ofs_y = 0},
    {.bitmap_index = 5174, .adv_w = 195, .box_w = 14, .box_h = 17, .ofs_x = -1, .ofs_y = 0},
    {.bitmap_index = 5293, .adv_w = 214, .box_w = 12, .box_h = 17, .ofs_x = 1, .ofs_y = 0},
    {.bitmap_index = 5395, .adv_w = 125, .box_w = 5, .box_h = 23, .ofs_x = 2, .ofs_y = -5},
    {.bitmap_index = 5453, .adv_w = 137, .box_w = 9, .box_h = 23, .ofs_x = 0, .ofs_y = -5},
    {.bitmap_index = 5557, .adv_w = 125, .box_w = 6, .box_h = 23, .ofs_x = 0, .ofs_y = -5},
    {.bitmap_index = 5626, .adv_w = 201, .box_w = 11, .box_h = 10, .ofs_x = 1, .ofs_y = 7},
    {.bitmap_index = 5681, .adv_w = 198, .box_w = 13, .box_h = 2, .ofs_x = 0, .ofs_y = -3},
    {.bitmap_index = 5694, .adv_w = 216, .box_w = 7, .box_h = 7, .ofs_x = 2, .ofs_y = 14},
    {.bitmap_index = 5719, .adv_w = 202, .box_w = 10, .box_h = 13, .ofs_x = 1, .ofs_y = 0},
    {.bitmap_index = 5784, .adv_w = 221, .box_w = 12, .box_h = 18, .ofs_x = 1, .ofs_y = 0},
    {.bitmap_index = 5892, .adv_w = 182, .box_w = 10, .box_h = 13, .ofs_x = 1, .ofs_y = 0},
    {.bitmap_index = 5957, .adv_w = 222, .box_w = 11, .box_h = 18, .ofs_x = 1, .ofs_y = 0},
    {.bitmap_index = 6056, .adv_w = 199, .box_w = 11, .box_h = 13, .ofs_x = 1, .ofs_y = 0},
    {.bitmap_index = 6128, .adv_w = 122, .box_w = 9, .box_h = 18, .ofs_x = 0, .ofs_y = 0},
    {.bitmap_index = 6209, .adv_w = 203, .box_w = 12, .box_h = 18, .ofs_x = 1, .ofs_y = -5},
    {.bitmap_index = 6317, .adv_w = 219, .box_w = 11, .box_h = 18, .ofs_x = 1, .ofs_y = 0},
    {.bitmap_index = 6416, .adv_w = 101, .box_w = 4, .box_h = 18, .ofs_x = 1, .ofs_y = 0},
    {.bitmap_index = 6452, .adv_w = 102, .box_w = 7, .box_h = 23, .ofs_x = -2, .ofs_y = -5},
    {.bitmap_index = 6533, .adv_w = 202, .box_w = 12, .box_h = 18, .ofs_x = 1, .ofs_y = 0},
    {.bitmap_index = 6641, .adv_w = 105, .box_w = 5, .box_h = 18, .ofs_x = 1, .ofs_y = 0},
    {.bitmap_index = 6686, .adv_w = 332, .box_w = 18, .box_h = 13, .ofs_x = 1, .ofs_y = 0},
    {.bitmap_index = 6803, .adv_w = 220, .box_w = 11, .box_h = 13, .ofs_x = 1, .ofs_y = 0},
    {.bitmap_index = 6875, .adv_w = 216, .box_w = 12, .box_h = 13, .ofs_x = 1, .ofs_y = 0},
    {.bitmap_index = 6953, .adv_w = 222, .box_w = 12, .box_h = 18, .ofs_x = 1, .ofs_y = -5},
    {.bitmap_index = 7061, .adv_w = 222, .box_w = 11, .box_h = 18, .ofs_x = 1, .ofs_y = -5},
    {.bitmap_index = 7160, .adv_w = 144, .box_w = 9, .box_h = 13, .ofs_x = 1, .ofs_y = 0},
    {.bitmap_index = 7219, .adv_w = 169, .box_w = 10, .box_h = 13, .ofs_x = 0, .ofs_y = 0},
    {.bitmap_index = 7284, .adv_w = 139, .box_w = 9, .box_h = 17, .ofs_x = 0, .ofs_y = 0},
    {.bitmap_index = 7361, .adv_w = 218, .box_w = 11, .box_h = 13, .ofs_x = 1, .ofs_y = 0},
    {.bitmap_index = 7433, .adv_w = 192, .box_w = 12, .box_h = 13, .ofs_x = 0, .ofs_y = 0},
    {.bitmap_index = 7511, .adv_w = 292, .box_w = 18, .box_h = 13, .ofs_x = 0, .ofs_y = 0},
    {.bitmap_index = 7628, .adv_w = 185, .box_w = 12, .box_h = 13, .ofs_x = 0, .ofs_y = 0},
    {.bitmap_index = 7706, .adv_w = 191, .box_w = 12, .box_h = 18, .ofs_x = 0, .ofs_y = -5},
    {.bitmap_index = 7814, .adv_w = 173, .box_w = 11, .box_h = 13, .ofs_x = 0, .ofs_y = 0},
    {.bitmap_index = 7886, .adv_w = 125, .box_w = 7, .box_h = 23, .ofs_x = 0, .ofs_y = -5},
    {.bitmap_index = 7967, .adv_w = 99, .box_w = 2, .box_h = 26, .ofs_x = 2, .ofs_y = -6},
    {.bitmap_index = 7993, .adv_w = 125, .box_w = 7, .box_h = 23, .ofs_x = 0, .ofs_y = -5},
    {.bitmap_index = 8074, .adv_w = 201, .box_w = 12, .box_h = 4, .ofs_x = 0, .ofs_y = 7},
    {.bitmap_index = 8098, .adv_w = 136, .box_w = 8, .box_h = 9, .ofs_x = 0, .ofs_y = 10},
    {.bitmap_index = 8134, .adv_w = 352, .box_w = 6, .box_h = 6, .ofs_x = 8, .ofs_y = 6},
    {.bitmap_index = 8152, .adv_w = 352, .box_w = 16, .box_h = 16, .ofs_x = 3, .ofs_y = 1},
    {.bitmap_index = 8280, .adv_w = 352, .box_w = 16, .box_h = 15, .ofs_x = 3, .ofs_y = 1},
    {.bitmap_index = 8400, .adv_w = 190, .box_w = 10, .box_h = 2, .ofs_x = 1, .ofs_y = 6},
    {.bitmap_index = 8410, .adv_w = 317, .box_w = 18, .box_h = 2, .ofs_x = 1, .ofs_y = 6},
    {.bitmap_index = 8428, .adv_w = 352, .box_w = 5, .box_h = 7, .ofs_x = 17, .ofs_y = 13},
    {.bitmap_index = 8446, .adv_w = 352, .box_w = 5, .box_h = 8, .ofs_x = 0, .ofs_y = 12},
    {.bitmap_index = 8466, .adv_w = 352, .box_w = 9, .box_h = 7, .ofs_x = 13, .ofs_y = 13},
    {.bitmap_index = 8498, .adv_w = 352, .box_w = 9, .box_h = 8, .ofs_x = 0, .ofs_y = 12},
    {.bitmap_index = 8534, .adv_w = 352, .box_w = 6, .box_h = 6, .ofs_x = 8, .ofs_y = 6},
    {.bitmap_index = 8552, .adv_w = 352, .box_w = 18, .box_h = 4, .ofs_x = 2, .ofs_y = 7},
    {.bitmap_index = 8588, .adv_w = 352, .box_w = 22, .box_h = 12, .ofs_x = 0, .ofs_y = 2},
    {.bitmap_index = 8720, .adv_w = 352, .box_w = 12, .box_h = 21, .ofs_x = 5, .ofs_y = -2},
    {.bitmap_index = 8846, .adv_w = 352, .box_w = 22, .box_h = 12, .ofs_x = 0, .ofs_y = 2},
    {.bitmap_index = 8978, .adv_w = 352, .box_w = 12, .box_h = 21, .ofs_x = 5, .ofs_y = -2},
    {.bitmap_index = 9104, .adv_w = 352, .box_w = 18, .box_h = 18, .ofs_x = 2, .ofs_y = -1},
    {.bitmap_index = 9266, .adv_w = 352, .box_w = 0, .box_h = 0, .ofs_x = 0, .ofs_y = 0},
    {.bitmap_index = 9266, .adv_w = 352, .box_w = 7, .box_h = 8, .ofs_x = 1, .ofs_y = -2},
    {.bitmap_index = 9294, .adv_w = 352, .box_w = 8, .box_h = 8, .ofs_x = 0, .ofs_y = -2},
    {.bitmap_index = 9326, .adv_w = 352, .box_w = 9, .box_h = 21, .ofs_x = 12, .ofs_y = -2},
    {.bitmap_index = 9421, .adv_w = 352, .box_w = 9, .box_h = 21, .ofs_x = 1, .ofs_y = -2},
    {.bitmap_index = 9516, .adv_w = 352, .box_w = 11, .box_h = 21, .ofs_x = 11, .ofs_y = -2},
    {.bitmap_index = 9632, .adv_w = 352, .box_w = 11, .box_h = 21, .ofs_x = 0, .ofs_y = -2},
    {.bitmap_index = 9748, .adv_w = 352, .box_w = 8, .box_h = 15, .ofs_x = 14, .ofs_y = 4},
    {.bitmap_index = 9808, .adv_w = 352, .box_w = 8, .box_h = 15, .ofs_x = 0, .ofs_y = -2},
    {.bitmap_index = 9868, .adv_w = 352, .box_w = 9, .box_h = 15, .ofs_x = 13, .ofs_y = 4},
    {.bitmap_index = 9936, .adv_w = 352, .box_w = 9, .box_h = 15, .ofs_x = 0, .ofs_y = -2},
    {.bitmap_index = 10004, .adv_w = 352, .box_w = 8, .box_h = 21, .ofs_x = 14, .ofs_y = -2},
    {.bitmap_index = 10088, .adv_w = 352, .box_w = 8, .box_h = 22, .ofs_x = 0, .ofs_y = -3},
    {.bitmap_index = 10176, .adv_w = 352, .box_w = 7, .box_h = 22, .ofs_x = 15, .ofs_y = -3},
    {.bitmap_index = 10253, .adv_w = 352, .box_w = 7, .box_h = 22, .ofs_x = 0, .ofs_y = -3},
    {.bitmap_index = 10330, .adv_w = 352, .box_w = 20, .box_h = 20, .ofs_x = 1, .ofs_y = -1},
    {.bitmap_index = 10530, .adv_w = 352, .box_w = 22, .box_h = 20, .ofs_x = 0, .ofs_y = -2},
    {.bitmap_index = 10750, .adv_w = 352, .box_w = 19, .box_h = 22, .ofs_x = 1, .ofs_y = -3},
    {.bitmap_index = 10959, .adv_w = 352, .box_w = 20, .box_h = 19, .ofs_x = 1, .ofs_y = -1},
    {.bitmap_index = 11149, .adv_w = 352, .box_w = 20, .box_h = 21, .ofs_x = 1, .ofs_y = -2},
    {.bitmap_index = 11359, .adv_w = 352, .box_w = 22, .box_h = 21, .ofs_x = 0, .ofs_y = -2},
    {.bitmap_index = 11590, .adv_w = 352, .box_w = 18, .box_h = 21, .ofs_x = 2, .ofs_y = -2},
    {.bitmap_index = 11779, .adv_w = 352, .box_w = 19, .box_h = 22, .ofs_x = 1, .ofs_y = -3},
    {.bitmap_index = 11988, .adv_w = 352, .box_w = 18, .box_h = 20, .ofs_x = 2, .ofs_y = -2},
    {.bitmap_index = 12168, .adv_w = 352, .box_w = 22, .box_h = 21, .ofs_x = 0, .ofs_y = -2},
    {.bitmap_index = 12399, .adv_w = 352, .box_w = 21, .box_h = 22, .ofs_x = 0, .ofs_y = -2},
    {.bitmap_index = 12630, .adv_w = 352, .box_w = 22, .box_h = 22, .ofs_x = 0, .ofs_y = -3},
    {.bitmap_index = 12872, .adv_w = 352, .box_w = 22, .box_h = 21, .ofs_x = 0, .ofs_y = -2},
    {.bitmap_index = 13103, .adv_w = 352, .box_w = 22, .box_h = 22, .ofs_x = 0, .ofs_y = -3},
    {.bitmap_index = 13345, .adv_w = 352, .box_w = 21, .box_h = 20, .ofs_x = 1, .ofs_y = -2},
    {.bitmap_index = 13555, .adv_w = 352, .box_w = 21, .box_h = 21, .ofs_x = 0, .ofs_y = -2},
    {.bitmap_index = 13776, .adv_w = 352, .box_w = 22, .box_h = 21, .ofs_x = 0, .ofs_y = -2},
    {.bitmap_index = 14007, .adv_w = 352, .box_w = 22, .box_h = 21, .ofs_x = 0, .ofs_y = -2},
    {.bitmap_index = 14238, .adv_w = 352, .box_w = 22, .box_h = 21, .ofs_x = 0, .ofs_y = -2},
    {.bitmap_index = 14469, .adv_w = 352, .box_w = 22, .box_h = 22, .ofs_x = 0, .ofs_y = -3},
    {.bitmap_index = 14711, .adv_w = 352, .box_w = 22, .box_h = 21, .ofs_x = 0, .ofs_y = -2},
    {.bitmap_index = 14942, .adv_w = 352, .box_w = 21, .box_h = 22, .ofs_x = 0, .ofs_y = -3},
    {.bitmap_index = 15173, .adv_w = 352, .box_w = 22, .box_h = 21, .ofs_x = 0, .ofs_y = -2},
    {.bitmap_index = 15404, .adv_w = 352, .box_w = 22, .box_h = 22, .ofs_x = 0, .ofs_y = -3},
    {.bitmap_index = 15646, .adv_w = 352, .box_w = 22, .box_h = 21, .ofs_x = 0, .ofs_y = -2},
    {.bitmap_index = 15877, .adv_w = 352, .box_w = 22, .box_h = 22, .ofs_x = 0, .ofs_y = -3},
    {.bitmap_index = 16119, .adv_w = 352, .box_w = 22, .box_h = 21, .ofs_x = 0, .ofs_y = -2},
    {.bitmap_index = 16350, .adv_w = 352, .box_w = 21, .box_h = 22, .ofs_x = 1, .ofs_y = -3},
    {.bitmap_index = 16581, .adv_w = 352, .box_w = 21, .box_h = 22, .ofs_x = 1, .ofs_y = -3},
    {.bitmap_index = 16812, .adv_w = 352, .box_w = 21, .box_h = 21, .ofs_x = 0, .ofs_y = -2},
    {.bitmap_index = 17033, .adv_w = 352, .box_w = 22, .box_h = 20, .ofs_x = 0, .ofs_y = -2},
    {.bitmap_index = 17253, .adv_w = 352, .box_w = 18, .box_h = 21, .ofs_x = 2, .ofs_y = -2},
    {.bitmap_index = 17442, .adv_w = 352, .box_w = 22, .box_h = 20, .ofs_x = 0, .ofs_y = -2},
    {.bitmap_index = 17662, .adv_w = 352, .box_w = 20, .box_h = 21, .ofs_x = 1, .ofs_y = -3},
    {.bitmap_index = 17872, .adv_w = 352, .box_w = 21, .box_h = 21, .ofs_x = 0, .ofs_y = -2},
    {.bitmap_index = 18093, .adv_w = 352, .box_w = 22, .box_h = 21, .ofs_x = 0, .ofs_y = -2},
    {.bitmap_index = 18324, .adv_w = 352, .box_w = 18, .box_h = 21, .ofs_x = 2, .ofs_y = -2},
    {.bitmap_index = 18513, .adv_w = 352, .box_w = 22, .box_h = 22, .ofs_x = 0, .ofs_y = -3},
    {.bitmap_index = 18755, .adv_w = 352, .box_w = 21, .box_h = 21, .ofs_x = 0, .ofs_y = -3},
    {.bitmap_index = 18976, .adv_w = 352, .box_w = 21, .box_h = 22, .ofs_x = 0, .ofs_y = -3},
    {.bitmap_index = 19207, .adv_w = 352, .box_w = 20, .box_h = 21, .ofs_x = 1, .ofs_y = -3},
    {.bitmap_index = 19417, .adv_w = 352, .box_w = 21, .box_h = 22, .ofs_x = 0, .ofs_y = -3},
    {.bitmap_index = 19648, .adv_w = 352, .box_w = 21, .box_h = 22, .ofs_x = 0, .ofs_y = -3},
    {.bitmap_index = 19879, .adv_w = 352, .box_w = 21, .box_h = 21, .ofs_x = 0, .ofs_y = -3},
    {.bitmap_index = 20100, .adv_w = 352, .box_w = 20, .box_h = 21, .ofs_x = 1, .ofs_y = -3},
    {.bitmap_index = 20310, .adv_w = 352, .box_w = 21, .box_h = 21, .ofs_x = 0, .ofs_y = -3},
    {.bitmap_index = 20531, .adv_w = 352, .box_w = 20, .box_h = 22, .ofs_x = 1, .ofs_y = -3},
    {.bitmap_index = 20751, .adv_w = 352, .box_w = 22, .box_h = 21, .ofs_x = 0, .ofs_y = -3},
    {.bitmap_index = 20982, .adv_w = 352, .box_w = 21, .box_h = 22, .ofs_x = 0, .ofs_y = -3},
    {.bitmap_index = 21213, .adv_w = 352, .box_w = 21, .box_h = 22, .ofs_x = 0, .ofs_y = -3},
    {.bitmap_index = 21444, .adv_w = 352, .box_w = 22, .box_h = 22, .ofs_x = 0, .ofs_y = -3},
    {.bitmap_index = 21686, .adv_w = 352, .box_w = 20, .box_h = 22, .ofs_x = 1, .ofs_y = -3},
    {.bitmap_index = 21906, .adv_w = 352, .box_w = 22, .box_h = 21, .ofs_x = 0, .ofs_y = -2},
    {.bitmap_index = 22137, .adv_w = 352, .box_w = 20, .box_h = 20, .ofs_x = 2, .ofs_y = -2},
    {.bitmap_index = 22337, .adv_w = 352, .box_w = 20, .box_h = 21, .ofs_x = 1, .ofs_y = -2},
    {.bitmap_index = 22547, .adv_w = 352, .box_w = 20, .box_h = 20, .ofs_x = 1, .ofs_y = -2},
    {.bitmap_index = 22747, .adv_w = 352, .box_w = 22, .box_h = 20, .ofs_x = 0, .ofs_y = -2},
    {.bitmap_index = 22967, .adv_w = 352, .box_w = 22, .box_h = 20, .ofs_x = 0, .ofs_y = -2},
    {.bitmap_index = 23187, .adv_w = 352, .box_w = 22, .box_h = 21, .ofs_x = 0, .ofs_y = -2},
    {.bitmap_index = 23418, .adv_w = 352, .box_w = 22, .box_h = 21, .ofs_x = 0, .ofs_y = -3},
    {.bitmap_index = 23649, .adv_w = 352, .box_w = 18, .box_h = 19, .ofs_x = 2, .ofs_y = -2},
    {.bitmap_index = 23820, .adv_w = 352, .box_w = 19, .box_h = 21, .ofs_x = 1, .ofs_y = -3},
    {.bitmap_index = 24020, .adv_w = 352, .box_w = 21, .box_h = 19, .ofs_x = 0, .ofs_y = -2},
    {.bitmap_index = 24220, .adv_w = 352, .box_w = 20, .box_h = 21, .ofs_x = 1, .ofs_y = -3},
    {.bitmap_index = 24430, .adv_w = 352, .box_w = 20, .box_h = 21, .ofs_x = 1, .ofs_y = -3},
    {.bitmap_index = 24640, .adv_w = 352, .box_w = 22, .box_h = 21, .ofs_x = 0, .ofs_y = -2},
    {.bitmap_index = 24871, .adv_w = 352, .box_w = 18, .box_h = 20, .ofs_x = 2, .ofs_y = -2},
    {.bitmap_index = 25051, .adv_w = 352, .box_w = 20, .box_h = 20, .ofs_x = 1, .ofs_y = -2},
    {.bitmap_index = 25251, .adv_w = 352, .box_w = 19, .box_h = 22, .ofs_x = 0, .ofs_y = -3},
    {.bitmap_index = 25460, .adv_w = 352, .box_w = 22, .box_h = 22, .ofs_x = 0, .ofs_y = -3},
    {.bitmap_index = 25702, .adv_w = 352, .box_w = 20, .box_h = 22, .ofs_x = 0, .ofs_y = -3},
    {.bitmap_index = 25922, .adv_w = 352, .box_w = 22, .box_h = 21, .ofs_x = 0, .ofs_y = -2},
    {.bitmap_index = 26153, .adv_w = 352, .box_w = 21, .box_h = 21, .ofs_x = 0, .ofs_y = -2},
    {.bitmap_index = 26374, .adv_w = 352, .box_w = 20, .box_h = 22, .ofs_x = 1, .ofs_y = -3},
    {.bitmap_index = 26594, .adv_w = 352, .box_w = 20, .box_h = 21, .ofs_x = 1, .ofs_y = -2},
    {.bitmap_index = 26804, .adv_w = 352, .box_w = 21, .box_h = 20, .ofs_x = 1, .ofs_y = -2},
    {.bitmap_index = 27014, .adv_w = 352, .box_w = 22, .box_h = 20, .ofs_x = 0, .ofs_y = -2},
    {.bitmap_index = 27234, .adv_w = 352, .box_w = 20, .box_h = 20, .ofs_x = 1, .ofs_y = -2},
    {.bitmap_index = 27434, .adv_w = 352, .box_w = 20, .box_h = 20, .ofs_x = 1, .ofs_y = -2},
    {.bitmap_index = 27634, .adv_w = 352, .box_w = 20, .box_h = 20, .ofs_x = 1, .ofs_y = -2},
    {.bitmap_index = 27834, .adv_w = 352, .box_w = 21, .box_h = 21, .ofs_x = 0, .ofs_y = -2},
    {.bitmap_index = 28055, .adv_w = 352, .box_w = 22, .box_h = 21, .ofs_x = 0, .ofs_y = -2},
    {.bitmap_index = 28286, .adv_w = 352, .box_w = 22, .box_h = 21, .ofs_x = 0, .ofs_y = -2},
    {.bitmap_index = 28517, .adv_w = 352, .box_w = 22, .box_h = 21, .ofs_x = 0, .ofs_y = -2},
    {.bitmap_index = 28748, .adv_w = 352, .box_w = 22, .box_h = 21, .ofs_x = 0, .ofs_y = -2},
    {.bitmap_index = 28979, .adv_w = 352, .box_w = 22, .box_h = 22, .ofs_x = 0, .ofs_y = -3},
    {.bitmap_index = 29221, .adv_w = 352, .box_w = 22, .box_h = 21, .ofs_x = 0, .ofs_y = -2},
    {.bitmap_index = 29452, .adv_w = 352, .box_w = 20, .box_h = 21, .ofs_x = 1, .ofs_y = -2},
    {.bitmap_index = 29662, .adv_w = 352, .box_w = 21, .box_h = 22, .ofs_x = 1, .ofs_y = -3},
    {.bitmap_index = 29893, .adv_w = 352, .box_w = 21, .box_h = 19, .ofs_x = 1, .ofs_y = -2},
    {.bitmap_index = 30093, .adv_w = 352, .box_w = 22, .box_h = 21, .ofs_x = 0, .ofs_y = -2},
    {.bitmap_index = 30324, .adv_w = 352, .box_w = 20, .box_h = 21, .ofs_x = 1, .ofs_y = -2},
    {.bitmap_index = 30534, .adv_w = 352, .box_w = 21, .box_h = 22, .ofs_x = 0, .ofs_y = -3},
    {.bitmap_index = 30765, .adv_w = 352, .box_w = 22, .box_h = 21, .ofs_x = 0, .ofs_y = -2},
    {.bitmap_index = 30996, .adv_w = 352, .box_w = 20, .box_h = 21, .ofs_x = 1, .ofs_y = -2},
    {.bitmap_index = 31206, .adv_w = 352, .box_w = 22, .box_h = 21, .ofs_x = 0, .ofs_y = -2},
    {.bitmap_index = 31437, .adv_w = 352, .box_w = 22, .box_h = 22, .ofs_x = 0, .ofs_y = -3},
    {.bitmap_index = 31679, .adv_w = 352, .box_w = 20, .box_h = 21, .ofs_x = 1, .ofs_y = -2},
    {.bitmap_index = 31889, .adv_w = 352, .box_w = 22, .box_h = 21, .ofs_x = 0, .ofs_y = -2},
    {.bitmap_index = 32120, .adv_w = 352, .box_w = 22, .box_h = 21, .ofs_x = 0, .ofs_y = -2},
    {.bitmap_index = 32351, .adv_w = 352, .box_w = 22, .box_h = 22, .ofs_x = 0, .ofs_y = -3},
    {.bitmap_index = 32593, .adv_w = 352, .box_w = 22, .box_h = 22, .ofs_x = 0, .ofs_y = -3},
    {.bitmap_index = 32835, .adv_w = 352, .box_w = 22, .box_h = 21, .ofs_x = 0, .ofs_y = -2},
    {.bitmap_index = 33066, .adv_w = 352, .box_w = 22, .box_h = 22, .ofs_x = 0, .ofs_y = -3},
    {.bitmap_index = 33308, .adv_w = 352, .box_w = 18, .box_h = 21, .ofs_x = 2, .ofs_y = -2},
    {.bitmap_index = 33497, .adv_w = 352, .box_w = 21, .box_h = 21, .ofs_x = 0, .ofs_y = -3},
    {.bitmap_index = 33718, .adv_w = 352, .box_w = 20, .box_h = 18, .ofs_x = 1, .ofs_y = -1},
    {.bitmap_index = 33898, .adv_w = 352, .box_w = 20, .box_h = 20, .ofs_x = 2, .ofs_y = -2},
    {.bitmap_index = 34098, .adv_w = 352, .box_w = 22, .box_h = 21, .ofs_x = 0, .ofs_y = -2},
    {.bitmap_index = 34329, .adv_w = 352, .box_w = 20, .box_h = 22, .ofs_x = 1, .ofs_y = -3},
    {.bitmap_index = 34549, .adv_w = 352, .box_w = 21, .box_h = 22, .ofs_x = 0, .ofs_y = -3},
    {.bitmap_index = 34780, .adv_w = 352, .box_w = 22, .box_h = 22, .ofs_x = 0, .ofs_y = -3},
    {.bitmap_index = 35022, .adv_w = 352, .box_w = 22, .box_h = 22, .ofs_x = 0, .ofs_y = -3},
    {.bitmap_index = 35264, .adv_w = 352, .box_w = 20, .box_h = 21, .ofs_x = 1, .ofs_y = -3},
    {.bitmap_index = 35474, .adv_w = 352, .box_w = 21, .box_h = 21, .ofs_x = 1, .ofs_y = -2},
    {.bitmap_index = 35695, .adv_w = 352, .box_w = 22, .box_h = 22, .ofs_x = 0, .ofs_y = -3},
    {.bitmap_index = 35937, .adv_w = 352, .box_w = 22, .box_h = 22, .ofs_x = 0, .ofs_y = -3},
    {.bitmap_index = 36179, .adv_w = 352, .box_w = 22, .box_h = 21, .ofs_x = 0, .ofs_y = -2},
    {.bitmap_index = 36410, .adv_w = 352, .box_w = 21, .box_h = 21, .ofs_x = 0, .ofs_y = -2},
    {.bitmap_index = 36631, .adv_w = 352, .box_w = 22, .box_h = 21, .ofs_x = 0, .ofs_y = -2},
    {.bitmap_index = 36862, .adv_w = 352, .box_w = 22, .box_h = 21, .ofs_x = 0, .ofs_y = -2},
    {.bitmap_index = 37093, .adv_w = 352, .box_w = 22, .box_h = 21, .ofs_x = 0, .ofs_y = -2},
    {.bitmap_index = 37324, .adv_w = 352, .box_w = 22, .box_h = 21, .ofs_x = 0, .ofs_y = -2},
    {.bitmap_index = 37555, .adv_w = 352, .box_w = 22, .box_h = 22, .ofs_x = 0, .ofs_y = -3},
    {.bitmap_index = 37797, .adv_w = 352, .box_w = 21, .box_h = 22, .ofs_x = 1, .ofs_y = -3},
    {.bitmap_index = 38028, .adv_w = 352, .box_w = 19, .box_h = 22, .ofs_x = 0, .ofs_y = -3},
    {.bitmap_index = 38237, .adv_w = 352, .box_w = 21, .box_h = 22, .ofs_x = 1, .ofs_y = -3},
    {.bitmap_index = 38468, .adv_w = 352, .box_w = 22, .box_h = 22, .ofs_x = 0, .ofs_y = -3},
    {.bitmap_index = 38710, .adv_w = 352, .box_w = 22, .box_h = 22, .ofs_x = 0, .ofs_y = -3},
    {.bitmap_index = 38952, .adv_w = 352, .box_w = 22, .box_h = 22, .ofs_x = 0, .ofs_y = -3},
    {.bitmap_index = 39194, .adv_w = 352, .box_w = 22, .box_h = 22, .ofs_x = 0, .ofs_y = -3},
    {.bitmap_index = 39436, .adv_w = 352, .box_w = 22, .box_h = 22, .ofs_x = 0, .ofs_y = -3},
    {.bitmap_index = 39678, .adv_w = 352, .box_w = 22, .box_h = 22, .ofs_x = 0, .ofs_y = -3},
    {.bitmap_index = 39920, .adv_w = 352, .box_w = 22, .box_h = 21, .ofs_x = 0, .ofs_y = -2},
    {.bitmap_index = 40151, .adv_w = 352, .box_w = 22, .box_h = 22, .ofs_x = 0, .ofs_y = -3},
    {.bitmap_index = 40393, .adv_w = 352, .box_w = 22, .box_h = 22, .ofs_x = 0, .ofs_y = -3},
    {.bitmap_index = 40635, .adv_w = 352, .box_w = 22, .box_h = 22, .ofs_x = 0, .ofs_y = -3},
    {.bitmap_index = 40877, .adv_w = 352, .box_w = 22, .box_h = 22, .ofs_x = 0, .ofs_y = -3},
    {.bitmap_index = 41119, .adv_w = 352, .box_w = 22, .box_h = 22, .ofs_x = 0, .ofs_y = -3},
    {.bitmap_index = 41361, .adv_w = 352, .box_w = 22, .box_h = 22, .ofs_x = 0, .ofs_y = -3},
    {.bitmap_index = 41603, .adv_w = 352, .box_w = 22, .box_h = 22, .ofs_x = 0, .ofs_y = -3},
    {.bitmap_index = 41845, .adv_w = 352, .box_w = 21, .box_h = 22, .ofs_x = 1, .ofs_y = -3},
    {.bitmap_index = 42076, .adv_w = 352, .box_w = 22, .box_h = 22, .ofs_x = 0, .ofs_y = -3},
    {.bitmap_index = 42318, .adv_w = 352, .box_w = 22, .box_h = 21, .ofs_x = 0, .ofs_y = -2},
    {.bitmap_index = 42549, .adv_w = 352, .box_w = 22, .box_h = 22, .ofs_x = 0, .ofs_y = -3},
    {.bitmap_index = 42791, .adv_w = 352, .box_w = 22, .box_h = 21, .ofs_x = 0, .ofs_y = -2},
    {.bitmap_index = 43022, .adv_w = 352, .box_w = 21, .box_h = 22, .ofs_x = 1, .ofs_y = -3},
    {.bitmap_index = 43253, .adv_w = 352, .box_w = 22, .box_h = 22, .ofs_x = 0, .ofs_y = -3},
    {.bitmap_index = 43495, .adv_w = 352, .box_w = 20, .box_h = 22, .ofs_x = 1, .ofs_y = -3},
    {.bitmap_index = 43715, .adv_w = 352, .box_w = 22, .box_h = 21, .ofs_x = 0, .ofs_y = -3},
    {.bitmap_index = 43946, .adv_w = 352, .box_w = 21, .box_h = 22, .ofs_x = 1, .ofs_y = -3},
    {.bitmap_index = 44177, .adv_w = 352, .box_w = 22, .box_h = 21, .ofs_x = 0, .ofs_y = -3},
    {.bitmap_index = 44408, .adv_w = 352, .box_w = 22, .box_h = 19, .ofs_x = 0, .ofs_y = -1},
    {.bitmap_index = 44617, .adv_w = 352, .box_w = 20, .box_h = 21, .ofs_x = 1, .ofs_y = -2},
    {.bitmap_index = 44827, .adv_w = 352, .box_w = 21, .box_h = 21, .ofs_x = 1, .ofs_y = -3},
    {.bitmap_index = 45048, .adv_w = 352, .box_w = 22, .box_h = 20, .ofs_x = 0, .ofs_y = -2},
    {.bitmap_index = 45268, .adv_w = 352, .box_w = 21, .box_h = 21, .ofs_x = 0, .ofs_y = -2},
    {.bitmap_index = 45489, .adv_w = 352, .box_w = 22, .box_h = 21, .ofs_x = 0, .ofs_y = -3},
    {.bitmap_index = 45720, .adv_w = 352, .box_w = 21, .box_h = 22, .ofs_x = 0, .ofs_y = -3},
    {.bitmap_index = 45951, .adv_w = 352, .box_w = 22, .box_h = 21, .ofs_x = 0, .ofs_y = -2},
    {.bitmap_index = 46182, .adv_w = 352, .box_w = 22, .box_h = 21, .ofs_x = 0, .ofs_y = -2},
    {.bitmap_index = 46413, .adv_w = 352, .box_w = 22, .box_h = 21, .ofs_x = 0, .ofs_y = -2},
    {.bitmap_index = 46644, .adv_w = 352, .box_w = 22, .box_h = 21, .ofs_x = 0, .ofs_y = -2},
    {.bitmap_index = 46875, .adv_w = 352, .box_w = 21, .box_h = 21, .ofs_x = 0, .ofs_y = -2},
    {.bitmap_index = 47096, .adv_w = 352, .box_w = 22, .box_h = 20, .ofs_x = 0, .ofs_y = -2},
    {.bitmap_index = 47316, .adv_w = 352, .box_w = 22, .box_h = 21, .ofs_x = 0, .ofs_y = -2},
    {.bitmap_index = 47547, .adv_w = 352, .box_w = 22, .box_h = 22, .ofs_x = 0, .ofs_y = -3},
    {.bitmap_index = 47789, .adv_w = 352, .box_w = 22, .box_h = 22, .ofs_x = 0, .ofs_y = -3},
    {.bitmap_index = 48031, .adv_w = 352, .box_w = 22, .box_h = 21, .ofs_x = 0, .ofs_y = -2},
    {.bitmap_index = 48262, .adv_w = 352, .box_w = 22, .box_h = 22, .ofs_x = 0, .ofs_y = -3},
    {.bitmap_index = 48504, .adv_w = 352, .box_w = 22, .box_h = 21, .ofs_x = 0, .ofs_y = -2},
    {.bitmap_index = 48735, .adv_w = 352, .box_w = 21, .box_h = 20, .ofs_x = 0, .ofs_y = -1},
    {.bitmap_index = 48945, .adv_w = 352, .box_w = 20, .box_h = 19, .ofs_x = 1, .ofs_y = -1},
    {.bitmap_index = 49135, .adv_w = 352, .box_w = 21, .box_h = 21, .ofs_x = 0, .ofs_y = -2},
    {.bitmap_index = 49356, .adv_w = 352, .box_w = 22, .box_h = 22, .ofs_x = 0, .ofs_y = -3},
    {.bitmap_index = 49598, .adv_w = 352, .box_w = 22, .box_h = 22, .ofs_x = 0, .ofs_y = -3},
    {.bitmap_index = 49840, .adv_w = 352, .box_w = 21, .box_h = 22, .ofs_x = 1, .ofs_y = -3},
    {.bitmap_index = 50071, .adv_w = 352, .box_w = 21, .box_h = 22, .ofs_x = 0, .ofs_y = -3},
    {.bitmap_index = 50302, .adv_w = 352, .box_w = 21, .box_h = 21, .ofs_x = 0, .ofs_y = -2},
    {.bitmap_index = 50523, .adv_w = 352, .box_w = 22, .box_h = 21, .ofs_x = 0, .ofs_y = -2},
    {.bitmap_index = 50754, .adv_w = 352, .box_w = 22, .box_h = 21, .ofs_x = 0, .ofs_y = -2},
    {.bitmap_index = 50985, .adv_w = 352, .box_w = 21, .box_h = 21, .ofs_x = 1, .ofs_y = -2},
    {.bitmap_index = 51206, .adv_w = 352, .box_w = 22, .box_h = 21, .ofs_x = 0, .ofs_y = -2},
    {.bitmap_index = 51437, .adv_w = 352, .box_w = 22, .box_h = 22, .ofs_x = 0, .ofs_y = -3},
    {.bitmap_index = 51679, .adv_w = 352, .box_w = 22, .box_h = 21, .ofs_x = 0, .ofs_y = -3},
    {.bitmap_index = 51910, .adv_w = 352, .box_w = 22, .box_h = 20, .ofs_x = 0, .ofs_y = -2},
    {.bitmap_index = 52130, .adv_w = 352, .box_w = 21, .box_h = 21, .ofs_x = 0, .ofs_y = -2},
    {.bitmap_index = 52351, .adv_w = 352, .box_w = 20, .box_h = 21, .ofs_x = 0, .ofs_y = -3},
    {.bitmap_index = 52561, .adv_w = 352, .box_w = 21, .box_h = 21, .ofs_x = 0, .ofs_y = -3},
    {.bitmap_index = 52782, .adv_w = 352, .box_w = 19, .box_h = 21, .ofs_x = 1, .ofs_y = -2},
    {.bitmap_index = 52982, .adv_w = 352, .box_w = 21, .box_h = 21, .ofs_x = 1, .ofs_y = -2},
    {.bitmap_index = 53203, .adv_w = 352, .box_w = 20, .box_h = 22, .ofs_x = 1, .ofs_y = -3},
    {.bitmap_index = 53423, .adv_w = 352, .box_w = 22, .box_h = 21, .ofs_x = 0, .ofs_y = -2},
    {.bitmap_index = 53654, .adv_w = 352, .box_w = 21, .box_h = 21, .ofs_x = 0, .ofs_y = -2},
    {.bitmap_index = 53875, .adv_w = 352, .box_w = 21, .box_h = 21, .ofs_x = 1, .ofs_y = -3},
    {.bitmap_index = 54096, .adv_w = 352, .box_w = 21, .box_h = 21, .ofs_x = 0, .ofs_y = -2},
    {.bitmap_index = 54317, .adv_w = 352, .box_w = 21, .box_h = 21, .ofs_x = 0, .ofs_y = -3},
    {.bitmap_index = 54538, .adv_w = 352, .box_w = 21, .box_h = 22, .ofs_x = 0, .ofs_y = -3},
    {.bitmap_index = 54769, .adv_w = 352, .box_w = 21, .box_h = 21, .ofs_x = 0, .ofs_y = -3},
    {.bitmap_index = 54990, .adv_w = 352, .box_w = 20, .box_h = 22, .ofs_x = 1, .ofs_y = -3},
    {.bitmap_index = 55210, .adv_w = 352, .box_w = 22, .box_h = 21, .ofs_x = 0, .ofs_y = -2},
    {.bitmap_index = 55441, .adv_w = 352, .box_w = 22, .box_h = 21, .ofs_x = 0, .ofs_y = -2},
    {.bitmap_index = 55672, .adv_w = 352, .box_w = 22, .box_h = 21, .ofs_x = 0, .ofs_y = -2},
    {.bitmap_index = 55903, .adv_w = 352, .box_w = 21, .box_h = 21, .ofs_x = 0, .ofs_y = -2},
    {.bitmap_index = 56124, .adv_w = 352, .box_w = 20, .box_h = 21, .ofs_x = 1, .ofs_y = -2},
    {.bitmap_index = 56334, .adv_w = 352, .box_w = 21, .box_h = 22, .ofs_x = 0, .ofs_y = -3},
    {.bitmap_index = 56565, .adv_w = 352, .box_w = 21, .box_h = 22, .ofs_x = 0, .ofs_y = -3},
    {.bitmap_index = 56796, .adv_w = 352, .box_w = 22, .box_h = 22, .ofs_x = 0, .ofs_y = -3},
    {.bitmap_index = 57038, .adv_w = 352, .box_w = 21, .box_h = 21, .ofs_x = 0, .ofs_y = -2},
    {.bitmap_index = 57259, .adv_w = 352, .box_w = 22, .box_h = 22, .ofs_x = 0, .ofs_y = -2},
    {.bitmap_index = 57501, .adv_w = 352, .box_w = 22, .box_h = 21, .ofs_x = 0, .ofs_y = -2},
    {.bitmap_index = 57732, .adv_w = 352, .box_w = 22, .box_h = 21, .ofs_x = 0, .ofs_y = -2},
    {.bitmap_index = 57963, .adv_w = 352, .box_w = 22, .box_h = 21, .ofs_x = 0, .ofs_y = -2},
    {.bitmap_index = 58194, .adv_w = 352, .box_w = 20, .box_h = 20, .ofs_x = 1, .ofs_y = -2},
    {.bitmap_index = 58394, .adv_w = 352, .box_w = 20, .box_h = 20, .ofs_x = 1, .ofs_y = -2},
    {.bitmap_index = 58594, .adv_w = 352, .box_w = 21, .box_h = 21, .ofs_x = 1, .ofs_y = -2},
    {.bitmap_index = 58815, .adv_w = 352, .box_w = 16, .box_h = 21, .ofs_x = 3, .ofs_y = -2},
    {.bitmap_index = 58983, .adv_w = 352, .box_w = 20, .box_h = 21, .ofs_x = 1, .ofs_y = -2},
    {.bitmap_index = 59193, .adv_w = 352, .box_w = 22, .box_h = 22, .ofs_x = 0, .ofs_y = -3},
    {.bitmap_index = 59435, .adv_w = 352, .box_w = 22, .box_h = 22, .ofs_x = 0, .ofs_y = -3},
    {.bitmap_index = 59677, .adv_w = 352, .box_w = 22, .box_h = 21, .ofs_x = 0, .ofs_y = -2},
    {.bitmap_index = 59908, .adv_w = 352, .box_w = 22, .box_h = 21, .ofs_x = 0, .ofs_y = -2},
    {.bitmap_index = 60139, .adv_w = 352, .box_w = 22, .box_h = 21, .ofs_x = 0, .ofs_y = -3},
    {.bitmap_index = 60370, .adv_w = 352, .box_w = 20, .box_h = 22, .ofs_x = 1, .ofs_y = -3},
    {.bitmap_index = 60590, .adv_w = 352, .box_w = 22, .box_h = 22, .ofs_x = 0, .ofs_y = -3},
    {.bitmap_index = 60832, .adv_w = 352, .box_w = 22, .box_h = 21, .ofs_x = 0, .ofs_y = -2},
    {.bitmap_index = 61063, .adv_w = 352, .box_w = 21, .box_h = 21, .ofs_x = 0, .ofs_y = -2},
    {.bitmap_index = 61284, .adv_w = 352, .box_w = 21, .box_h = 21, .ofs_x = 1, .ofs_y = -2},
    {.bitmap_index = 61505, .adv_w = 352, .box_w = 21, .box_h = 21, .ofs_x = 1, .ofs_y = -2},
    {.bitmap_index = 61726, .adv_w = 352, .box_w = 21, .box_h = 22, .ofs_x = 1, .ofs_y = -3},
    {.bitmap_index = 61957, .adv_w = 352, .box_w = 21, .box_h = 21, .ofs_x = 0, .ofs_y = -2},
    {.bitmap_index = 62178, .adv_w = 352, .box_w = 22, .box_h = 21, .ofs_x = 0, .ofs_y = -2},
    {.bitmap_index = 62409, .adv_w = 352, .box_w = 22, .box_h = 21, .ofs_x = 0, .ofs_y = -2},
    {.bitmap_index = 62640, .adv_w = 352, .box_w = 22, .box_h = 21, .ofs_x = 0, .ofs_y = -2},
    {.bitmap_index = 62871, .adv_w = 352, .box_w = 22, .box_h = 21, .ofs_x = 0, .ofs_y = -2},
    {.bitmap_index = 63102, .adv_w = 352, .box_w = 22, .box_h = 22, .ofs_x = 0, .ofs_y = -3},
    {.bitmap_index = 63344, .adv_w = 352, .box_w = 22, .box_h = 21, .ofs_x = 0, .ofs_y = -2},
    {.bitmap_index = 63575, .adv_w = 352, .box_w = 22, .box_h = 21, .ofs_x = 0, .ofs_y = -2},
    {.bitmap_index = 63806, .adv_w = 352, .box_w = 22, .box_h = 21, .ofs_x = 0, .ofs_y = -3},
    {.bitmap_index = 64037, .adv_w = 352, .box_w = 22, .box_h = 21, .ofs_x = 0, .ofs_y = -2},
    {.bitmap_index = 64268, .adv_w = 352, .box_w = 22, .box_h = 22, .ofs_x = 0, .ofs_y = -3},
    {.bitmap_index = 64510, .adv_w = 352, .box_w = 22, .box_h = 21, .ofs_x = 0, .ofs_y = -2},
    {.bitmap_index = 64741, .adv_w = 352, .box_w = 22, .box_h = 22, .ofs_x = 0, .ofs_y = -3},
    {.bitmap_index = 64983, .adv_w = 352, .box_w = 22, .box_h = 22, .ofs_x = 0, .ofs_y = -3},
    {.bitmap_index = 65225, .adv_w = 352, .box_w = 21, .box_h = 22, .ofs_x = 1, .ofs_y = -3},
    {.bitmap_index = 65456, .adv_w = 352, .box_w = 21, .box_h = 21, .ofs_x = 1, .ofs_y = -2},
    {.bitmap_index = 65677, .adv_w = 352, .box_w = 22, .box_h = 20, .ofs_x = 0, .ofs_y = -2},
    {.bitmap_index = 65897, .adv_w = 352, .box_w = 21, .box_h = 21, .ofs_x = 1, .ofs_y = -3},
    {.bitmap_index = 66118, .adv_w = 352, .box_w = 21, .box_h = 20, .ofs_x = 1, .ofs_y = -2},
    {.bitmap_index = 66328, .adv_w = 352, .box_w = 20, .box_h = 20, .ofs_x = 1, .ofs_y = -2},
    {.bitmap_index = 66528, .adv_w = 352, .box_w = 20, .box_h = 21, .ofs_x = 1, .ofs_y = -2},
    {.bitmap_index = 66738, .adv_w = 352, .box_w = 21, .box_h = 21, .ofs_x = 0, .ofs_y = -2},
    {.bitmap_index = 66959, .adv_w = 352, .box_w = 22, .box_h = 21, .ofs_x = 0, .ofs_y = -2},
    {.bitmap_index = 67190, .adv_w = 352, .box_w = 21, .box_h = 21, .ofs_x = 0, .ofs_y = -2},
    {.bitmap_index = 67411, .adv_w = 352, .box_w = 22, .box_h = 21, .ofs_x = 0, .ofs_y = -2},
    {.bitmap_index = 67642, .adv_w = 352, .box_w = 21, .box_h = 21, .ofs_x = 1, .ofs_y = -2},
    {.bitmap_index = 67863, .adv_w = 352, .box_w = 20, .box_h = 22, .ofs_x = 1, .ofs_y = -3},
    {.bitmap_index = 68083, .adv_w = 352, .box_w = 20, .box_h = 21, .ofs_x = 1, .ofs_y = -2},
    {.bitmap_index = 68293, .adv_w = 352, .box_w = 20, .box_h = 22, .ofs_x = 2, .ofs_y = -3},
    {.bitmap_index = 68513, .adv_w = 352, .box_w = 21, .box_h = 20, .ofs_x = 1, .ofs_y = -2},
    {.bitmap_index = 68723, .adv_w = 352, .box_w = 21, .box_h = 22, .ofs_x = 1, .ofs_y = -3},
    {.bitmap_index = 68954, .adv_w = 352, .box_w = 21, .box_h = 22, .ofs_x = 1, .ofs_y = -3},
    {.bitmap_index = 69185, .adv_w = 352, .box_w = 20, .box_h = 21, .ofs_x = 1, .ofs_y = -3},
    {.bitmap_index = 69395, .adv_w = 352, .box_w = 20, .box_h = 20, .ofs_x = 1, .ofs_y = -2},
    {.bitmap_index = 69595, .adv_w = 352, .box_w = 20, .box_h = 21, .ofs_x = 1, .ofs_y = -2},
    {.bitmap_index = 69805, .adv_w = 352, .box_w = 20, .box_h = 20, .ofs_x = 1, .ofs_y = -2},
    {.bitmap_index = 70005, .adv_w = 352, .box_w = 22, .box_h = 21, .ofs_x = 0, .ofs_y = -2},
    {.bitmap_index = 70236, .adv_w = 352, .box_w = 20, .box_h = 21, .ofs_x = 1, .ofs_y = -2},
    {.bitmap_index = 70446, .adv_w = 352, .box_w = 22, .box_h = 22, .ofs_x = 0, .ofs_y = -3},
    {.bitmap_index = 70688, .adv_w = 352, .box_w = 4, .box_h = 18, .ofs_x = 3, .ofs_y = -1},
    {.bitmap_index = 70724, .adv_w = 352, .box_w = 20, .box_h = 18, .ofs_x = 1, .ofs_y = -1},
    {.bitmap_index = 70904, .adv_w = 352, .box_w = 8, .box_h = 22, .ofs_x = 14, .ofs_y = -3},
    {.bitmap_index = 70992, .adv_w = 352, .box_w = 8, .box_h = 22, .ofs_x = 0, .ofs_y = -3},
    {.bitmap_index = 71080, .adv_w = 352, .box_w = 16, .box_h = 17, .ofs_x = 3, .ofs_y = 0},
    {.bitmap_index = 71216, .adv_w = 352, .box_w = 5, .box_h = 9, .ofs_x = 3, .ofs_y = -3},
    {.bitmap_index = 71239, .adv_w = 352, .box_w = 16, .box_h = 3, .ofs_x = 3, .ofs_y = 7},
    {.bitmap_index = 71263, .adv_w = 352, .box_w = 5, .box_h = 16, .ofs_x = 3, .ofs_y = -1},
    {.bitmap_index = 71303, .adv_w = 352, .box_w = 5, .box_h = 19, .ofs_x = 3, .ofs_y = -4},
    {.bitmap_index = 71351, .adv_w = 352, .box_w = 16, .box_h = 7, .ofs_x = 3, .ofs_y = 5},
    {.bitmap_index = 71407, .adv_w = 352, .box_w = 11, .box_h = 18, .ofs_x = 0, .ofs_y = -1},
    {.bitmap_index = 71506, .adv_w = 352, .box_w = 22, .box_h = 7, .ofs_x = 0, .ofs_y = 5},
    {.bitmap_index = 71583, .adv_w = 352, .box_w = 15, .box_h = 17, .ofs_x = 3, .ofs_y = 0}
};

/*---------------------
 *  CHARACTER MAPPING
 *--------------------*/

static const uint16_t unicode_list_1[] = {
    0x0, 0x7, 0x27, 0x47, 0x1f63, 0x1f64, 0x1f68, 0x1f69,
    0x1f6c, 0x1f6d, 0x1f72, 0x1f76, 0x20e0, 0x20e1, 0x20e2, 0x20e3,
    0x24f1, 0x2f50, 0x2f51, 0x2f52, 0x2f58, 0x2f59, 0x2f5a, 0x2f5b,
    0x2f5c, 0x2f5d, 0x2f5e, 0x2f5f, 0x2f60, 0x2f61, 0x2f64, 0x2f65,
    0x4d5a, 0x4d5d, 0x4d5e, 0x4d64, 0x4d72, 0x4d7a, 0x4d7d, 0x4d8a,
    0x4dd6, 0x4ddb, 0x4df4, 0x4e15, 0x4e26, 0x4e34, 0x4e35, 0x4e46,
    0x4e4b, 0x4e61, 0x4e6a, 0x4e9e, 0x4eac, 0x4edb, 0x4f2d, 0x4f31,
    0x4f69, 0x5091, 0x50b5, 0x50c1, 0x50c3, 0x50c6, 0x50c7, 0x50d5,
    0x50dd, 0x50e9, 0x5102, 0x5116, 0x514a, 0x5156, 0x5157, 0x5167,
    0x516a, 0x516b, 0x516d, 0x517b, 0x5180, 0x5187, 0x519d, 0x51ee,
    0x51ef, 0x51f0, 0x51f1, 0x51f8, 0x5266, 0x528a, 0x52a5, 0x52c3,
    0x52db, 0x52ef, 0x5321, 0x5326, 0x5333, 0x5336, 0x533a, 0x533f,
    0x5347, 0x5358, 0x535a, 0x535c, 0x535d, 0x535e, 0x537f, 0x53cd,
    0x53dc, 0x541d, 0x5474, 0x549a, 0x55b8, 0x562e, 0x5630, 0x564a,
    0x5678, 0x5680, 0x5690, 0x56a7, 0x57bb, 0x5854, 0x5857, 0x586a,
    0x5877, 0x5879, 0x5881, 0x5884, 0x58d2, 0x591b, 0x5aa7, 0x5aa8,
    0x5adc, 0x5af1, 0x5b09, 0x5b16, 0x5b49, 0x5b54, 0x5b56, 0x5b5f,
    0x5b6a, 0x5b9f, 0x5d35, 0x5d42, 0x5da5, 0x5dc6, 0x5de4, 0x5df7,
    0x5e4a, 0x5e50, 0x5e5f, 0x5eb2, 0x5ed5, 0x5ee7, 0x5f4d, 0x5f51,
    0x5f8b, 0x5fbf, 0x6015, 0x6160, 0x6166, 0x6187, 0x619b, 0x61a3,
    0x61c9, 0x61ce, 0x61e5, 0x6222, 0x6239, 0x6251, 0x6259, 0x62b2,
    0x62e2, 0x62f5, 0x6320, 0x6436, 0x647f, 0x6486, 0x648e, 0x6498,
    0x64c0, 0x64d7, 0x64fd, 0x6500, 0x6509, 0x6530, 0x6546, 0x657f,
    0x658e, 0x65d2, 0x6644, 0x6650, 0x6659, 0x665d, 0x666f, 0x667a,
    0x667c, 0x668a, 0x66b1, 0x66e0, 0x66ec, 0x6735, 0x6771, 0x678c,
    0x6810, 0x6971, 0x6a71, 0x6ab2, 0x6ab3, 0x6ab5, 0x6b05, 0x6b92,
    0x6c25, 0x6c9f, 0x6cd8, 0x6d55, 0x6e31, 0x7009, 0x703d, 0x7206,
    0x7300, 0x7356, 0x746f, 0x7478, 0x749c, 0x74a9, 0x74b5, 0x75d4,
    0x7626, 0x765b, 0x7670, 0x7735, 0x7751, 0x77be, 0x788a, 0x790b,
    0x7922, 0x793f, 0x7940, 0x795d, 0x79ca, 0x7a3f, 0x7a76, 0x7a99,
    0x7e23, 0x7e2c, 0x7e2d, 0x7e63, 0x7e8a, 0x7ea1, 0x7ebe, 0x804d,
    0x813a, 0x81d2, 0x8307, 0x879c, 0x87b8, 0x87fb, 0x88d6, 0x8918,
    0x8933, 0x8af4, 0x8b08, 0x8b0e, 0x8b14, 0x8b25, 0x8b35, 0x8b36,
    0x8b3f, 0x8b47, 0x8c75, 0x8cd5, 0x8f0e, 0x8f17, 0x8f20, 0x8f24,
    0x8f29, 0x8f2b, 0x8f2e, 0x8f51, 0x8f59, 0x8f62, 0x8f6a, 0x909d,
    0x90e2, 0x911c, 0x911d, 0x93ef, 0x9413, 0x9450, 0x9469, 0x94cf,
    0x953d, 0x9542, 0x956f, 0x95a0, 0x95b4, 0x95df, 0x9650, 0x96b2,
    0x9743, 0x97c5, 0x97e1, 0x98e6, 0x99dc, 0xfe51, 0xfe55, 0xfe58,
    0xfe59, 0xfe5b, 0xfe5c, 0xfe5d, 0xfe6a, 0xfe6b, 0xfe6d, 0xfe6f,
    0xfeae, 0xff35
};

/*Collect the unicode lists and glyph_id offsets*/
static const lv_font_fmt_txt_cmap_t cmaps[] =
{
    {
        .range_start = 32, .range_length = 95, .glyph_id_start = 1,
        .unicode_list = NULL, .glyph_id_ofs_list = NULL, .list_length = 0, .type = LV_FONT_FMT_TXT_CMAP_FORMAT0_TINY
    },
    {
        .range_start = 176, .range_length = 65334, .glyph_id_start = 96,
        .unicode_list = unicode_list_1, .glyph_id_ofs_list = NULL, .list_length = 314, .type = LV_FONT_FMT_TXT_CMAP_SPARSE_TINY
    }
};

/*-----------------
 *    KERNING
 *----------------*/


/*Map glyph_ids to kern left classes*/
static const uint8_t kern_left_class_mapping[] =
{
    0, 0, 0, 1, 0, 0, 0, 0,
    1, 2, 0, 0, 0, 3, 4, 3,
    5, 0, 0, 0, 0, 0, 0, 0,
    0, 0, 0, 6, 6, 0, 0, 0,
    0, 0, 7, 8, 9, 10, 11, 12,
    13, 0, 0, 14, 15, 16, 0, 0,
    10, 17, 10, 18, 19, 20, 21, 22,
    23, 24, 25, 26, 2, 27, 0, 0,
    0, 0, 28, 29, 30, 0, 31, 32,
    33, 34, 0, 0, 35, 36, 34, 34,
    29, 29, 37, 38, 39, 40, 37, 41,
    42, 43, 44, 45, 2, 0, 0, 0,
    0, 0, 0, 0, 4, 4, 0, 0,
    0, 0, 0, 0, 0, 0, 0, 0,
    0, 0, 0, 0, 0, 0, 0, 0,
    0, 0, 0, 0, 0, 0, 0, 0,
    0, 0, 0, 0, 0, 0, 0, 0,
    0, 0, 0, 0, 0, 0, 0, 0,
    0, 0, 0, 0, 0, 0, 0, 0,
    0, 0, 0, 0, 0, 0, 0, 0,
    0, 0, 0, 0, 0, 0, 0, 0,
    0, 0, 0, 0, 0, 0, 0, 0,
    0, 0, 0, 0, 0, 0, 0, 0,
    0, 0, 0, 0, 0, 0, 0, 0,
    0, 0, 0, 0, 0, 0, 0, 0,
    0, 0, 0, 0, 0, 0, 0, 0,
    0, 0, 0, 0, 0, 0, 0, 0,
    0, 0, 0, 0, 0, 0, 0, 0,
    0, 0, 0, 0, 0, 0, 0, 0,
    0, 0, 0, 0, 0, 0, 0, 0,
    0, 0, 0, 0, 0, 0, 0, 0,
    0, 0, 0, 0, 0, 0, 0, 0,
    0, 0, 0, 0, 0, 0, 0, 0,
    0, 0, 0, 0, 0, 0, 0, 0,
    0, 0, 0, 0, 0, 0, 0, 0,
    0, 0, 0, 0, 0, 0, 0, 0,
    0, 0, 0, 0, 0, 0, 0, 0,
    0, 0, 0, 0, 0, 0, 0, 0,
    0, 0, 0, 0, 0, 0, 0, 0,
    0, 0, 0, 0, 0, 0, 0, 0,
    0, 0, 0, 0, 0, 0, 0, 0,
    0, 0, 0, 0, 0, 0, 0, 0,
    0, 0, 0, 0, 0, 0, 0, 0,
    0, 0, 0, 0, 0, 0, 0, 0,
    0, 0, 0, 0, 0, 0, 0, 0,
    0, 0, 0, 0, 0, 0, 0, 0,
    0, 0, 0, 0, 0, 0, 0, 0,
    0, 0, 0, 0, 0, 0, 0, 0,
    0, 0, 0, 0, 0, 0, 0, 0,
    0, 0, 0, 0, 0, 0, 0, 0,
    0, 0, 0, 0, 0, 0, 0, 0,
    0, 0
};

/*Map glyph_ids to kern right classes*/
static const uint8_t kern_right_class_mapping[] =
{
    0, 0, 1, 2, 0, 0, 0, 0,
    2, 0, 3, 4, 0, 5, 6, 7,
    8, 0, 0, 0, 0, 0, 0, 0,
    0, 0, 0, 9, 10, 0, 0, 0,
    11, 0, 12, 0, 13, 0, 0, 0,
    13, 0, 0, 14, 0, 0, 0, 0,
    13, 0, 13, 0, 15, 16, 17, 18,
    19, 20, 21, 22, 0, 23, 3, 0,
    0, 0, 24, 0, 25, 25, 25, 26,
    27, 0, 28, 29, 0, 0, 30, 30,
    25, 30, 25, 30, 31, 32, 33, 34,
    35, 36, 37, 38, 0, 0, 3, 0,
    0, 0, 0, 0, 6, 6, 0, 0,
    0, 0, 0, 0, 0, 0, 0, 0,
    0, 0, 0, 0, 0, 0, 0, 0,
    0, 0, 0, 0, 0, 0, 0, 0,
    0, 0, 0, 0, 0, 0, 0, 0,
    0, 0, 0, 0, 0, 0, 0, 0,
    0, 0, 0, 0, 0, 0, 0, 0,
    0, 0, 0, 0, 0, 0, 0, 0,
    0, 0, 0, 0, 0, 0, 0, 0,
    0, 0, 0, 0, 0, 0, 0, 0,
    0, 0, 0, 0, 0, 0, 0, 0,
    0, 0, 0, 0, 0, 0, 0, 0,
    0, 0, 0, 0, 0, 0, 0, 0,
    0, 0, 0, 0, 0, 0, 0, 0,
    0, 0, 0, 0, 0, 0, 0, 0,
    0, 0, 0, 0, 0, 0, 0, 0,
    0, 0, 0, 0, 0, 0, 0, 0,
    0, 0, 0, 0, 0, 0, 0, 0,
    0, 0, 0, 0, 0, 0, 0, 0,
    0, 0, 0, 0, 0, 0, 0, 0,
    0, 0, 0, 0, 0, 0, 0, 0,
    0, 0, 0, 0, 0, 0, 0, 0,
    0, 0, 0, 0, 0, 0, 0, 0,
    0, 0, 0, 0, 0, 0, 0, 0,
    0, 0, 0, 0, 0, 0, 0, 0,
    0, 0, 0, 0, 0, 0, 0, 0,
    0, 0, 0, 0, 0, 0, 0, 0,
    0, 0, 0, 0, 0, 0, 0, 0,
    0, 0, 0, 0, 0, 0, 0, 0,
    0, 0, 0, 0, 0, 0, 0, 0,
    0, 0, 0, 0, 0, 0, 0, 0,
    0, 0, 0, 0, 0, 0, 0, 0,
    0, 0, 0, 0, 0, 0, 0, 0,
    0, 0, 0, 0, 0, 0, 0, 0,
    0, 0, 0, 0, 0, 0, 0, 0,
    0, 0, 0, 0, 0, 0, 0, 0,
    0, 0, 0, 0, 0, 0, 0, 0,
    0, 0, 0, 0, 0, 0, 0, 0,
    0, 0, 0, 0, 0, 0, 0, 0,
    0, 0
};

/*Kern values between classes*/
static const int8_t kern_class_values[] =
{
    0, 0, 0, 0, -48, 0, -48, 0,
    0, 0, 0, -24, 0, -40, -4, 0,
    0, 0, 0, -4, 0, 0, 0, 0,
    -10, 0, 0, 0, 0, 0, -8, 0,
    0, 0, 0, 0, 0, 0, 0, 0,
    0, 0, 0, 0, 0, 0, 0, 0,
    0, 0, 0, -8, 0, 0, 0, 0,
    0, 0, 0, 0, 0, 0, 0, 0,
    0, 0, 32, 0, 0, 0, 0, 0,
    0, 0, 0, 0, 0, -42, 0, -58,
    0, 0, 0, 0, 0, 0, 0, 0,
    0, 0, 0, -39, -9, -27, -14, 0,
    -39, 0, 0, 0, -5, 0, 0, 0,
    12, 0, 0, -20, 0, -17, -10, 0,
    -8, 0, 0, 0, 0, 0, 0, 0,
    0, 0, 0, 0, 0, 0, 0, -8,
    -8, -20, 0, -7, -4, -12, -27, -8,
    0, 0, 0, 0, 0, 0, 0, 0,
    0, -10, 0, -4, 0, -6, 0, 0,
    0, 0, 0, 0, 0, 0, 0, 0,
    0, 0, 0, -16, -4, -32, 0, 0,
    0, 0, 0, 0, 0, 0, 0, -10,
    -11, 0, -4, 8, 8, 0, 0, 2,
    -8, 0, 0, 0, 0, 0, 0, 0,
    0, -17, 0, 0, 0, 0, 0, 0,
    0, 0, 0, 0, 0, 0, 0, 0,
    0, 0, -12, 0, 0, 0, 0, 0,
    0, 0, 1, 0, 0, 0, 0, 0,
    0, 0, 0, 0, 0, -24, 0, -36,
    0, 0, 0, 0, 0, 0, -12, -2,
    -4, 0, 0, -24, -6, -6, 0, 0,
    -6, -2, -16, 8, 0, -4, 0, 0,
    0, 0, 8, -6, -2, -4, -2, -2,
    -4, 0, 0, 0, 0, -12, 0, 0,
    0, 0, 0, 0, 0, 0, 0, -7,
    -6, -10, 0, -3, -2, -2, -6, -2,
    0, 0, 0, 0, 0, 0, 0, 0,
    0, -4, 0, -6, -4, -4, -6, 0,
    0, 0, 0, 0, 0, -12, 0, 0,
    0, 0, 0, 0, -12, -4, -10, -6,
    -6, -2, -2, -2, -4, -4, 0, 0,
    0, 0, -8, 0, 0, 0, 0, -12,
    -4, -6, -4, 0, -6, 0, 0, 0,
    0, -12, 0, 0, 0, -6, 0, 0,
    0, -4, 0, -18, 0, -10, 0, -4,
    -2, -8, -8, -8, 0, 0, 0, 0,
    0, 0, 0, 0, 0, 0, 0, 0,
    0, -6, 0, -4, 0, 0, 0, 0,
    0, 0, 0, 0, 0, 0, 0, 0,
    0, 0, 0, 0, 0, 0, 0, 0,
    0, 0, 0, 0, -4, 0, 0, 0,
    0, 0, 0, -10, 0, -4, 0, -14,
    -4, 0, 0, 0, 0, 0, -31, 0,
    -31, -25, 0, 0, 0, -15, -4, -54,
    -9, 0, 0, 0, 0, -10, -1, -12,
    0, -14, -6, 0, -10, 0, 0, -8,
    -9, -4, -7, -10, -8, -12, -8, -14,
    0, 0, 0, -10, 0, 0, 0, 0,
    0, 0, 0, -2, 0, 0, 0, -8,
    0, -6, -2, 0, 0, 0, 0, 0,
    0, 0, 0, 0, 0, 0, 0, 0,
    0, 0, 0, 0, 0, 0, 0, 0,
    0, 0, -10, 0, -10, 0, 0, 0,
    0, 0, 0, -16, 0, 0, 0, 0,
    0, 0, 0, 0, 0, 0, 0, 0,
    0, 0, 0, 0, 0, 0, 0, 0,
    0, 0, 0, 0, 0, -10, 0, -16,
    0, -14, 0, 0, 0, 0, -4, -4,
    -9, 0, -5, -8, -6, -6, -4, 0,
    -8, 0, 0, 0, -4, 0, 0, 0,
    -4, 0, 0, -15, -5, -10, -8, -8,
    -10, -6, 0, -42, 0, -63, 0, -20,
    0, 0, 0, 0, -15, 0, -12, 0,
    -10, -48, -12, -30, -23, 0, -31, 0,
    -32, 0, -5, -6, -2, 0, 0, 0,
    0, -9, -4, -16, -14, 0, -16, 0,
    0, 0, 0, 0, -47, -12, -47, -27,
    0, 0, 0, -20, 0, -57, -4, -8,
    0, 0, 0, -10, -4, -27, 0, -16,
    -9, 0, -10, 0, 0, 0, -4, 0,
    0, 0, 0, -6, 0, -8, 0, 0,
    0, -4, 0, -12, 0, 0, 0, 0,
    0, -2, 0, -6, -5, -6, 0, 0,
    2, -2, -2, -4, 0, -2, -4, 0,
    -2, 0, 0, 0, 0, 0, 0, 0,
    0, -4, 0, -4, 0, 0, 0, -6,
    0, 6, 0, 0, 0, 0, 0, 0,
    0, -6, -6, -8, 0, 0, 0, 0,
    -6, 0, 0, 0, 0, 0, 0, 0,
    0, 0, 0, -10, 0, 0, 0, 0,
    0, -2, 0, 0, 0, 0, -43, -28,
    -43, -33, -8, -8, 0, -16, -10, -50,
    -14, 0, 0, 0, 0, -8, -6, -20,
    0, -28, -27, -6, -28, 0, 0, -18,
    -23, -6, -18, -12, -12, -14, -12, -29,
    0, 0, 0, 0, -8, 0, -8, -11,
    0, 0, 0, -6, 0, -20, -4, 0,
    0, -2, 0, -4, -6, 0, 0, -2,
    0, 0, -4, 0, 0, 0, -2, 0,
    0, 0, 0, -4, 0, 0, 0, 0,
    0, 0, -27, -7, -27, -16, 0, 0,
    0, -6, -4, -28, -4, 0, -4, 4,
    0, 0, 0, -7, 0, -10, -6, 0,
    -8, 0, 0, -8, -6, 0, -12, -4,
    -4, -6, -4, -10, 0, 0, 0, 0,
    -14, -4, -14, -9, 0, 0, 0, 0,
    -2, -24, -2, 0, 0, 0, 0, 0,
    0, -2, 0, -6, 0, 0, -4, 0,
    0, 0, 0, 0, 0, 0, 0, 0,
    0, -4, 0, -4, 0, -4, 0, -12,
    0, 0, 0, 0, 0, 0, -8, -2,
    -6, -8, -4, 0, 0, 0, 0, 0,
    0, -4, -4, -8, 0, 0, 0, 0,
    0, -8, -4, -8, -6, -4, -8, -6,
    0, 0, 0, 0, -38, -27, -38, -24,
    -11, -11, -4, -6, -6, -39, -7, -6,
    -4, 0, 0, 0, 0, -10, 0, -28,
    -18, 0, -24, 0, 0, -16, -18, -14,
    -14, -6, -10, -14, -6, -20, 0, 0,
    0, 0, 0, -12, 0, 0, 0, 0,
    0, -2, -8, -12, -12, 0, -4, -2,
    -2, 0, -6, -6, 0, -6, -8, -8,
    -5, 0, 0, 0, 0, -6, -8, -6,
    -6, -10, -6, 0, 0, 0, 0, 0,
    0, 0, 0, 0, 0, 0, 0, 0,
    0, 0, 0, -32, -10, -20, -10, 0,
    -28, 0, 0, 0, 0, 0, 12, 0,
    28, 0, 0, 0, 0, -8, -4, 0,
    4, 0, 0, 0, 0, -20, 0, 0,
    0, 0, 0, 0, -7, 0, 0, 0,
    0, -10, 0, -8, -2, 0, -10, 0,
    0, 0, 0, 0, 0, 0, 0, 0,
    0, -6, 0, 0, 0, 0, 0, 0,
    0, -10, 0, -8, -4, 2, -4, 0,
    0, 0, -7, 0, 0, 0, 0, -23,
    0, -7, 0, -2, -19, 0, -12, -5,
    0, -1, 0, 0, 0, 0, -1, -8,
    0, -2, -2, -8, -2, -3, 0, 0,
    0, 0, 0, -10, 0, 0, 0, 0,
    0, 0, 0, 0, 0, -8, 0, -6,
    0, 0, -10, 0, 0, -4, -9, 0,
    -4, 0, 0, 0, 0, -4, 0, 2,
    2, 1, 2, 0, 0, 0, 0, -12,
    0, 4, 0, 0, 0, 0, -4, 0,
    0, -8, -8, -10, 0, -8, -4, 0,
    -12, 0, -10, -5, 0, -1, -4, 0,
    0, 0, 0, -4, 0, 0, 0, -4,
    0, 0, 4, 16, 18, 0, -21, -6,
    -21, -4, 0, 0, 10, 0, 0, 0,
    0, 18, 0, 26, 18, 12, 22, 0,
    21, -8, -4, 0, -5, 0, -4, 0,
    -2, 0, 0, 4, 0, -2, 0, -6,
    0, 0, 4, -12, 0, 0, 0, 17,
    0, 0, -15, 0, 0, 0, 0, -12,
    0, 0, 0, 0, -6, 0, 0, -7,
    -6, 0, 0, 0, 16, 0, 0, 0,
    0, -2, -2, 0, 5, -6, 0, 0,
    0, -12, 0, 0, 0, 0, 0, 0,
    -4, 0, 0, 0, 0, -10, 0, -4,
    0, 0, -8, 0, 0, 0, 0, 0,
    0, 0, 0, 0, 0, 0, 0, 0,
    0, 0, 0, 0, 0, 0, 0, -8,
    4, -23, 4, 0, 4, 4, -7, 0,
    0, 0, 0, -16, 0, 0, 0, 0,
    -5, 0, 0, -4, -8, 0, -4, 0,
    -4, 0, 0, -10, -6, 0, 0, -4,
    0, -4, 0, 0, 0, 0, 0, 0,
    0, 0, 0, 0, 0, 0, 0, 0,
    0, 0, 0, 0, 0, 0, 0, 0,
    0, 0, 0, 0, 0, 0, 4, 0,
    0, 0, 0, 0, 0, 0, 0, 0,
    0, 0, 0, -8, 0, 0, 0, 0,
    0, 0, 0, 0, 0, 0, 0, -8,
    0, -6, 0, 0, -12, 0, 0, 0,
    0, 0, 0, 0, 0, 0, 0, 0,
    0, 0, 0, 0, 0, 0, 0, 0,
    0, 0, -26, -10, -26, -12, 8, 8,
    0, -6, 0, -24, 0, 0, 0, 0,
    0, 0, 0, -4, 4, -10, -4, 0,
    -4, 0, 0, 0, -2, 0, 0, 8,
    6, 0, 8, -2, 0, 0, 0, -17,
    0, 4, 0, 0, 0, 0, -6, 0,
    0, 0, 0, -10, 0, -4, 0, 0,
    -8, 0, 0, 0, 0, 0, 0, 0,
    0, 0, 0, -8, 0, 0, 0, 0,
    0, 0, 0, 0, 0, 0, 0, -12,
    0, 2, 4, 4, -12, 0, 0, 0,
    0, -6, 0, 0, 0, 0, -2, 0,
    0, -8, -6, 0, -4, 0, 0, 0,
    -4, -8, 0, 0, 0, -6, 0, 0,
    0, 0, 0, -5, -17, -4, -17, -8,
    0, 0, 0, -5, 0, -16, 0, -8,
    0, -4, 0, 0, -6, -4, 0, -8,
    -2, 0, 0, 0, -4, 0, 0, 0,
    0, 0, 0, 0, 0, -10, 0, 0,
    0, -5, -21, 0, -21, -2, 0, 0,
    0, -2, 0, -12, 0, -10, 0, -4,
    0, -6, -10, 0, 0, -4, -2, 0,
    0, 0, -4, 0, 0, 0, 0, 0,
    0, 0, 0, -8, -6, 0, 0, -9,
    4, -6, -4, 0, 0, 4, 0, 0,
    -4, 0, -2, -12, 0, -6, 0, -4,
    -14, 0, 0, -4, -8, 0, 0, 0,
    0, 0, 0, -10, 0, 0, 0, 0,
    -2, 0, 0, 0, 0, 0, -17, 0,
    -17, -4, 0, 0, 0, 0, 0, -16,
    0, -8, 0, -2, 0, -2, -4, 0,
    0, -8, -2, 0, 0, 0, -4, 0,
    0, 0, 0, 0, 0, -6, 0, -10,
    0, 0, 0, 0, 0, -8, 0, 0,
    0, 0, 0, 0, 0, 0, 0, -10,
    0, 0, 0, 0, -10, 0, 0, -8,
    -4, 0, -2, 0, 0, 0, 0, 0,
    -4, -2, 0, 0, -2, 0
};


/*Collect the kern class' data in one place*/
static const lv_font_fmt_txt_kern_classes_t kern_classes =
{
    .class_pair_values   = kern_class_values,
    .left_class_mapping  = kern_left_class_mapping,
    .right_class_mapping = kern_right_class_mapping,
    .left_class_cnt      = 45,
    .right_class_cnt     = 38,
};

/*--------------------
 *  ALL CUSTOM DATA
 *--------------------*/

#if LVGL_VERSION_MAJOR == 8
/*Store all the custom data of the font*/
static  lv_font_fmt_txt_glyph_cache_t cache;
#endif

#if LVGL_VERSION_MAJOR >= 8
static const lv_font_fmt_txt_dsc_t font_dsc = {
#else
static lv_font_fmt_txt_dsc_t font_dsc = {
#endif
    .glyph_bitmap = glyph_bitmap,
    .glyph_dsc = glyph_dsc,
    .cmaps = cmaps,
    .kern_dsc = &kern_classes,
    .kern_scale = 16,
    .cmap_num = 2,
    .bpp = 4,
    .kern_classes = 1,
    .bitmap_format = 0,
#if LVGL_VERSION_MAJOR == 8
    .cache = &cache
#endif
};



/*-----------------
 *  PUBLIC FONT
 *----------------*/

/*Initialize a public general font descriptor*/
#if LVGL_VERSION_MAJOR >= 8
const lv_font_t codeloom_font_22 = {
#else
lv_font_t codeloom_font_22 = {
#endif
    .get_glyph_dsc = lv_font_get_glyph_dsc_fmt_txt,    /*Function pointer to get glyph's data*/
    .get_glyph_bitmap = lv_font_get_bitmap_fmt_txt,    /*Function pointer to get glyph's bitmap*/
    .line_height = 27,          /*The maximum line height required by the font*/
    .base_line = 6,             /*Baseline measured from the bottom of the line*/
#if !(LVGL_VERSION_MAJOR == 6 && LVGL_VERSION_MINOR == 0)
    .subpx = LV_FONT_SUBPX_NONE,
#endif
#if LV_VERSION_CHECK(7, 4, 0) || LVGL_VERSION_MAJOR >= 8
    .underline_position = -3,
    .underline_thickness = 1,
#endif
    .dsc = &font_dsc,          /*The custom font data. Will be accessed by `get_glyph_bitmap/dsc` */
#if LV_VERSION_CHECK(8, 2, 0) || LVGL_VERSION_MAJOR >= 9
    .fallback = NULL,
#endif
    .user_data = NULL,
};



#endif /*#if CODELOOM_FONT_22*/

