/*******************************************************************************
 * Size: 24 px
 * Bpp: 4
 * Opts: --font <noto-sans-sc-dir>/NotoSansSC-Medium.otf -r 0x20-0x7E --symbols ·×–—“”…▲▼　、。一上下不个中么也了亮什今从伏休会传位保偏内册再写几凶击分初到刷动化区厚去及发取口只吃合后吧味和咬唤回团在垂塘声多天太失好始子字存它宝实小少就屏差已常幕应度建开式引录形待很得忙快慢我手扑打抛按挺换掉掠提播擦收放效整斑料断新无旧时是晚普最有未本条来枚果查校格档检次步每水池没法流渔滴漂点照爱片猛现理瓶界的盖眠着知石示种秒积稀稍竿符第等箱素累纸线结继续缝缠缺置翻者胃脚自色节苦草获藏蚓蚯行表袋被要覆见计记设试说读谁败超足跑跳身辛过运返还进连迹送通道都醒里重金钓钩钱铜锁锈错锦键长除集面靴音页频食饵香验高鱼鲈鲤鲫鳜！（），：；？ --size 24 --bpp 4 --format lvgl --no-compress --lv-font-name fish_font_24 --lv-include lvgl.h -o assets/fonts/fish_font_24.c
 ******************************************************************************/

#ifdef LV_LVGL_H_INCLUDE_SIMPLE
#include "lvgl.h"
#else
#include "lvgl.h"
#endif

#ifndef FISH_FONT_24
#define FISH_FONT_24 1
#endif

#if FISH_FONT_24

/*-----------------
 *    BITMAPS
 *----------------*/

/*Store the image of the glyphs*/
static LV_ATTRIBUTE_LARGE_CONST const uint8_t glyph_bitmap[] = {
    /* U+0020 " " */

    /* U+0021 "!" */
    0x4f, 0xf8, 0x3f, 0xf7, 0x3f, 0xf7, 0x2f, 0xf6,
    0x2f, 0xf6, 0x1f, 0xf5, 0xf, 0xf4, 0xf, 0xf4,
    0xf, 0xf3, 0xf, 0xf2, 0xe, 0xf2, 0xd, 0xf1,
    0xb, 0xe0, 0x0, 0x0, 0x2e, 0xf5, 0xaf, 0xfe,
    0x9f, 0xfd, 0x2d, 0xe4,

    /* U+0022 "\"" */
    0xdf, 0xf0, 0x9, 0xff, 0x4d, 0xff, 0x0, 0x8f,
    0xf3, 0xcf, 0xe0, 0x8, 0xff, 0x3b, 0xfd, 0x0,
    0x7f, 0xf2, 0x9f, 0xc0, 0x5, 0xff, 0x8, 0xfa,
    0x0, 0x3f, 0xe0, 0x6f, 0x80, 0x1, 0xfc, 0x3,
    0xd6, 0x0, 0xd, 0x90,

    /* U+0023 "#" */
    0x0, 0x0, 0x8f, 0x20, 0x7, 0xf3, 0x0, 0x0,
    0xa, 0xf0, 0x0, 0xaf, 0x10, 0x0, 0x0, 0xde,
    0x0, 0xc, 0xf0, 0x0, 0x0, 0xf, 0xb0, 0x0,
    0xec, 0x0, 0x8, 0xff, 0xff, 0xff, 0xff, 0xff,
    0xe0, 0x7e, 0xff, 0xfe, 0xef, 0xff, 0xed, 0x0,
    0x5, 0xf5, 0x0, 0x4f, 0x70, 0x0, 0x0, 0x7f,
    0x30, 0x6, 0xf5, 0x0, 0x0, 0x8, 0xf2, 0x0,
    0x8f, 0x30, 0x0, 0x0, 0xaf, 0x0, 0xa, 0xf1,
    0x0, 0xe, 0xef, 0xfe, 0xee, 0xff, 0xee, 0x40,
    0xff, 0xff, 0xff, 0xff, 0xff, 0xf5, 0x0, 0xf,
    0xb0, 0x0, 0xfc, 0x0, 0x0, 0x1, 0xf9, 0x0,
    0x1f, 0xa0, 0x0, 0x0, 0x3f, 0x70, 0x2, 0xf8,
    0x0, 0x0, 0x5, 0xf6, 0x0, 0x4f, 0x60, 0x0,
    0x0, 0x6f, 0x40, 0x6, 0xf5, 0x0, 0x0, 0x8,
    0xf2, 0x0, 0x8f, 0x30, 0x0,

    /* U+0024 "$" */
    0x0, 0x0, 0xf, 0xd0, 0x0, 0x0, 0x0, 0x0,
    0xf, 0xd0, 0x0, 0x0, 0x0, 0x0, 0x1f, 0xe0,
    0x0, 0x0, 0x0, 0x1a, 0xff, 0xff, 0xa2, 0x0,
    0x0, 0xdf, 0xff, 0xff, 0xff, 0x40, 0x8, 0xff,
    0xa3, 0x26, 0xef, 0x40, 0xd, 0xfd, 0x0, 0x0,
    0x15, 0x0, 0xf, 0xfa, 0x0, 0x0, 0x0, 0x0,
    0xe, 0xfe, 0x0, 0x0, 0x0, 0x0, 0x9, 0xff,
    0xb1, 0x0, 0x0, 0x0, 0x1, 0xef, 0xfe, 0x70,
    0x0, 0x0, 0x0, 0x1a, 0xff, 0xfd, 0x40, 0x0,
    0x0, 0x0, 0x5e, 0xff, 0xf7, 0x0, 0x0, 0x0,
    0x1, 0x9f, 0xff, 0x40, 0x0, 0x0, 0x0, 0x6,
    0xff, 0xc0, 0x0, 0x0, 0x0, 0x0, 0xdf, 0xf0,
    0x0, 0x0, 0x0, 0x0, 0xaf, 0xf0, 0x8, 0x30,
    0x0, 0x0, 0xdf, 0xd0, 0x5f, 0xf9, 0x52, 0x3a,
    0xff, 0x70, 0x3d, 0xff, 0xff, 0xff, 0xfd, 0x0,
    0x0, 0x8d, 0xff, 0xff, 0x90, 0x0, 0x0, 0x0,
    0x2f, 0xe0, 0x0, 0x0, 0x0, 0x0, 0xf, 0xd0,
    0x0, 0x0, 0x0, 0x0, 0xf, 0xd0, 0x0, 0x0,

    /* U+0025 "%" */
    0x0, 0x1a, 0xee, 0xa1, 0x0, 0x0, 0x0, 0x1f,
    0xb0, 0x0, 0x0, 0x1, 0xef, 0xdd, 0xfe, 0x10,
    0x0, 0x0, 0x9f, 0x20, 0x0, 0x0, 0x9, 0xf9,
    0x0, 0x9f, 0x80, 0x0, 0x2, 0xf9, 0x0, 0x0,
    0x0, 0xe, 0xf1, 0x0, 0x2f, 0xe0, 0x0, 0xa,
    0xf1, 0x0, 0x0, 0x0, 0xf, 0xf0, 0x0, 0xf,
    0xf0, 0x0, 0x3f, 0x80, 0x0, 0x0, 0x0, 0x1f,
    0xe0, 0x0, 0xe, 0xf1, 0x0, 0xbf, 0x10, 0x0,
    0x0, 0x0, 0xf, 0xf0, 0x0, 0xf, 0xf0, 0x4,
    0xf7, 0x1, 0x7a, 0x71, 0x0, 0xd, 0xf3, 0x0,
    0x4f, 0xd0, 0xc, 0xe0, 0x2e, 0xff, 0xfe, 0x30,
    0x6, 0xfc, 0x22, 0xdf, 0x50, 0x5f, 0x60, 0xcf,
    0x71, 0x6f, 0xd0, 0x0, 0xaf, 0xff, 0xfa, 0x0,
    0xdd, 0x3, 0xfd, 0x0, 0xb, 0xf4, 0x0, 0x5,
    0x88, 0x40, 0x6, 0xf5, 0x6, 0xf9, 0x0, 0x7,
    0xf7, 0x0, 0x0, 0x0, 0x0, 0xe, 0xc0, 0x8,
    0xf7, 0x0, 0x5, 0xf9, 0x0, 0x0, 0x0, 0x0,
    0x7f, 0x40, 0x8, 0xf7, 0x0, 0x5, 0xf9, 0x0,
    0x0, 0x0, 0x1, 0xfb, 0x0, 0x6, 0xf8, 0x0,
    0x6, 0xf8, 0x0, 0x0, 0x0, 0x9, 0xf2, 0x0,
    0x4, 0xfc, 0x0, 0xa, 0xf5, 0x0, 0x0, 0x0,
    0x2f, 0xa0, 0x0, 0x0, 0xdf, 0x30, 0x2f, 0xe0,
    0x0, 0x0, 0x0, 0xaf, 0x20, 0x0, 0x0, 0x5f,
    0xfc, 0xff, 0x60, 0x0, 0x0, 0x3, 0xf9, 0x0,
    0x0, 0x0, 0x4, 0xcf, 0xc5, 0x0,

    /* U+0026 "&" */
    0x0, 0x0, 0x8, 0xdf, 0xc6, 0x0, 0x0, 0x0,
    0x0, 0x0, 0xd, 0xff, 0xff, 0xf7, 0x0, 0x0,
    0x0, 0x0, 0x8, 0xff, 0x40, 0x9f, 0xe0, 0x0,
    0x0, 0x0, 0x0, 0xcf, 0x90, 0x2, 0xff, 0x10,
    0x0, 0x0, 0x0, 0xd, 0xf7, 0x0, 0x3f, 0xf0,
    0x0, 0x0, 0x0, 0x0, 0xbf, 0x80, 0xb, 0xf9,
    0x0, 0x0, 0x0, 0x0, 0x7, 0xfd, 0x1b, 0xfc,
    0x0, 0x0, 0x0, 0x0, 0x0, 0x1f, 0xfe, 0xfa,
    0x0, 0x0, 0x0, 0x0, 0x0, 0x3, 0xff, 0xf8,
    0x0, 0x0, 0x4, 0xcc, 0x10, 0x5, 0xff, 0xff,
    0xd1, 0x0, 0x0, 0xbf, 0xc0, 0x5, 0xff, 0xc4,
    0xff, 0xc0, 0x0, 0x2f, 0xf6, 0x0, 0xdf, 0xe0,
    0x6, 0xff, 0xb0, 0xa, 0xfe, 0x0, 0x1f, 0xf8,
    0x0, 0x8, 0xff, 0xd6, 0xff, 0x50, 0x1, 0xff,
    0x90, 0x0, 0x7, 0xff, 0xff, 0xb0, 0x0, 0xe,
    0xfe, 0x10, 0x0, 0x9, 0xff, 0xfb, 0x20, 0x0,
    0x7f, 0xfe, 0x74, 0x6b, 0xff, 0xff, 0xff, 0xb3,
    0x0, 0xaf, 0xff, 0xff, 0xff, 0xa2, 0x8f, 0xff,
    0x30, 0x0, 0x4b, 0xdf, 0xea, 0x40, 0x0, 0x18,
    0xd0,

    /* U+0027 "'" */
    0xdf, 0xfd, 0xff, 0xcf, 0xeb, 0xfd, 0x9f, 0xc8,
    0xfa, 0x6f, 0x83, 0xd6,

    /* U+0028 "(" */
    0x0, 0x3, 0x20, 0x0, 0xd, 0xf3, 0x0, 0x5f,
    0xd0, 0x0, 0xdf, 0x50, 0x3, 0xfe, 0x0, 0x9,
    0xfa, 0x0, 0xe, 0xf5, 0x0, 0x2f, 0xf1, 0x0,
    0x5f, 0xe0, 0x0, 0x9f, 0xb0, 0x0, 0xaf, 0x90,
    0x0, 0xbf, 0x80, 0x0, 0xcf, 0x70, 0x0, 0xdf,
    0x70, 0x0, 0xcf, 0x70, 0x0, 0xbf, 0x80, 0x0,
    0xaf, 0xa0, 0x0, 0x7f, 0xc0, 0x0, 0x4f, 0xf0,
    0x0, 0xf, 0xf2, 0x0, 0xc, 0xf7, 0x0, 0x6,
    0xfc, 0x0, 0x0, 0xff, 0x20, 0x0, 0x9f, 0x90,
    0x0, 0x1f, 0xf2, 0x0, 0x8, 0x91,

    /* U+0029 ")" */
    0x4, 0x0, 0x0, 0xaf, 0x50, 0x0, 0x5f, 0xd0,
    0x0, 0xd, 0xf5, 0x0, 0x6, 0xfb, 0x0, 0x1,
    0xff, 0x10, 0x0, 0xcf, 0x70, 0x0, 0x8f, 0xa0,
    0x0, 0x5f, 0xe0, 0x0, 0x2f, 0xf1, 0x0, 0xf,
    0xf3, 0x0, 0xf, 0xf4, 0x0, 0xe, 0xf5, 0x0,
    0xe, 0xf6, 0x0, 0xf, 0xf5, 0x0, 0xf, 0xf3,
    0x0, 0x1f, 0xf2, 0x0, 0x4f, 0xf0, 0x0, 0x7f,
    0xc0, 0x0, 0xaf, 0x90, 0x0, 0xef, 0x40, 0x4,
    0xfe, 0x0, 0x9, 0xf8, 0x0, 0x1f, 0xf2, 0x0,
    0x9f, 0x90, 0x0, 0x4c, 0x10, 0x0,

    /* U+002A "*" */
    0x0, 0x0, 0xf9, 0x0, 0x0, 0x0, 0x1, 0xfb,
    0x0, 0x0, 0x27, 0x33, 0xfc, 0x4, 0x60, 0x7f,
    0xff, 0xff, 0xff, 0xf1, 0x6, 0xdf, 0xff, 0xfa,
    0x30, 0x0, 0x2f, 0xff, 0xb0, 0x0, 0x0, 0xaf,
    0xbe, 0xf4, 0x0, 0x3, 0xfd, 0x4, 0xfd, 0x0,
    0x0, 0x71, 0x0, 0x64, 0x0,

    /* U+002B "+" */
    0x0, 0x0, 0x3, 0xdb, 0x0, 0x0, 0x0, 0x0,
    0x0, 0x3f, 0xe0, 0x0, 0x0, 0x0, 0x0, 0x3,
    0xfe, 0x0, 0x0, 0x0, 0x0, 0x0, 0x3f, 0xe0,
    0x0, 0x0, 0x0, 0x0, 0x3, 0xfe, 0x0, 0x0,
    0x0, 0x11, 0x11, 0x4f, 0xe1, 0x11, 0x10, 0x1f,
    0xff, 0xff, 0xff, 0xff, 0xff, 0xc1, 0xff, 0xff,
    0xff, 0xff, 0xff, 0xfc, 0x0, 0x0, 0x3, 0xfe,
    0x0, 0x0, 0x0, 0x0, 0x0, 0x3f, 0xe0, 0x0,
    0x0, 0x0, 0x0, 0x3, 0xfe, 0x0, 0x0, 0x0,
    0x0, 0x0, 0x3f, 0xe0, 0x0, 0x0, 0x0, 0x0,
    0x3, 0xfe, 0x0, 0x0, 0x0,

    /* U+002C "," */
    0x3, 0x96, 0x1, 0xff, 0xf6, 0x2f, 0xff, 0xb0,
    0x8e, 0xfc, 0x0, 0x3f, 0xa0, 0x8, 0xf6, 0x6,
    0xfe, 0x8, 0xfe, 0x30, 0x4a, 0x20, 0x0,

    /* U+002D "-" */
    0x11, 0x11, 0x11, 0xd, 0xff, 0xff, 0xf7, 0xdf,
    0xff, 0xff, 0x70,

    /* U+002E "." */
    0x0, 0x0, 0x0, 0x9f, 0xb0, 0x2f, 0xff, 0x52,
    0xff, 0xf5, 0x8, 0xfa, 0x0,

    /* U+002F "/" */
    0x0, 0x0, 0x0, 0x2f, 0xb0, 0x0, 0x0, 0x7,
    0xf7, 0x0, 0x0, 0x0, 0xbf, 0x20, 0x0, 0x0,
    0xf, 0xe0, 0x0, 0x0, 0x4, 0xfa, 0x0, 0x0,
    0x0, 0x8f, 0x50, 0x0, 0x0, 0xd, 0xf1, 0x0,
    0x0, 0x1, 0xfd, 0x0, 0x0, 0x0, 0x5f, 0x80,
    0x0, 0x0, 0xa, 0xf4, 0x0, 0x0, 0x0, 0xef,
    0x0, 0x0, 0x0, 0x2f, 0xb0, 0x0, 0x0, 0x7,
    0xf7, 0x0, 0x0, 0x0, 0xbf, 0x30, 0x0, 0x0,
    0xf, 0xe0, 0x0, 0x0, 0x4, 0xfa, 0x0, 0x0,
    0x0, 0x8f, 0x60, 0x0, 0x0, 0xd, 0xf2, 0x0,
    0x0, 0x1, 0xfd, 0x0, 0x0, 0x0, 0x5f, 0x90,
    0x0, 0x0, 0xa, 0xf5, 0x0, 0x0, 0x0, 0xef,
    0x0, 0x0, 0x0, 0x2f, 0xc0, 0x0, 0x0, 0x7,
    0xf8, 0x0, 0x0, 0x0, 0x57, 0x20, 0x0, 0x0,
    0x0,

    /* U+0030 "0" */
    0x0, 0x6, 0xcf, 0xeb, 0x30, 0x0, 0x0, 0xaf,
    0xff, 0xff, 0xf5, 0x0, 0x7, 0xff, 0xc6, 0x7e,
    0xff, 0x20, 0xe, 0xfd, 0x0, 0x3, 0xff, 0xa0,
    0x4f, 0xf5, 0x0, 0x0, 0xaf, 0xf0, 0x8f, 0xf1,
    0x0, 0x0, 0x6f, 0xf3, 0xbf, 0xe0, 0x0, 0x0,
    0x3f, 0xf6, 0xcf, 0xd0, 0x0, 0x0, 0x2f, 0xf7,
    0xdf, 0xc0, 0x0, 0x0, 0x1f, 0xf8, 0xdf, 0xc0,
    0x0, 0x0, 0x1f, 0xf8, 0xcf, 0xd0, 0x0, 0x0,
    0x2f, 0xf7, 0xbf, 0xf0, 0x0, 0x0, 0x4f, 0xf5,
    0x8f, 0xf2, 0x0, 0x0, 0x7f, 0xf3, 0x4f, 0xf7,
    0x0, 0x0, 0xcf, 0xe0, 0xe, 0xfd, 0x10, 0x3,
    0xff, 0x90, 0x6, 0xff, 0xc6, 0x7e, 0xff, 0x20,
    0x0, 0xaf, 0xff, 0xff, 0xf5, 0x0, 0x0, 0x6,
    0xcf, 0xeb, 0x30, 0x0,

    /* U+0031 "1" */
    0x0, 0x17, 0xef, 0xb0, 0x0, 0x2, 0xcf, 0xff,
    0xfb, 0x0, 0x0, 0x3f, 0xff, 0xff, 0xb0, 0x0,
    0x0, 0x22, 0x3f, 0xfb, 0x0, 0x0, 0x0, 0x1,
    0xff, 0xb0, 0x0, 0x0, 0x0, 0x1f, 0xfb, 0x0,
    0x0, 0x0, 0x1, 0xff, 0xb0, 0x0, 0x0, 0x0,
    0x1f, 0xfb, 0x0, 0x0, 0x0, 0x1, 0xff, 0xb0,
    0x0, 0x0, 0x0, 0x1f, 0xfb, 0x0, 0x0, 0x0,
    0x1, 0xff, 0xb0, 0x0, 0x0, 0x0, 0x1f, 0xfb,
    0x0, 0x0, 0x0, 0x1, 0xff, 0xb0, 0x0, 0x0,
    0x0, 0x1f, 0xfb, 0x0, 0x0, 0x0, 0x1, 0xff,
    0xb0, 0x0, 0x5, 0x55, 0x6f, 0xfd, 0x55, 0x50,
    0xff, 0xff, 0xff, 0xff, 0xff, 0x2f, 0xff, 0xff,
    0xff, 0xff, 0xf2,

    /* U+0032 "2" */
    0x0, 0x5, 0xbe, 0xfc, 0x81, 0x0, 0x0, 0x1b,
    0xff, 0xff, 0xff, 0xe3, 0x0, 0xc, 0xff, 0xa6,
    0x6b, 0xff, 0xd0, 0x0, 0x5f, 0x50, 0x0, 0xa,
    0xff, 0x50, 0x0, 0x0, 0x0, 0x0, 0x3f, 0xf8,
    0x0, 0x0, 0x0, 0x0, 0x1, 0xff, 0x90, 0x0,
    0x0, 0x0, 0x0, 0x4f, 0xf6, 0x0, 0x0, 0x0,
    0x0, 0x8, 0xff, 0x30, 0x0, 0x0, 0x0, 0x1,
    0xef, 0xd0, 0x0, 0x0, 0x0, 0x0, 0x9f, 0xf4,
    0x0, 0x0, 0x0, 0x0, 0x4f, 0xfb, 0x0, 0x0,
    0x0, 0x0, 0x2f, 0xfe, 0x10, 0x0, 0x0, 0x0,
    0x1e, 0xff, 0x30, 0x0, 0x0, 0x0, 0x1d, 0xff,
    0x50, 0x0, 0x0, 0x0, 0x1d, 0xff, 0x60, 0x0,
    0x0, 0x0, 0x2e, 0xff, 0xa5, 0x67, 0x77, 0x73,
    0xe, 0xff, 0xff, 0xff, 0xff, 0xff, 0x70, 0xef,
    0xff, 0xff, 0xff, 0xff, 0xf7,

    /* U+0033 "3" */
    0x0, 0x4, 0xbe, 0xfd, 0xa4, 0x0, 0x0, 0xa,
    0xff, 0xff, 0xff, 0xf9, 0x0, 0x6, 0xff, 0xa7,
    0x58, 0xff, 0xf5, 0x0, 0x6, 0x30, 0x0, 0x5,
    0xff, 0x90, 0x0, 0x0, 0x0, 0x0, 0x1f, 0xfb,
    0x0, 0x0, 0x0, 0x0, 0x6, 0xff, 0x70, 0x0,
    0x0, 0x1, 0x39, 0xff, 0xd0, 0x0, 0x0, 0xa,
    0xff, 0xff, 0x90, 0x0, 0x0, 0x0, 0xaf, 0xff,
    0xfa, 0x20, 0x0, 0x0, 0x1, 0x45, 0xaf, 0xfe,
    0x20, 0x0, 0x0, 0x0, 0x0, 0x4f, 0xfc, 0x0,
    0x0, 0x0, 0x0, 0x0, 0xaf, 0xf2, 0x0, 0x0,
    0x0, 0x0, 0x8, 0xff, 0x40, 0x1, 0x0, 0x0,
    0x0, 0xaf, 0xf2, 0xa, 0xe3, 0x0, 0x0, 0x3f,
    0xff, 0x2, 0xff, 0xfb, 0x76, 0x9f, 0xff, 0x60,
    0x4, 0xef, 0xff, 0xff, 0xff, 0x90, 0x0, 0x0,
    0x7c, 0xef, 0xda, 0x30, 0x0,

    /* U+0034 "4" */
    0x0, 0x0, 0x0, 0xc, 0xff, 0xb0, 0x0, 0x0,
    0x0, 0x6, 0xff, 0xfb, 0x0, 0x0, 0x0, 0x1,
    0xff, 0xff, 0xb0, 0x0, 0x0, 0x0, 0xbf, 0xcc,
    0xfb, 0x0, 0x0, 0x0, 0x5f, 0xf3, 0xdf, 0xb0,
    0x0, 0x0, 0x1e, 0xfb, 0xd, 0xfb, 0x0, 0x0,
    0x9, 0xff, 0x10, 0xdf, 0xb0, 0x0, 0x3, 0xff,
    0x60, 0xd, 0xfb, 0x0, 0x0, 0xdf, 0xc0, 0x0,
    0xdf, 0xb0, 0x0, 0x8f, 0xf2, 0x0, 0xd, 0xfb,
    0x0, 0x2f, 0xfa, 0x33, 0x33, 0xef, 0xc3, 0x38,
    0xff, 0xff, 0xff, 0xff, 0xff, 0xff, 0x8f, 0xff,
    0xff, 0xff, 0xff, 0xff, 0xf0, 0x0, 0x0, 0x0,
    0xd, 0xfb, 0x0, 0x0, 0x0, 0x0, 0x0, 0xdf,
    0xb0, 0x0, 0x0, 0x0, 0x0, 0xd, 0xfb, 0x0,
    0x0, 0x0, 0x0, 0x0, 0xdf, 0xb0, 0x0, 0x0,
    0x0, 0x0, 0xd, 0xfb, 0x0,

    /* U+0035 "5" */
    0x0, 0x7f, 0xff, 0xff, 0xff, 0xf8, 0x0, 0x8,
    0xff, 0xff, 0xff, 0xff, 0x80, 0x0, 0x9f, 0xf6,
    0x66, 0x66, 0x63, 0x0, 0xa, 0xfd, 0x0, 0x0,
    0x0, 0x0, 0x0, 0xbf, 0xc0, 0x0, 0x0, 0x0,
    0x0, 0xc, 0xfa, 0x0, 0x0, 0x0, 0x0, 0x0,
    0xdf, 0xdd, 0xff, 0xd8, 0x0, 0x0, 0xe, 0xff,
    0xff, 0xff, 0xfd, 0x0, 0x0, 0x6d, 0x62, 0x4,
    0xdf, 0xf9, 0x0, 0x0, 0x0, 0x0, 0x1, 0xff,
    0xf0, 0x0, 0x0, 0x0, 0x0, 0x9, 0xff, 0x30,
    0x0, 0x0, 0x0, 0x0, 0x7f, 0xf5, 0x0, 0x0,
    0x0, 0x0, 0x8, 0xff, 0x30, 0x0, 0x0, 0x0,
    0x0, 0xcf, 0xf0, 0x9, 0xd2, 0x0, 0x0, 0x6f,
    0xfc, 0x2, 0xff, 0xfa, 0x77, 0xbf, 0xff, 0x20,
    0x4, 0xef, 0xff, 0xff, 0xff, 0x50, 0x0, 0x0,
    0x7c, 0xef, 0xc9, 0x10, 0x0,

    /* U+0036 "6" */
    0x0, 0x0, 0x7c, 0xfe, 0xc6, 0x0, 0x0, 0x2d,
    0xff, 0xff, 0xff, 0xa1, 0x0, 0xdf, 0xfb, 0x76,
    0xaf, 0xb0, 0x8, 0xff, 0x50, 0x0, 0x2, 0x0,
    0xe, 0xfb, 0x0, 0x0, 0x0, 0x0, 0x4f, 0xf3,
    0x0, 0x0, 0x0, 0x0, 0x7f, 0xf0, 0x4c, 0xfd,
    0xa2, 0x0, 0x9f, 0xe7, 0xff, 0xff, 0xff, 0x40,
    0xaf, 0xff, 0xa3, 0x27, 0xff, 0xd0, 0xbf, 0xf8,
    0x0, 0x0, 0x7f, 0xf5, 0xaf, 0xf0, 0x0, 0x0,
    0x1f, 0xf7, 0x9f, 0xf1, 0x0, 0x0, 0xf, 0xf9,
    0x6f, 0xf4, 0x0, 0x0, 0xf, 0xf8, 0x2f, 0xf9,
    0x0, 0x0, 0x2f, 0xf6, 0xb, 0xff, 0x20, 0x0,
    0x9f, 0xf2, 0x3, 0xff, 0xe6, 0x49, 0xff, 0x90,
    0x0, 0x5f, 0xff, 0xff, 0xfc, 0x10, 0x0, 0x2,
    0xae, 0xfc, 0x70, 0x0,

    /* U+0037 "7" */
    0xcf, 0xff, 0xff, 0xff, 0xff, 0xf8, 0xcf, 0xff,
    0xff, 0xff, 0xff, 0xf8, 0x56, 0x66, 0x66, 0x66,
    0xdf, 0xe1, 0x0, 0x0, 0x0, 0x2, 0xff, 0x40,
    0x0, 0x0, 0x0, 0xc, 0xfa, 0x0, 0x0, 0x0,
    0x0, 0x5f, 0xf1, 0x0, 0x0, 0x0, 0x0, 0xdf,
    0xa0, 0x0, 0x0, 0x0, 0x4, 0xff, 0x40, 0x0,
    0x0, 0x0, 0xa, 0xfd, 0x0, 0x0, 0x0, 0x0,
    0x1f, 0xf8, 0x0, 0x0, 0x0, 0x0, 0x4f, 0xf5,
    0x0, 0x0, 0x0, 0x0, 0x8f, 0xf2, 0x0, 0x0,
    0x0, 0x0, 0xbf, 0xe0, 0x0, 0x0, 0x0, 0x0,
    0xff, 0xc0, 0x0, 0x0, 0x0, 0x0, 0xff, 0xa0,
    0x0, 0x0, 0x0, 0x2, 0xff, 0x90, 0x0, 0x0,
    0x0, 0x3, 0xff, 0x80, 0x0, 0x0, 0x0, 0x5,
    0xff, 0x70, 0x0, 0x0,

    /* U+0038 "8" */
    0x0, 0x6, 0xce, 0xeb, 0x50, 0x0, 0x0, 0xcf,
    0xff, 0xff, 0xfb, 0x0, 0x9, 0xff, 0x82, 0x2a,
    0xff, 0x60, 0xe, 0xfa, 0x0, 0x0, 0xcf, 0xb0,
    0x1f, 0xf6, 0x0, 0x0, 0x7f, 0xd0, 0xf, 0xf8,
    0x0, 0x0, 0x8f, 0xc0, 0x9, 0xfe, 0x10, 0x0,
    0xbf, 0x60, 0x0, 0xcf, 0xe4, 0x4, 0xfb, 0x0,
    0x0, 0x1e, 0xff, 0xde, 0xc0, 0x0, 0x1, 0xcf,
    0xad, 0xff, 0xf6, 0x0, 0xd, 0xf9, 0x0, 0x4d,
    0xff, 0x80, 0x7f, 0xe0, 0x0, 0x0, 0xcf, 0xf2,
    0xcf, 0x90, 0x0, 0x0, 0x3f, 0xf6, 0xdf, 0xa0,
    0x0, 0x0, 0x1f, 0xf8, 0xaf, 0xe1, 0x0, 0x0,
    0x6f, 0xf5, 0x3f, 0xfe, 0x52, 0x27, 0xff, 0xd0,
    0x6, 0xff, 0xff, 0xff, 0xfe, 0x30, 0x0, 0x19,
    0xcf, 0xec, 0x70, 0x0,

    /* U+0039 "9" */
    0x0, 0x2a, 0xdf, 0xd8, 0x10, 0x0, 0x5, 0xff,
    0xff, 0xff, 0xe2, 0x0, 0x1e, 0xfe, 0x64, 0x8f,
    0xfd, 0x0, 0x9f, 0xf3, 0x0, 0x4, 0xff, 0x70,
    0xcf, 0xc0, 0x0, 0x0, 0xcf, 0xd0, 0xff, 0xa0,
    0x0, 0x0, 0x7f, 0xf1, 0xdf, 0xb0, 0x0, 0x0,
    0x4f, 0xf4, 0xbf, 0xf1, 0x0, 0x0, 0xbf, 0xf5,
    0x4f, 0xfc, 0x42, 0x5c, 0xff, 0xf6, 0xa, 0xff,
    0xff, 0xfe, 0x7f, 0xf5, 0x0, 0x5c, 0xee, 0xa1,
    0x5f, 0xf4, 0x0, 0x0, 0x0, 0x0, 0x7f, 0xf1,
    0x0, 0x0, 0x0, 0x0, 0xbf, 0xe0, 0x0, 0x0,
    0x0, 0x2, 0xff, 0x90, 0x5, 0x30, 0x0, 0x1c,
    0xff, 0x20, 0x3f, 0xfa, 0x78, 0xef, 0xf8, 0x0,
    0x3d, 0xff, 0xff, 0xff, 0xa0, 0x0, 0x0, 0x8d,
    0xfe, 0xb5, 0x0, 0x0,

    /* U+003A ":" */
    0x8, 0xfa, 0x2, 0xff, 0xf5, 0x2f, 0xff, 0x50,
    0x9f, 0xb0, 0x0, 0x0, 0x0, 0x0, 0x0, 0x0,
    0x0, 0x0, 0x0, 0x0, 0x0, 0x0, 0x0, 0x0,
    0x0, 0x9, 0xfb, 0x2, 0xff, 0xf5, 0x2f, 0xff,
    0x50, 0x8f, 0xa0,

    /* U+003B ";" */
    0x8, 0xfa, 0x2, 0xff, 0xf5, 0x2f, 0xff, 0x50,
    0x9f, 0xb0, 0x0, 0x0, 0x0, 0x0, 0x0, 0x0,
    0x0, 0x0, 0x0, 0x0, 0x0, 0x0, 0x0, 0x0,
    0x0, 0x3, 0x96, 0x1, 0xff, 0xf6, 0x2f, 0xff,
    0xb0, 0x8e, 0xfc, 0x0, 0x3f, 0xa0, 0x8, 0xf6,
    0x6, 0xfe, 0x8, 0xfe, 0x30, 0x4a, 0x20, 0x0,

    /* U+003C "<" */
    0x0, 0x0, 0x0, 0x0, 0x0, 0x0, 0x0, 0x0,
    0x0, 0x0, 0x0, 0x3, 0x9b, 0x0, 0x0, 0x0,
    0x0, 0x6c, 0xff, 0xc0, 0x0, 0x0, 0x39, 0xff,
    0xff, 0xc5, 0x0, 0x6, 0xcf, 0xff, 0xd8, 0x20,
    0x0, 0x9f, 0xff, 0xfa, 0x40, 0x0, 0x0, 0x1f,
    0xff, 0x60, 0x0, 0x0, 0x0, 0x1, 0xff, 0xfe,
    0x82, 0x0, 0x0, 0x0, 0x1, 0x7d, 0xff, 0xfc,
    0x61, 0x0, 0x0, 0x0, 0x4, 0xaf, 0xff, 0xfa,
    0x40, 0x0, 0x0, 0x0, 0x17, 0xdf, 0xff, 0xb0,
    0x0, 0x0, 0x0, 0x0, 0x4a, 0xfc, 0x0, 0x0,
    0x0, 0x0, 0x0, 0x1, 0x50,

    /* U+003D "=" */
    0x1f, 0xff, 0xff, 0xff, 0xff, 0xff, 0xc1, 0xff,
    0xff, 0xff, 0xff, 0xff, 0xfc, 0x0, 0x0, 0x0,
    0x0, 0x0, 0x0, 0x0, 0x0, 0x0, 0x0, 0x0,
    0x0, 0x0, 0x0, 0x0, 0x0, 0x0, 0x0, 0x0,
    0x0, 0x0, 0x0, 0x0, 0x0, 0x0, 0x0, 0x1f,
    0xff, 0xff, 0xff, 0xff, 0xff, 0xc1, 0xff, 0xff,
    0xff, 0xff, 0xff, 0xfc, 0x1, 0x11, 0x11, 0x11,
    0x11, 0x11, 0x10,

    /* U+003E ">" */
    0x0, 0x0, 0x0, 0x0, 0x0, 0x0, 0x1, 0xe7,
    0x10, 0x0, 0x0, 0x0, 0x0, 0x1f, 0xff, 0xa4,
    0x0, 0x0, 0x0, 0x0, 0x8d, 0xff, 0xfd, 0x71,
    0x0, 0x0, 0x0, 0x3, 0x9f, 0xff, 0xfa, 0x40,
    0x0, 0x0, 0x0, 0x5, 0xcf, 0xff, 0xd6, 0x0,
    0x0, 0x0, 0x0, 0x29, 0xff, 0xc0, 0x0, 0x0,
    0x0, 0x4a, 0xff, 0xfb, 0x0, 0x0, 0x28, 0xef,
    0xff, 0xb5, 0x0, 0x16, 0xcf, 0xff, 0xe8, 0x20,
    0x0, 0x1f, 0xff, 0xfb, 0x50, 0x0, 0x0, 0x1,
    0xfe, 0x82, 0x0, 0x0, 0x0, 0x0, 0x5, 0x0,
    0x0, 0x0, 0x0, 0x0, 0x0,

    /* U+003F "?" */
    0x0, 0x7c, 0xfe, 0xb5, 0x0, 0x1c, 0xff, 0xff,
    0xff, 0x80, 0x9f, 0xe9, 0x68, 0xff, 0xf3, 0x7,
    0x10, 0x0, 0x6f, 0xf6, 0x0, 0x0, 0x0, 0x2f,
    0xf8, 0x0, 0x0, 0x0, 0x6f, 0xf4, 0x0, 0x0,
    0x2, 0xef, 0xb0, 0x0, 0x0, 0xd, 0xfd, 0x10,
    0x0, 0x0, 0xaf, 0xf2, 0x0, 0x0, 0x4, 0xff,
    0x60, 0x0, 0x0, 0xa, 0xfe, 0x0, 0x0, 0x0,
    0xb, 0xfb, 0x0, 0x0, 0x0, 0x0, 0x0, 0x0,
    0x0, 0x0, 0x0, 0x0, 0x0, 0x0, 0x0, 0xa,
    0xfb, 0x0, 0x0, 0x0, 0x3f, 0xff, 0x40, 0x0,
    0x0, 0x3f, 0xff, 0x40, 0x0, 0x0, 0x9, 0xfa,
    0x0, 0x0,

    /* U+0040 "@" */
    0x0, 0x0, 0x0, 0x1, 0x6b, 0xdf, 0xfd, 0xa5,
    0x0, 0x0, 0x0, 0x0, 0x0, 0x18, 0xff, 0xff,
    0xee, 0xff, 0xfd, 0x40, 0x0, 0x0, 0x0, 0x3e,
    0xfe, 0x82, 0x0, 0x0, 0x4c, 0xff, 0x60, 0x0,
    0x0, 0x3f, 0xfa, 0x10, 0x0, 0x0, 0x0, 0x8,
    0xff, 0x30, 0x0, 0x1e, 0xf8, 0x0, 0x0, 0x0,
    0x0, 0x0, 0x7, 0xfd, 0x0, 0xb, 0xfa, 0x0,
    0x0, 0x0, 0x0, 0x0, 0x0, 0xd, 0xf4, 0x4,
    0xfe, 0x0, 0x0, 0x6, 0xa9, 0x36, 0xb3, 0x0,
    0x5f, 0x90, 0xbf, 0x60, 0x0, 0xb, 0xff, 0xff,
    0xef, 0x10, 0x2, 0xfd, 0xf, 0xf0, 0x0, 0xc,
    0xfb, 0x31, 0xcf, 0xe0, 0x0, 0xf, 0xe4, 0xfb,
    0x0, 0x5, 0xfd, 0x0, 0x6, 0xfb, 0x0, 0x0,
    0xef, 0x7f, 0x70, 0x0, 0xdf, 0x50, 0x0, 0x8f,
    0x80, 0x0, 0xf, 0xe8, 0xf5, 0x0, 0xf, 0xf0,
    0x0, 0xb, 0xf5, 0x0, 0x2, 0xfb, 0xaf, 0x40,
    0x2, 0xff, 0x0, 0x0, 0xef, 0x20, 0x0, 0x8f,
    0x69, 0xf5, 0x0, 0x1f, 0xf1, 0x0, 0x5f, 0xf1,
    0x0, 0x1e, 0xd0, 0x8f, 0x70, 0x0, 0xef, 0xb4,
    0x8f, 0xff, 0x70, 0x4d, 0xf4, 0x5, 0xfb, 0x0,
    0x4, 0xff, 0xff, 0x93, 0xff, 0xff, 0xe4, 0x0,
    0xf, 0xf1, 0x0, 0x3, 0x89, 0x40, 0x2, 0x79,
    0x61, 0x0, 0x0, 0xaf, 0x90, 0x0, 0x0, 0x0,
    0x0, 0x0, 0x0, 0x0, 0x0, 0x2, 0xff, 0x50,
    0x0, 0x0, 0x0, 0x0, 0x0, 0x0, 0x0, 0x0,
    0x6, 0xff, 0x70, 0x0, 0x0, 0x0, 0x1, 0x0,
    0x0, 0x0, 0x0, 0x7, 0xff, 0xd7, 0x31, 0x2,
    0x5c, 0xd0, 0x0, 0x0, 0x0, 0x0, 0x4, 0xdf,
    0xff, 0xff, 0xff, 0xfc, 0x10, 0x0, 0x0, 0x0,
    0x0, 0x0, 0x48, 0xbd, 0xdb, 0x83, 0x0, 0x0,
    0x0, 0x0,

    /* U+0041 "A" */
    0x0, 0x0, 0x4, 0xff, 0xf3, 0x0, 0x0, 0x0,
    0x0, 0x0, 0xaf, 0xff, 0x90, 0x0, 0x0, 0x0,
    0x0, 0xe, 0xfc, 0xfe, 0x0, 0x0, 0x0, 0x0,
    0x4, 0xff, 0x3f, 0xf3, 0x0, 0x0, 0x0, 0x0,
    0x9f, 0xc0, 0xef, 0x80, 0x0, 0x0, 0x0, 0xe,
    0xf7, 0xa, 0xfd, 0x0, 0x0, 0x0, 0x4, 0xff,
    0x30, 0x5f, 0xf2, 0x0, 0x0, 0x0, 0x9f, 0xe0,
    0x1, 0xff, 0x80, 0x0, 0x0, 0xe, 0xfa, 0x0,
    0xd, 0xfd, 0x0, 0x0, 0x3, 0xff, 0x50, 0x0,
    0x8f, 0xf2, 0x0, 0x0, 0x8f, 0xf5, 0x44, 0x47,
    0xff, 0x70, 0x0, 0xe, 0xff, 0xff, 0xff, 0xff,
    0xfc, 0x0, 0x3, 0xff, 0xff, 0xff, 0xff, 0xff,
    0xf2, 0x0, 0x8f, 0xf3, 0x0, 0x0, 0x5, 0xff,
    0x70, 0xd, 0xfe, 0x0, 0x0, 0x0, 0x1f, 0xfc,
    0x3, 0xff, 0x90, 0x0, 0x0, 0x0, 0xcf, 0xf1,
    0x8f, 0xf4, 0x0, 0x0, 0x0, 0x7, 0xff, 0x6d,
    0xff, 0x0, 0x0, 0x0, 0x0, 0x2f, 0xfc,

    /* U+0042 "B" */
    0xaf, 0xff, 0xff, 0xed, 0xb5, 0x0, 0xa, 0xff,
    0xff, 0xff, 0xff, 0xfc, 0x0, 0xaf, 0xf5, 0x34,
    0x57, 0xef, 0xfa, 0xa, 0xff, 0x10, 0x0, 0x1,
    0xff, 0xe0, 0xaf, 0xf1, 0x0, 0x0, 0xc, 0xff,
    0xa, 0xff, 0x10, 0x0, 0x0, 0xef, 0xc0, 0xaf,
    0xf1, 0x0, 0x14, 0xcf, 0xf4, 0xa, 0xff, 0xff,
    0xff, 0xff, 0xd4, 0x0, 0xaf, 0xff, 0xff, 0xff,
    0xff, 0xb1, 0xa, 0xff, 0x42, 0x33, 0x5a, 0xff,
    0xe1, 0xaf, 0xf1, 0x0, 0x0, 0x6, 0xff, 0x9a,
    0xff, 0x10, 0x0, 0x0, 0xe, 0xfd, 0xaf, 0xf1,
    0x0, 0x0, 0x0, 0xcf, 0xfa, 0xff, 0x10, 0x0,
    0x0, 0xf, 0xfe, 0xaf, 0xf1, 0x0, 0x0, 0x8,
    0xff, 0x9a, 0xff, 0x54, 0x45, 0x7c, 0xff, 0xe1,
    0xaf, 0xff, 0xff, 0xff, 0xff, 0xe3, 0xa, 0xff,
    0xff, 0xff, 0xdb, 0x60, 0x0,

    /* U+0043 "C" */
    0x0, 0x0, 0x7, 0xce, 0xfd, 0x92, 0x0, 0x0,
    0x5, 0xef, 0xff, 0xff, 0xff, 0x50, 0x0, 0x6f,
    0xff, 0xeb, 0x9c, 0xff, 0xf1, 0x2, 0xff, 0xf9,
    0x0, 0x0, 0x2c, 0x50, 0xa, 0xff, 0x80, 0x0,
    0x0, 0x0, 0x0, 0x1f, 0xfe, 0x10, 0x0, 0x0,
    0x0, 0x0, 0x5f, 0xf9, 0x0, 0x0, 0x0, 0x0,
    0x0, 0x8f, 0xf6, 0x0, 0x0, 0x0, 0x0, 0x0,
    0x9f, 0xf4, 0x0, 0x0, 0x0, 0x0, 0x0, 0x9f,
    0xf4, 0x0, 0x0, 0x0, 0x0, 0x0, 0x8f, 0xf6,
    0x0, 0x0, 0x0, 0x0, 0x0, 0x6f, 0xf9, 0x0,
    0x0, 0x0, 0x0, 0x0, 0x2f, 0xfe, 0x0, 0x0,
    0x0, 0x0, 0x0, 0xb, 0xff, 0x80, 0x0, 0x0,
    0x0, 0x10, 0x3, 0xff, 0xf8, 0x0, 0x0, 0x1c,
    0xe1, 0x0, 0x7f, 0xff, 0xeb, 0x9c, 0xff, 0xf7,
    0x0, 0x6, 0xff, 0xff, 0xff, 0xff, 0x80, 0x0,
    0x0, 0x18, 0xce, 0xfd, 0x93, 0x0,

    /* U+0044 "D" */
    0xaf, 0xff, 0xff, 0xea, 0x60, 0x0, 0x0, 0xaf,
    0xff, 0xff, 0xff, 0xfe, 0x50, 0x0, 0xaf, 0xf6,
    0x57, 0xae, 0xff, 0xf6, 0x0, 0xaf, 0xf1, 0x0,
    0x0, 0x9f, 0xff, 0x20, 0xaf, 0xf1, 0x0, 0x0,
    0xa, 0xff, 0x90, 0xaf, 0xf1, 0x0, 0x0, 0x2,
    0xff, 0xf0, 0xaf, 0xf1, 0x0, 0x0, 0x0, 0xcf,
    0xf3, 0xaf, 0xf1, 0x0, 0x0, 0x0, 0xaf, 0xf5,
    0xaf, 0xf1, 0x0, 0x0, 0x0, 0x8f, 0xf6, 0xaf,
    0xf1, 0x0, 0x0, 0x0, 0x8f, 0xf6, 0xaf, 0xf1,
    0x0, 0x0, 0x0, 0xaf, 0xf5, 0xaf, 0xf1, 0x0,
    0x0, 0x0, 0xcf, 0xf2, 0xaf, 0xf1, 0x0, 0x0,
    0x2, 0xff, 0xe0, 0xaf, 0xf1, 0x0, 0x0, 0xb,
    0xff, 0x90, 0xaf, 0xf1, 0x0, 0x1, 0xaf, 0xff,
    0x10, 0xaf, 0xf6, 0x57, 0xae, 0xff, 0xf5, 0x0,
    0xaf, 0xff, 0xff, 0xff, 0xfe, 0x40, 0x0, 0xaf,
    0xff, 0xff, 0xeb, 0x60, 0x0, 0x0,

    /* U+0045 "E" */
    0xaf, 0xff, 0xff, 0xff, 0xff, 0xc0, 0xaf, 0xff,
    0xff, 0xff, 0xff, 0xc0, 0xaf, 0xf7, 0x66, 0x66,
    0x66, 0x50, 0xaf, 0xf1, 0x0, 0x0, 0x0, 0x0,
    0xaf, 0xf1, 0x0, 0x0, 0x0, 0x0, 0xaf, 0xf1,
    0x0, 0x0, 0x0, 0x0, 0xaf, 0xf1, 0x0, 0x0,
    0x0, 0x0, 0xaf, 0xff, 0xff, 0xff, 0xf9, 0x0,
    0xaf, 0xff, 0xff, 0xff, 0xf9, 0x0, 0xaf, 0xf7,
    0x66, 0x66, 0x64, 0x0, 0xaf, 0xf1, 0x0, 0x0,
    0x0, 0x0, 0xaf, 0xf1, 0x0, 0x0, 0x0, 0x0,
    0xaf, 0xf1, 0x0, 0x0, 0x0, 0x0, 0xaf, 0xf1,
    0x0, 0x0, 0x0, 0x0, 0xaf, 0xf1, 0x0, 0x0,
    0x0, 0x0, 0xaf, 0xf8, 0x77, 0x77, 0x77, 0x70,
    0xaf, 0xff, 0xff, 0xff, 0xff, 0xf0, 0xaf, 0xff,
    0xff, 0xff, 0xff, 0xf0,

    /* U+0046 "F" */
    0xaf, 0xff, 0xff, 0xff, 0xff, 0xca, 0xff, 0xff,
    0xff, 0xff, 0xfc, 0xaf, 0xf7, 0x66, 0x66, 0x66,
    0x5a, 0xff, 0x10, 0x0, 0x0, 0x0, 0xaf, 0xf1,
    0x0, 0x0, 0x0, 0xa, 0xff, 0x10, 0x0, 0x0,
    0x0, 0xaf, 0xf1, 0x0, 0x0, 0x0, 0xa, 0xff,
    0x76, 0x66, 0x66, 0x40, 0xaf, 0xff, 0xff, 0xff,
    0xfa, 0xa, 0xff, 0xff, 0xff, 0xff, 0xa0, 0xaf,
    0xf1, 0x0, 0x0, 0x0, 0xa, 0xff, 0x10, 0x0,
    0x0, 0x0, 0xaf, 0xf1, 0x0, 0x0, 0x0, 0xa,
    0xff, 0x10, 0x0, 0x0, 0x0, 0xaf, 0xf1, 0x0,
    0x0, 0x0, 0xa, 0xff, 0x10, 0x0, 0x0, 0x0,
    0xaf, 0xf1, 0x0, 0x0, 0x0, 0xa, 0xff, 0x10,
    0x0, 0x0, 0x0,

    /* U+0047 "G" */
    0x0, 0x0, 0x6, 0xbe, 0xfe, 0xb6, 0x0, 0x0,
    0x0, 0x4e, 0xff, 0xff, 0xff, 0xfc, 0x20, 0x0,
    0x5f, 0xff, 0xfc, 0x9a, 0xdf, 0xf9, 0x0, 0x2f,
    0xff, 0xa0, 0x0, 0x0, 0x5a, 0x0, 0xa, 0xff,
    0x90, 0x0, 0x0, 0x0, 0x0, 0x1, 0xff, 0xf1,
    0x0, 0x0, 0x0, 0x0, 0x0, 0x5f, 0xf9, 0x0,
    0x0, 0x0, 0x0, 0x0, 0x8, 0xff, 0x60, 0x0,
    0x0, 0x0, 0x0, 0x0, 0x9f, 0xf4, 0x0, 0x0,
    0xef, 0xff, 0xff, 0x19, 0xff, 0x40, 0x0, 0xe,
    0xff, 0xff, 0xf1, 0x8f, 0xf6, 0x0, 0x0, 0x56,
    0x6a, 0xff, 0x16, 0xff, 0x90, 0x0, 0x0, 0x0,
    0x6f, 0xf1, 0x2f, 0xff, 0x10, 0x0, 0x0, 0x6,
    0xff, 0x10, 0xbf, 0xf9, 0x0, 0x0, 0x0, 0x6f,
    0xf1, 0x3, 0xff, 0xfa, 0x0, 0x0, 0x9, 0xff,
    0x10, 0x6, 0xff, 0xff, 0xc9, 0xad, 0xff, 0xf1,
    0x0, 0x5, 0xef, 0xff, 0xff, 0xff, 0xf5, 0x0,
    0x0, 0x1, 0x7c, 0xef, 0xec, 0x71, 0x0,

    /* U+0048 "H" */
    0xaf, 0xf1, 0x0, 0x0, 0x0, 0x5f, 0xf7, 0xaf,
    0xf1, 0x0, 0x0, 0x0, 0x5f, 0xf7, 0xaf, 0xf1,
    0x0, 0x0, 0x0, 0x5f, 0xf7, 0xaf, 0xf1, 0x0,
    0x0, 0x0, 0x5f, 0xf7, 0xaf, 0xf1, 0x0, 0x0,
    0x0, 0x5f, 0xf7, 0xaf, 0xf1, 0x0, 0x0, 0x0,
    0x5f, 0xf7, 0xaf, 0xf1, 0x0, 0x0, 0x0, 0x5f,
    0xf7, 0xaf, 0xff, 0xff, 0xff, 0xff, 0xff, 0xf7,
    0xaf, 0xff, 0xff, 0xff, 0xff, 0xff, 0xf7, 0xaf,
    0xf9, 0x88, 0x88, 0x88, 0xaf, 0xf7, 0xaf, 0xf1,
    0x0, 0x0, 0x0, 0x5f, 0xf7, 0xaf, 0xf1, 0x0,
    0x0, 0x0, 0x5f, 0xf7, 0xaf, 0xf1, 0x0, 0x0,
    0x0, 0x5f, 0xf7, 0xaf, 0xf1, 0x0, 0x0, 0x0,
    0x5f, 0xf7, 0xaf, 0xf1, 0x0, 0x0, 0x0, 0x5f,
    0xf7, 0xaf, 0xf1, 0x0, 0x0, 0x0, 0x5f, 0xf7,
    0xaf, 0xf1, 0x0, 0x0, 0x0, 0x5f, 0xf7, 0xaf,
    0xf1, 0x0, 0x0, 0x0, 0x5f, 0xf7,

    /* U+0049 "I" */
    0xaf, 0xf1, 0xaf, 0xf1, 0xaf, 0xf1, 0xaf, 0xf1,
    0xaf, 0xf1, 0xaf, 0xf1, 0xaf, 0xf1, 0xaf, 0xf1,
    0xaf, 0xf1, 0xaf, 0xf1, 0xaf, 0xf1, 0xaf, 0xf1,
    0xaf, 0xf1, 0xaf, 0xf1, 0xaf, 0xf1, 0xaf, 0xf1,
    0xaf, 0xf1, 0xaf, 0xf1,

    /* U+004A "J" */
    0x0, 0x0, 0x0, 0x0, 0xdf, 0xf0, 0x0, 0x0,
    0x0, 0xd, 0xff, 0x0, 0x0, 0x0, 0x0, 0xdf,
    0xf0, 0x0, 0x0, 0x0, 0xd, 0xff, 0x0, 0x0,
    0x0, 0x0, 0xdf, 0xf0, 0x0, 0x0, 0x0, 0xd,
    0xff, 0x0, 0x0, 0x0, 0x0, 0xdf, 0xf0, 0x0,
    0x0, 0x0, 0xd, 0xff, 0x0, 0x0, 0x0, 0x0,
    0xdf, 0xf0, 0x0, 0x0, 0x0, 0xd, 0xff, 0x0,
    0x0, 0x0, 0x0, 0xdf, 0xf0, 0x0, 0x0, 0x0,
    0xd, 0xff, 0x0, 0x0, 0x0, 0x0, 0xef, 0xe0,
    0x3, 0x0, 0x0, 0xf, 0xfc, 0x9, 0xf6, 0x0,
    0x7, 0xff, 0x90, 0xdf, 0xfd, 0x9b, 0xff, 0xf2,
    0x2, 0xef, 0xff, 0xff, 0xf7, 0x0, 0x1, 0x8d,
    0xfd, 0xa4, 0x0,

    /* U+004B "K" */
    0xaf, 0xf1, 0x0, 0x0, 0x8, 0xff, 0xa0, 0xaf,
    0xf1, 0x0, 0x0, 0x4f, 0xfc, 0x0, 0xaf, 0xf1,
    0x0, 0x2, 0xff, 0xe2, 0x0, 0xaf, 0xf1, 0x0,
    0xd, 0xff, 0x40, 0x0, 0xaf, 0xf1, 0x0, 0xaf,
    0xf7, 0x0, 0x0, 0xaf, 0xf1, 0x7, 0xff, 0xa0,
    0x0, 0x0, 0xaf, 0xf1, 0x3f, 0xfd, 0x0, 0x0,
    0x0, 0xaf, 0xf3, 0xef, 0xfd, 0x0, 0x0, 0x0,
    0xaf, 0xfd, 0xff, 0xff, 0x60, 0x0, 0x0, 0xaf,
    0xff, 0xfa, 0xef, 0xe1, 0x0, 0x0, 0xaf, 0xff,
    0xc0, 0x6f, 0xf9, 0x0, 0x0, 0xaf, 0xfe, 0x10,
    0xd, 0xff, 0x20, 0x0, 0xaf, 0xf3, 0x0, 0x4,
    0xff, 0xb0, 0x0, 0xaf, 0xf1, 0x0, 0x0, 0xbf,
    0xf4, 0x0, 0xaf, 0xf1, 0x0, 0x0, 0x2f, 0xfd,
    0x0, 0xaf, 0xf1, 0x0, 0x0, 0x9, 0xff, 0x70,
    0xaf, 0xf1, 0x0, 0x0, 0x1, 0xff, 0xf1, 0xaf,
    0xf1, 0x0, 0x0, 0x0, 0x7f, 0xf9,

    /* U+004C "L" */
    0xaf, 0xf1, 0x0, 0x0, 0x0, 0xa, 0xff, 0x10,
    0x0, 0x0, 0x0, 0xaf, 0xf1, 0x0, 0x0, 0x0,
    0xa, 0xff, 0x10, 0x0, 0x0, 0x0, 0xaf, 0xf1,
    0x0, 0x0, 0x0, 0xa, 0xff, 0x10, 0x0, 0x0,
    0x0, 0xaf, 0xf1, 0x0, 0x0, 0x0, 0xa, 0xff,
    0x10, 0x0, 0x0, 0x0, 0xaf, 0xf1, 0x0, 0x0,
    0x0, 0xa, 0xff, 0x10, 0x0, 0x0, 0x0, 0xaf,
    0xf1, 0x0, 0x0, 0x0, 0xa, 0xff, 0x10, 0x0,
    0x0, 0x0, 0xaf, 0xf1, 0x0, 0x0, 0x0, 0xa,
    0xff, 0x10, 0x0, 0x0, 0x0, 0xaf, 0xf1, 0x0,
    0x0, 0x0, 0xa, 0xff, 0x87, 0x77, 0x77, 0x74,
    0xaf, 0xff, 0xff, 0xff, 0xff, 0x9a, 0xff, 0xff,
    0xff, 0xff, 0xf9,

    /* U+004D "M" */
    0xaf, 0xfb, 0x0, 0x0, 0x0, 0x0, 0xcf, 0xf9,
    0xaf, 0xff, 0x10, 0x0, 0x0, 0x2, 0xff, 0xf9,
    0xaf, 0xff, 0x60, 0x0, 0x0, 0x7, 0xff, 0xf9,
    0xaf, 0xef, 0xc0, 0x0, 0x0, 0xd, 0xfe, 0xf9,
    0xaf, 0xaf, 0xf2, 0x0, 0x0, 0x3f, 0xeb, 0xf9,
    0xaf, 0xac, 0xf7, 0x0, 0x0, 0x8f, 0x9c, 0xf9,
    0xaf, 0xb6, 0xfd, 0x0, 0x0, 0xef, 0x4d, 0xf9,
    0xaf, 0xc1, 0xff, 0x30, 0x3, 0xfe, 0xe, 0xf9,
    0xaf, 0xc0, 0xbf, 0x80, 0x9, 0xf9, 0xf, 0xf9,
    0xaf, 0xd0, 0x6f, 0xe0, 0xe, 0xf3, 0xf, 0xf9,
    0xaf, 0xd0, 0xf, 0xf3, 0x3f, 0xd0, 0xf, 0xf9,
    0xaf, 0xd0, 0xa, 0xf8, 0x8f, 0x80, 0xf, 0xf9,
    0xaf, 0xd0, 0x4, 0xfd, 0xdf, 0x20, 0xf, 0xf9,
    0xaf, 0xd0, 0x0, 0xef, 0xfc, 0x0, 0xf, 0xf9,
    0xaf, 0xd0, 0x0, 0x9f, 0xf6, 0x0, 0xf, 0xf9,
    0xaf, 0xd0, 0x0, 0x3f, 0xf1, 0x0, 0xf, 0xf9,
    0xaf, 0xd0, 0x0, 0x4, 0x30, 0x0, 0xf, 0xf9,
    0xaf, 0xd0, 0x0, 0x0, 0x0, 0x0, 0xf, 0xf9,

    /* U+004E "N" */
    0xaf, 0xf7, 0x0, 0x0, 0x0, 0x5f, 0xf4, 0xaf,
    0xff, 0x10, 0x0, 0x0, 0x5f, 0xf4, 0xaf, 0xff,
    0x90, 0x0, 0x0, 0x5f, 0xf4, 0xaf, 0xef, 0xf2,
    0x0, 0x0, 0x5f, 0xf4, 0xaf, 0xad, 0xfa, 0x0,
    0x0, 0x5f, 0xf4, 0xaf, 0xb5, 0xff, 0x30, 0x0,
    0x5f, 0xf4, 0xaf, 0xc0, 0xdf, 0xc0, 0x0, 0x5f,
    0xf4, 0xaf, 0xd0, 0x5f, 0xf5, 0x0, 0x5f, 0xf4,
    0xaf, 0xe0, 0xc, 0xfd, 0x0, 0x5f, 0xf4, 0xaf,
    0xf0, 0x4, 0xff, 0x70, 0x4f, 0xf4, 0xaf, 0xf0,
    0x0, 0xbf, 0xe1, 0x3f, 0xf4, 0xaf, 0xf0, 0x0,
    0x2f, 0xf7, 0x2f, 0xf4, 0xaf, 0xf0, 0x0, 0x9,
    0xfe, 0x2f, 0xf4, 0xaf, 0xf0, 0x0, 0x1, 0xff,
    0x8f, 0xf4, 0xaf, 0xf0, 0x0, 0x0, 0x7f, 0xef,
    0xf4, 0xaf, 0xf0, 0x0, 0x0, 0xe, 0xff, 0xf4,
    0xaf, 0xf0, 0x0, 0x0, 0x6, 0xff, 0xf4, 0xaf,
    0xf0, 0x0, 0x0, 0x0, 0xdf, 0xf4,

    /* U+004F "O" */
    0x0, 0x0, 0x28, 0xdf, 0xfd, 0x93, 0x0, 0x0,
    0x0, 0x8, 0xff, 0xff, 0xff, 0xff, 0x90, 0x0,
    0x0, 0x9f, 0xff, 0xda, 0x9d, 0xff, 0xfa, 0x0,
    0x4, 0xff, 0xf6, 0x0, 0x0, 0x5f, 0xff, 0x60,
    0xc, 0xff, 0x60, 0x0, 0x0, 0x5, 0xff, 0xd0,
    0x2f, 0xfe, 0x0, 0x0, 0x0, 0x0, 0xdf, 0xf4,
    0x6f, 0xf8, 0x0, 0x0, 0x0, 0x0, 0x6f, 0xf7,
    0x8f, 0xf6, 0x0, 0x0, 0x0, 0x0, 0x4f, 0xfa,
    0xaf, 0xf4, 0x0, 0x0, 0x0, 0x0, 0x2f, 0xfb,
    0x9f, 0xf4, 0x0, 0x0, 0x0, 0x0, 0x2f, 0xfb,
    0x8f, 0xf6, 0x0, 0x0, 0x0, 0x0, 0x5f, 0xfa,
    0x6f, 0xf9, 0x0, 0x0, 0x0, 0x0, 0x7f, 0xf7,
    0x2f, 0xfe, 0x0, 0x0, 0x0, 0x0, 0xdf, 0xf3,
    0xa, 0xff, 0x70, 0x0, 0x0, 0x6, 0xff, 0xb0,
    0x1, 0xff, 0xf7, 0x0, 0x0, 0x6f, 0xff, 0x30,
    0x0, 0x7f, 0xff, 0xea, 0xad, 0xff, 0xf9, 0x0,
    0x0, 0x7, 0xff, 0xff, 0xff, 0xff, 0x80, 0x0,
    0x0, 0x0, 0x28, 0xdf, 0xfd, 0x92, 0x0, 0x0,

    /* U+0050 "P" */
    0xaf, 0xff, 0xff, 0xec, 0xa4, 0x0, 0xa, 0xff,
    0xff, 0xff, 0xff, 0xfb, 0x0, 0xaf, 0xf6, 0x55,
    0x69, 0xef, 0xfa, 0xa, 0xff, 0x10, 0x0, 0x1,
    0xdf, 0xf2, 0xaf, 0xf1, 0x0, 0x0, 0x7, 0xff,
    0x5a, 0xff, 0x10, 0x0, 0x0, 0x5f, 0xf6, 0xaf,
    0xf1, 0x0, 0x0, 0x8, 0xff, 0x5a, 0xff, 0x10,
    0x0, 0x2, 0xff, 0xf1, 0xaf, 0xf6, 0x55, 0x7a,
    0xff, 0xf7, 0xa, 0xff, 0xff, 0xff, 0xff, 0xf9,
    0x0, 0xaf, 0xff, 0xff, 0xec, 0x92, 0x0, 0xa,
    0xff, 0x10, 0x0, 0x0, 0x0, 0x0, 0xaf, 0xf1,
    0x0, 0x0, 0x0, 0x0, 0xa, 0xff, 0x10, 0x0,
    0x0, 0x0, 0x0, 0xaf, 0xf1, 0x0, 0x0, 0x0,
    0x0, 0xa, 0xff, 0x10, 0x0, 0x0, 0x0, 0x0,
    0xaf, 0xf1, 0x0, 0x0, 0x0, 0x0, 0xa, 0xff,
    0x10, 0x0, 0x0, 0x0, 0x0,

    /* U+0051 "Q" */
    0x0, 0x0, 0x28, 0xdf, 0xfd, 0x92, 0x0, 0x0,
    0x0, 0x0, 0x7f, 0xff, 0xff, 0xff, 0xf8, 0x0,
    0x0, 0x0, 0x7f, 0xff, 0xea, 0xad, 0xff, 0xf8,
    0x0, 0x0, 0x3f, 0xff, 0x70, 0x0, 0x6, 0xff,
    0xf4, 0x0, 0xb, 0xff, 0x80, 0x0, 0x0, 0x6,
    0xff, 0xc0, 0x1, 0xff, 0xf1, 0x0, 0x0, 0x0,
    0xe, 0xff, 0x20, 0x5f, 0xf9, 0x0, 0x0, 0x0,
    0x0, 0x8f, 0xf6, 0x8, 0xff, 0x70, 0x0, 0x0,
    0x0, 0x5, 0xff, 0x90, 0x9f, 0xf5, 0x0, 0x0,
    0x0, 0x0, 0x3f, 0xfa, 0xa, 0xff, 0x30, 0x0,
    0x0, 0x0, 0x2, 0xff, 0xb0, 0x8f, 0xf5, 0x0,
    0x0, 0x0, 0x0, 0x3f, 0xf9, 0x6, 0xff, 0x70,
    0x0, 0x0, 0x0, 0x5, 0xff, 0x70, 0x4f, 0xfa,
    0x0, 0x0, 0x0, 0x0, 0x8f, 0xf5, 0x0, 0xef,
    0xf1, 0x0, 0x0, 0x0, 0xe, 0xff, 0x10, 0x8,
    0xff, 0x80, 0x0, 0x0, 0x6, 0xff, 0xa0, 0x0,
    0x1f, 0xff, 0x70, 0x0, 0x6, 0xff, 0xf3, 0x0,
    0x0, 0x4f, 0xff, 0xd9, 0x9c, 0xff, 0xf5, 0x0,
    0x0, 0x0, 0x4f, 0xff, 0xff, 0xff, 0xf6, 0x0,
    0x0, 0x0, 0x0, 0x18, 0xdf, 0xff, 0x70, 0x0,
    0x0, 0x0, 0x0, 0x0, 0x0, 0xdf, 0xf4, 0x0,
    0x0, 0x0, 0x0, 0x0, 0x0, 0x4, 0xff, 0xf8,
    0x30, 0x13, 0x0, 0x0, 0x0, 0x0, 0x5, 0xff,
    0xff, 0xff, 0xf0, 0x0, 0x0, 0x0, 0x0, 0x2,
    0xaf, 0xff, 0xff, 0x30, 0x0, 0x0, 0x0, 0x0,
    0x0, 0x13, 0x54, 0x20,

    /* U+0052 "R" */
    0xaf, 0xff, 0xff, 0xfd, 0xb6, 0x0, 0x0, 0xaf,
    0xff, 0xff, 0xff, 0xff, 0xe1, 0x0, 0xaf, 0xf6,
    0x55, 0x68, 0xdf, 0xfd, 0x0, 0xaf, 0xf1, 0x0,
    0x0, 0xc, 0xff, 0x30, 0xaf, 0xf1, 0x0, 0x0,
    0x5, 0xff, 0x60, 0xaf, 0xf1, 0x0, 0x0, 0x5,
    0xff, 0x60, 0xaf, 0xf1, 0x0, 0x0, 0xb, 0xff,
    0x40, 0xaf, 0xf1, 0x0, 0x13, 0xaf, 0xfd, 0x0,
    0xaf, 0xff, 0xff, 0xff, 0xff, 0xe3, 0x0, 0xaf,
    0xff, 0xff, 0xff, 0xfa, 0x20, 0x0, 0xaf, 0xf6,
    0x45, 0xef, 0xf2, 0x0, 0x0, 0xaf, 0xf1, 0x0,
    0x6f, 0xfa, 0x0, 0x0, 0xaf, 0xf1, 0x0, 0xd,
    0xff, 0x20, 0x0, 0xaf, 0xf1, 0x0, 0x5, 0xff,
    0xb0, 0x0, 0xaf, 0xf1, 0x0, 0x0, 0xdf, 0xf3,
    0x0, 0xaf, 0xf1, 0x0, 0x0, 0x5f, 0xfc, 0x0,
    0xaf, 0xf1, 0x0, 0x0, 0xc, 0xff, 0x50, 0xaf,
    0xf1, 0x0, 0x0, 0x4, 0xff, 0xd0,

    /* U+0053 "S" */
    0x0, 0x3, 0xac, 0xfe, 0xb6, 0x0, 0x0, 0x8,
    0xff, 0xff, 0xff, 0xfc, 0x10, 0x6, 0xff, 0xfb,
    0x8a, 0xdf, 0xfc, 0x0, 0xdf, 0xf3, 0x0, 0x0,
    0x5d, 0x10, 0xf, 0xfc, 0x0, 0x0, 0x0, 0x0,
    0x0, 0xff, 0xe0, 0x0, 0x0, 0x0, 0x0, 0xb,
    0xff, 0xc3, 0x0, 0x0, 0x0, 0x0, 0x2e, 0xff,
    0xfb, 0x40, 0x0, 0x0, 0x0, 0x2c, 0xff, 0xff,
    0xd6, 0x0, 0x0, 0x0, 0x4, 0xaf, 0xff, 0xfd,
    0x10, 0x0, 0x0, 0x0, 0x18, 0xff, 0xfd, 0x0,
    0x0, 0x0, 0x0, 0x1, 0xdf, 0xf5, 0x0, 0x0,
    0x0, 0x0, 0x6, 0xff, 0x70, 0x41, 0x0, 0x0,
    0x0, 0x5f, 0xf7, 0x3f, 0xe5, 0x0, 0x0, 0x1d,
    0xff, 0x39, 0xff, 0xfe, 0xa8, 0xaf, 0xff, 0xb0,
    0x7, 0xff, 0xff, 0xff, 0xff, 0xc1, 0x0, 0x1,
    0x7c, 0xef, 0xda, 0x40, 0x0,

    /* U+0054 "T" */
    0x3f, 0xff, 0xff, 0xff, 0xff, 0xff, 0xfe, 0x3f,
    0xff, 0xff, 0xff, 0xff, 0xff, 0xfe, 0x16, 0x66,
    0x67, 0xff, 0xd6, 0x66, 0x66, 0x0, 0x0, 0x1,
    0xff, 0xb0, 0x0, 0x0, 0x0, 0x0, 0x1, 0xff,
    0xb0, 0x0, 0x0, 0x0, 0x0, 0x1, 0xff, 0xb0,
    0x0, 0x0, 0x0, 0x0, 0x1, 0xff, 0xb0, 0x0,
    0x0, 0x0, 0x0, 0x1, 0xff, 0xb0, 0x0, 0x0,
    0x0, 0x0, 0x1, 0xff, 0xb0, 0x0, 0x0, 0x0,
    0x0, 0x1, 0xff, 0xb0, 0x0, 0x0, 0x0, 0x0,
    0x1, 0xff, 0xb0, 0x0, 0x0, 0x0, 0x0, 0x1,
    0xff, 0xb0, 0x0, 0x0, 0x0, 0x0, 0x1, 0xff,
    0xb0, 0x0, 0x0, 0x0, 0x0, 0x1, 0xff, 0xb0,
    0x0, 0x0, 0x0, 0x0, 0x1, 0xff, 0xb0, 0x0,
    0x0, 0x0, 0x0, 0x1, 0xff, 0xb0, 0x0, 0x0,
    0x0, 0x0, 0x1, 0xff, 0xb0, 0x0, 0x0, 0x0,
    0x0, 0x1, 0xff, 0xb0, 0x0, 0x0,

    /* U+0055 "U" */
    0xcf, 0xf0, 0x0, 0x0, 0x0, 0x5f, 0xf5, 0xcf,
    0xf0, 0x0, 0x0, 0x0, 0x5f, 0xf5, 0xcf, 0xf0,
    0x0, 0x0, 0x0, 0x5f, 0xf5, 0xcf, 0xf0, 0x0,
    0x0, 0x0, 0x5f, 0xf5, 0xcf, 0xf0, 0x0, 0x0,
    0x0, 0x5f, 0xf5, 0xcf, 0xf0, 0x0, 0x0, 0x0,
    0x5f, 0xf5, 0xcf, 0xf0, 0x0, 0x0, 0x0, 0x5f,
    0xf5, 0xcf, 0xf0, 0x0, 0x0, 0x0, 0x5f, 0xf5,
    0xcf, 0xf0, 0x0, 0x0, 0x0, 0x5f, 0xf5, 0xcf,
    0xf0, 0x0, 0x0, 0x0, 0x5f, 0xf5, 0xbf, 0xf0,
    0x0, 0x0, 0x0, 0x5f, 0xf5, 0xaf, 0xf2, 0x0,
    0x0, 0x0, 0x7f, 0xf4, 0x8f, 0xf4, 0x0, 0x0,
    0x0, 0x9f, 0xf2, 0x5f, 0xfa, 0x0, 0x0, 0x1,
    0xff, 0xe0, 0xf, 0xff, 0x50, 0x0, 0xa, 0xff,
    0x90, 0x7, 0xff, 0xfc, 0x9a, 0xef, 0xfe, 0x10,
    0x0, 0x9f, 0xff, 0xff, 0xff, 0xe4, 0x0, 0x0,
    0x4, 0xac, 0xfe, 0xb8, 0x10, 0x0,

    /* U+0056 "V" */
    0xe, 0xff, 0x0, 0x0, 0x0, 0x0, 0xaf, 0xf2,
    0x9, 0xff, 0x50, 0x0, 0x0, 0x0, 0xef, 0xd0,
    0x4, 0xff, 0x90, 0x0, 0x0, 0x3, 0xff, 0x80,
    0x0, 0xff, 0xe0, 0x0, 0x0, 0x8, 0xff, 0x30,
    0x0, 0xaf, 0xf2, 0x0, 0x0, 0xc, 0xfe, 0x0,
    0x0, 0x5f, 0xf7, 0x0, 0x0, 0x1f, 0xfa, 0x0,
    0x0, 0x1f, 0xfb, 0x0, 0x0, 0x5f, 0xf5, 0x0,
    0x0, 0xb, 0xff, 0x0, 0x0, 0x9f, 0xf0, 0x0,
    0x0, 0x6, 0xff, 0x40, 0x0, 0xef, 0xb0, 0x0,
    0x0, 0x1, 0xff, 0x80, 0x2, 0xff, 0x60, 0x0,
    0x0, 0x0, 0xdf, 0xd0, 0x7, 0xff, 0x10, 0x0,
    0x0, 0x0, 0x8f, 0xf1, 0xb, 0xfc, 0x0, 0x0,
    0x0, 0x0, 0x3f, 0xf6, 0xf, 0xf7, 0x0, 0x0,
    0x0, 0x0, 0xe, 0xfa, 0x4f, 0xf2, 0x0, 0x0,
    0x0, 0x0, 0x9, 0xfe, 0x8f, 0xd0, 0x0, 0x0,
    0x0, 0x0, 0x4, 0xff, 0xff, 0x80, 0x0, 0x0,
    0x0, 0x0, 0x0, 0xff, 0xff, 0x30, 0x0, 0x0,
    0x0, 0x0, 0x0, 0xaf, 0xfe, 0x0, 0x0, 0x0,

    /* U+0057 "W" */
    0x5f, 0xf7, 0x0, 0x0, 0x8, 0xff, 0x20, 0x0,
    0x0, 0xdf, 0xc2, 0xff, 0xa0, 0x0, 0x0, 0xcf,
    0xf6, 0x0, 0x0, 0xf, 0xf9, 0xf, 0xfd, 0x0,
    0x0, 0xf, 0xff, 0xa0, 0x0, 0x3, 0xff, 0x60,
    0xcf, 0xf0, 0x0, 0x4, 0xff, 0xfe, 0x0, 0x0,
    0x6f, 0xf3, 0x8, 0xff, 0x30, 0x0, 0x8f, 0xaf,
    0xf2, 0x0, 0x9, 0xff, 0x0, 0x5f, 0xf6, 0x0,
    0xc, 0xf5, 0xef, 0x60, 0x0, 0xcf, 0xc0, 0x2,
    0xff, 0x80, 0x0, 0xff, 0x2b, 0xfa, 0x0, 0xf,
    0xf9, 0x0, 0xf, 0xfb, 0x0, 0x3f, 0xf0, 0x8f,
    0xe0, 0x2, 0xff, 0x60, 0x0, 0xcf, 0xe0, 0x7,
    0xfb, 0x4, 0xff, 0x10, 0x5f, 0xf3, 0x0, 0x9,
    0xff, 0x10, 0xbf, 0x70, 0x1f, 0xf5, 0x7, 0xff,
    0x0, 0x0, 0x5f, 0xf4, 0xe, 0xf4, 0x0, 0xdf,
    0x90, 0xaf, 0xd0, 0x0, 0x2, 0xff, 0x62, 0xff,
    0x0, 0x9, 0xfc, 0xc, 0xfa, 0x0, 0x0, 0xf,
    0xf9, 0x5f, 0xc0, 0x0, 0x5f, 0xf0, 0xff, 0x70,
    0x0, 0x0, 0xcf, 0xc8, 0xf8, 0x0, 0x1, 0xff,
    0x4f, 0xf4, 0x0, 0x0, 0x9, 0xfe, 0xbf, 0x50,
    0x0, 0xd, 0xfa, 0xff, 0x10, 0x0, 0x0, 0x5f,
    0xff, 0xf1, 0x0, 0x0, 0xaf, 0xff, 0xe0, 0x0,
    0x0, 0x2, 0xff, 0xfd, 0x0, 0x0, 0x6, 0xff,
    0xfb, 0x0, 0x0, 0x0, 0xf, 0xff, 0xa0, 0x0,
    0x0, 0x2f, 0xff, 0x80, 0x0,

    /* U+0058 "X" */
    0x1f, 0xff, 0x10, 0x0, 0x0, 0x8f, 0xf5, 0x7,
    0xff, 0x80, 0x0, 0x1, 0xff, 0xc0, 0x0, 0xef,
    0xf1, 0x0, 0x8, 0xff, 0x40, 0x0, 0x6f, 0xf8,
    0x0, 0x1f, 0xfb, 0x0, 0x0, 0xd, 0xff, 0x10,
    0x8f, 0xf3, 0x0, 0x0, 0x4, 0xff, 0x90, 0xff,
    0xa0, 0x0, 0x0, 0x0, 0xcf, 0xf8, 0xff, 0x20,
    0x0, 0x0, 0x0, 0x3f, 0xff, 0xf9, 0x0, 0x0,
    0x0, 0x0, 0xb, 0xff, 0xf1, 0x0, 0x0, 0x0,
    0x0, 0xe, 0xff, 0xf3, 0x0, 0x0, 0x0, 0x0,
    0x8f, 0xfe, 0xfc, 0x0, 0x0, 0x0, 0x1, 0xff,
    0x87, 0xff, 0x50, 0x0, 0x0, 0x9, 0xff, 0x10,
    0xef, 0xd0, 0x0, 0x0, 0x2f, 0xf9, 0x0, 0x7f,
    0xf7, 0x0, 0x0, 0xbf, 0xf2, 0x0, 0xe, 0xfe,
    0x10, 0x3, 0xff, 0x90, 0x0, 0x7, 0xff, 0x80,
    0xc, 0xff, 0x10, 0x0, 0x0, 0xef, 0xf2, 0x5f,
    0xf9, 0x0, 0x0, 0x0, 0x6f, 0xfa,

    /* U+0059 "Y" */
    0xd, 0xff, 0x20, 0x0, 0x0, 0xc, 0xff, 0x10,
    0x5f, 0xf8, 0x0, 0x0, 0x3, 0xff, 0xa0, 0x0,
    0xef, 0xe0, 0x0, 0x0, 0xaf, 0xf2, 0x0, 0x6,
    0xff, 0x60, 0x0, 0x1f, 0xfa, 0x0, 0x0, 0xe,
    0xfd, 0x0, 0x8, 0xff, 0x30, 0x0, 0x0, 0x7f,
    0xf3, 0x0, 0xef, 0xb0, 0x0, 0x0, 0x0, 0xff,
    0xa0, 0x5f, 0xf3, 0x0, 0x0, 0x0, 0x8, 0xff,
    0x1c, 0xfc, 0x0, 0x0, 0x0, 0x0, 0x1f, 0xfa,
    0xff, 0x40, 0x0, 0x0, 0x0, 0x0, 0x9f, 0xff,
    0xd0, 0x0, 0x0, 0x0, 0x0, 0x1, 0xff, 0xf5,
    0x0, 0x0, 0x0, 0x0, 0x0, 0xc, 0xff, 0x0,
    0x0, 0x0, 0x0, 0x0, 0x0, 0xcf, 0xf0, 0x0,
    0x0, 0x0, 0x0, 0x0, 0xc, 0xff, 0x0, 0x0,
    0x0, 0x0, 0x0, 0x0, 0xcf, 0xf0, 0x0, 0x0,
    0x0, 0x0, 0x0, 0xc, 0xff, 0x0, 0x0, 0x0,
    0x0, 0x0, 0x0, 0xcf, 0xf0, 0x0, 0x0, 0x0,
    0x0, 0x0, 0xc, 0xff, 0x0, 0x0, 0x0,

    /* U+005A "Z" */
    0xf, 0xff, 0xff, 0xff, 0xff, 0xff, 0x60, 0xff,
    0xff, 0xff, 0xff, 0xff, 0xf6, 0x6, 0x66, 0x66,
    0x66, 0x8f, 0xfe, 0x0, 0x0, 0x0, 0x0, 0xb,
    0xff, 0x40, 0x0, 0x0, 0x0, 0x5, 0xff, 0xa0,
    0x0, 0x0, 0x0, 0x1, 0xef, 0xe1, 0x0, 0x0,
    0x0, 0x0, 0xaf, 0xf5, 0x0, 0x0, 0x0, 0x0,
    0x4f, 0xfb, 0x0, 0x0, 0x0, 0x0, 0xe, 0xff,
    0x20, 0x0, 0x0, 0x0, 0x8, 0xff, 0x70, 0x0,
    0x0, 0x0, 0x3, 0xff, 0xc0, 0x0, 0x0, 0x0,
    0x0, 0xdf, 0xf2, 0x0, 0x0, 0x0, 0x0, 0x7f,
    0xf8, 0x0, 0x0, 0x0, 0x0, 0x2f, 0xfd, 0x0,
    0x0, 0x0, 0x0, 0xb, 0xff, 0x40, 0x0, 0x0,
    0x0, 0x6, 0xff, 0xd7, 0x77, 0x77, 0x77, 0x73,
    0xdf, 0xff, 0xff, 0xff, 0xff, 0xff, 0x8d, 0xff,
    0xff, 0xff, 0xff, 0xff, 0xf8,

    /* U+005B "[" */
    0x7f, 0xff, 0xf9, 0x7f, 0xd9, 0x95, 0x7f, 0x80,
    0x0, 0x7f, 0x80, 0x0, 0x7f, 0x80, 0x0, 0x7f,
    0x80, 0x0, 0x7f, 0x80, 0x0, 0x7f, 0x80, 0x0,
    0x7f, 0x80, 0x0, 0x7f, 0x80, 0x0, 0x7f, 0x80,
    0x0, 0x7f, 0x80, 0x0, 0x7f, 0x80, 0x0, 0x7f,
    0x80, 0x0, 0x7f, 0x80, 0x0, 0x7f, 0x80, 0x0,
    0x7f, 0x80, 0x0, 0x7f, 0x80, 0x0, 0x7f, 0x80,
    0x0, 0x7f, 0x80, 0x0, 0x7f, 0x80, 0x0, 0x7f,
    0x80, 0x0, 0x7f, 0xd9, 0x95, 0x7f, 0xff, 0xf9,

    /* U+005C "\\" */
    0x5f, 0x80, 0x0, 0x0, 0x0, 0x1f, 0xc0, 0x0,
    0x0, 0x0, 0xd, 0xf1, 0x0, 0x0, 0x0, 0x8,
    0xf5, 0x0, 0x0, 0x0, 0x4, 0xf9, 0x0, 0x0,
    0x0, 0x0, 0xfe, 0x0, 0x0, 0x0, 0x0, 0xbf,
    0x20, 0x0, 0x0, 0x0, 0x7f, 0x60, 0x0, 0x0,
    0x0, 0x3f, 0xb0, 0x0, 0x0, 0x0, 0xe, 0xf0,
    0x0, 0x0, 0x0, 0xa, 0xf3, 0x0, 0x0, 0x0,
    0x6, 0xf8, 0x0, 0x0, 0x0, 0x1, 0xfc, 0x0,
    0x0, 0x0, 0x0, 0xdf, 0x10, 0x0, 0x0, 0x0,
    0x8f, 0x50, 0x0, 0x0, 0x0, 0x4f, 0x90, 0x0,
    0x0, 0x0, 0xf, 0xe0, 0x0, 0x0, 0x0, 0xb,
    0xf2, 0x0, 0x0, 0x0, 0x7, 0xf6, 0x0, 0x0,
    0x0, 0x3, 0xfb, 0x0, 0x0, 0x0, 0x0, 0xef,
    0x0, 0x0, 0x0, 0x0, 0xaf, 0x30, 0x0, 0x0,
    0x0, 0x6f, 0x80, 0x0, 0x0, 0x0, 0x1f, 0xc0,
    0x0, 0x0, 0x0, 0x7, 0x70,

    /* U+005D "]" */
    0xf, 0xff, 0xff, 0x0, 0x99, 0x9f, 0xf0, 0x0,
    0x0, 0xff, 0x0, 0x0, 0xf, 0xf0, 0x0, 0x0,
    0xff, 0x0, 0x0, 0xf, 0xf0, 0x0, 0x0, 0xff,
    0x0, 0x0, 0xf, 0xf0, 0x0, 0x0, 0xff, 0x0,
    0x0, 0xf, 0xf0, 0x0, 0x0, 0xff, 0x0, 0x0,
    0xf, 0xf0, 0x0, 0x0, 0xff, 0x0, 0x0, 0xf,
    0xf0, 0x0, 0x0, 0xff, 0x0, 0x0, 0xf, 0xf0,
    0x0, 0x0, 0xff, 0x0, 0x0, 0xf, 0xf0, 0x0,
    0x0, 0xff, 0x0, 0x0, 0xf, 0xf0, 0x0, 0x0,
    0xff, 0x0, 0x0, 0xf, 0xf0, 0x9, 0x99, 0xff,
    0x0, 0xff, 0xff, 0xf0,

    /* U+005E "^" */
    0x0, 0x0, 0x8f, 0xf3, 0x0, 0x0, 0x0, 0x0,
    0xef, 0xf9, 0x0, 0x0, 0x0, 0x4, 0xfe, 0xfe,
    0x0, 0x0, 0x0, 0xa, 0xf8, 0xdf, 0x50, 0x0,
    0x0, 0x1f, 0xf2, 0x7f, 0xb0, 0x0, 0x0, 0x6f,
    0xd0, 0x2f, 0xf1, 0x0, 0x0, 0xcf, 0x70, 0xc,
    0xf7, 0x0, 0x2, 0xff, 0x20, 0x7, 0xfd, 0x0,
    0x8, 0xfc, 0x0, 0x1, 0xff, 0x30, 0xe, 0xf6,
    0x0, 0x0, 0xbf, 0x90, 0x4f, 0xf1, 0x0, 0x0,
    0x6f, 0xe0,

    /* U+005F "_" */
    0x8c, 0xcc, 0xcc, 0xcc, 0xcc, 0xcc, 0xc2, 0xaf,
    0xff, 0xff, 0xff, 0xff, 0xff, 0xf2,

    /* U+0060 "`" */
    0x0, 0x0, 0x0, 0xa, 0x90, 0x0, 0x9f, 0xf6,
    0x0, 0x2e, 0xff, 0x40, 0x2, 0xef, 0xe2, 0x0,
    0x1d, 0xfb, 0x0, 0x1, 0xc2, 0x0, 0x0, 0x0,

    /* U+0061 "a" */
    0x0, 0x18, 0xce, 0xec, 0x60, 0x0, 0x8f, 0xff,
    0xff, 0xff, 0xa0, 0xc, 0xfd, 0x96, 0x7e, 0xff,
    0x40, 0x35, 0x0, 0x0, 0x3f, 0xfa, 0x0, 0x0,
    0x0, 0x0, 0xdf, 0xd0, 0x0, 0x2, 0x69, 0xbf,
    0xfe, 0x0, 0x5c, 0xff, 0xff, 0xff, 0xf0, 0x9f,
    0xfe, 0x84, 0x1c, 0xff, 0x4f, 0xfa, 0x0, 0x0,
    0xcf, 0xf8, 0xff, 0x10, 0x0, 0xc, 0xff, 0x9f,
    0xf1, 0x0, 0x5, 0xff, 0xf6, 0xff, 0xd7, 0x6a,
    0xff, 0xff, 0xd, 0xff, 0xff, 0xfc, 0x9f, 0xf0,
    0x19, 0xef, 0xc6, 0x5, 0xff,

    /* U+0062 "b" */
    0xef, 0xd0, 0x0, 0x0, 0x0, 0x0, 0xef, 0xd0,
    0x0, 0x0, 0x0, 0x0, 0xef, 0xd0, 0x0, 0x0,
    0x0, 0x0, 0xef, 0xd0, 0x0, 0x0, 0x0, 0x0,
    0xef, 0xd0, 0x0, 0x0, 0x0, 0x0, 0xef, 0xd0,
    0x0, 0x0, 0x0, 0x0, 0xef, 0xc0, 0x6b, 0xed,
    0x91, 0x0, 0xef, 0xdb, 0xff, 0xff, 0xfe, 0x30,
    0xef, 0xff, 0xc8, 0x7d, 0xff, 0xd0, 0xef, 0xf7,
    0x0, 0x0, 0xcf, 0xf5, 0xef, 0xd0, 0x0, 0x0,
    0x4f, 0xfa, 0xef, 0xd0, 0x0, 0x0, 0x1f, 0xfc,
    0xef, 0xd0, 0x0, 0x0, 0xf, 0xfe, 0xef, 0xd0,
    0x0, 0x0, 0xf, 0xfc, 0xef, 0xd0, 0x0, 0x0,
    0x2f, 0xfa, 0xef, 0xd0, 0x0, 0x0, 0x7f, 0xf7,
    0xef, 0xe3, 0x0, 0x2, 0xef, 0xf1, 0xef, 0xff,
    0xa7, 0x9f, 0xff, 0x80, 0xef, 0xbe, 0xff, 0xff,
    0xfa, 0x0, 0xef, 0x51, 0x9d, 0xeb, 0x60, 0x0,

    /* U+0063 "c" */
    0x0, 0x1, 0x9c, 0xfd, 0x92, 0x0, 0x6, 0xff,
    0xff, 0xff, 0xf4, 0x5, 0xff, 0xfa, 0x78, 0xec,
    0x1, 0xef, 0xf5, 0x0, 0x0, 0x10, 0x7f, 0xf9,
    0x0, 0x0, 0x0, 0xb, 0xff, 0x30, 0x0, 0x0,
    0x0, 0xcf, 0xf1, 0x0, 0x0, 0x0, 0xc, 0xff,
    0x10, 0x0, 0x0, 0x0, 0x9f, 0xf3, 0x0, 0x0,
    0x0, 0x7, 0xff, 0x90, 0x0, 0x0, 0x0, 0x1f,
    0xff, 0x40, 0x0, 0x5, 0x0, 0x6f, 0xff, 0xa7,
    0x8d, 0xf4, 0x0, 0x8f, 0xff, 0xff, 0xff, 0x60,
    0x0, 0x3a, 0xdf, 0xc9, 0x10,

    /* U+0064 "d" */
    0x0, 0x0, 0x0, 0x0, 0xb, 0xff, 0x0, 0x0,
    0x0, 0x0, 0x0, 0xbf, 0xf0, 0x0, 0x0, 0x0,
    0x0, 0xb, 0xff, 0x0, 0x0, 0x0, 0x0, 0x0,
    0xbf, 0xf0, 0x0, 0x0, 0x0, 0x0, 0xb, 0xff,
    0x0, 0x0, 0x0, 0x0, 0x0, 0xbf, 0xf0, 0x0,
    0x5, 0xbe, 0xda, 0x2a, 0xff, 0x0, 0x9, 0xff,
    0xff, 0xff, 0xdf, 0xf0, 0x6, 0xff, 0xf9, 0x69,
    0xff, 0xff, 0x1, 0xef, 0xf3, 0x0, 0x1, 0xdf,
    0xf0, 0x6f, 0xf9, 0x0, 0x0, 0xb, 0xff, 0x8,
    0xff, 0x40, 0x0, 0x0, 0xbf, 0xf0, 0xbf, 0xf1,
    0x0, 0x0, 0xb, 0xff, 0xb, 0xff, 0x10, 0x0,
    0x0, 0xbf, 0xf0, 0x9f, 0xf3, 0x0, 0x0, 0xb,
    0xff, 0x7, 0xff, 0x80, 0x0, 0x0, 0xbf, 0xf0,
    0x2f, 0xfe, 0x20, 0x0, 0x5f, 0xff, 0x0, 0xaf,
    0xfe, 0x97, 0xbf, 0xff, 0xf0, 0x1, 0xcf, 0xff,
    0xff, 0xd9, 0xff, 0x0, 0x0, 0x8c, 0xfe, 0x80,
    0x4f, 0xf0,

    /* U+0065 "e" */
    0x0, 0x3, 0xad, 0xeb, 0x70, 0x0, 0x0, 0x7f,
    0xff, 0xff, 0xfb, 0x10, 0x5, 0xff, 0xd6, 0x59,
    0xff, 0x80, 0x1e, 0xfc, 0x0, 0x0, 0x7f, 0xf1,
    0x7f, 0xf3, 0x0, 0x0, 0xf, 0xf4, 0xbf, 0xf0,
    0x0, 0x0, 0xe, 0xf7, 0xcf, 0xff, 0xff, 0xff,
    0xff, 0xf8, 0xcf, 0xff, 0xff, 0xff, 0xff, 0xf7,
    0x9f, 0xf0, 0x0, 0x0, 0x0, 0x0, 0x6f, 0xf4,
    0x0, 0x0, 0x0, 0x0, 0x1e, 0xfe, 0x10, 0x0,
    0x0, 0x0, 0x6, 0xff, 0xe8, 0x55, 0x7e, 0x70,
    0x0, 0x7f, 0xff, 0xff, 0xff, 0xc0, 0x0, 0x2,
    0x9c, 0xfd, 0xa5, 0x0,

    /* U+0066 "f" */
    0x0, 0x0, 0x6c, 0xfe, 0xb0, 0x0, 0x9, 0xff,
    0xff, 0xc0, 0x0, 0x2f, 0xfe, 0x65, 0x40, 0x0,
    0x5f, 0xf7, 0x0, 0x0, 0x0, 0x7f, 0xf4, 0x0,
    0x0, 0x0, 0x7f, 0xf4, 0x0, 0x0, 0x3e, 0xff,
    0xff, 0xff, 0x0, 0x3f, 0xff, 0xff, 0xff, 0x0,
    0x14, 0x9f, 0xf8, 0x44, 0x0, 0x0, 0x7f, 0xf4,
    0x0, 0x0, 0x0, 0x7f, 0xf4, 0x0, 0x0, 0x0,
    0x7f, 0xf4, 0x0, 0x0, 0x0, 0x7f, 0xf4, 0x0,
    0x0, 0x0, 0x7f, 0xf4, 0x0, 0x0, 0x0, 0x7f,
    0xf4, 0x0, 0x0, 0x0, 0x7f, 0xf4, 0x0, 0x0,
    0x0, 0x7f, 0xf4, 0x0, 0x0, 0x0, 0x7f, 0xf4,
    0x0, 0x0, 0x0, 0x7f, 0xf4, 0x0, 0x0, 0x0,
    0x7f, 0xf4, 0x0, 0x0,

    /* U+0067 "g" */
    0x0, 0x7, 0xcf, 0xff, 0xff, 0xff, 0x40, 0x1d,
    0xff, 0xff, 0xff, 0xff, 0xf4, 0xb, 0xff, 0x60,
    0x3c, 0xff, 0x32, 0x2, 0xff, 0x80, 0x0, 0x2f,
    0xf6, 0x0, 0x5f, 0xf4, 0x0, 0x0, 0xef, 0x90,
    0x5, 0xff, 0x40, 0x0, 0xe, 0xf8, 0x0, 0x2f,
    0xf8, 0x0, 0x2, 0xff, 0x50, 0x0, 0xaf, 0xf6,
    0x3, 0xdf, 0xd0, 0x0, 0x0, 0xdf, 0xff, 0xff,
    0xe3, 0x0, 0x0, 0x6f, 0xc9, 0xcb, 0x81, 0x0,
    0x0, 0xe, 0xf3, 0x0, 0x0, 0x0, 0x0, 0x0,
    0xff, 0xb5, 0x44, 0x43, 0x10, 0x0, 0x9, 0xff,
    0xff, 0xff, 0xff, 0xd4, 0x0, 0x4f, 0xee, 0xff,
    0xff, 0xff, 0xf2, 0x3f, 0xe1, 0x0, 0x0, 0x2a,
    0xff, 0x6b, 0xf9, 0x0, 0x0, 0x0, 0x3f, 0xf6,
    0xcf, 0xa0, 0x0, 0x0, 0x8, 0xff, 0x29, 0xff,
    0x81, 0x0, 0x18, 0xff, 0x90, 0x1d, 0xff, 0xff,
    0xff, 0xff, 0x90, 0x0, 0x6, 0xce, 0xfe, 0xb9,
    0x20, 0x0,

    /* U+0068 "h" */
    0xef, 0xd0, 0x0, 0x0, 0x0, 0x0, 0xef, 0xd0,
    0x0, 0x0, 0x0, 0x0, 0xef, 0xd0, 0x0, 0x0,
    0x0, 0x0, 0xef, 0xd0, 0x0, 0x0, 0x0, 0x0,
    0xef, 0xd0, 0x0, 0x0, 0x0, 0x0, 0xef, 0xd0,
    0x0, 0x0, 0x0, 0x0, 0xef, 0xc0, 0x3b, 0xee,
    0xb2, 0x0, 0xef, 0xc7, 0xff, 0xff, 0xfe, 0x20,
    0xef, 0xff, 0xea, 0x9e, 0xff, 0x80, 0xef, 0xfb,
    0x0, 0x2, 0xff, 0xd0, 0xef, 0xe0, 0x0, 0x0,
    0xdf, 0xf0, 0xef, 0xd0, 0x0, 0x0, 0xbf, 0xf0,
    0xef, 0xd0, 0x0, 0x0, 0xbf, 0xf0, 0xef, 0xd0,
    0x0, 0x0, 0xbf, 0xf0, 0xef, 0xd0, 0x0, 0x0,
    0xbf, 0xf0, 0xef, 0xd0, 0x0, 0x0, 0xbf, 0xf0,
    0xef, 0xd0, 0x0, 0x0, 0xbf, 0xf0, 0xef, 0xd0,
    0x0, 0x0, 0xbf, 0xf0, 0xef, 0xd0, 0x0, 0x0,
    0xbf, 0xf0, 0xef, 0xd0, 0x0, 0x0, 0xbf, 0xf0,

    /* U+0069 "i" */
    0x9, 0xe8, 0x2, 0xff, 0xf1, 0xe, 0xfd, 0x0,
    0x15, 0x10, 0x0, 0x0, 0x0, 0x0, 0x0, 0xe,
    0xfd, 0x0, 0xef, 0xd0, 0xe, 0xfd, 0x0, 0xef,
    0xd0, 0xe, 0xfd, 0x0, 0xef, 0xd0, 0xe, 0xfd,
    0x0, 0xef, 0xd0, 0xe, 0xfd, 0x0, 0xef, 0xd0,
    0xe, 0xfd, 0x0, 0xef, 0xd0, 0xe, 0xfd, 0x0,
    0xef, 0xd0,

    /* U+006A "j" */
    0x0, 0x0, 0x9e, 0x80, 0x0, 0x2, 0xff, 0xf1,
    0x0, 0x0, 0xef, 0xd0, 0x0, 0x0, 0x15, 0x10,
    0x0, 0x0, 0x0, 0x0, 0x0, 0x0, 0x0, 0x0,
    0x0, 0x0, 0xef, 0xd0, 0x0, 0x0, 0xef, 0xd0,
    0x0, 0x0, 0xef, 0xd0, 0x0, 0x0, 0xef, 0xd0,
    0x0, 0x0, 0xef, 0xd0, 0x0, 0x0, 0xef, 0xd0,
    0x0, 0x0, 0xef, 0xd0, 0x0, 0x0, 0xef, 0xd0,
    0x0, 0x0, 0xef, 0xd0, 0x0, 0x0, 0xef, 0xd0,
    0x0, 0x0, 0xef, 0xd0, 0x0, 0x0, 0xef, 0xd0,
    0x0, 0x0, 0xef, 0xd0, 0x0, 0x0, 0xef, 0xd0,
    0x0, 0x0, 0xef, 0xd0, 0x0, 0x0, 0xef, 0xd0,
    0x0, 0x1, 0xff, 0xb0, 0x4, 0x5a, 0xff, 0x70,
    0xe, 0xff, 0xfe, 0x10, 0xd, 0xfe, 0xa1, 0x0,

    /* U+006B "k" */
    0xef, 0xc0, 0x0, 0x0, 0x0, 0x0, 0xef, 0xc0,
    0x0, 0x0, 0x0, 0x0, 0xef, 0xc0, 0x0, 0x0,
    0x0, 0x0, 0xef, 0xc0, 0x0, 0x0, 0x0, 0x0,
    0xef, 0xc0, 0x0, 0x0, 0x0, 0x0, 0xef, 0xc0,
    0x0, 0x0, 0x0, 0x0, 0xef, 0xc0, 0x0, 0x5,
    0xff, 0xa0, 0xef, 0xc0, 0x0, 0x2f, 0xfd, 0x0,
    0xef, 0xc0, 0x0, 0xdf, 0xf2, 0x0, 0xef, 0xc0,
    0xa, 0xff, 0x50, 0x0, 0xef, 0xc0, 0x6f, 0xf8,
    0x0, 0x0, 0xef, 0xc2, 0xff, 0xd0, 0x0, 0x0,
    0xef, 0xdd, 0xff, 0xf1, 0x0, 0x0, 0xef, 0xff,
    0xff, 0xfa, 0x0, 0x0, 0xef, 0xff, 0x58, 0xff,
    0x40, 0x0, 0xef, 0xf8, 0x0, 0xef, 0xd0, 0x0,
    0xef, 0xd0, 0x0, 0x6f, 0xf7, 0x0, 0xef, 0xc0,
    0x0, 0xd, 0xff, 0x10, 0xef, 0xc0, 0x0, 0x4,
    0xff, 0xa0, 0xef, 0xc0, 0x0, 0x0, 0xbf, 0xf4,

    /* U+006C "l" */
    0xef, 0xd0, 0xe, 0xfd, 0x0, 0xef, 0xd0, 0xe,
    0xfd, 0x0, 0xef, 0xd0, 0xe, 0xfd, 0x0, 0xef,
    0xd0, 0xe, 0xfd, 0x0, 0xef, 0xd0, 0xe, 0xfd,
    0x0, 0xef, 0xd0, 0xe, 0xfd, 0x0, 0xef, 0xd0,
    0xe, 0xfd, 0x0, 0xef, 0xd0, 0xe, 0xfd, 0x0,
    0xef, 0xd0, 0xc, 0xff, 0x70, 0x8f, 0xff, 0x10,
    0xae, 0xe3,

    /* U+006D "m" */
    0xef, 0x60, 0x4c, 0xfe, 0x91, 0x0, 0x5c, 0xfd,
    0x80, 0xe, 0xf8, 0x8f, 0xff, 0xff, 0xc0, 0x7f,
    0xff, 0xff, 0xb0, 0xef, 0xff, 0xe9, 0xaf, 0xff,
    0xcf, 0xe9, 0xaf, 0xff, 0x3e, 0xff, 0xb0, 0x0,
    0x7f, 0xff, 0xa0, 0x0, 0x8f, 0xf8, 0xef, 0xe0,
    0x0, 0x1, 0xff, 0xd0, 0x0, 0x3, 0xff, 0x9e,
    0xfd, 0x0, 0x0, 0xf, 0xfc, 0x0, 0x0, 0x1f,
    0xfb, 0xef, 0xd0, 0x0, 0x0, 0xff, 0xc0, 0x0,
    0x1, 0xff, 0xbe, 0xfd, 0x0, 0x0, 0xf, 0xfc,
    0x0, 0x0, 0x1f, 0xfb, 0xef, 0xd0, 0x0, 0x0,
    0xff, 0xc0, 0x0, 0x1, 0xff, 0xbe, 0xfd, 0x0,
    0x0, 0xf, 0xfc, 0x0, 0x0, 0x1f, 0xfb, 0xef,
    0xd0, 0x0, 0x0, 0xff, 0xc0, 0x0, 0x1, 0xff,
    0xbe, 0xfd, 0x0, 0x0, 0xf, 0xfc, 0x0, 0x0,
    0x1f, 0xfb, 0xef, 0xd0, 0x0, 0x0, 0xff, 0xc0,
    0x0, 0x1, 0xff, 0xbe, 0xfd, 0x0, 0x0, 0xf,
    0xfc, 0x0, 0x0, 0x1f, 0xfb,

    /* U+006E "n" */
    0xef, 0x60, 0x4b, 0xee, 0xb2, 0x0, 0xef, 0x87,
    0xff, 0xff, 0xfe, 0x20, 0xef, 0xff, 0xea, 0x9e,
    0xff, 0x80, 0xef, 0xfb, 0x0, 0x2, 0xff, 0xd0,
    0xef, 0xe0, 0x0, 0x0, 0xdf, 0xf0, 0xef, 0xd0,
    0x0, 0x0, 0xbf, 0xf0, 0xef, 0xd0, 0x0, 0x0,
    0xbf, 0xf0, 0xef, 0xd0, 0x0, 0x0, 0xbf, 0xf0,
    0xef, 0xd0, 0x0, 0x0, 0xbf, 0xf0, 0xef, 0xd0,
    0x0, 0x0, 0xbf, 0xf0, 0xef, 0xd0, 0x0, 0x0,
    0xbf, 0xf0, 0xef, 0xd0, 0x0, 0x0, 0xbf, 0xf0,
    0xef, 0xd0, 0x0, 0x0, 0xbf, 0xf0, 0xef, 0xd0,
    0x0, 0x0, 0xbf, 0xf0,

    /* U+006F "o" */
    0x0, 0x2, 0x9d, 0xfc, 0x81, 0x0, 0x0, 0x7,
    0xff, 0xff, 0xff, 0xe4, 0x0, 0x5, 0xff, 0xf9,
    0x6a, 0xff, 0xf2, 0x1, 0xef, 0xf2, 0x0, 0x5,
    0xff, 0xb0, 0x7f, 0xf8, 0x0, 0x0, 0xc, 0xff,
    0x3b, 0xff, 0x30, 0x0, 0x0, 0x7f, 0xf6, 0xcf,
    0xf1, 0x0, 0x0, 0x5, 0xff, 0x8c, 0xff, 0x10,
    0x0, 0x0, 0x5f, 0xf8, 0xbf, 0xf3, 0x0, 0x0,
    0x7, 0xff, 0x67, 0xff, 0x80, 0x0, 0x0, 0xcf,
    0xf3, 0x1e, 0xfe, 0x20, 0x0, 0x5f, 0xfb, 0x0,
    0x5f, 0xff, 0x96, 0xaf, 0xff, 0x20, 0x0, 0x7f,
    0xff, 0xff, 0xfe, 0x40, 0x0, 0x0, 0x3a, 0xdf,
    0xc8, 0x10, 0x0,

    /* U+0070 "p" */
    0xef, 0x60, 0x6c, 0xfd, 0x91, 0x0, 0xef, 0xbc,
    0xff, 0xff, 0xfe, 0x30, 0xef, 0xff, 0xc8, 0x7d,
    0xff, 0xd0, 0xef, 0xf7, 0x0, 0x0, 0xcf, 0xf5,
    0xef, 0xd0, 0x0, 0x0, 0x4f, 0xfa, 0xef, 0xd0,
    0x0, 0x0, 0x1f, 0xfc, 0xef, 0xd0, 0x0, 0x0,
    0xf, 0xfe, 0xef, 0xd0, 0x0, 0x0, 0xf, 0xfc,
    0xef, 0xd0, 0x0, 0x0, 0x2f, 0xfa, 0xef, 0xd0,
    0x0, 0x0, 0x7f, 0xf7, 0xef, 0xe3, 0x0, 0x2,
    0xef, 0xf1, 0xef, 0xff, 0xa7, 0x9f, 0xff, 0x80,
    0xef, 0xee, 0xff, 0xff, 0xfa, 0x0, 0xef, 0xc0,
    0x8d, 0xeb, 0x60, 0x0, 0xef, 0xd0, 0x0, 0x0,
    0x0, 0x0, 0xef, 0xd0, 0x0, 0x0, 0x0, 0x0,
    0xef, 0xd0, 0x0, 0x0, 0x0, 0x0, 0xef, 0xd0,
    0x0, 0x0, 0x0, 0x0, 0xef, 0xd0, 0x0, 0x0,
    0x0, 0x0, 0xef, 0xd0, 0x0, 0x0, 0x0, 0x0,

    /* U+0071 "q" */
    0x0, 0x5, 0xbe, 0xda, 0x33, 0xff, 0x0, 0x9,
    0xff, 0xff, 0xff, 0xcf, 0xf0, 0x6, 0xff, 0xf9,
    0x69, 0xff, 0xff, 0x1, 0xef, 0xf3, 0x0, 0x1,
    0xdf, 0xf0, 0x6f, 0xf9, 0x0, 0x0, 0xb, 0xff,
    0x8, 0xff, 0x40, 0x0, 0x0, 0xbf, 0xf0, 0xbf,
    0xf1, 0x0, 0x0, 0xb, 0xff, 0xb, 0xff, 0x10,
    0x0, 0x0, 0xbf, 0xf0, 0x9f, 0xf3, 0x0, 0x0,
    0xb, 0xff, 0x7, 0xff, 0x80, 0x0, 0x0, 0xbf,
    0xf0, 0x2f, 0xfe, 0x20, 0x0, 0x5f, 0xff, 0x0,
    0xaf, 0xfe, 0x97, 0xbf, 0xff, 0xf0, 0x1, 0xcf,
    0xff, 0xff, 0xdc, 0xff, 0x0, 0x0, 0x8c, 0xfd,
    0x80, 0xaf, 0xf0, 0x0, 0x0, 0x0, 0x0, 0xb,
    0xff, 0x0, 0x0, 0x0, 0x0, 0x0, 0xbf, 0xf0,
    0x0, 0x0, 0x0, 0x0, 0xb, 0xff, 0x0, 0x0,
    0x0, 0x0, 0x0, 0xbf, 0xf0, 0x0, 0x0, 0x0,
    0x0, 0xb, 0xff, 0x0, 0x0, 0x0, 0x0, 0x0,
    0xbf, 0xf0,

    /* U+0072 "r" */
    0xef, 0x60, 0x5d, 0xfc, 0xef, 0x77, 0xff, 0xf9,
    0xef, 0xcf, 0xfa, 0x95, 0xef, 0xfe, 0x20, 0x0,
    0xef, 0xf5, 0x0, 0x0, 0xef, 0xe0, 0x0, 0x0,
    0xef, 0xd0, 0x0, 0x0, 0xef, 0xd0, 0x0, 0x0,
    0xef, 0xd0, 0x0, 0x0, 0xef, 0xd0, 0x0, 0x0,
    0xef, 0xd0, 0x0, 0x0, 0xef, 0xd0, 0x0, 0x0,
    0xef, 0xd0, 0x0, 0x0, 0xef, 0xd0, 0x0, 0x0,

    /* U+0073 "s" */
    0x0, 0x5, 0xbe, 0xeb, 0x70, 0x0, 0x9, 0xff,
    0xff, 0xff, 0xe2, 0x3, 0xff, 0xc4, 0x47, 0xec,
    0x0, 0x7f, 0xf2, 0x0, 0x0, 0x10, 0x6, 0xff,
    0x50, 0x0, 0x0, 0x0, 0x1f, 0xff, 0xa3, 0x0,
    0x0, 0x0, 0x4d, 0xff, 0xfb, 0x30, 0x0, 0x0,
    0x6, 0xef, 0xff, 0x90, 0x0, 0x0, 0x0, 0x5e,
    0xff, 0x50, 0x0, 0x0, 0x0, 0x2f, 0xf9, 0x2,
    0x60, 0x0, 0x1, 0xff, 0x90, 0xdf, 0xc7, 0x34,
    0xcf, 0xf4, 0x9, 0xff, 0xff, 0xff, 0xf9, 0x0,
    0x2, 0x9d, 0xfd, 0xb4, 0x0,

    /* U+0074 "t" */
    0x0, 0x1f, 0xf4, 0x0, 0x0, 0x0, 0x2f, 0xf4,
    0x0, 0x0, 0x0, 0x3f, 0xf4, 0x0, 0x0, 0x0,
    0x4f, 0xf4, 0x0, 0x0, 0x5e, 0xff, 0xff, 0xff,
    0xb0, 0x6f, 0xff, 0xff, 0xff, 0xb0, 0x24, 0xaf,
    0xf8, 0x44, 0x30, 0x0, 0x7f, 0xf4, 0x0, 0x0,
    0x0, 0x7f, 0xf4, 0x0, 0x0, 0x0, 0x7f, 0xf4,
    0x0, 0x0, 0x0, 0x7f, 0xf4, 0x0, 0x0, 0x0,
    0x7f, 0xf4, 0x0, 0x0, 0x0, 0x7f, 0xf4, 0x0,
    0x0, 0x0, 0x7f, 0xf4, 0x0, 0x0, 0x0, 0x5f,
    0xf7, 0x0, 0x0, 0x0, 0x2f, 0xff, 0x76, 0x60,
    0x0, 0x9, 0xff, 0xff, 0xe0, 0x0, 0x0, 0x7d,
    0xfe, 0xa0,

    /* U+0075 "u" */
    0x1f, 0xfa, 0x0, 0x0, 0xe, 0xfd, 0x1f, 0xfa,
    0x0, 0x0, 0xe, 0xfd, 0x1f, 0xfa, 0x0, 0x0,
    0xe, 0xfd, 0x1f, 0xfa, 0x0, 0x0, 0xe, 0xfd,
    0x1f, 0xfa, 0x0, 0x0, 0xe, 0xfd, 0x1f, 0xfa,
    0x0, 0x0, 0xe, 0xfd, 0x1f, 0xfa, 0x0, 0x0,
    0xe, 0xfd, 0x1f, 0xfa, 0x0, 0x0, 0xe, 0xfd,
    0x1f, 0xfb, 0x0, 0x0, 0xe, 0xfd, 0xf, 0xfc,
    0x0, 0x0, 0x1f, 0xfd, 0xe, 0xff, 0x20, 0x1,
    0xcf, 0xfd, 0x9, 0xff, 0xe8, 0x9e, 0xfe, 0xfd,
    0x2, 0xff, 0xff, 0xff, 0x59, 0xfd, 0x0, 0x2b,
    0xee, 0xb3, 0x7, 0xfd,

    /* U+0076 "v" */
    0x7f, 0xf4, 0x0, 0x0, 0x1, 0xff, 0x92, 0xff,
    0x90, 0x0, 0x0, 0x6f, 0xf4, 0xd, 0xfe, 0x0,
    0x0, 0xb, 0xfe, 0x0, 0x8f, 0xf3, 0x0, 0x0,
    0xff, 0x90, 0x2, 0xff, 0x70, 0x0, 0x4f, 0xf4,
    0x0, 0xd, 0xfc, 0x0, 0x9, 0xff, 0x0, 0x0,
    0x8f, 0xf1, 0x0, 0xef, 0xa0, 0x0, 0x2, 0xff,
    0x60, 0x2f, 0xf4, 0x0, 0x0, 0xd, 0xfa, 0x7,
    0xff, 0x0, 0x0, 0x0, 0x8f, 0xe0, 0xbf, 0xa0,
    0x0, 0x0, 0x3, 0xff, 0x4f, 0xf5, 0x0, 0x0,
    0x0, 0xd, 0xfc, 0xff, 0x0, 0x0, 0x0, 0x0,
    0x8f, 0xff, 0xb0, 0x0, 0x0, 0x0, 0x3, 0xff,
    0xf5, 0x0, 0x0,

    /* U+0077 "w" */
    0x3f, 0xf8, 0x0, 0x0, 0x6f, 0xf6, 0x0, 0x0,
    0x7f, 0xf1, 0xf, 0xfc, 0x0, 0x0, 0xaf, 0xfa,
    0x0, 0x0, 0xbf, 0xe0, 0xb, 0xff, 0x0, 0x0,
    0xef, 0xfe, 0x0, 0x0, 0xef, 0xa0, 0x7, 0xff,
    0x30, 0x2, 0xfc, 0xef, 0x20, 0x2, 0xff, 0x60,
    0x3, 0xff, 0x70, 0x6, 0xf9, 0xbf, 0x60, 0x6,
    0xff, 0x20, 0x0, 0xff, 0xb0, 0xa, 0xf5, 0x8f,
    0xa0, 0x9, 0xfe, 0x0, 0x0, 0xbf, 0xe0, 0xe,
    0xf2, 0x4f, 0xe0, 0xd, 0xfa, 0x0, 0x0, 0x7f,
    0xf2, 0x1f, 0xf0, 0x1f, 0xf2, 0x1f, 0xf6, 0x0,
    0x0, 0x3f, 0xf5, 0x5f, 0xb0, 0xd, 0xf6, 0x3f,
    0xf2, 0x0, 0x0, 0xe, 0xf8, 0x8f, 0x70, 0x9,
    0xf9, 0x6f, 0xe0, 0x0, 0x0, 0xb, 0xfb, 0xbf,
    0x30, 0x5, 0xfd, 0x9f, 0xa0, 0x0, 0x0, 0x6,
    0xfe, 0xff, 0x0, 0x1, 0xff, 0xdf, 0x60, 0x0,
    0x0, 0x2, 0xff, 0xfc, 0x0, 0x0, 0xdf, 0xff,
    0x20, 0x0, 0x0, 0x0, 0xef, 0xf8, 0x0, 0x0,
    0x9f, 0xfe, 0x0, 0x0,

    /* U+0078 "x" */
    0x1f, 0xfe, 0x0, 0x0, 0x2f, 0xfa, 0x0, 0x7f,
    0xf7, 0x0, 0xa, 0xff, 0x20, 0x0, 0xdf, 0xf1,
    0x2, 0xff, 0x80, 0x0, 0x4, 0xff, 0x90, 0xaf,
    0xe0, 0x0, 0x0, 0xa, 0xff, 0x3f, 0xf6, 0x0,
    0x0, 0x0, 0x1f, 0xff, 0xfd, 0x0, 0x0, 0x0,
    0x0, 0x8f, 0xff, 0x40, 0x0, 0x0, 0x0, 0xd,
    0xff, 0xf4, 0x0, 0x0, 0x0, 0x6, 0xff, 0xef,
    0xd0, 0x0, 0x0, 0x1, 0xef, 0x85, 0xff, 0x70,
    0x0, 0x0, 0x9f, 0xf1, 0xc, 0xff, 0x20, 0x0,
    0x2f, 0xf8, 0x0, 0x3f, 0xfb, 0x0, 0xb, 0xff,
    0x10, 0x0, 0xaf, 0xf5, 0x5, 0xff, 0x80, 0x0,
    0x1, 0xff, 0xe0,

    /* U+0079 "y" */
    0x7f, 0xf4, 0x0, 0x0, 0x1, 0xff, 0x91, 0xff,
    0xa0, 0x0, 0x0, 0x5f, 0xf4, 0xb, 0xff, 0x0,
    0x0, 0xa, 0xfe, 0x0, 0x5f, 0xf4, 0x0, 0x0,
    0xef, 0x90, 0x0, 0xff, 0xa0, 0x0, 0x3f, 0xf4,
    0x0, 0x9, 0xfe, 0x0, 0x8, 0xfe, 0x0, 0x0,
    0x3f, 0xf4, 0x0, 0xdf, 0xa0, 0x0, 0x0, 0xdf,
    0x90, 0x1f, 0xf4, 0x0, 0x0, 0x8, 0xfe, 0x5,
    0xff, 0x0, 0x0, 0x0, 0x2f, 0xf3, 0xaf, 0xa0,
    0x0, 0x0, 0x0, 0xcf, 0x8e, 0xf5, 0x0, 0x0,
    0x0, 0x6, 0xff, 0xff, 0x0, 0x0, 0x0, 0x0,
    0xf, 0xff, 0xa0, 0x0, 0x0, 0x0, 0x0, 0xaf,
    0xf5, 0x0, 0x0, 0x0, 0x0, 0x9, 0xff, 0x0,
    0x0, 0x0, 0x0, 0x0, 0xef, 0xa0, 0x0, 0x0,
    0x0, 0x0, 0x8f, 0xf3, 0x0, 0x0, 0x0, 0x35,
    0x9f, 0xfb, 0x0, 0x0, 0x0, 0xa, 0xff, 0xfd,
    0x10, 0x0, 0x0, 0x0, 0xbf, 0xd9, 0x0, 0x0,
    0x0, 0x0,

    /* U+007A "z" */
    0x6, 0xff, 0xff, 0xff, 0xff, 0xd0, 0x6, 0xff,
    0xff, 0xff, 0xff, 0xc0, 0x1, 0x44, 0x44, 0x5e,
    0xff, 0x40, 0x0, 0x0, 0x0, 0x5f, 0xf9, 0x0,
    0x0, 0x0, 0x1, 0xef, 0xe1, 0x0, 0x0, 0x0,
    0xa, 0xff, 0x50, 0x0, 0x0, 0x0, 0x4f, 0xfb,
    0x0, 0x0, 0x0, 0x0, 0xef, 0xf1, 0x0, 0x0,
    0x0, 0x9, 0xff, 0x60, 0x0, 0x0, 0x0, 0x3f,
    0xfc, 0x0, 0x0, 0x0, 0x0, 0xdf, 0xf2, 0x0,
    0x0, 0x0, 0x7, 0xff, 0xb4, 0x44, 0x44, 0x40,
    0x1f, 0xff, 0xff, 0xff, 0xff, 0xf1, 0x1f, 0xff,
    0xff, 0xff, 0xff, 0xf1,

    /* U+007B "{" */
    0x0, 0x1, 0x9e, 0xf9, 0x0, 0x9, 0xff, 0xa5,
    0x0, 0xe, 0xf7, 0x0, 0x0, 0xf, 0xf4, 0x0,
    0x0, 0xf, 0xf3, 0x0, 0x0, 0xf, 0xf4, 0x0,
    0x0, 0xe, 0xf4, 0x0, 0x0, 0xe, 0xf5, 0x0,
    0x0, 0xd, 0xf5, 0x0, 0x0, 0xd, 0xf4, 0x0,
    0x0, 0x5f, 0xf2, 0x0, 0x1e, 0xff, 0x80, 0x0,
    0x1f, 0xfe, 0x50, 0x0, 0x1, 0x8f, 0xf1, 0x0,
    0x0, 0xe, 0xf4, 0x0, 0x0, 0xd, 0xf5, 0x0,
    0x0, 0xe, 0xf5, 0x0, 0x0, 0xe, 0xf4, 0x0,
    0x0, 0xf, 0xf4, 0x0, 0x0, 0xf, 0xf3, 0x0,
    0x0, 0xf, 0xf4, 0x0, 0x0, 0xe, 0xf7, 0x0,
    0x0, 0x9, 0xff, 0xa5, 0x0, 0x1, 0xae, 0xf9,

    /* U+007C "|" */
    0x8f, 0x48, 0xf4, 0x8f, 0x48, 0xf4, 0x8f, 0x48,
    0xf4, 0x8f, 0x48, 0xf4, 0x8f, 0x48, 0xf4, 0x8f,
    0x48, 0xf4, 0x8f, 0x48, 0xf4, 0x8f, 0x48, 0xf4,
    0x8f, 0x48, 0xf4, 0x8f, 0x48, 0xf4, 0x8f, 0x48,
    0xf4, 0x8f, 0x48, 0xf4, 0x8f, 0x48, 0xf4, 0x8f,
    0x48, 0xf4,

    /* U+007D "}" */
    0xf, 0xfd, 0x50, 0x0, 0x9, 0xdf, 0xf2, 0x0,
    0x0, 0xe, 0xf6, 0x0, 0x0, 0xb, 0xf8, 0x0,
    0x0, 0xb, 0xf8, 0x0, 0x0, 0xb, 0xf7, 0x0,
    0x0, 0xc, 0xf7, 0x0, 0x0, 0xc, 0xf6, 0x0,
    0x0, 0xc, 0xf5, 0x0, 0x0, 0xc, 0xf6, 0x0,
    0x0, 0x9, 0xfc, 0x10, 0x0, 0x2, 0xdf, 0xf8,
    0x0, 0x0, 0xaf, 0xf9, 0x0, 0x8, 0xfe, 0x40,
    0x0, 0xc, 0xf6, 0x0, 0x0, 0xc, 0xf5, 0x0,
    0x0, 0xc, 0xf6, 0x0, 0x0, 0xc, 0xf7, 0x0,
    0x0, 0xb, 0xf7, 0x0, 0x0, 0xb, 0xf8, 0x0,
    0x0, 0xb, 0xf8, 0x0, 0x0, 0xe, 0xf6, 0x0,
    0x9, 0xdf, 0xf2, 0x0, 0xf, 0xfd, 0x50, 0x0,

    /* U+007E "~" */
    0x0, 0x0, 0x10, 0x0, 0x0, 0x0, 0x0, 0x6,
    0xef, 0xe7, 0x0, 0x0, 0x40, 0x7, 0xff, 0xff,
    0xfd, 0x53, 0xaf, 0x70, 0xbf, 0x40, 0x4d, 0xff,
    0xff, 0xe1, 0x0, 0x20, 0x0, 0x8, 0xdf, 0xa1,
    0x0,

    /* U+00B7 "·" */
    0x3, 0xaa, 0x30, 0x3f, 0xff, 0xf3, 0xaf, 0xff,
    0xfa, 0xbf, 0xff, 0xfb, 0x6f, 0xff, 0xf6, 0x7,
    0xee, 0x70,

    /* U+00D7 "×" */
    0x3, 0x0, 0x0, 0x0, 0x0, 0x0, 0x0, 0x30,
    0x5f, 0x80, 0x0, 0x0, 0x0, 0x0, 0x8, 0xf5,
    0x5f, 0xf8, 0x0, 0x0, 0x0, 0x0, 0x7f, 0xf5,
    0x5, 0xff, 0x70, 0x0, 0x0, 0x6, 0xff, 0x60,
    0x0, 0x6f, 0xf7, 0x0, 0x0, 0x6f, 0xf6, 0x0,
    0x0, 0x6, 0xff, 0x60, 0x5, 0xff, 0x70, 0x0,
    0x0, 0x0, 0x7f, 0xf6, 0x5f, 0xf7, 0x0, 0x0,
    0x0, 0x0, 0x7, 0xff, 0xff, 0x70, 0x0, 0x0,
    0x0, 0x0, 0x0, 0xaf, 0xfa, 0x0, 0x0, 0x0,
    0x0, 0x0, 0x4, 0xff, 0xff, 0x40, 0x0, 0x0,
    0x0, 0x0, 0x4f, 0xf9, 0x9f, 0xf4, 0x0, 0x0,
    0x0, 0x3, 0xff, 0xa0, 0x9, 0xff, 0x30, 0x0,
    0x0, 0x3f, 0xfa, 0x0, 0x0, 0xaf, 0xf3, 0x0,
    0x2, 0xef, 0xa0, 0x0, 0x0, 0xa, 0xff, 0x30,
    0x2e, 0xfb, 0x0, 0x0, 0x0, 0x0, 0xaf, 0xe2,
    0x7f, 0xb0, 0x0, 0x0, 0x0, 0x0, 0xb, 0xf8,
    0x6, 0x0, 0x0, 0x0, 0x0, 0x0, 0x0, 0x60,

    /* U+2013 "–" */
    0xce, 0xee, 0xee, 0xee, 0xee, 0xbd, 0xff, 0xff,
    0xff, 0xff, 0xfc,

    /* U+2014 "—" */
    0xce, 0xee, 0xee, 0xee, 0xee, 0xee, 0xee, 0xee,
    0xee, 0xe6, 0xdf, 0xff, 0xff, 0xff, 0xff, 0xff,
    0xff, 0xff, 0xff, 0xf7,

    /* U+201C "“" */
    0x0, 0x1, 0x0, 0x0, 0x10, 0x0, 0x4e, 0x40,
    0x8, 0xf0, 0x3, 0xfa, 0x0, 0x7f, 0x60, 0xc,
    0xb0, 0x1, 0xf7, 0x0, 0xf, 0x92, 0x5, 0xf6,
    0x10, 0x2f, 0xff, 0x37, 0xff, 0xe0, 0xf, 0xff,
    0x64, 0xff, 0xf1, 0x6, 0xec, 0x10, 0x9f, 0x90,

    /* U+201D "”" */
    0x1, 0x51, 0x0, 0x35, 0x0, 0xe, 0xfe, 0x13,
    0xff, 0xb0, 0x2f, 0xff, 0x66, 0xff, 0xf2, 0x9,
    0xef, 0x61, 0xcf, 0xf2, 0x0, 0x3f, 0x30, 0x7,
    0xf0, 0x0, 0xbd, 0x0, 0x2e, 0x80, 0xc, 0xf3,
    0x3, 0xec, 0x0, 0xa, 0x20, 0x2, 0x91, 0x0,

    /* U+2026 "…" */
    0x7, 0x70, 0x0, 0x0, 0x7, 0x70, 0x0, 0x0,
    0x7, 0x70, 0x8f, 0xf8, 0x0, 0x0, 0x8f, 0xf8,
    0x0, 0x0, 0x7f, 0xf8, 0xaf, 0xfa, 0x0, 0x0,
    0xaf, 0xfa, 0x0, 0x0, 0x9f, 0xfa, 0x3d, 0xe3,
    0x0, 0x0, 0x3d, 0xd3, 0x0, 0x0, 0x2e, 0xd3,

    /* U+25B2 "▲" */
    0x0, 0x0, 0x0, 0x0, 0x0, 0x3, 0x30, 0x0,
    0x0, 0x0, 0x0, 0x0, 0x0, 0x0, 0x0, 0x0,
    0x0, 0xc, 0xc0, 0x0, 0x0, 0x0, 0x0, 0x0,
    0x0, 0x0, 0x0, 0x0, 0x0, 0x5f, 0xf5, 0x0,
    0x0, 0x0, 0x0, 0x0, 0x0, 0x0, 0x0, 0x0,
    0x0, 0xef, 0xfe, 0x0, 0x0, 0x0, 0x0, 0x0,
    0x0, 0x0, 0x0, 0x0, 0x7, 0xff, 0xff, 0x70,
    0x0, 0x0, 0x0, 0x0, 0x0, 0x0, 0x0, 0x0,
    0x1f, 0xff, 0xff, 0xf1, 0x0, 0x0, 0x0, 0x0,
    0x0, 0x0, 0x0, 0x0, 0xaf, 0xff, 0xff, 0xfa,
    0x0, 0x0, 0x0, 0x0, 0x0, 0x0, 0x0, 0x3,
    0xff, 0xff, 0xff, 0xff, 0x30, 0x0, 0x0, 0x0,
    0x0, 0x0, 0x0, 0xc, 0xff, 0xff, 0xff, 0xff,
    0xc0, 0x0, 0x0, 0x0, 0x0, 0x0, 0x0, 0x6f,
    0xff, 0xff, 0xff, 0xff, 0xf6, 0x0, 0x0, 0x0,
    0x0, 0x0, 0x0, 0xef, 0xff, 0xff, 0xff, 0xff,
    0xfe, 0x0, 0x0, 0x0, 0x0, 0x0, 0x8, 0xff,
    0xff, 0xff, 0xff, 0xff, 0xff, 0x80, 0x0, 0x0,
    0x0, 0x0, 0x2f, 0xff, 0xff, 0xff, 0xff, 0xff,
    0xff, 0xf2, 0x0, 0x0, 0x0, 0x0, 0xbf, 0xff,
    0xff, 0xff, 0xff, 0xff, 0xff, 0xfb, 0x0, 0x0,
    0x0, 0x4, 0xff, 0xff, 0xff, 0xff, 0xff, 0xff,
    0xff, 0xff, 0x40, 0x0, 0x0, 0xd, 0xff, 0xff,
    0xff, 0xff, 0xff, 0xff, 0xff, 0xff, 0xd0, 0x0,
    0x0, 0x6f, 0xff, 0xff, 0xff, 0xff, 0xff, 0xff,
    0xff, 0xff, 0xf6, 0x0, 0x1, 0xef, 0xff, 0xff,
    0xff, 0xff, 0xff, 0xff, 0xff, 0xff, 0xfe, 0x10,
    0x9, 0xff, 0xff, 0xff, 0xff, 0xff, 0xff, 0xff,
    0xff, 0xff, 0xff, 0x90, 0x1b, 0xbb, 0xbb, 0xbb,
    0xbb, 0xbb, 0xbb, 0xbb, 0xbb, 0xbb, 0xbb, 0xb1,

    /* U+25BC "▼" */
    0x1e, 0xff, 0xff, 0xff, 0xff, 0xff, 0xff, 0xff,
    0xff, 0xff, 0xff, 0xe1, 0x7, 0xff, 0xff, 0xff,
    0xff, 0xff, 0xff, 0xff, 0xff, 0xff, 0xff, 0x70,
    0x0, 0xdf, 0xff, 0xff, 0xff, 0xff, 0xff, 0xff,
    0xff, 0xff, 0xfd, 0x0, 0x0, 0x4f, 0xff, 0xff,
    0xff, 0xff, 0xff, 0xff, 0xff, 0xff, 0xf4, 0x0,
    0x0, 0xb, 0xff, 0xff, 0xff, 0xff, 0xff, 0xff,
    0xff, 0xff, 0xb0, 0x0, 0x0, 0x2, 0xff, 0xff,
    0xff, 0xff, 0xff, 0xff, 0xff, 0xff, 0x20, 0x0,
    0x0, 0x0, 0x8f, 0xff, 0xff, 0xff, 0xff, 0xff,
    0xff, 0xf8, 0x0, 0x0, 0x0, 0x0, 0xe, 0xff,
    0xff, 0xff, 0xff, 0xff, 0xff, 0xe0, 0x0, 0x0,
    0x0, 0x0, 0x6, 0xff, 0xff, 0xff, 0xff, 0xff,
    0xff, 0x60, 0x0, 0x0, 0x0, 0x0, 0x0, 0xcf,
    0xff, 0xff, 0xff, 0xff, 0xfc, 0x0, 0x0, 0x0,
    0x0, 0x0, 0x0, 0x3f, 0xff, 0xff, 0xff, 0xff,
    0xf3, 0x0, 0x0, 0x0, 0x0, 0x0, 0x0, 0xa,
    0xff, 0xff, 0xff, 0xff, 0xa0, 0x0, 0x0, 0x0,
    0x0, 0x0, 0x0, 0x1, 0xff, 0xff, 0xff, 0xff,
    0x10, 0x0, 0x0, 0x0, 0x0, 0x0, 0x0, 0x0,
    0x8f, 0xff, 0xff, 0xf8, 0x0, 0x0, 0x0, 0x0,
    0x0, 0x0, 0x0, 0x0, 0xe, 0xff, 0xff, 0xe0,
    0x0, 0x0, 0x0, 0x0, 0x0, 0x0, 0x0, 0x0,
    0x5, 0xff, 0xff, 0x50, 0x0, 0x0, 0x0, 0x0,
    0x0, 0x0, 0x0, 0x0, 0x0, 0xcf, 0xfc, 0x0,
    0x0, 0x0, 0x0, 0x0, 0x0, 0x0, 0x0, 0x0,
    0x0, 0x3f, 0xf3, 0x0, 0x0, 0x0, 0x0, 0x0,
    0x0, 0x0, 0x0, 0x0, 0x0, 0x9, 0x90, 0x0,
    0x0, 0x0, 0x0, 0x0, 0x0, 0x0, 0x0, 0x0,
    0x0, 0x1, 0x10, 0x0, 0x0, 0x0, 0x0, 0x0,

    /* U+3000 "　" */

    /* U+3001 "、" */
    0x2, 0x30, 0x0, 0x0, 0x3e, 0xf4, 0x0, 0x0,
    0x7f, 0xff, 0x50, 0x0, 0x6, 0xff, 0xf5, 0x0,
    0x0, 0x5f, 0xff, 0x40, 0x0, 0x6, 0xff, 0xf2,
    0x0, 0x0, 0x8f, 0x80, 0x0, 0x0, 0x3, 0x0,

    /* U+3002 "。" */
    0x0, 0x2a, 0xdb, 0x50, 0x0, 0x2f, 0xe9, 0xcf,
    0x60, 0xb, 0xd1, 0x0, 0x9f, 0x10, 0xf7, 0x0,
    0x2, 0xf4, 0xf, 0x70, 0x0, 0x2f, 0x50, 0xcd,
    0x0, 0x8, 0xf1, 0x3, 0xfd, 0x7a, 0xf8, 0x0,
    0x3, 0xbf, 0xd6, 0x0,

    /* U+4E00 "一" */
    0x88, 0x88, 0x88, 0x88, 0x88, 0x88, 0x88, 0x88,
    0x88, 0x88, 0x88, 0xf, 0xff, 0xff, 0xff, 0xff,
    0xff, 0xff, 0xff, 0xff, 0xff, 0xff, 0xf1, 0xff,
    0xff, 0xff, 0xff, 0xff, 0xff, 0xff, 0xff, 0xff,
    0xff, 0xff, 0x10,

    /* U+4E0A "上" */
    0x0, 0x0, 0x0, 0x0, 0xc, 0xd6, 0x0, 0x0,
    0x0, 0x0, 0x0, 0x0, 0x0, 0x0, 0x0, 0xf,
    0xf7, 0x0, 0x0, 0x0, 0x0, 0x0, 0x0, 0x0,
    0x0, 0x0, 0xf, 0xf7, 0x0, 0x0, 0x0, 0x0,
    0x0, 0x0, 0x0, 0x0, 0x0, 0xf, 0xf7, 0x0,
    0x0, 0x0, 0x0, 0x0, 0x0, 0x0, 0x0, 0x0,
    0xf, 0xf7, 0x0, 0x0, 0x0, 0x0, 0x0, 0x0,
    0x0, 0x0, 0x0, 0xf, 0xf7, 0x0, 0x0, 0x0,
    0x0, 0x0, 0x0, 0x0, 0x0, 0x0, 0xf, 0xf7,
    0x0, 0x0, 0x0, 0x0, 0x0, 0x0, 0x0, 0x0,
    0x0, 0xf, 0xff, 0xff, 0xff, 0xff, 0xff, 0x30,
    0x0, 0x0, 0x0, 0x0, 0xf, 0xff, 0xff, 0xff,
    0xff, 0xff, 0x30, 0x0, 0x0, 0x0, 0x0, 0xf,
    0xfa, 0x55, 0x55, 0x55, 0x55, 0x10, 0x0, 0x0,
    0x0, 0x0, 0xf, 0xf7, 0x0, 0x0, 0x0, 0x0,
    0x0, 0x0, 0x0, 0x0, 0x0, 0xf, 0xf7, 0x0,
    0x0, 0x0, 0x0, 0x0, 0x0, 0x0, 0x0, 0x0,
    0xf, 0xf7, 0x0, 0x0, 0x0, 0x0, 0x0, 0x0,
    0x0, 0x0, 0x0, 0xf, 0xf7, 0x0, 0x0, 0x0,
    0x0, 0x0, 0x0, 0x0, 0x0, 0x0, 0xf, 0xf7,
    0x0, 0x0, 0x0, 0x0, 0x0, 0x0, 0x0, 0x0,
    0x0, 0xf, 0xf7, 0x0, 0x0, 0x0, 0x0, 0x0,
    0x0, 0x0, 0x0, 0x0, 0xf, 0xf7, 0x0, 0x0,
    0x0, 0x0, 0x0, 0x0, 0x0, 0x0, 0x0, 0xf,
    0xf7, 0x0, 0x0, 0x0, 0x0, 0x0, 0x45, 0x55,
    0x55, 0x55, 0x5f, 0xfa, 0x55, 0x55, 0x55, 0x55,
    0x54, 0xcf, 0xff, 0xff, 0xff, 0xff, 0xff, 0xff,
    0xff, 0xff, 0xff, 0xfe, 0xcf, 0xff, 0xff, 0xff,
    0xff, 0xff, 0xff, 0xff, 0xff, 0xff, 0xfe,

    /* U+4E0B "下" */
    0x25, 0x55, 0x55, 0x55, 0x55, 0x55, 0x55, 0x55,
    0x55, 0x55, 0x55, 0x8f, 0xff, 0xff, 0xff, 0xff,
    0xff, 0xff, 0xff, 0xff, 0xff, 0xfe, 0x7f, 0xff,
    0xff, 0xff, 0xff, 0xff, 0xff, 0xff, 0xff, 0xff,
    0xfe, 0x0, 0x0, 0x0, 0x0, 0x8, 0xfe, 0x0,
    0x0, 0x0, 0x0, 0x0, 0x0, 0x0, 0x0, 0x0,
    0x8, 0xfe, 0x0, 0x0, 0x0, 0x0, 0x0, 0x0,
    0x0, 0x0, 0x0, 0x8, 0xfe, 0x0, 0x0, 0x0,
    0x0, 0x0, 0x0, 0x0, 0x0, 0x0, 0x8, 0xfe,
    0x40, 0x0, 0x0, 0x0, 0x0, 0x0, 0x0, 0x0,
    0x0, 0x8, 0xff, 0xfd, 0x40, 0x0, 0x0, 0x0,
    0x0, 0x0, 0x0, 0x0, 0x8, 0xff, 0xff, 0xfc,
    0x30, 0x0, 0x0, 0x0, 0x0, 0x0, 0x0, 0x8,
    0xfe, 0x4d, 0xff, 0xfa, 0x10, 0x0, 0x0, 0x0,
    0x0, 0x0, 0x8, 0xfe, 0x0, 0x7f, 0xff, 0xf6,
    0x0, 0x0, 0x0, 0x0, 0x0, 0x8, 0xfe, 0x0,
    0x1, 0xaf, 0xff, 0x70, 0x0, 0x0, 0x0, 0x0,
    0x8, 0xfe, 0x0, 0x0, 0x5, 0xfd, 0x10, 0x0,
    0x0, 0x0, 0x0, 0x8, 0xfe, 0x0, 0x0, 0x0,
    0x22, 0x0, 0x0, 0x0, 0x0, 0x0, 0x8, 0xfe,
    0x0, 0x0, 0x0, 0x0, 0x0, 0x0, 0x0, 0x0,
    0x0, 0x8, 0xfe, 0x0, 0x0, 0x0, 0x0, 0x0,
    0x0, 0x0, 0x0, 0x0, 0x8, 0xfe, 0x0, 0x0,
    0x0, 0x0, 0x0, 0x0, 0x0, 0x0, 0x0, 0x8,
    0xfe, 0x0, 0x0, 0x0, 0x0, 0x0, 0x0, 0x0,
    0x0, 0x0, 0x8, 0xfe, 0x0, 0x0, 0x0, 0x0,
    0x0, 0x0, 0x0, 0x0, 0x0, 0x8, 0xfe, 0x0,
    0x0, 0x0, 0x0, 0x0, 0x0, 0x0, 0x0, 0x0,
    0x8, 0xfe, 0x0, 0x0, 0x0, 0x0, 0x0,

    /* U+4E0D "不" */
    0x15, 0x55, 0x55, 0x55, 0x55, 0x55, 0x55, 0x55,
    0x55, 0x55, 0x53, 0x2, 0xff, 0xff, 0xff, 0xff,
    0xff, 0xff, 0xff, 0xff, 0xff, 0xff, 0x90, 0x2e,
    0xee, 0xee, 0xee, 0xee, 0xef, 0xff, 0xee, 0xee,
    0xee, 0xe8, 0x0, 0x0, 0x0, 0x0, 0x0, 0x5,
    0xff, 0xa0, 0x0, 0x0, 0x0, 0x0, 0x0, 0x0,
    0x0, 0x0, 0x1, 0xff, 0xe1, 0x0, 0x0, 0x0,
    0x0, 0x0, 0x0, 0x0, 0x0, 0x0, 0xcf, 0xf7,
    0x0, 0x0, 0x0, 0x0, 0x0, 0x0, 0x0, 0x0,
    0x0, 0x9f, 0xff, 0x60, 0x30, 0x0, 0x0, 0x0,
    0x0, 0x0, 0x0, 0x0, 0x9f, 0xff, 0xf8, 0xcf,
    0x80, 0x0, 0x0, 0x0, 0x0, 0x0, 0x0, 0x8f,
    0xfd, 0xff, 0x8c, 0xff, 0xc2, 0x0, 0x0, 0x0,
    0x0, 0x0, 0xaf, 0xfc, 0x1f, 0xf6, 0x8, 0xff,
    0xf5, 0x0, 0x0, 0x0, 0x2, 0xdf, 0xfb, 0x0,
    0xff, 0x60, 0x4, 0xef, 0xf9, 0x0, 0x0, 0x7,
    0xff, 0xfa, 0x0, 0xf, 0xf6, 0x0, 0x2, 0xdf,
    0xfc, 0x10, 0x4d, 0xff, 0xf7, 0x0, 0x0, 0xff,
    0x60, 0x0, 0x0, 0xbf, 0xfd, 0x16, 0xff, 0xb2,
    0x0, 0x0, 0xf, 0xf6, 0x0, 0x0, 0x0, 0xaf,
    0xb0, 0x8, 0x60, 0x0, 0x0, 0x0, 0xff, 0x60,
    0x0, 0x0, 0x0, 0x70, 0x0, 0x0, 0x0, 0x0,
    0x0, 0xf, 0xf6, 0x0, 0x0, 0x0, 0x0, 0x0,
    0x0, 0x0, 0x0, 0x0, 0x0, 0xff, 0x60, 0x0,
    0x0, 0x0, 0x0, 0x0, 0x0, 0x0, 0x0, 0x0,
    0xf, 0xf6, 0x0, 0x0, 0x0, 0x0, 0x0, 0x0,
    0x0, 0x0, 0x0, 0x0, 0xff, 0x60, 0x0, 0x0,
    0x0, 0x0, 0x0, 0x0, 0x0, 0x0, 0x0, 0xf,
    0xf6, 0x0, 0x0, 0x0, 0x0, 0x0, 0x0, 0x0,
    0x0, 0x0, 0x0, 0xff, 0x60, 0x0, 0x0, 0x0,
    0x0, 0x0,

    /* U+4E2A "个" */
    0x0, 0x0, 0x0, 0x0, 0x0, 0x0, 0x10, 0x0,
    0x0, 0x0, 0x0, 0x0, 0x0, 0x0, 0x0, 0x0,
    0x0, 0x8, 0xf9, 0x0, 0x0, 0x0, 0x0, 0x0,
    0x0, 0x0, 0x0, 0x0, 0x0, 0x4f, 0xf9, 0x0,
    0x0, 0x0, 0x0, 0x0, 0x0, 0x0, 0x0, 0x0,
    0x2, 0xef, 0xfe, 0x30, 0x0, 0x0, 0x0, 0x0,
    0x0, 0x0, 0x0, 0x0, 0x2e, 0xff, 0xef, 0xe3,
    0x0, 0x0, 0x0, 0x0, 0x0, 0x0, 0x0, 0x3,
    0xef, 0xf3, 0x2e, 0xff, 0x40, 0x0, 0x0, 0x0,
    0x0, 0x0, 0x0, 0x6f, 0xff, 0x40, 0x2, 0xef,
    0xf8, 0x0, 0x0, 0x0, 0x0, 0x0, 0x1b, 0xff,
    0xe4, 0x0, 0x0, 0x2d, 0xff, 0xc2, 0x0, 0x0,
    0x0, 0x7, 0xff, 0xfd, 0x20, 0x2d, 0xd2, 0x0,
    0xbf, 0xff, 0x80, 0x0, 0x8, 0xef, 0xff, 0x90,
    0x0, 0x3f, 0xf2, 0x0, 0x7, 0xff, 0xfe, 0x70,
    0xb, 0xff, 0xd4, 0x0, 0x0, 0x3f, 0xf2, 0x0,
    0x0, 0x3d, 0xff, 0xc1, 0x1, 0xd7, 0x0, 0x0,
    0x0, 0x3f, 0xf2, 0x0, 0x0, 0x0, 0x6d, 0x20,
    0x0, 0x0, 0x0, 0x0, 0x0, 0x3f, 0xf2, 0x0,
    0x0, 0x0, 0x0, 0x0, 0x0, 0x0, 0x0, 0x0,
    0x0, 0x3f, 0xf2, 0x0, 0x0, 0x0, 0x0, 0x0,
    0x0, 0x0, 0x0, 0x0, 0x0, 0x3f, 0xf2, 0x0,
    0x0, 0x0, 0x0, 0x0, 0x0, 0x0, 0x0, 0x0,
    0x0, 0x3f, 0xf2, 0x0, 0x0, 0x0, 0x0, 0x0,
    0x0, 0x0, 0x0, 0x0, 0x0, 0x3f, 0xf2, 0x0,
    0x0, 0x0, 0x0, 0x0, 0x0, 0x0, 0x0, 0x0,
    0x0, 0x3f, 0xf2, 0x0, 0x0, 0x0, 0x0, 0x0,
    0x0, 0x0, 0x0, 0x0, 0x0, 0x3f, 0xf2, 0x0,
    0x0, 0x0, 0x0, 0x0, 0x0, 0x0, 0x0, 0x0,
    0x0, 0x3f, 0xf2, 0x0, 0x0, 0x0, 0x0, 0x0,
    0x0, 0x0, 0x0, 0x0, 0x0, 0x3f, 0xf2, 0x0,
    0x0, 0x0, 0x0, 0x0, 0x0, 0x0, 0x0, 0x0,
    0x0, 0x3f, 0xf2, 0x0, 0x0, 0x0, 0x0, 0x0,
    0x0, 0x0, 0x0, 0x0, 0x0, 0x3f, 0xf2, 0x0,
    0x0, 0x0, 0x0, 0x0,

    /* U+4E2D "中" */
    0x0, 0x0, 0x0, 0x0, 0x13, 0x30, 0x0, 0x0,
    0x0, 0x0, 0x0, 0x0, 0x0, 0x0, 0x6f, 0xf0,
    0x0, 0x0, 0x0, 0x0, 0x0, 0x0, 0x0, 0x0,
    0x6f, 0xf0, 0x0, 0x0, 0x0, 0x0, 0x0, 0x0,
    0x0, 0x0, 0x6f, 0xf0, 0x0, 0x0, 0x0, 0x0,
    0x0, 0x0, 0x0, 0x0, 0x6f, 0xf0, 0x0, 0x0,
    0x0, 0x0, 0xef, 0xff, 0xff, 0xff, 0xff, 0xff,
    0xff, 0xff, 0xff, 0xf6, 0xef, 0xff, 0xff, 0xff,
    0xff, 0xff, 0xff, 0xff, 0xff, 0xf6, 0xef, 0x73,
    0x33, 0x33, 0x8f, 0xf3, 0x33, 0x33, 0x3f, 0xf6,
    0xef, 0x50, 0x0, 0x0, 0x6f, 0xf0, 0x0, 0x0,
    0xe, 0xf6, 0xef, 0x50, 0x0, 0x0, 0x6f, 0xf0,
    0x0, 0x0, 0xe, 0xf6, 0xef, 0x50, 0x0, 0x0,
    0x6f, 0xf0, 0x0, 0x0, 0xe, 0xf6, 0xef, 0x50,
    0x0, 0x0, 0x6f, 0xf0, 0x0, 0x0, 0xe, 0xf6,
    0xef, 0x50, 0x0, 0x0, 0x6f, 0xf0, 0x0, 0x0,
    0xe, 0xf6, 0xef, 0xff, 0xff, 0xff, 0xff, 0xff,
    0xff, 0xff, 0xff, 0xf6, 0xef, 0xff, 0xff, 0xff,
    0xff, 0xff, 0xff, 0xff, 0xff, 0xf6, 0xef, 0x84,
    0x44, 0x44, 0x9f, 0xf4, 0x44, 0x44, 0x4f, 0xf6,
    0xab, 0x30, 0x0, 0x0, 0x6f, 0xf0, 0x0, 0x0,
    0x8, 0x94, 0x0, 0x0, 0x0, 0x0, 0x6f, 0xf0,
    0x0, 0x0, 0x0, 0x0, 0x0, 0x0, 0x0, 0x0,
    0x6f, 0xf0, 0x0, 0x0, 0x0, 0x0, 0x0, 0x0,
    0x0, 0x0, 0x6f, 0xf0, 0x0, 0x0, 0x0, 0x0,
    0x0, 0x0, 0x0, 0x0, 0x6f, 0xf0, 0x0, 0x0,
    0x0, 0x0, 0x0, 0x0, 0x0, 0x0, 0x6f, 0xf0,
    0x0, 0x0, 0x0, 0x0, 0x0, 0x0, 0x0, 0x0,
    0x6f, 0xf0, 0x0, 0x0, 0x0, 0x0,

    /* U+4E48 "么" */
    0x0, 0x0, 0x0, 0x0, 0x0, 0x0, 0x0, 0x0,
    0x0, 0x0, 0x0, 0x0, 0x0, 0x0, 0x0, 0x1d,
    0xa3, 0x0, 0x0, 0x0, 0x0, 0x0, 0x0, 0x0,
    0x0, 0x0, 0xaf, 0xf4, 0x0, 0x0, 0x0, 0x0,
    0x0, 0x0, 0x0, 0x0, 0x5, 0xff, 0x90, 0x0,
    0x0, 0x0, 0x0, 0x0, 0x0, 0x0, 0x0, 0x2f,
    0xfd, 0x0, 0x0, 0x0, 0x0, 0x0, 0x0, 0x0,
    0x0, 0x1, 0xdf, 0xe2, 0x0, 0x0, 0x23, 0x0,
    0x0, 0x0, 0x0, 0x0, 0xc, 0xff, 0x40, 0x0,
    0x0, 0xdf, 0xb0, 0x0, 0x0, 0x0, 0x0, 0xcf,
    0xf6, 0x0, 0x0, 0xa, 0xff, 0x80, 0x0, 0x0,
    0x0, 0xc, 0xff, 0x70, 0x0, 0x0, 0x6f, 0xfc,
    0x0, 0x0, 0x0, 0x2, 0xdf, 0xf7, 0x0, 0x0,
    0x3, 0xff, 0xe1, 0x0, 0x0, 0x0, 0x4f, 0xff,
    0x70, 0x0, 0x0, 0x1e, 0xff, 0x30, 0x0, 0x0,
    0x0, 0x2e, 0xf5, 0x0, 0x0, 0x0, 0xcf, 0xf5,
    0x0, 0x0, 0x0, 0x0, 0x1, 0x30, 0x0, 0x0,
    0xb, 0xff, 0x70, 0x0, 0x0, 0x0, 0x0, 0x0,
    0x0, 0x0, 0x0, 0x9f, 0xf9, 0x0, 0x3b, 0xb0,
    0x0, 0x0, 0x0, 0x0, 0x0, 0x8, 0xff, 0xa0,
    0x0, 0x5f, 0xf7, 0x0, 0x0, 0x0, 0x0, 0x0,
    0x8f, 0xfa, 0x0, 0x0, 0xa, 0xff, 0x30, 0x0,
    0x0, 0x0, 0x8, 0xff, 0xa0, 0x0, 0x0, 0x0,
    0xef, 0xd0, 0x0, 0x0, 0x0, 0xaf, 0xf9, 0x0,
    0x0, 0x0, 0x0, 0x3f, 0xf9, 0x0, 0x0, 0x2c,
    0xff, 0x92, 0x34, 0x56, 0x89, 0xab, 0xcf, 0xff,
    0x30, 0x5, 0xff, 0xff, 0xff, 0xff, 0xff, 0xff,
    0xff, 0xff, 0xff, 0xd0, 0x2, 0xff, 0xff, 0xff,
    0xff, 0xed, 0xca, 0x98, 0x65, 0x8f, 0xf5, 0x0,
    0x98, 0x65, 0x32, 0x10, 0x0, 0x0, 0x0, 0x0,
    0xd, 0xf9, 0x0, 0x0, 0x0, 0x0, 0x0, 0x0,
    0x0, 0x0, 0x0, 0x4, 0x40,

    /* U+4E5F "也" */
    0x0, 0x0, 0x0, 0x0, 0x0, 0x0, 0x0, 0x0,
    0x0, 0x0, 0x0, 0x0, 0x0, 0x0, 0x0, 0x0,
    0x0, 0x4f, 0xe0, 0x0, 0x0, 0x0, 0x0, 0x0,
    0x0, 0x1, 0x10, 0x0, 0x4, 0xfe, 0x0, 0x0,
    0x0, 0x0, 0x0, 0x0, 0x0, 0xff, 0x20, 0x0,
    0x4f, 0xe0, 0x0, 0x0, 0x0, 0x0, 0x0, 0x0,
    0xf, 0xf2, 0x0, 0x4, 0xfe, 0x0, 0x0, 0x1,
    0x0, 0x0, 0x0, 0x0, 0xff, 0x20, 0x0, 0x4f,
    0xe0, 0x1, 0x5a, 0xfd, 0x10, 0x0, 0x0, 0xf,
    0xf2, 0x0, 0x4, 0xff, 0x6b, 0xff, 0xff, 0xf1,
    0x0, 0x0, 0x0, 0xff, 0x20, 0x3, 0xaf, 0xff,
    0xff, 0xc9, 0xff, 0x0, 0x0, 0x0, 0xf, 0xf7,
    0x9e, 0xff, 0xff, 0xb6, 0x10, 0x2f, 0xf0, 0x0,
    0x0, 0x17, 0xff, 0xff, 0xfe, 0xcf, 0xe0, 0x0,
    0x3, 0xff, 0x0, 0x18, 0xcf, 0xff, 0xfd, 0x84,
    0x4, 0xfe, 0x0, 0x0, 0x4f, 0xe0, 0x2, 0xff,
    0xfc, 0xff, 0x20, 0x0, 0x4f, 0xe0, 0x0, 0x5,
    0xfd, 0x0, 0x9, 0x61, 0xf, 0xf2, 0x0, 0x4,
    0xfe, 0x0, 0x0, 0x7f, 0xb0, 0x0, 0x0, 0x0,
    0xff, 0x20, 0x0, 0x4f, 0xe0, 0x0, 0xa, 0xf9,
    0x0, 0x0, 0x0, 0xf, 0xf2, 0x0, 0x4, 0xfe,
    0x7, 0x78, 0xff, 0x40, 0x0, 0x0, 0x0, 0xff,
    0x20, 0x0, 0x4f, 0xe0, 0xbf, 0xff, 0xb0, 0x0,
    0x0, 0x0, 0xf, 0xf2, 0x0, 0x4, 0xfe, 0x4,
    0x87, 0x40, 0x12, 0x0, 0x0, 0x0, 0xff, 0x20,
    0x0, 0x4e, 0xd0, 0x0, 0x0, 0x4, 0xfa, 0x0,
    0x0, 0xf, 0xf2, 0x0, 0x0, 0x0, 0x0, 0x0,
    0x0, 0x6f, 0xc0, 0x0, 0x0, 0xff, 0x30, 0x0,
    0x0, 0x0, 0x0, 0x0, 0xb, 0xf9, 0x0, 0x0,
    0xd, 0xfb, 0x21, 0x0, 0x0, 0x0, 0x1, 0x27,
    0xff, 0x50, 0x0, 0x0, 0x6f, 0xff, 0xff, 0xff,
    0xff, 0xff, 0xff, 0xff, 0xd0, 0x0, 0x0, 0x0,
    0x5c, 0xef, 0xff, 0xff, 0xff, 0xff, 0xfd, 0x90,
    0x0,

    /* U+4E86 "了" */
    0x34, 0x44, 0x44, 0x44, 0x44, 0x44, 0x44, 0x44,
    0x45, 0x10, 0xbf, 0xff, 0xff, 0xff, 0xff, 0xff,
    0xff, 0xff, 0xff, 0xe3, 0xaf, 0xff, 0xff, 0xff,
    0xff, 0xff, 0xff, 0xff, 0xff, 0xe2, 0x0, 0x0,
    0x0, 0x0, 0x0, 0x0, 0x0, 0x8f, 0xfd, 0x20,
    0x0, 0x0, 0x0, 0x0, 0x0, 0x0, 0x1b, 0xff,
    0xc1, 0x0, 0x0, 0x0, 0x0, 0x0, 0x0, 0x4,
    0xef, 0xf9, 0x0, 0x0, 0x0, 0x0, 0x0, 0x0,
    0x1, 0xaf, 0xfd, 0x40, 0x0, 0x0, 0x0, 0x0,
    0x0, 0x0, 0xf, 0xff, 0x90, 0x0, 0x0, 0x0,
    0x0, 0x0, 0x0, 0x0, 0x1f, 0xf6, 0x0, 0x0,
    0x0, 0x0, 0x0, 0x0, 0x0, 0x0, 0x1f, 0xf4,
    0x0, 0x0, 0x0, 0x0, 0x0, 0x0, 0x0, 0x0,
    0x1f, 0xf4, 0x0, 0x0, 0x0, 0x0, 0x0, 0x0,
    0x0, 0x0, 0x1f, 0xf4, 0x0, 0x0, 0x0, 0x0,
    0x0, 0x0, 0x0, 0x0, 0x1f, 0xf4, 0x0, 0x0,
    0x0, 0x0, 0x0, 0x0, 0x0, 0x0, 0x1f, 0xf4,
    0x0, 0x0, 0x0, 0x0, 0x0, 0x0, 0x0, 0x0,
    0x1f, 0xf4, 0x0, 0x0, 0x0, 0x0, 0x0, 0x0,
    0x0, 0x0, 0x1f, 0xf4, 0x0, 0x0, 0x0, 0x0,
    0x0, 0x0, 0x0, 0x0, 0x1f, 0xf4, 0x0, 0x0,
    0x0, 0x0, 0x0, 0x0, 0x0, 0x0, 0x1f, 0xf4,
    0x0, 0x0, 0x0, 0x0, 0x0, 0x0, 0x44, 0x33,
    0x6f, 0xf4, 0x0, 0x0, 0x0, 0x0, 0x0, 0x0,
    0xbf, 0xff, 0xff, 0xf1, 0x0, 0x0, 0x0, 0x0,
    0x0, 0x0, 0x5f, 0xff, 0xda, 0x30, 0x0, 0x0,
    0x0, 0x0,

    /* U+4EAE "亮" */
    0x0, 0x0, 0x0, 0x0, 0x0, 0x12, 0x0, 0x0,
    0x0, 0x0, 0x0, 0x0, 0x0, 0x0, 0x0, 0x9,
    0xfd, 0x0, 0x0, 0x0, 0x0, 0x0, 0x0, 0x0,
    0x0, 0x0, 0x4, 0xff, 0x50, 0x0, 0x0, 0x0,
    0x0, 0xef, 0xff, 0xff, 0xff, 0xff, 0xff, 0xff,
    0xff, 0xff, 0xff, 0xf6, 0xcd, 0xdd, 0xdd, 0xdd,
    0xdd, 0xdd, 0xdd, 0xdd, 0xdd, 0xdd, 0xd6, 0x0,
    0x0, 0x0, 0x0, 0x0, 0x0, 0x0, 0x0, 0x0,
    0x0, 0x0, 0x0, 0x6, 0xff, 0xff, 0xff, 0xff,
    0xff, 0xff, 0xff, 0x30, 0x0, 0x0, 0x6, 0xff,
    0x88, 0x88, 0x88, 0x88, 0x88, 0xff, 0x30, 0x0,
    0x0, 0x6, 0xff, 0x0, 0x0, 0x0, 0x0, 0x1,
    0xff, 0x30, 0x0, 0x0, 0x6, 0xff, 0x99, 0x99,
    0x99, 0x99, 0x9a, 0xff, 0x30, 0x0, 0x0, 0x5,
    0xff, 0xff, 0xff, 0xff, 0xff, 0xff, 0xff, 0x30,
    0x0, 0x0, 0x0, 0x0, 0x0, 0x0, 0x0, 0x0,
    0x0, 0x0, 0x0, 0x0, 0x8f, 0xff, 0xff, 0xff,
    0xff, 0xff, 0xff, 0xff, 0xff, 0xff, 0xf1, 0x8f,
    0xec, 0xcc, 0xcc, 0xcc, 0xcc, 0xcc, 0xcc, 0xcc,
    0xdf, 0xf1, 0x8f, 0xa0, 0x0, 0x0, 0x0, 0x0,
    0x0, 0x0, 0x0, 0x2f, 0xf1, 0x8f, 0xa0, 0x0,
    0xdd, 0xdd, 0xdd, 0xdd, 0xda, 0x0, 0x2f, 0xf1,
    0x24, 0x30, 0x2, 0xff, 0xff, 0xff, 0xff, 0xfc,
    0x0, 0x4, 0x40, 0x0, 0x0, 0x4, 0xff, 0x10,
    0x0, 0x9, 0xfc, 0x0, 0x0, 0x0, 0x0, 0x0,
    0xa, 0xfc, 0x0, 0x0, 0x9, 0xfc, 0x0, 0x5,
    0x30, 0x0, 0x0, 0x3f, 0xf7, 0x0, 0x0, 0x9,
    0xfc, 0x0, 0x9, 0xf6, 0x0, 0x28, 0xff, 0xc0,
    0x0, 0x0, 0x8, 0xfd, 0x0, 0xc, 0xf4, 0x7d,
    0xff, 0xfb, 0x10, 0x0, 0x0, 0x6, 0xff, 0xff,
    0xff, 0xf1, 0x3f, 0xfc, 0x50, 0x0, 0x0, 0x0,
    0x0, 0xae, 0xff, 0xfe, 0x60, 0x4, 0x10, 0x0,
    0x0, 0x0, 0x0, 0x0, 0x0, 0x0, 0x0, 0x0,

    /* U+4EC0 "什" */
    0x0, 0x0, 0x0, 0x0, 0x0, 0x0, 0x0, 0x0,
    0x0, 0x0, 0x0, 0x0, 0x0, 0x0, 0xc, 0xd5,
    0x0, 0x0, 0xa, 0xfa, 0x0, 0x0, 0x0, 0x0,
    0x0, 0x3, 0xff, 0x30, 0x0, 0x0, 0xaf, 0xa0,
    0x0, 0x0, 0x0, 0x0, 0x0, 0xaf, 0xb0, 0x0,
    0x0, 0xa, 0xfa, 0x0, 0x0, 0x0, 0x0, 0x0,
    0x3f, 0xf3, 0x0, 0x0, 0x0, 0xaf, 0xa0, 0x0,
    0x0, 0x0, 0x0, 0xc, 0xfb, 0x0, 0x0, 0x0,
    0xa, 0xfa, 0x0, 0x0, 0x0, 0x0, 0x6, 0xff,
    0x50, 0x0, 0x0, 0x0, 0xaf, 0xa0, 0x0, 0x0,
    0x0, 0x2, 0xff, 0xf4, 0x0, 0x0, 0x0, 0xa,
    0xfa, 0x0, 0x0, 0x0, 0x0, 0xcf, 0xff, 0x40,
    0x11, 0x11, 0x11, 0xbf, 0xb1, 0x11, 0x11, 0x10,
    0xbf, 0xff, 0xf4, 0x2f, 0xff, 0xff, 0xff, 0xff,
    0xff, 0xff, 0xfe, 0x3f, 0xf8, 0xef, 0x42, 0xff,
    0xff, 0xff, 0xff, 0xff, 0xff, 0xff, 0xe0, 0xbb,
    0xe, 0xf4, 0x2, 0x22, 0x22, 0x2b, 0xfb, 0x22,
    0x22, 0x22, 0x2, 0x10, 0xef, 0x40, 0x0, 0x0,
    0x0, 0xaf, 0xa0, 0x0, 0x0, 0x0, 0x0, 0xe,
    0xf4, 0x0, 0x0, 0x0, 0xa, 0xfa, 0x0, 0x0,
    0x0, 0x0, 0x0, 0xef, 0x40, 0x0, 0x0, 0x0,
    0xaf, 0xa0, 0x0, 0x0, 0x0, 0x0, 0xe, 0xf4,
    0x0, 0x0, 0x0, 0xa, 0xfa, 0x0, 0x0, 0x0,
    0x0, 0x0, 0xef, 0x40, 0x0, 0x0, 0x0, 0xaf,
    0xa0, 0x0, 0x0, 0x0, 0x0, 0xe, 0xf4, 0x0,
    0x0, 0x0, 0xa, 0xfa, 0x0, 0x0, 0x0, 0x0,
    0x0, 0xef, 0x40, 0x0, 0x0, 0x0, 0xaf, 0xa0,
    0x0, 0x0, 0x0, 0x0, 0xe, 0xf4, 0x0, 0x0,
    0x0, 0xa, 0xfa, 0x0, 0x0, 0x0, 0x0, 0x0,
    0xef, 0x40, 0x0, 0x0, 0x0, 0xaf, 0xa0, 0x0,
    0x0, 0x0, 0x0, 0xe, 0xf4, 0x0, 0x0, 0x0,
    0xa, 0xfa, 0x0, 0x0, 0x0, 0x0, 0x0, 0xef,
    0x40, 0x0, 0x0, 0x0, 0xaf, 0xa0, 0x0, 0x0,
    0x0, 0x0, 0x0, 0x0, 0x0, 0x0, 0x0, 0x0,
    0x0, 0x0, 0x0, 0x0,

    /* U+4ECA "今" */
    0x0, 0x0, 0x0, 0x0, 0x0, 0x1, 0x0, 0x0,
    0x0, 0x0, 0x0, 0x0, 0x0, 0x0, 0x0, 0x0,
    0x0, 0x1d, 0xe6, 0x0, 0x0, 0x0, 0x0, 0x0,
    0x0, 0x0, 0x0, 0x0, 0x0, 0xbf, 0xfb, 0x0,
    0x0, 0x0, 0x0, 0x0, 0x0, 0x0, 0x0, 0x0,
    0x9, 0xff, 0xff, 0x90, 0x0, 0x0, 0x0, 0x0,
    0x0, 0x0, 0x0, 0x0, 0xaf, 0xfb, 0x8f, 0xfa,
    0x0, 0x0, 0x0, 0x0, 0x0, 0x0, 0x0, 0xb,
    0xff, 0xa0, 0x7, 0xff, 0xc2, 0x0, 0x0, 0x0,
    0x0, 0x0, 0x3, 0xdf, 0xf9, 0x0, 0x0, 0x7f,
    0xff, 0x60, 0x0, 0x0, 0x0, 0x0, 0x8f, 0xff,
    0x80, 0x73, 0x0, 0x4, 0xff, 0xfb, 0x20, 0x0,
    0x0, 0x6e, 0xff, 0xf6, 0x6, 0xff, 0x70, 0x0,
    0x2d, 0xff, 0xf9, 0x10, 0xd, 0xff, 0xfc, 0x20,
    0x0, 0xaf, 0xfb, 0x0, 0x0, 0x8f, 0xff, 0xe0,
    0x5, 0xfe, 0x60, 0x0, 0x0, 0x7, 0xff, 0xd1,
    0x0, 0x3, 0xcf, 0x30, 0x0, 0x51, 0x0, 0x0,
    0x0, 0x0, 0x5f, 0xd1, 0x0, 0x0, 0x2, 0x0,
    0x0, 0x1, 0x55, 0x55, 0x55, 0x55, 0x59, 0x75,
    0x55, 0x54, 0x0, 0x0, 0x0, 0x3, 0xff, 0xff,
    0xff, 0xff, 0xff, 0xff, 0xff, 0xff, 0x90, 0x0,
    0x0, 0x3, 0xff, 0xff, 0xff, 0xff, 0xff, 0xff,
    0xff, 0xfe, 0x20, 0x0, 0x0, 0x0, 0x0, 0x0,
    0x0, 0x0, 0x0, 0x0, 0xaf, 0xf5, 0x0, 0x0,
    0x0, 0x0, 0x0, 0x0, 0x0, 0x0, 0x0, 0x7,
    0xff, 0x80, 0x0, 0x0, 0x0, 0x0, 0x0, 0x0,
    0x0, 0x0, 0x0, 0x4f, 0xfc, 0x0, 0x0, 0x0,
    0x0, 0x0, 0x0, 0x0, 0x0, 0x0, 0x2, 0xef,
    0xe1, 0x0, 0x0, 0x0, 0x0, 0x0, 0x0, 0x0,
    0x0, 0x0, 0xd, 0xff, 0x30, 0x0, 0x0, 0x0,
    0x0, 0x0, 0x0, 0x0, 0x0, 0x0, 0xbf, 0xf6,
    0x0, 0x0, 0x0, 0x0, 0x0, 0x0, 0x0, 0x0,
    0x0, 0x9, 0xff, 0x90, 0x0, 0x0, 0x0, 0x0,
    0x0, 0x0, 0x0, 0x0, 0x0, 0x8, 0xec, 0x0,
    0x0, 0x0, 0x0, 0x0, 0x0, 0x0, 0x0, 0x0,
    0x0, 0x0, 0x1, 0x0, 0x0, 0x0, 0x0, 0x0,

    /* U+4ECE "从" */
    0x0, 0x0, 0x0, 0xcc, 0x50, 0x0, 0x0, 0xa,
    0xc8, 0x0, 0x0, 0x0, 0x0, 0x0, 0x1, 0xff,
    0x60, 0x0, 0x0, 0xd, 0xfa, 0x0, 0x0, 0x0,
    0x0, 0x0, 0x2, 0xff, 0x50, 0x0, 0x0, 0xf,
    0xf9, 0x0, 0x0, 0x0, 0x0, 0x0, 0x3, 0xff,
    0x40, 0x0, 0x0, 0xf, 0xf7, 0x0, 0x0, 0x0,
    0x0, 0x0, 0x4, 0xff, 0x30, 0x0, 0x0, 0x1f,
    0xf6, 0x0, 0x0, 0x0, 0x0, 0x0, 0x5, 0xff,
    0x10, 0x0, 0x0, 0x3f, 0xf4, 0x0, 0x0, 0x0,
    0x0, 0x0, 0x6, 0xff, 0x0, 0x0, 0x0, 0x4f,
    0xf2, 0x0, 0x0, 0x0, 0x0, 0x0, 0x9, 0xfe,
    0x0, 0x0, 0x0, 0x7f, 0xf0, 0x0, 0x0, 0x0,
    0x0, 0x0, 0xb, 0xff, 0x40, 0x0, 0x0, 0xaf,
    0xf1, 0x0, 0x0, 0x0, 0x0, 0x0, 0xe, 0xff,
    0xe2, 0x0, 0x0, 0xdf, 0xf5, 0x0, 0x0, 0x0,
    0x0, 0x0, 0xf, 0xff, 0xfd, 0x0, 0x0, 0xff,
    0xf9, 0x0, 0x0, 0x0, 0x0, 0x0, 0x2f, 0xf8,
    0xff, 0x90, 0x3, 0xff, 0xfe, 0x0, 0x0, 0x0,
    0x0, 0x0, 0x6f, 0xf1, 0x7f, 0xf4, 0x7, 0xff,
    0xff, 0x40, 0x0, 0x0, 0x0, 0x0, 0xbf, 0xe0,
    0xc, 0xfd, 0xc, 0xfd, 0xaf, 0xb0, 0x0, 0x0,
    0x0, 0x1, 0xff, 0xa0, 0x2, 0xff, 0x5f, 0xf8,
    0x4f, 0xf2, 0x0, 0x0, 0x0, 0x6, 0xff, 0x50,
    0x0, 0x95, 0x9f, 0xf2, 0xd, 0xfb, 0x0, 0x0,
    0x0, 0xb, 0xff, 0x0, 0x0, 0x1, 0xff, 0xb0,
    0x5, 0xff, 0x50, 0x0, 0x0, 0x3f, 0xf9, 0x0,
    0x0, 0xb, 0xff, 0x40, 0x0, 0xdf, 0xe2, 0x0,
    0x0, 0xcf, 0xf2, 0x0, 0x0, 0x6f, 0xfb, 0x0,
    0x0, 0x3f, 0xfe, 0x20, 0x8, 0xff, 0xa0, 0x0,
    0x5, 0xff, 0xf2, 0x0, 0x0, 0x8, 0xff, 0xe0,
    0xc, 0xfe, 0x10, 0x0, 0xa, 0xff, 0x50, 0x0,
    0x0, 0x0, 0xaf, 0x50, 0x0, 0x85, 0x0, 0x0,
    0x0, 0x67, 0x0, 0x0, 0x0, 0x0, 0x5, 0x0,

    /* U+4F0F "伏" */
    0x0, 0x0, 0x0, 0x10, 0x0, 0x0, 0x0, 0x22,
    0x0, 0x0, 0x0, 0x0, 0x0, 0x0, 0x0, 0xdd,
    0x40, 0x0, 0x4, 0xff, 0x0, 0x23, 0x0, 0x0,
    0x0, 0x0, 0x4, 0xff, 0x20, 0x0, 0x4, 0xff,
    0x3, 0xfe, 0x20, 0x0, 0x0, 0x0, 0xb, 0xfa,
    0x0, 0x0, 0x4, 0xff, 0x0, 0xbf, 0xc0, 0x0,
    0x0, 0x0, 0x4f, 0xf2, 0x0, 0x0, 0x4, 0xff,
    0x0, 0x1e, 0xf7, 0x0, 0x0, 0x0, 0xdf, 0xa0,
    0x0, 0x0, 0x4, 0xff, 0x0, 0x6, 0xfd, 0x0,
    0x0, 0x7, 0xff, 0x40, 0x0, 0x0, 0x4, 0xff,
    0x0, 0x0, 0x70, 0x0, 0x0, 0x2f, 0xff, 0x21,
    0x44, 0x44, 0x48, 0xff, 0x54, 0x44, 0x44, 0x40,
    0x0, 0xdf, 0xff, 0x25, 0xff, 0xff, 0xff, 0xff,
    0xff, 0xff, 0xff, 0xe0, 0xb, 0xff, 0xff, 0x25,
    0xff, 0xff, 0xff, 0xff, 0xff, 0xff, 0xff, 0xe0,
    0x3f, 0xfa, 0xff, 0x20, 0x0, 0x0, 0x8, 0xff,
    0x70, 0x0, 0x0, 0x0, 0xb, 0xb1, 0xff, 0x20,
    0x0, 0x0, 0xb, 0xff, 0xc0, 0x0, 0x0, 0x0,
    0x2, 0x11, 0xff, 0x20, 0x0, 0x0, 0xe, 0xff,
    0xf1, 0x0, 0x0, 0x0, 0x0, 0x1, 0xff, 0x20,
    0x0, 0x0, 0x3f, 0xff, 0xf6, 0x0, 0x0, 0x0,
    0x0, 0x1, 0xff, 0x20, 0x0, 0x0, 0x8f, 0xf7,
    0xfd, 0x0, 0x0, 0x0, 0x0, 0x1, 0xff, 0x20,
    0x0, 0x0, 0xef, 0xa1, 0xff, 0x50, 0x0, 0x0,
    0x0, 0x1, 0xff, 0x20, 0x0, 0x7, 0xff, 0x30,
    0xaf, 0xd0, 0x0, 0x0, 0x0, 0x1, 0xff, 0x20,
    0x0, 0x2f, 0xfb, 0x0, 0x2f, 0xf9, 0x0, 0x0,
    0x0, 0x1, 0xff, 0x20, 0x0, 0xbf, 0xf3, 0x0,
    0x8, 0xff, 0x60, 0x0, 0x0, 0x1, 0xff, 0x20,
    0x8, 0xff, 0x70, 0x0, 0x0, 0xdf, 0xf6, 0x0,
    0x0, 0x1, 0xff, 0x20, 0x8f, 0xfb, 0x0, 0x0,
    0x0, 0x2f, 0xff, 0x90, 0x0, 0x1, 0xff, 0x26,
    0xff, 0xb0, 0x0, 0x0, 0x0, 0x4, 0xef, 0xc0,
    0x0, 0x1, 0xff, 0x20, 0x8b, 0x0, 0x0, 0x0,
    0x0, 0x0, 0x2b, 0x10, 0x0, 0x0, 0x0, 0x0,
    0x0, 0x0, 0x0, 0x0, 0x0, 0x0, 0x0, 0x0,

    /* U+4F11 "休" */
    0x0, 0x0, 0x0, 0x0, 0x0, 0x0, 0x0, 0x0,
    0x0, 0x0, 0x0, 0x0, 0x0, 0x0, 0x0, 0x8d,
    0x80, 0x0, 0x0, 0xee, 0x30, 0x0, 0x0, 0x0,
    0x0, 0x0, 0x1, 0xff, 0x80, 0x0, 0x0, 0xff,
    0x30, 0x0, 0x0, 0x0, 0x0, 0x0, 0x7, 0xfe,
    0x10, 0x0, 0x0, 0xff, 0x30, 0x0, 0x0, 0x0,
    0x0, 0x0, 0x1f, 0xf7, 0x0, 0x0, 0x0, 0xff,
    0x30, 0x0, 0x0, 0x0, 0x0, 0x0, 0xaf, 0xe0,
    0x0, 0x0, 0x0, 0xff, 0x30, 0x0, 0x0, 0x0,
    0x0, 0x5, 0xff, 0x72, 0x33, 0x33, 0x34, 0xff,
    0x63, 0x33, 0x33, 0x30, 0x0, 0x2f, 0xff, 0x48,
    0xff, 0xff, 0xff, 0xff, 0xff, 0xff, 0xff, 0xe0,
    0x1, 0xdf, 0xff, 0x47, 0xff, 0xff, 0xff, 0xff,
    0xff, 0xff, 0xff, 0xe0, 0x1c, 0xff, 0xff, 0x40,
    0x0, 0x0, 0x4f, 0xff, 0xfa, 0x0, 0x0, 0x0,
    0x8f, 0xf9, 0xef, 0x40, 0x0, 0x0, 0xcf, 0xff,
    0xff, 0x20, 0x0, 0x0, 0x1f, 0xb0, 0xef, 0x40,
    0x0, 0x3, 0xff, 0xff, 0xdf, 0x90, 0x0, 0x0,
    0x5, 0x0, 0xef, 0x40, 0x0, 0xc, 0xf9, 0xff,
    0x5f, 0xf2, 0x0, 0x0, 0x0, 0x0, 0xef, 0x40,
    0x0, 0x6f, 0xf1, 0xff, 0x39, 0xfb, 0x0, 0x0,
    0x0, 0x0, 0xef, 0x40, 0x2, 0xef, 0x70, 0xff,
    0x31, 0xff, 0x50, 0x0, 0x0, 0x0, 0xef, 0x40,
    0xc, 0xfd, 0x0, 0xff, 0x30, 0x8f, 0xf2, 0x0,
    0x0, 0x0, 0xef, 0x40, 0xaf, 0xf5, 0x0, 0xff,
    0x30, 0xe, 0xfd, 0x0, 0x0, 0x0, 0xef, 0x5a,
    0xff, 0x90, 0x0, 0xff, 0x30, 0x4, 0xff, 0xc1,
    0x0, 0x0, 0xef, 0x9f, 0xfc, 0x0, 0x0, 0xff,
    0x30, 0x0, 0x7f, 0xf4, 0x0, 0x0, 0xef, 0x46,
    0xc0, 0x0, 0x0, 0xff, 0x30, 0x0, 0x9, 0x50,
    0x0, 0x0, 0xef, 0x40, 0x0, 0x0, 0x0, 0xff,
    0x30, 0x0, 0x0, 0x0, 0x0, 0x0, 0xef, 0x40,
    0x0, 0x0, 0x0, 0xff, 0x30, 0x0, 0x0, 0x0,
    0x0, 0x0, 0xef, 0x40, 0x0, 0x0, 0x0, 0xff,
    0x30, 0x0, 0x0, 0x0,

    /* U+4F1A "会" */
    0x0, 0x0, 0x0, 0x0, 0x0, 0x0, 0x20, 0x0,
    0x0, 0x0, 0x0, 0x0, 0x0, 0x0, 0x0, 0x0,
    0x0, 0xb, 0xfa, 0x0, 0x0, 0x0, 0x0, 0x0,
    0x0, 0x0, 0x0, 0x0, 0x0, 0x9f, 0xf9, 0x0,
    0x0, 0x0, 0x0, 0x0, 0x0, 0x0, 0x0, 0x0,
    0x9, 0xff, 0xff, 0x60, 0x0, 0x0, 0x0, 0x0,
    0x0, 0x0, 0x0, 0x1, 0xcf, 0xf9, 0x7f, 0xfa,
    0x10, 0x0, 0x0, 0x0, 0x0, 0x0, 0x0, 0x5e,
    0xff, 0x80, 0x5, 0xff, 0xe4, 0x0, 0x0, 0x0,
    0x0, 0x0, 0x2b, 0xff, 0xf6, 0x0, 0x0, 0x3d,
    0xff, 0xb3, 0x0, 0x0, 0x0, 0x19, 0xff, 0xfd,
    0x20, 0x0, 0x0, 0x0, 0x9f, 0xff, 0xb4, 0x0,
    0x9, 0xff, 0xff, 0xef, 0xff, 0xff, 0xff, 0xff,
    0xfd, 0xdf, 0xff, 0xd0, 0x6, 0xff, 0x91, 0xaf,
    0xff, 0xff, 0xff, 0xff, 0xfb, 0x5, 0xdf, 0x50,
    0x0, 0x72, 0x0, 0x12, 0x22, 0x22, 0x22, 0x22,
    0x21, 0x0, 0x3, 0x0, 0x0, 0x0, 0x0, 0x0,
    0x0, 0x0, 0x0, 0x0, 0x0, 0x0, 0x0, 0x0,
    0x0, 0x44, 0x44, 0x44, 0x44, 0x44, 0x44, 0x44,
    0x44, 0x44, 0x44, 0x0, 0x0, 0xef, 0xff, 0xff,
    0xff, 0xff, 0xff, 0xff, 0xff, 0xff, 0xff, 0x0,
    0x0, 0xdf, 0xff, 0xff, 0xff, 0xff, 0xff, 0xff,
    0xff, 0xff, 0xff, 0x0, 0x0, 0x0, 0x0, 0x1,
    0xdf, 0xf3, 0x0, 0x0, 0x50, 0x0, 0x0, 0x0,
    0x0, 0x0, 0x0, 0xc, 0xff, 0x50, 0x0, 0x2e,
    0xf8, 0x0, 0x0, 0x0, 0x0, 0x0, 0x0, 0xaf,
    0xf7, 0x0, 0x0, 0x7, 0xff, 0x80, 0x0, 0x0,
    0x0, 0x0, 0x9, 0xff, 0x80, 0x0, 0x0, 0x0,
    0x7f, 0xf7, 0x0, 0x0, 0x0, 0x1, 0xbf, 0xfb,
    0x45, 0x78, 0x9a, 0xbc, 0xdf, 0xff, 0x50, 0x0,
    0x0, 0xd, 0xff, 0xff, 0xff, 0xff, 0xff, 0xff,
    0xff, 0xff, 0xf2, 0x0, 0x0, 0x8, 0xff, 0xff,
    0xec, 0xba, 0x97, 0x65, 0x42, 0x2f, 0xfb, 0x0,
    0x0, 0x2, 0x52, 0x10, 0x0, 0x0, 0x0, 0x0,
    0x0, 0x6, 0xa1, 0x0,

    /* U+4F20 "传" */
    0x0, 0x0, 0x0, 0x30, 0x0, 0x0, 0x2, 0x20,
    0x0, 0x0, 0x0, 0x0, 0x0, 0x0, 0x2, 0xff,
    0x20, 0x0, 0x9, 0xfb, 0x0, 0x0, 0x0, 0x0,
    0x0, 0x0, 0x9, 0xfc, 0x0, 0x0, 0xd, 0xf7,
    0x0, 0x0, 0x0, 0x0, 0x0, 0x0, 0x1f, 0xf4,
    0x6c, 0xcc, 0xcf, 0xfd, 0xcc, 0xcc, 0xcb, 0x0,
    0x0, 0x0, 0x8f, 0xd0, 0x8f, 0xff, 0xff, 0xff,
    0xff, 0xff, 0xfe, 0x0, 0x0, 0x1, 0xff, 0x60,
    0x24, 0x44, 0xbf, 0xc4, 0x44, 0x44, 0x44, 0x0,
    0x0, 0xb, 0xff, 0x0, 0x0, 0x0, 0xdf, 0x60,
    0x0, 0x0, 0x0, 0x0, 0x0, 0x6f, 0xfe, 0x0,
    0x0, 0x2, 0xff, 0x30, 0x0, 0x0, 0x0, 0x0,
    0x2, 0xff, 0xfe, 0xe, 0xff, 0xff, 0xff, 0xff,
    0xff, 0xff, 0xff, 0xf1, 0x1d, 0xff, 0xfe, 0xe,
    0xff, 0xff, 0xff, 0xff, 0xff, 0xff, 0xff, 0xf1,
    0x5f, 0xfa, 0xfe, 0x0, 0x0, 0x1f, 0xf6, 0x0,
    0x0, 0x0, 0x0, 0x0, 0xd, 0x94, 0xfe, 0x0,
    0x0, 0x4f, 0xf1, 0x0, 0x0, 0x0, 0x0, 0x0,
    0x4, 0x4, 0xfe, 0x0, 0x0, 0x8f, 0xe3, 0x33,
    0x33, 0x33, 0x30, 0x0, 0x0, 0x4, 0xfe, 0x0,
    0x0, 0xdf, 0xff, 0xff, 0xff, 0xff, 0xfa, 0x0,
    0x0, 0x4, 0xfe, 0x0, 0x2, 0xdd, 0xdd, 0xdd,
    0xde, 0xff, 0xf4, 0x0, 0x0, 0x4, 0xfe, 0x0,
    0x0, 0x0, 0x0, 0x0, 0x8, 0xff, 0x50, 0x0,
    0x0, 0x4, 0xfe, 0x0, 0x0, 0x0, 0x0, 0x0,
    0x7f, 0xf6, 0x0, 0x0, 0x0, 0x4, 0xfe, 0x0,
    0x0, 0x2, 0xda, 0x16, 0xff, 0x70, 0x0, 0x0,
    0x0, 0x4, 0xfe, 0x0, 0x0, 0x6, 0xff, 0xff,
    0xf8, 0x0, 0x0, 0x0, 0x0, 0x4, 0xfe, 0x0,
    0x0, 0x0, 0x2c, 0xff, 0xe1, 0x0, 0x0, 0x0,
    0x0, 0x4, 0xfe, 0x0, 0x0, 0x0, 0x0, 0x8f,
    0xfe, 0x30, 0x0, 0x0, 0x0, 0x4, 0xfe, 0x0,
    0x0, 0x0, 0x0, 0x4, 0xef, 0xe0, 0x0, 0x0,
    0x0, 0x4, 0xfe, 0x0, 0x0, 0x0, 0x0, 0x0,
    0x2d, 0x30, 0x0, 0x0, 0x0, 0x0, 0x0, 0x0,
    0x0, 0x0, 0x0, 0x0, 0x0, 0x0, 0x0, 0x0,

    /* U+4F4D "位" */
    0x0, 0x0, 0x0, 0x0, 0x0, 0x0, 0x0, 0x35,
    0x0, 0x0, 0x0, 0x0, 0x0, 0x0, 0xb, 0xd5,
    0x0, 0x0, 0x5f, 0xf0, 0x0, 0x0, 0x0, 0x0,
    0x0, 0x2, 0xff, 0x30, 0x0, 0x0, 0xff, 0x50,
    0x0, 0x0, 0x0, 0x0, 0x0, 0x9f, 0xc0, 0x0,
    0x0, 0xb, 0xfa, 0x0, 0x0, 0x0, 0x0, 0x0,
    0x2f, 0xf4, 0x0, 0x0, 0x0, 0x6a, 0x40, 0x0,
    0x0, 0x0, 0x0, 0xa, 0xfd, 0x3, 0xff, 0xff,
    0xff, 0xff, 0xff, 0xff, 0xf0, 0x0, 0x4, 0xff,
    0x60, 0x3f, 0xff, 0xff, 0xff, 0xff, 0xff, 0xff,
    0x0, 0x1, 0xef, 0xf5, 0x0, 0x22, 0x22, 0x22,
    0x22, 0x22, 0x22, 0x20, 0x0, 0xbf, 0xff, 0x50,
    0x0, 0x37, 0x40, 0x0, 0x0, 0x7a, 0x60, 0x0,
    0x9f, 0xff, 0xf5, 0x0, 0x9, 0xf9, 0x0, 0x0,
    0xc, 0xf9, 0x0, 0xe, 0xfb, 0xef, 0x50, 0x0,
    0x6f, 0xc0, 0x0, 0x0, 0xef, 0x60, 0x0, 0x6d,
    0xe, 0xf5, 0x0, 0x3, 0xff, 0x0, 0x0, 0xf,
    0xf3, 0x0, 0x0, 0x20, 0xef, 0x50, 0x0, 0xf,
    0xf2, 0x0, 0x3, 0xff, 0x0, 0x0, 0x0, 0xe,
    0xf5, 0x0, 0x0, 0xdf, 0x60, 0x0, 0x6f, 0xd0,
    0x0, 0x0, 0x0, 0xef, 0x50, 0x0, 0xb, 0xf8,
    0x0, 0x8, 0xfa, 0x0, 0x0, 0x0, 0xe, 0xf5,
    0x0, 0x0, 0x9f, 0xb0, 0x0, 0xcf, 0x60, 0x0,
    0x0, 0x0, 0xef, 0x50, 0x0, 0x6, 0xfd, 0x0,
    0xf, 0xf2, 0x0, 0x0, 0x0, 0xe, 0xf5, 0x0,
    0x0, 0x5f, 0xf0, 0x2, 0xff, 0x0, 0x0, 0x0,
    0x0, 0xef, 0x50, 0x0, 0x3, 0xb7, 0x0, 0x6f,
    0xb0, 0x0, 0x0, 0x0, 0xe, 0xf5, 0x2, 0x22,
    0x22, 0x22, 0x2b, 0xf8, 0x22, 0x22, 0x0, 0x0,
    0xef, 0x52, 0xff, 0xff, 0xff, 0xff, 0xff, 0xff,
    0xff, 0xe0, 0x0, 0xe, 0xf5, 0x2f, 0xff, 0xff,
    0xff, 0xff, 0xff, 0xff, 0xfe, 0x0, 0x0, 0xef,
    0x50, 0x0, 0x0, 0x0, 0x0, 0x0, 0x0, 0x0,
    0x0,

    /* U+4FDD "保" */
    0x0, 0x0, 0x0, 0x0, 0x0, 0x0, 0x0, 0x0,
    0x0, 0x0, 0x0, 0x0, 0x0, 0x0, 0x0, 0xdb,
    0x30, 0x0, 0x0, 0x0, 0x0, 0x0, 0x0, 0x0,
    0x0, 0x0, 0x4, 0xff, 0x1c, 0xff, 0xff, 0xff,
    0xff, 0xff, 0xfb, 0x0, 0x0, 0x0, 0xb, 0xf9,
    0xc, 0xff, 0xff, 0xff, 0xff, 0xff, 0xfb, 0x0,
    0x0, 0x0, 0x4f, 0xf2, 0xc, 0xf5, 0x0, 0x0,
    0x0, 0x8, 0xfb, 0x0, 0x0, 0x0, 0xdf, 0xa0,
    0xc, 0xf5, 0x0, 0x0, 0x0, 0x8, 0xfb, 0x0,
    0x0, 0x7, 0xff, 0x30, 0xc, 0xf5, 0x0, 0x0,
    0x0, 0x8, 0xfb, 0x0, 0x0, 0x3f, 0xff, 0x20,
    0xc, 0xf6, 0x11, 0x11, 0x11, 0x19, 0xfb, 0x0,
    0x1, 0xdf, 0xff, 0x20, 0xc, 0xff, 0xff, 0xff,
    0xff, 0xff, 0xfb, 0x0, 0xc, 0xff, 0xff, 0x20,
    0xc, 0xff, 0xff, 0xff, 0xff, 0xff, 0xfa, 0x0,
    0x4f, 0xf6, 0xff, 0x20, 0x0, 0x0, 0x0, 0xdf,
    0x70, 0x0, 0x0, 0x0, 0xa, 0x60, 0xff, 0x20,
    0x0, 0x0, 0x0, 0xdf, 0x70, 0x0, 0x0, 0x0,
    0x0, 0x0, 0xff, 0x26, 0xdd, 0xdd, 0xdd, 0xff,
    0xed, 0xdd, 0xdd, 0xd0, 0x0, 0x0, 0xff, 0x28,
    0xff, 0xff, 0xff, 0xff, 0xff, 0xff, 0xff, 0xf0,
    0x0, 0x0, 0xff, 0x21, 0x33, 0x33, 0x7f, 0xff,
    0xfe, 0x43, 0x33, 0x30, 0x0, 0x0, 0xff, 0x20,
    0x0, 0x1, 0xef, 0xff, 0xff, 0xa0, 0x0, 0x0,
    0x0, 0x0, 0xff, 0x20, 0x0, 0xb, 0xfc, 0xdf,
    0x9f, 0xf7, 0x0, 0x0, 0x0, 0x0, 0xff, 0x20,
    0x0, 0xbf, 0xe1, 0xdf, 0x75, 0xff, 0x40, 0x0,
    0x0, 0x0, 0xff, 0x20, 0x1c, 0xff, 0x30, 0xdf,
    0x70, 0x9f, 0xf6, 0x0, 0x0, 0x0, 0xff, 0x25,
    0xef, 0xf5, 0x0, 0xdf, 0x70, 0xc, 0xff, 0x90,
    0x0, 0x0, 0xff, 0x3e, 0xff, 0x40, 0x0, 0xdf,
    0x70, 0x0, 0xbf, 0xf4, 0x0, 0x0, 0xff, 0x22,
    0xb2, 0x0, 0x0, 0xdf, 0x70, 0x0, 0x9, 0x70,
    0x0, 0x0, 0xee, 0x20, 0x0, 0x0, 0x0, 0xdf,
    0x70, 0x0, 0x0, 0x0,

    /* U+504F "偏" */
    0x0, 0x0, 0x0, 0x20, 0x0, 0x0, 0x0, 0x23,
    0x0, 0x0, 0x0, 0x0, 0x0, 0x0, 0x1f, 0xd1,
    0x0, 0x0, 0x6f, 0xe0, 0x0, 0x0, 0x0, 0x0,
    0x0, 0x7, 0xfc, 0x0, 0x0, 0x0, 0xff, 0x70,
    0x0, 0x0, 0x0, 0x0, 0x0, 0xef, 0x69, 0xdd,
    0xdd, 0xdf, 0xff, 0xdd, 0xdd, 0xa0, 0x0, 0x0,
    0x7f, 0xe0, 0xbf, 0xff, 0xff, 0xff, 0xff, 0xff,
    0xfc, 0x0, 0x0, 0xe, 0xf8, 0xb, 0xf6, 0x0,
    0x0, 0x0, 0x0, 0x5f, 0xc0, 0x0, 0x9, 0xff,
    0x20, 0xbf, 0x50, 0x0, 0x0, 0x0, 0x4, 0xfc,
    0x0, 0x3, 0xff, 0xf0, 0xb, 0xf7, 0x11, 0x11,
    0x11, 0x11, 0x6f, 0xc0, 0x1, 0xdf, 0xff, 0x0,
    0xcf, 0xff, 0xff, 0xff, 0xff, 0xff, 0xfc, 0x0,
    0xbf, 0xff, 0xf0, 0xc, 0xfd, 0xbb, 0xbb, 0xbb,
    0xbb, 0xbb, 0x90, 0x3f, 0xfa, 0xff, 0x0, 0xcf,
    0x50, 0x0, 0x0, 0x0, 0x0, 0x0, 0x0, 0xba,
    0x1f, 0xf0, 0xd, 0xfc, 0xff, 0xff, 0xff, 0xff,
    0xff, 0xf1, 0x2, 0x1, 0xff, 0x0, 0xef, 0xbf,
    0xdb, 0xfe, 0xbe, 0xfb, 0xef, 0x10, 0x0, 0x1f,
    0xf0, 0xf, 0xfa, 0xf5, 0xe, 0x80, 0x8e, 0xa,
    0xf1, 0x0, 0x1, 0xff, 0x0, 0xff, 0x8f, 0x50,
    0xe8, 0x8, 0xe0, 0xaf, 0x10, 0x0, 0x1f, 0xf0,
    0x2f, 0xe7, 0xf5, 0xe, 0x80, 0x9e, 0xa, 0xf1,
    0x0, 0x1, 0xff, 0x4, 0xfc, 0x7f, 0xff, 0xff,
    0xff, 0xff, 0xff, 0x10, 0x0, 0x1f, 0xf0, 0x6f,
    0x97, 0xfc, 0xbf, 0xdb, 0xdf, 0xbe, 0xf1, 0x0,
    0x1, 0xff, 0x9, 0xf6, 0x7f, 0x50, 0xe8, 0x8,
    0xe0, 0xaf, 0x10, 0x0, 0x1f, 0xf0, 0xef, 0x37,
    0xf5, 0xe, 0x80, 0x8e, 0xa, 0xf1, 0x0, 0x1,
    0xff, 0x3f, 0xe0, 0x7f, 0x50, 0xe8, 0x8, 0xe0,
    0xaf, 0x10, 0x0, 0x1f, 0xf5, 0xf9, 0x7, 0xf5,
    0xe, 0x80, 0x8e, 0xbf, 0xf0, 0x0, 0x1, 0xff,
    0x4, 0x30, 0x7f, 0x50, 0x53, 0x2, 0x47, 0xc6,
    0x0,

    /* U+5185 "内" */
    0x0, 0x0, 0x0, 0x0, 0x13, 0x30, 0x0, 0x0,
    0x0, 0x0, 0x0, 0x0, 0x0, 0x0, 0x5f, 0xf0,
    0x0, 0x0, 0x0, 0x0, 0x0, 0x0, 0x0, 0x0,
    0x5f, 0xf0, 0x0, 0x0, 0x0, 0x0, 0x0, 0x0,
    0x0, 0x0, 0x5f, 0xf0, 0x0, 0x0, 0x0, 0x0,
    0x23, 0x33, 0x33, 0x33, 0x7f, 0xf3, 0x33, 0x33,
    0x33, 0x32, 0xef, 0xff, 0xff, 0xff, 0xff, 0xff,
    0xff, 0xff, 0xff, 0xfd, 0xef, 0xff, 0xff, 0xff,
    0xff, 0xff, 0xff, 0xff, 0xff, 0xfd, 0xef, 0x60,
    0x0, 0x0, 0x6f, 0xf0, 0x0, 0x0, 0x6, 0xfd,
    0xef, 0x50, 0x0, 0x0, 0x8f, 0xc0, 0x0, 0x0,
    0x6, 0xfd, 0xef, 0x50, 0x0, 0x0, 0xaf, 0xa0,
    0x0, 0x0, 0x6, 0xfd, 0xef, 0x50, 0x0, 0x0,
    0xff, 0xf4, 0x0, 0x0, 0x6, 0xfd, 0xef, 0x50,
    0x0, 0x5, 0xff, 0xff, 0x50, 0x0, 0x6, 0xfd,
    0xef, 0x50, 0x0, 0xd, 0xfb, 0xbf, 0xf6, 0x0,
    0x6, 0xfd, 0xef, 0x50, 0x0, 0x9f, 0xf3, 0xb,
    0xff, 0x70, 0x6, 0xfd, 0xef, 0x50, 0x8, 0xff,
    0x80, 0x0, 0xbf, 0xf8, 0x6, 0xfd, 0xef, 0x51,
    0xaf, 0xfb, 0x0, 0x0, 0xb, 0xff, 0x76, 0xfd,
    0xef, 0x7e, 0xff, 0xa0, 0x0, 0x0, 0x0, 0xcf,
    0xd7, 0xfd, 0xef, 0x54, 0xe6, 0x0, 0x0, 0x0,
    0x0, 0x19, 0x6, 0xfd, 0xef, 0x50, 0x0, 0x0,
    0x0, 0x0, 0x0, 0x0, 0x6, 0xfd, 0xef, 0x50,
    0x0, 0x0, 0x0, 0x0, 0x0, 0x0, 0x6, 0xfd,
    0xef, 0x50, 0x0, 0x0, 0x0, 0x0, 0x3, 0x44,
    0x4a, 0xfc, 0xef, 0x50, 0x0, 0x0, 0x0, 0x0,
    0x7, 0xff, 0xff, 0xf9, 0xef, 0x50, 0x0, 0x0,
    0x0, 0x0, 0x2, 0xff, 0xec, 0x80,

    /* U+518C "册" */
    0x0, 0x7, 0xee, 0xee, 0xee, 0xb0, 0xe, 0xee,
    0xee, 0xee, 0x90, 0x0, 0x0, 0x7, 0xff, 0xff,
    0xff, 0xb0, 0xf, 0xff, 0xff, 0xff, 0xa0, 0x0,
    0x0, 0x7, 0xfc, 0x22, 0x8f, 0xb0, 0xf, 0xf4,
    0x22, 0xaf, 0xa0, 0x0, 0x0, 0x7, 0xfb, 0x0,
    0x7f, 0xb0, 0xf, 0xf2, 0x0, 0x9f, 0xa0, 0x0,
    0x0, 0x7, 0xfb, 0x0, 0x7f, 0xb0, 0xf, 0xf2,
    0x0, 0x9f, 0xa0, 0x0, 0x0, 0x7, 0xfb, 0x0,
    0x7f, 0xb0, 0xf, 0xf2, 0x0, 0x9f, 0xa0, 0x0,
    0x0, 0x7, 0xfb, 0x0, 0x7f, 0xb0, 0xf, 0xf2,
    0x0, 0x9f, 0xa0, 0x0, 0x0, 0x7, 0xfb, 0x0,
    0x7f, 0xb0, 0xf, 0xf2, 0x0, 0x9f, 0xa0, 0x0,
    0x1f, 0xff, 0xff, 0xff, 0xff, 0xff, 0xff, 0xff,
    0xff, 0xff, 0xff, 0xf1, 0x1f, 0xff, 0xff, 0xff,
    0xff, 0xff, 0xff, 0xff, 0xff, 0xff, 0xff, 0xf1,
    0x3, 0x3a, 0xfb, 0x33, 0x9f, 0xc3, 0x5f, 0xf4,
    0x33, 0xbf, 0xb3, 0x30, 0x0, 0x9, 0xf8, 0x0,
    0x7f, 0xb0, 0x4f, 0xf0, 0x0, 0x9f, 0xa0, 0x0,
    0x0, 0xb, 0xf6, 0x0, 0x7f, 0xb0, 0x5f, 0xe0,
    0x0, 0x9f, 0xa0, 0x0, 0x0, 0xd, 0xf4, 0x0,
    0x7f, 0xb0, 0x7f, 0xc0, 0x0, 0x9f, 0xa0, 0x0,
    0x0, 0xf, 0xf1, 0x0, 0x7f, 0xb0, 0x9f, 0x90,
    0x0, 0x9f, 0xa0, 0x0, 0x0, 0x4f, 0xe0, 0x0,
    0x7f, 0xb0, 0xcf, 0x70, 0x0, 0x9f, 0xa0, 0x0,
    0x0, 0x9f, 0xa0, 0x0, 0x7f, 0xb1, 0xff, 0x30,
    0x0, 0x9f, 0xa0, 0x0, 0x0, 0xef, 0x50, 0x0,
    0x7f, 0xb5, 0xfe, 0x0, 0x0, 0x9f, 0xa0, 0x0,
    0x7, 0xff, 0x0, 0x0, 0x7f, 0xbd, 0xf9, 0x0,
    0x0, 0xaf, 0x90, 0x0, 0xe, 0xf8, 0x3, 0xff,
    0xff, 0xdf, 0xf2, 0x7, 0xff, 0xff, 0x70, 0x0,
    0x4, 0xe0, 0x0, 0xdf, 0xea, 0x17, 0xa0, 0x1,
    0xff, 0xfb, 0x0, 0x0, 0x0, 0x10, 0x0, 0x0,
    0x0, 0x0, 0x0, 0x0, 0x11, 0x0, 0x0, 0x0,

    /* U+518D "再" */
    0x3, 0xff, 0xff, 0xff, 0xff, 0xff, 0xff, 0xff,
    0xff, 0xff, 0xff, 0x30, 0x3, 0xff, 0xff, 0xff,
    0xff, 0xff, 0xff, 0xff, 0xff, 0xff, 0xff, 0x30,
    0x0, 0x22, 0x22, 0x22, 0x22, 0x5f, 0xf2, 0x22,
    0x22, 0x22, 0x22, 0x0, 0x0, 0x0, 0x0, 0x0,
    0x0, 0x3f, 0xf0, 0x0, 0x0, 0x0, 0x0, 0x0,
    0x0, 0x5, 0xff, 0xff, 0xff, 0xff, 0xff, 0xff,
    0xff, 0xff, 0x50, 0x0, 0x0, 0x5, 0xff, 0xff,
    0xff, 0xff, 0xff, 0xff, 0xff, 0xff, 0x50, 0x0,
    0x0, 0x5, 0xfe, 0x11, 0x11, 0x4f, 0xf2, 0x11,
    0x11, 0xef, 0x50, 0x0, 0x0, 0x5, 0xfe, 0x0,
    0x0, 0x3f, 0xf0, 0x0, 0x0, 0xef, 0x50, 0x0,
    0x0, 0x5, 0xfe, 0x0, 0x0, 0x4f, 0xf1, 0x0,
    0x0, 0xef, 0x50, 0x0, 0x0, 0x5, 0xff, 0xff,
    0xff, 0xff, 0xff, 0xff, 0xff, 0xff, 0x50, 0x0,
    0x0, 0x5, 0xff, 0xee, 0xee, 0xef, 0xfe, 0xee,
    0xee, 0xff, 0x50, 0x0, 0x0, 0x5, 0xfe, 0x0,
    0x0, 0x3f, 0xf0, 0x0, 0x0, 0xef, 0x50, 0x0,
    0x0, 0x5, 0xfe, 0x0, 0x0, 0x3f, 0xf0, 0x0,
    0x0, 0xef, 0x50, 0x0, 0x2f, 0xff, 0xff, 0xff,
    0xff, 0xff, 0xff, 0xff, 0xff, 0xff, 0xff, 0xf2,
    0x2f, 0xff, 0xff, 0xff, 0xff, 0xff, 0xff, 0xff,
    0xff, 0xff, 0xff, 0xf2, 0x2, 0x27, 0xfe, 0x22,
    0x22, 0x22, 0x22, 0x22, 0x22, 0xef, 0x62, 0x20,
    0x0, 0x5, 0xfe, 0x0, 0x0, 0x0, 0x0, 0x0,
    0x0, 0xef, 0x50, 0x0, 0x0, 0x5, 0xfe, 0x0,
    0x0, 0x0, 0x0, 0x0, 0x0, 0xef, 0x50, 0x0,
    0x0, 0x5, 0xfe, 0x0, 0x0, 0x0, 0x0, 0x22,
    0x22, 0xff, 0x40, 0x0, 0x0, 0x5, 0xfe, 0x0,
    0x0, 0x0, 0x0, 0xbf, 0xff, 0xff, 0x10, 0x0,
    0x0, 0x5, 0xfe, 0x0, 0x0, 0x0, 0x0, 0x5f,
    0xfe, 0xb4, 0x0, 0x0,

    /* U+5199 "写" */
    0x0, 0x0, 0x0, 0x0, 0x0, 0x0, 0x0, 0x0,
    0x0, 0x0, 0x0, 0x3f, 0xff, 0xff, 0xff, 0xff,
    0xff, 0xff, 0xff, 0xff, 0xff, 0xf4, 0x3f, 0xff,
    0xff, 0xff, 0xff, 0xff, 0xff, 0xff, 0xff, 0xff,
    0xf4, 0x3f, 0xf1, 0x11, 0x97, 0x21, 0x11, 0x11,
    0x11, 0x11, 0x2f, 0xf4, 0x3f, 0xf0, 0x2, 0xff,
    0x20, 0x0, 0x0, 0x0, 0x0, 0x1f, 0xf4, 0x3f,
    0xf0, 0x6, 0xff, 0x0, 0x0, 0x0, 0x0, 0x0,
    0x1f, 0xf4, 0x0, 0x0, 0x9, 0xff, 0xff, 0xff,
    0xff, 0xff, 0xff, 0x30, 0x0, 0x0, 0x0, 0xc,
    0xff, 0xff, 0xff, 0xff, 0xff, 0xff, 0x30, 0x0,
    0x0, 0x0, 0xf, 0xf5, 0x0, 0x0, 0x0, 0x0,
    0x0, 0x0, 0x0, 0x0, 0x0, 0x2f, 0xf1, 0x0,
    0x0, 0x0, 0x0, 0x0, 0x0, 0x0, 0x0, 0x0,
    0x6f, 0xf3, 0x33, 0x33, 0x33, 0x33, 0x33, 0x30,
    0x0, 0x0, 0x0, 0xaf, 0xff, 0xff, 0xff, 0xff,
    0xff, 0xff, 0xf0, 0x0, 0x0, 0x0, 0xbc, 0xcc,
    0xcc, 0xcc, 0xcc, 0xcc, 0xef, 0xe0, 0x0, 0x0,
    0x0, 0x0, 0x0, 0x0, 0x0, 0x0, 0x0, 0x7f,
    0xc0, 0x0, 0x1, 0x22, 0x22, 0x22, 0x22, 0x22,
    0x22, 0x10, 0x9f, 0xa0, 0x0, 0xd, 0xff, 0xff,
    0xff, 0xff, 0xff, 0xff, 0x90, 0xbf, 0x80, 0x0,
    0xd, 0xff, 0xff, 0xff, 0xff, 0xff, 0xff, 0x90,
    0xdf, 0x60, 0x0, 0x0, 0x0, 0x0, 0x0, 0x0,
    0x0, 0x0, 0x0, 0xff, 0x30, 0x0, 0x0, 0x0,
    0x0, 0x0, 0x0, 0x0, 0x0, 0x5, 0xff, 0x0,
    0x0, 0x0, 0x0, 0x0, 0x0, 0x0, 0x21, 0x10,
    0x1c, 0xfb, 0x0, 0x0, 0x0, 0x0, 0x0, 0x0,
    0x0, 0xaf, 0xff, 0xff, 0xf4, 0x0, 0x0, 0x0,
    0x0, 0x0, 0x0, 0x0, 0x4f, 0xff, 0xfd, 0x50,
    0x0, 0x0, 0x0, 0x0, 0x0, 0x0, 0x0, 0x0,
    0x0, 0x0, 0x0, 0x0, 0x0,

    /* U+51E0 "几" */
    0x0, 0x0, 0x0, 0x0, 0x0, 0x0, 0x0, 0x0,
    0x0, 0x0, 0x0, 0x0, 0x0, 0x0, 0x2, 0xff,
    0xff, 0xff, 0xff, 0xff, 0xf6, 0x0, 0x0, 0x0,
    0x0, 0x0, 0x2, 0xff, 0xff, 0xff, 0xff, 0xff,
    0xf6, 0x0, 0x0, 0x0, 0x0, 0x0, 0x2, 0xff,
    0x63, 0x33, 0x33, 0x3f, 0xf6, 0x0, 0x0, 0x0,
    0x0, 0x0, 0x2, 0xff, 0x30, 0x0, 0x0, 0xe,
    0xf6, 0x0, 0x0, 0x0, 0x0, 0x0, 0x2, 0xff,
    0x30, 0x0, 0x0, 0xe, 0xf6, 0x0, 0x0, 0x0,
    0x0, 0x0, 0x2, 0xff, 0x30, 0x0, 0x0, 0xe,
    0xf6, 0x0, 0x0, 0x0, 0x0, 0x0, 0x2, 0xff,
    0x30, 0x0, 0x0, 0xe, 0xf6, 0x0, 0x0, 0x0,
    0x0, 0x0, 0x2, 0xff, 0x30, 0x0, 0x0, 0xe,
    0xf6, 0x0, 0x0, 0x0, 0x0, 0x0, 0x2, 0xff,
    0x30, 0x0, 0x0, 0xe, 0xf6, 0x0, 0x0, 0x0,
    0x0, 0x0, 0x3, 0xff, 0x20, 0x0, 0x0, 0xe,
    0xf6, 0x0, 0x0, 0x0, 0x0, 0x0, 0x4, 0xff,
    0x10, 0x0, 0x0, 0xe, 0xf6, 0x0, 0x0, 0x0,
    0x0, 0x0, 0x7, 0xff, 0x0, 0x0, 0x0, 0xe,
    0xf6, 0x0, 0x0, 0x0, 0x0, 0x0, 0xa, 0xfc,
    0x0, 0x0, 0x0, 0xe, 0xf6, 0x0, 0x0, 0x0,
    0x0, 0x0, 0xd, 0xf8, 0x0, 0x0, 0x0, 0xe,
    0xf6, 0x0, 0x0, 0x0, 0x0, 0x0, 0x2f, 0xf5,
    0x0, 0x0, 0x0, 0xe, 0xf6, 0x0, 0x9, 0x20,
    0x0, 0x0, 0x8f, 0xf1, 0x0, 0x0, 0x0, 0xe,
    0xf6, 0x0, 0xe, 0xf3, 0x0, 0x1, 0xff, 0xa0,
    0x0, 0x0, 0x0, 0xe, 0xf6, 0x0, 0xf, 0xf2,
    0x0, 0xb, 0xff, 0x20, 0x0, 0x0, 0x0, 0xe,
    0xf6, 0x0, 0x1f, 0xf1, 0x0, 0x9f, 0xf8, 0x0,
    0x0, 0x0, 0x0, 0xd, 0xfb, 0x33, 0x8f, 0xd0,
    0xa, 0xff, 0xc0, 0x0, 0x0, 0x0, 0x0, 0xa,
    0xff, 0xff, 0xff, 0x90, 0x6, 0xfc, 0x10, 0x0,
    0x0, 0x0, 0x0, 0x2, 0xcf, 0xff, 0xfb, 0x0,
    0x0, 0x40, 0x0, 0x0, 0x0, 0x0, 0x0, 0x0,
    0x0, 0x0, 0x0, 0x0,

    /* U+51F6 "凶" */
    0x0, 0x0, 0x0, 0x0, 0x0, 0x0, 0x0, 0x3,
    0x10, 0x0, 0x0, 0x0, 0x0, 0x2, 0x0, 0x0,
    0x0, 0x0, 0x2f, 0xf5, 0x0, 0x0, 0x0, 0x0,
    0x8f, 0x40, 0x0, 0x0, 0x0, 0x9f, 0xe0, 0x0,
    0x0, 0x0, 0x0, 0xbf, 0xf6, 0x0, 0x0, 0x2,
    0xff, 0x70, 0x0, 0x0, 0xe, 0xe3, 0xa, 0xff,
    0x80, 0x0, 0xa, 0xfe, 0x0, 0x3e, 0xe1, 0xf,
    0xf3, 0x0, 0x9f, 0xf9, 0x0, 0x5f, 0xf6, 0x0,
    0x3f, 0xf1, 0xf, 0xf3, 0x0, 0x8, 0xff, 0x91,
    0xef, 0xb0, 0x0, 0x3f, 0xf1, 0xf, 0xf3, 0x0,
    0x0, 0x8f, 0xfe, 0xff, 0x10, 0x0, 0x3f, 0xf1,
    0xf, 0xf3, 0x0, 0x0, 0x7, 0xff, 0xf6, 0x0,
    0x0, 0x3f, 0xf1, 0xf, 0xf3, 0x0, 0x0, 0x4,
    0xff, 0xfa, 0x0, 0x0, 0x3f, 0xf1, 0xf, 0xf3,
    0x0, 0x0, 0x4f, 0xff, 0xff, 0x90, 0x0, 0x3f,
    0xf1, 0xf, 0xf3, 0x0, 0x4, 0xff, 0xd1, 0xaf,
    0xf8, 0x0, 0x3f, 0xf1, 0xf, 0xf3, 0x0, 0x4f,
    0xfe, 0x10, 0xc, 0xff, 0x60, 0x3f, 0xf1, 0xf,
    0xf3, 0x8, 0xff, 0xe2, 0x0, 0x1, 0xdf, 0xf3,
    0x3f, 0xf1, 0xf, 0xf5, 0xcf, 0xfd, 0x20, 0x0,
    0x0, 0x2f, 0xf8, 0x3f, 0xf1, 0xf, 0xf7, 0xef,
    0xa0, 0x0, 0x0, 0x0, 0x6, 0x90, 0x3f, 0xf1,
    0xf, 0xf3, 0x16, 0x0, 0x0, 0x0, 0x0, 0x0,
    0x0, 0x3f, 0xf1, 0xf, 0xf6, 0x33, 0x33, 0x33,
    0x33, 0x33, 0x33, 0x33, 0x6f, 0xf1, 0xf, 0xff,
    0xff, 0xff, 0xff, 0xff, 0xff, 0xff, 0xff, 0xff,
    0xf1, 0xf, 0xff, 0xff, 0xff, 0xff, 0xff, 0xff,
    0xff, 0xff, 0xff, 0xf1, 0x0, 0x0, 0x0, 0x0,
    0x0, 0x0, 0x0, 0x0, 0x0, 0x3f, 0xf1,

    /* U+51FB "击" */
    0x0, 0x0, 0x0, 0x0, 0x0, 0x0, 0x0, 0x0,
    0x0, 0x0, 0x0, 0x0, 0x0, 0x0, 0x0, 0x0,
    0xdf, 0x80, 0x0, 0x0, 0x0, 0x0, 0x0, 0x0,
    0x0, 0x0, 0x0, 0xdf, 0x80, 0x0, 0x0, 0x0,
    0x0, 0x0, 0x0, 0x0, 0x0, 0x0, 0xdf, 0x80,
    0x0, 0x0, 0x0, 0x0, 0x0, 0x8e, 0xee, 0xee,
    0xee, 0xff, 0xfe, 0xee, 0xee, 0xee, 0x30, 0x0,
    0x9f, 0xff, 0xff, 0xff, 0xff, 0xff, 0xff, 0xff,
    0xff, 0x30, 0x0, 0x35, 0x55, 0x55, 0x55, 0xef,
    0xa5, 0x55, 0x55, 0x55, 0x10, 0x0, 0x0, 0x0,
    0x0, 0x0, 0xdf, 0x80, 0x0, 0x0, 0x0, 0x0,
    0x0, 0x0, 0x0, 0x0, 0x0, 0xdf, 0x80, 0x0,
    0x0, 0x0, 0x0, 0x1, 0x11, 0x11, 0x11, 0x11,
    0xef, 0x91, 0x11, 0x11, 0x11, 0x11, 0x5f, 0xff,
    0xff, 0xff, 0xff, 0xff, 0xff, 0xff, 0xff, 0xff,
    0xfd, 0x5f, 0xff, 0xff, 0xff, 0xff, 0xff, 0xff,
    0xff, 0xff, 0xff, 0xfd, 0x2, 0x22, 0x22, 0x22,
    0x22, 0xef, 0x92, 0x22, 0x22, 0x22, 0x21, 0x0,
    0x12, 0x20, 0x0, 0x0, 0xdf, 0x80, 0x0, 0x1,
    0x32, 0x0, 0x0, 0x6f, 0xf0, 0x0, 0x0, 0xdf,
    0x80, 0x0, 0x7, 0xfd, 0x0, 0x0, 0x6f, 0xf0,
    0x0, 0x0, 0xdf, 0x80, 0x0, 0x7, 0xfd, 0x0,
    0x0, 0x6f, 0xf0, 0x0, 0x0, 0xdf, 0x80, 0x0,
    0x7, 0xfd, 0x0, 0x0, 0x6f, 0xf0, 0x0, 0x0,
    0xdf, 0x80, 0x0, 0x7, 0xfd, 0x0, 0x0, 0x6f,
    0xf0, 0x0, 0x0, 0xdf, 0x80, 0x0, 0x7, 0xfd,
    0x0, 0x0, 0x6f, 0xf4, 0x33, 0x33, 0xef, 0xa3,
    0x33, 0x39, 0xfd, 0x0, 0x0, 0x6f, 0xff, 0xff,
    0xff, 0xff, 0xff, 0xff, 0xff, 0xfd, 0x0, 0x0,
    0x5f, 0xff, 0xff, 0xff, 0xff, 0xff, 0xff, 0xff,
    0xfd, 0x0, 0x0, 0x0, 0x0, 0x0, 0x0, 0x0,
    0x0, 0x0, 0x7, 0xfd, 0x0,

    /* U+5206 "分" */
    0x0, 0x0, 0x0, 0x7, 0x95, 0x0, 0x0, 0x29,
    0x70, 0x0, 0x0, 0x0, 0x0, 0x0, 0x0, 0x1f,
    0xfb, 0x0, 0x0, 0x7f, 0xf1, 0x0, 0x0, 0x0,
    0x0, 0x0, 0x0, 0x7f, 0xf3, 0x0, 0x0, 0xd,
    0xfa, 0x0, 0x0, 0x0, 0x0, 0x0, 0x1, 0xff,
    0xa0, 0x0, 0x0, 0x5, 0xff, 0x50, 0x0, 0x0,
    0x0, 0x0, 0xb, 0xff, 0x20, 0x0, 0x0, 0x0,
    0xbf, 0xf1, 0x0, 0x0, 0x0, 0x0, 0x6f, 0xf8,
    0x0, 0x0, 0x0, 0x0, 0x2e, 0xfd, 0x0, 0x0,
    0x0, 0x3, 0xff, 0xc0, 0x0, 0x0, 0x0, 0x0,
    0x4, 0xff, 0xb0, 0x0, 0x0, 0x3e, 0xff, 0x20,
    0x0, 0x0, 0x0, 0x0, 0x0, 0x8f, 0xfa, 0x0,
    0x4, 0xff, 0xf9, 0x44, 0x44, 0x44, 0x44, 0x44,
    0x44, 0x5e, 0xff, 0xb0, 0xa, 0xff, 0xcf, 0xff,
    0xff, 0xff, 0xff, 0xff, 0xff, 0xfa, 0xcf, 0x70,
    0x0, 0x96, 0x6f, 0xff, 0xff, 0xff, 0xff, 0xff,
    0xff, 0xf8, 0x17, 0x0, 0x0, 0x0, 0x0, 0x0,
    0x4f, 0xf2, 0x0, 0x0, 0xd, 0xf7, 0x0, 0x0,
    0x0, 0x0, 0x0, 0x0, 0x7f, 0xe0, 0x0, 0x0,
    0xe, 0xf6, 0x0, 0x0, 0x0, 0x0, 0x0, 0x0,
    0xaf, 0xb0, 0x0, 0x0, 0xf, 0xf5, 0x0, 0x0,
    0x0, 0x0, 0x0, 0x1, 0xff, 0x70, 0x0, 0x0,
    0xf, 0xf5, 0x0, 0x0, 0x0, 0x0, 0x0, 0x8,
    0xff, 0x10, 0x0, 0x0, 0x2f, 0xf3, 0x0, 0x0,
    0x0, 0x0, 0x0, 0x1f, 0xf9, 0x0, 0x0, 0x0,
    0x3f, 0xf2, 0x0, 0x0, 0x0, 0x0, 0x0, 0xcf,
    0xf2, 0x0, 0x0, 0x0, 0x5f, 0xf0, 0x0, 0x0,
    0x0, 0x0, 0x2d, 0xff, 0x60, 0x0, 0x0, 0x0,
    0x9f, 0xe0, 0x0, 0x0, 0x0, 0x18, 0xff, 0xf8,
    0x0, 0x1, 0x43, 0x35, 0xef, 0xb0, 0x0, 0x0,
    0x3, 0xff, 0xfe, 0x50, 0x0, 0x0, 0xff, 0xff,
    0xff, 0x40, 0x0, 0x0, 0x0, 0x9f, 0x91, 0x0,
    0x0, 0x0, 0xbf, 0xff, 0xd6, 0x0, 0x0, 0x0,
    0x0, 0x1, 0x0, 0x0, 0x0, 0x0, 0x0, 0x0,
    0x0, 0x0, 0x0, 0x0,

    /* U+521D "初" */
    0x0, 0x0, 0x2, 0x0, 0x0, 0x0, 0x0, 0x0,
    0x0, 0x0, 0x0, 0x0, 0x0, 0x1c, 0xe1, 0x0,
    0x0, 0x0, 0x0, 0x0, 0x0, 0x0, 0x0, 0x0,
    0x0, 0xbf, 0xc0, 0x0, 0x34, 0x44, 0x44, 0x44,
    0x44, 0x44, 0x10, 0x0, 0x1, 0xff, 0x60, 0xd,
    0xff, 0xff, 0xff, 0xff, 0xff, 0xf3, 0x1, 0x11,
    0x19, 0xa2, 0x10, 0xce, 0xee, 0xff, 0xee, 0xee,
    0xff, 0x30, 0xbf, 0xff, 0xff, 0xff, 0x60, 0x0,
    0x5f, 0xe0, 0x0, 0xf, 0xf3, 0xa, 0xff, 0xff,
    0xff, 0xf6, 0x0, 0x6, 0xfd, 0x0, 0x0, 0xff,
    0x20, 0x0, 0x0, 0x5, 0xfe, 0x0, 0x0, 0x7f,
    0xc0, 0x0, 0xf, 0xf2, 0x0, 0x0, 0x0, 0xef,
    0x70, 0x0, 0x8, 0xfb, 0x0, 0x1, 0xff, 0x20,
    0x0, 0x0, 0x9f, 0xd0, 0x20, 0x0, 0x9f, 0xa0,
    0x0, 0x1f, 0xf1, 0x0, 0x0, 0x4f, 0xf4, 0x3f,
    0x70, 0xb, 0xf8, 0x0, 0x2, 0xff, 0x10, 0x0,
    0x2e, 0xff, 0x4e, 0xf5, 0x0, 0xef, 0x60, 0x0,
    0x2f, 0xf0, 0x0, 0x1e, 0xff, 0xff, 0xf4, 0x0,
    0x1f, 0xf3, 0x0, 0x3, 0xff, 0x0, 0x2d, 0xff,
    0xff, 0xfe, 0x20, 0x4, 0xff, 0x0, 0x0, 0x4f,
    0xf0, 0x1e, 0xff, 0xaf, 0xe9, 0xfd, 0x10, 0x7f,
    0xc0, 0x0, 0x5, 0xfe, 0x0, 0xbf, 0x46, 0xfe,
    0xc, 0xf4, 0xd, 0xf9, 0x0, 0x0, 0x6f, 0xd0,
    0x3, 0x30, 0x6f, 0xe0, 0x28, 0x3, 0xff, 0x40,
    0x0, 0x7, 0xfc, 0x0, 0x0, 0x6, 0xfe, 0x0,
    0x0, 0xaf, 0xd0, 0x0, 0x0, 0x8f, 0xb0, 0x0,
    0x0, 0x6f, 0xe0, 0x0, 0x2f, 0xf6, 0x0, 0x0,
    0xa, 0xf9, 0x0, 0x0, 0x6, 0xfe, 0x0, 0xd,
    0xfe, 0x0, 0x0, 0x0, 0xef, 0x70, 0x0, 0x0,
    0x6f, 0xe0, 0xb, 0xff, 0x50, 0x12, 0x21, 0x6f,
    0xf3, 0x0, 0x0, 0x6, 0xfe, 0x6, 0xff, 0xa0,
    0x1, 0xff, 0xff, 0xfd, 0x0, 0x0, 0x0, 0x6f,
    0xe0, 0x8, 0xa0, 0x0, 0xc, 0xff, 0xeb, 0x10,
    0x0, 0x0, 0x0, 0x11, 0x0, 0x0, 0x0, 0x0,
    0x0, 0x0, 0x0, 0x0,

    /* U+5230 "到" */
    0x0, 0x0, 0x0, 0x0, 0x0, 0x0, 0x0, 0x0,
    0x0, 0x7, 0x70, 0x38, 0x88, 0x88, 0x88, 0x88,
    0x88, 0x80, 0x0, 0x0, 0x1f, 0xf1, 0x6f, 0xff,
    0xff, 0xff, 0xff, 0xff, 0xf0, 0xef, 0x20, 0x1f,
    0xf1, 0x14, 0x46, 0xff, 0x84, 0x46, 0x44, 0x40,
    0xef, 0x20, 0x1f, 0xf1, 0x0, 0x8, 0xfc, 0x0,
    0xaf, 0x20, 0x0, 0xef, 0x20, 0x1f, 0xf1, 0x0,
    0x1f, 0xf3, 0x0, 0x8f, 0xc0, 0x0, 0xef, 0x20,
    0x1f, 0xf1, 0x0, 0xbf, 0x90, 0x0, 0xd, 0xf8,
    0x0, 0xef, 0x20, 0x1f, 0xf1, 0x9, 0xff, 0xcc,
    0xde, 0xff, 0xff, 0x30, 0xef, 0x20, 0x1f, 0xf1,
    0x8, 0xff, 0xff, 0xff, 0xec, 0xdf, 0xc0, 0xef,
    0x20, 0x1f, 0xf1, 0x3, 0x85, 0x42, 0x21, 0x0,
    0x1c, 0x30, 0xef, 0x20, 0x1f, 0xf1, 0x0, 0x0,
    0x3, 0xfe, 0x0, 0x0, 0x0, 0xef, 0x20, 0x1f,
    0xf1, 0x0, 0x0, 0x3, 0xfe, 0x0, 0x0, 0x0,
    0xef, 0x20, 0x1f, 0xf1, 0x8, 0xbb, 0xbc, 0xff,
    0xbb, 0xbb, 0x60, 0xef, 0x20, 0x1f, 0xf1, 0xc,
    0xff, 0xff, 0xff, 0xff, 0xff, 0x80, 0xef, 0x20,
    0x1f, 0xf1, 0x3, 0x44, 0x47, 0xff, 0x44, 0x44,
    0x20, 0xef, 0x20, 0x1f, 0xf1, 0x0, 0x0, 0x3,
    0xfe, 0x0, 0x0, 0x0, 0xef, 0x20, 0x1f, 0xf1,
    0x0, 0x0, 0x3, 0xfe, 0x0, 0x0, 0x10, 0x78,
    0x10, 0x1f, 0xf1, 0x0, 0x0, 0x3, 0xff, 0x48,
    0xbe, 0xd0, 0x0, 0x0, 0x1f, 0xf1, 0x0, 0x25,
    0x8c, 0xff, 0xff, 0xff, 0xe0, 0x0, 0x0, 0x1f,
    0xf1, 0x7f, 0xff, 0xff, 0xff, 0xeb, 0x85, 0x20,
    0x2, 0x22, 0x4f, 0xf0, 0x5f, 0xfe, 0xb8, 0x52,
    0x0, 0x0, 0x0, 0x9, 0xff, 0xff, 0xe0, 0x14,
    0x10, 0x0, 0x0, 0x0, 0x0, 0x0, 0x3, 0xff,
    0xeb, 0x30, 0x0, 0x0, 0x0, 0x0, 0x0, 0x0,
    0x0, 0x0, 0x0, 0x0, 0x0,

    /* U+5237 "刷" */
    0x0, 0x0, 0x0, 0x0, 0x0, 0x0, 0x0, 0x0,
    0x0, 0x1, 0xcc, 0x0, 0xb, 0xdd, 0xdd, 0xdd,
    0xdd, 0xdd, 0xb0, 0x0, 0x0, 0x1f, 0xf1, 0x0,
    0xcf, 0xff, 0xff, 0xff, 0xff, 0xfd, 0xb, 0xb2,
    0x1, 0xff, 0x10, 0xc, 0xf5, 0x22, 0x22, 0x22,
    0x6f, 0xd0, 0xef, 0x30, 0x1f, 0xf1, 0x0, 0xcf,
    0x30, 0x0, 0x0, 0x4, 0xfd, 0xe, 0xf3, 0x1,
    0xff, 0x10, 0xc, 0xf6, 0x44, 0x44, 0x44, 0x7f,
    0xd0, 0xef, 0x30, 0x1f, 0xf1, 0x0, 0xcf, 0xff,
    0xff, 0xff, 0xff, 0xfd, 0xe, 0xf3, 0x1, 0xff,
    0x10, 0xc, 0xfd, 0xcc, 0xcf, 0xfc, 0xcc, 0xa0,
    0xef, 0x30, 0x1f, 0xf1, 0x0, 0xcf, 0x30, 0x0,
    0xfe, 0x0, 0x0, 0xe, 0xf3, 0x1, 0xff, 0x10,
    0xc, 0xf3, 0x0, 0xf, 0xe0, 0x0, 0x0, 0xef,
    0x30, 0x1f, 0xf1, 0x0, 0xdf, 0xbf, 0xff, 0xff,
    0xff, 0xfe, 0xe, 0xf3, 0x1, 0xff, 0x10, 0xd,
    0xfb, 0xff, 0xff, 0xff, 0xff, 0xe0, 0xef, 0x30,
    0x1f, 0xf1, 0x0, 0xef, 0xbf, 0x10, 0xfe, 0x0,
    0xee, 0xe, 0xf3, 0x1, 0xff, 0x10, 0xf, 0xf9,
    0xf1, 0xf, 0xe0, 0xe, 0xe0, 0xef, 0x30, 0x1f,
    0xf1, 0x0, 0xfe, 0x9f, 0x10, 0xfe, 0x0, 0xee,
    0xe, 0xf3, 0x1, 0xff, 0x10, 0x3f, 0xd9, 0xf1,
    0xf, 0xe0, 0xe, 0xe0, 0xef, 0x30, 0x1f, 0xf1,
    0x6, 0xfa, 0x9f, 0x10, 0xfe, 0x0, 0xee, 0x0,
    0x0, 0x1, 0xff, 0x10, 0x9f, 0x79, 0xf1, 0xf,
    0xe7, 0xbf, 0xd0, 0x0, 0x0, 0x1f, 0xf1, 0xe,
    0xf4, 0x9f, 0x10, 0xfe, 0x5f, 0xf6, 0x0, 0x0,
    0x1, 0xff, 0x14, 0xfe, 0x2, 0x30, 0xf, 0xe0,
    0x0, 0x0, 0x3, 0x44, 0x6f, 0xf0, 0x4e, 0x80,
    0x0, 0x0, 0xfe, 0x0, 0x0, 0x0, 0x7f, 0xff,
    0xfd, 0x0, 0x22, 0x0, 0x0, 0xf, 0xe0, 0x0,
    0x0, 0x2, 0xff, 0xeb, 0x20, 0x0, 0x0, 0x0,
    0x0, 0x0, 0x0, 0x0, 0x0, 0x0, 0x0, 0x0,
    0x0,

    /* U+52A8 "动" */
    0x0, 0x0, 0x0, 0x0, 0x0, 0x0, 0x0, 0x8d,
    0x80, 0x0, 0x0, 0x1, 0x11, 0x11, 0x11, 0x11,
    0x0, 0x0, 0xaf, 0x90, 0x0, 0x0, 0xd, 0xff,
    0xff, 0xff, 0xff, 0x70, 0x0, 0xaf, 0x90, 0x0,
    0x0, 0xc, 0xee, 0xee, 0xee, 0xee, 0x70, 0x0,
    0xaf, 0x90, 0x0, 0x0, 0x0, 0x0, 0x0, 0x0,
    0x0, 0x0, 0x0, 0xaf, 0x90, 0x0, 0x0, 0x0,
    0x0, 0x0, 0x0, 0x0, 0x8, 0xcc, 0xff, 0xec,
    0xcc, 0xcc, 0x0, 0x0, 0x0, 0x0, 0x0, 0xa,
    0xff, 0xff, 0xff, 0xff, 0xfe, 0xae, 0xee, 0xee,
    0xee, 0xee, 0xd1, 0x11, 0xcf, 0x71, 0x16, 0xfe,
    0xaf, 0xff, 0xff, 0xff, 0xff, 0xe0, 0x0, 0xdf,
    0x50, 0x5, 0xfd, 0x12, 0x2a, 0xfc, 0x22, 0x22,
    0x20, 0x0, 0xff, 0x40, 0x6, 0xfd, 0x0, 0xc,
    0xf7, 0x0, 0x0, 0x0, 0x0, 0xff, 0x20, 0x7,
    0xfc, 0x0, 0x1f, 0xf2, 0x4, 0xb4, 0x0, 0x2,
    0xff, 0x10, 0x7, 0xfb, 0x0, 0x5f, 0xe0, 0x6,
    0xfb, 0x0, 0x5, 0xfe, 0x0, 0x8, 0xfb, 0x0,
    0xaf, 0x90, 0x0, 0xff, 0x10, 0x9, 0xfb, 0x0,
    0x9, 0xfa, 0x0, 0xff, 0x30, 0x0, 0xaf, 0x70,
    0xc, 0xf7, 0x0, 0xa, 0xf9, 0x5, 0xfd, 0x1,
    0x59, 0xdf, 0xd0, 0x2f, 0xf4, 0x0, 0xb, 0xf8,
    0xc, 0xfe, 0xef, 0xff, 0xff, 0xf2, 0x8f, 0xe0,
    0x0, 0xc, 0xf7, 0x5f, 0xff, 0xff, 0xc9, 0x5c,
    0xf7, 0xef, 0x90, 0x0, 0xe, 0xf5, 0x1f, 0xd9,
    0x41, 0x0, 0x5, 0x58, 0xff, 0x20, 0x0, 0x1f,
    0xf3, 0x2, 0x0, 0x0, 0x0, 0x0, 0x3f, 0xfb,
    0x13, 0x22, 0x9f, 0xf0, 0x0, 0x0, 0x0, 0x0,
    0x0, 0xdf, 0xe1, 0x1f, 0xff, 0xff, 0xb0, 0x0,
    0x0, 0x0, 0x0, 0x0, 0x1d, 0x40, 0xc, 0xff,
    0xfa, 0x10, 0x0, 0x0, 0x0, 0x0, 0x0, 0x1,
    0x0, 0x0, 0x0, 0x0, 0x0,

    /* U+5316 "化" */
    0x0, 0x0, 0x0, 0x1c, 0x71, 0x0, 0x67, 0x30,
    0x0, 0x0, 0x0, 0x0, 0x0, 0x0, 0x0, 0x8f,
    0xf1, 0x0, 0xef, 0x70, 0x0, 0x0, 0x0, 0x0,
    0x0, 0x0, 0x0, 0xef, 0x90, 0x0, 0xef, 0x70,
    0x0, 0x0, 0x0, 0x0, 0x0, 0x0, 0x8, 0xff,
    0x10, 0x0, 0xef, 0x70, 0x0, 0x0, 0x40, 0x0,
    0x0, 0x0, 0x2f, 0xf9, 0x0, 0x0, 0xef, 0x70,
    0x0, 0x4, 0xfd, 0x30, 0x0, 0x0, 0xcf, 0xf2,
    0x0, 0x0, 0xef, 0x70, 0x0, 0x2f, 0xff, 0x40,
    0x0, 0x8, 0xff, 0xf1, 0x0, 0x0, 0xef, 0x70,
    0x0, 0xdf, 0xf6, 0x0, 0x0, 0x4f, 0xff, 0xf1,
    0x0, 0x0, 0xef, 0x70, 0xc, 0xff, 0x80, 0x0,
    0x4, 0xff, 0xff, 0xf1, 0x0, 0x0, 0xef, 0x71,
    0xcf, 0xfa, 0x0, 0x0, 0xe, 0xff, 0x9f, 0xf1,
    0x0, 0x0, 0xef, 0x9d, 0xff, 0xa0, 0x0, 0x0,
    0x6, 0xf6, 0x4f, 0xf1, 0x0, 0x0, 0xef, 0xff,
    0xf8, 0x0, 0x0, 0x0, 0x0, 0x50, 0x4f, 0xf1,
    0x0, 0x0, 0xef, 0xff, 0x50, 0x0, 0x0, 0x0,
    0x0, 0x0, 0x4f, 0xf1, 0x0, 0x1b, 0xff, 0xe3,
    0x0, 0x0, 0x0, 0x0, 0x0, 0x0, 0x4f, 0xf1,
    0x6, 0xff, 0xff, 0x70, 0x0, 0x0, 0x0, 0x0,
    0x0, 0x0, 0x4f, 0xf4, 0xdf, 0xfe, 0xff, 0x70,
    0x0, 0x0, 0x0, 0x0, 0x0, 0x0, 0x4f, 0xf1,
    0xbf, 0x91, 0xef, 0x70, 0x0, 0x0, 0x1e, 0x70,
    0x0, 0x0, 0x4f, 0xf1, 0x2, 0x0, 0xef, 0x70,
    0x0, 0x0, 0x2f, 0xf2, 0x0, 0x0, 0x4f, 0xf1,
    0x0, 0x0, 0xef, 0x70, 0x0, 0x0, 0x4f, 0xf0,
    0x0, 0x0, 0x4f, 0xf1, 0x0, 0x0, 0xef, 0x80,
    0x0, 0x0, 0x6f, 0xe0, 0x0, 0x0, 0x4f, 0xf1,
    0x0, 0x0, 0xcf, 0xd4, 0x33, 0x34, 0xdf, 0x90,
    0x0, 0x0, 0x4f, 0xf1, 0x0, 0x0, 0x8f, 0xff,
    0xff, 0xff, 0xff, 0x40, 0x0, 0x0, 0x4f, 0xf1,
    0x0, 0x0, 0x9, 0xef, 0xff, 0xff, 0xc5, 0x0,

    /* U+533A "区" */
    0x11, 0x11, 0x11, 0x11, 0x11, 0x11, 0x11, 0x11,
    0x11, 0x11, 0xe, 0xff, 0xff, 0xff, 0xff, 0xff,
    0xff, 0xff, 0xff, 0xff, 0xf2, 0xef, 0xff, 0xff,
    0xff, 0xff, 0xff, 0xff, 0xff, 0xff, 0xff, 0x2e,
    0xf5, 0x11, 0x11, 0x11, 0x11, 0x11, 0x11, 0x11,
    0x11, 0x10, 0xef, 0x40, 0x0, 0x0, 0x0, 0x0,
    0x0, 0x1b, 0x60, 0x0, 0xe, 0xf4, 0x1, 0xd7,
    0x0, 0x0, 0x0, 0x9, 0xff, 0x20, 0x0, 0xef,
    0x40, 0x7f, 0xfa, 0x0, 0x0, 0x4, 0xff, 0x60,
    0x0, 0xe, 0xf4, 0x0, 0x6f, 0xfd, 0x10, 0x2,
    0xef, 0xb0, 0x0, 0x0, 0xef, 0x40, 0x0, 0x4f,
    0xfe, 0x30, 0xdf, 0xe1, 0x0, 0x0, 0xe, 0xf4,
    0x0, 0x0, 0x2e, 0xff, 0xcf, 0xf2, 0x0, 0x0,
    0x0, 0xef, 0x40, 0x0, 0x0, 0x1c, 0xff, 0xf5,
    0x0, 0x0, 0x0, 0xe, 0xf4, 0x0, 0x0, 0x0,
    0xbf, 0xff, 0x90, 0x0, 0x0, 0x0, 0xef, 0x40,
    0x0, 0x1, 0xdf, 0xfc, 0xff, 0xa0, 0x0, 0x0,
    0xe, 0xf4, 0x0, 0x3, 0xef, 0xf5, 0x9, 0xff,
    0xb0, 0x0, 0x0, 0xef, 0x40, 0x8, 0xff, 0xf4,
    0x0, 0x8, 0xff, 0xb0, 0x0, 0xe, 0xf4, 0x3d,
    0xff, 0xd2, 0x0, 0x0, 0x8, 0xff, 0xb0, 0x0,
    0xef, 0x43, 0xef, 0x90, 0x0, 0x0, 0x0, 0xa,
    0xf9, 0x0, 0xe, 0xf4, 0x2, 0x50, 0x0, 0x0,
    0x0, 0x0, 0x6, 0x0, 0x0, 0xef, 0x40, 0x0,
    0x0, 0x0, 0x0, 0x0, 0x0, 0x0, 0x0, 0xe,
    0xff, 0xff, 0xff, 0xff, 0xff, 0xff, 0xff, 0xff,
    0xff, 0xfc, 0xef, 0xff, 0xff, 0xff, 0xff, 0xff,
    0xff, 0xff, 0xff, 0xff, 0xc3, 0x33, 0x33, 0x33,
    0x33, 0x33, 0x33, 0x33, 0x33, 0x33, 0x32,

    /* U+539A "厚" */
    0x0, 0x1, 0x11, 0x11, 0x11, 0x11, 0x11, 0x11,
    0x11, 0x11, 0x11, 0x10, 0x0, 0xff, 0xff, 0xff,
    0xff, 0xff, 0xff, 0xff, 0xff, 0xff, 0xfb, 0x0,
    0xf, 0xff, 0xff, 0xff, 0xff, 0xff, 0xff, 0xff,
    0xff, 0xff, 0xb0, 0x0, 0xff, 0x20, 0x0, 0x0,
    0x0, 0x0, 0x0, 0x0, 0x0, 0x0, 0x0, 0xf,
    0xf2, 0xe, 0xff, 0xff, 0xff, 0xff, 0xff, 0xff,
    0x50, 0x0, 0x0, 0xff, 0x20, 0xef, 0x97, 0x77,
    0x77, 0x77, 0x7f, 0xf5, 0x0, 0x0, 0xf, 0xf2,
    0xe, 0xf6, 0x33, 0x33, 0x33, 0x33, 0xff, 0x50,
    0x0, 0x0, 0xff, 0x20, 0xef, 0xff, 0xff, 0xff,
    0xff, 0xff, 0xf5, 0x0, 0x0, 0xf, 0xf2, 0xe,
    0xf5, 0x22, 0x22, 0x22, 0x22, 0xef, 0x50, 0x0,
    0x1, 0xff, 0x20, 0xef, 0xa8, 0x88, 0x88, 0x88,
    0x8f, 0xf5, 0x0, 0x0, 0x1f, 0xf1, 0xe, 0xff,
    0xff, 0xff, 0xff, 0xff, 0xff, 0x50, 0x0, 0x2,
    0xff, 0x10, 0x0, 0x0, 0x0, 0x0, 0x0, 0x0,
    0x0, 0x0, 0x0, 0x3f, 0xf0, 0xf, 0xff, 0xff,
    0xff, 0xff, 0xff, 0xfd, 0x20, 0x0, 0x4, 0xfe,
    0x0, 0x99, 0x99, 0x99, 0x99, 0xbf, 0xff, 0xc3,
    0x0, 0x0, 0x6f, 0xd0, 0x0, 0x0, 0x0, 0x5,
    0xbf, 0xfd, 0x50, 0x0, 0x0, 0x9, 0xfa, 0x0,
    0x0, 0x0, 0x2, 0xff, 0xa3, 0x0, 0x0, 0x0,
    0x0, 0xcf, 0x7c, 0xff, 0xff, 0xff, 0xff, 0xff,
    0xff, 0xff, 0xff, 0xf0, 0xf, 0xf4, 0x9c, 0xcc,
    0xcc, 0xcc, 0xff, 0xcc, 0xcc, 0xcc, 0xcc, 0x5,
    0xff, 0x0, 0x0, 0x0, 0x0, 0x2f, 0xf0, 0x0,
    0x0, 0x0, 0x0, 0xbf, 0xb0, 0x0, 0x0, 0x0,
    0x2, 0xff, 0x0, 0x0, 0x0, 0x0, 0x2f, 0xf4,
    0x0, 0x0, 0xb, 0xdc, 0xef, 0xe0, 0x0, 0x0,
    0x0, 0x0, 0x6c, 0x0, 0x0, 0x0, 0x7f, 0xfe,
    0xb4, 0x0, 0x0, 0x0, 0x0, 0x0, 0x0, 0x0,
    0x0, 0x0, 0x0, 0x0, 0x0, 0x0, 0x0, 0x0,
    0x0,

    /* U+53BB "去" */
    0x0, 0x0, 0x0, 0x0, 0x0, 0x33, 0x0, 0x0,
    0x0, 0x0, 0x0, 0x0, 0x0, 0x0, 0x0, 0x3,
    0xff, 0x30, 0x0, 0x0, 0x0, 0x0, 0x0, 0x0,
    0x0, 0x0, 0x3, 0xff, 0x30, 0x0, 0x0, 0x0,
    0x0, 0x0, 0x0, 0x0, 0x0, 0x3, 0xff, 0x30,
    0x0, 0x0, 0x0, 0x0, 0x0, 0xde, 0xee, 0xee,
    0xee, 0xff, 0xee, 0xee, 0xee, 0xee, 0x20, 0x0,
    0xff, 0xff, 0xff, 0xff, 0xff, 0xff, 0xff, 0xff,
    0xff, 0x20, 0x0, 0x55, 0x55, 0x55, 0x58, 0xff,
    0x85, 0x55, 0x55, 0x55, 0x0, 0x0, 0x0, 0x0,
    0x0, 0x3, 0xff, 0x30, 0x0, 0x0, 0x0, 0x0,
    0x0, 0x0, 0x0, 0x0, 0x3, 0xff, 0x30, 0x0,
    0x0, 0x0, 0x0, 0x0, 0x0, 0x0, 0x0, 0x3,
    0xff, 0x30, 0x0, 0x0, 0x0, 0x0, 0x45, 0x55,
    0x55, 0x55, 0x57, 0xff, 0x75, 0x55, 0x55, 0x55,
    0x54, 0xdf, 0xff, 0xff, 0xff, 0xff, 0xff, 0xff,
    0xff, 0xff, 0xff, 0xfe, 0xcf, 0xff, 0xff, 0xff,
    0xff, 0xff, 0xff, 0xff, 0xff, 0xff, 0xfe, 0x0,
    0x0, 0x0, 0xd, 0xfd, 0x0, 0x0, 0x0, 0x0,
    0x0, 0x0, 0x0, 0x0, 0x0, 0x8f, 0xf3, 0x0,
    0x1, 0x9c, 0x0, 0x0, 0x0, 0x0, 0x0, 0x3,
    0xff, 0x80, 0x0, 0x3, 0xff, 0xa0, 0x0, 0x0,
    0x0, 0x0, 0xd, 0xfd, 0x0, 0x0, 0x0, 0x7f,
    0xf6, 0x0, 0x0, 0x0, 0x0, 0xaf, 0xe2, 0x0,
    0x0, 0x0, 0xa, 0xff, 0x40, 0x0, 0x0, 0x7,
    0xff, 0x30, 0x0, 0x0, 0x0, 0x13, 0xef, 0xe1,
    0x0, 0x0, 0x7f, 0xfc, 0x89, 0xab, 0xcd, 0xef,
    0xff, 0xff, 0xfa, 0x0, 0x3, 0xff, 0xff, 0xff,
    0xff, 0xff, 0xff, 0xff, 0xfe, 0xff, 0x40, 0x0,
    0xdf, 0xfd, 0xca, 0x98, 0x65, 0x42, 0x10, 0x1,
    0xef, 0xb0, 0x0, 0x21, 0x0, 0x0, 0x0, 0x0,
    0x0, 0x0, 0x0, 0x67, 0x0,

    /* U+53CA "及" */
    0x0, 0x0, 0x0, 0x0, 0x0, 0x0, 0x0, 0x0,
    0x0, 0x0, 0x0, 0x0, 0x0, 0xef, 0xff, 0xff,
    0xff, 0xff, 0xff, 0xff, 0xf0, 0x0, 0x0, 0x0,
    0x0, 0xef, 0xff, 0xff, 0xff, 0xff, 0xff, 0xff,
    0xd0, 0x0, 0x0, 0x0, 0x0, 0x44, 0x44, 0xef,
    0xa4, 0x44, 0x44, 0xcf, 0x90, 0x0, 0x0, 0x0,
    0x0, 0x0, 0x0, 0xdf, 0x90, 0x0, 0x0, 0xef,
    0x60, 0x0, 0x0, 0x0, 0x0, 0x0, 0x0, 0xdf,
    0xd0, 0x0, 0x2, 0xff, 0x30, 0x0, 0x0, 0x0,
    0x0, 0x0, 0x0, 0xef, 0xf2, 0x0, 0x6, 0xff,
    0x32, 0x22, 0x30, 0x0, 0x0, 0x0, 0x0, 0xef,
    0xf7, 0x0, 0xb, 0xff, 0xff, 0xff, 0xfb, 0x0,
    0x0, 0x0, 0x0, 0xff, 0xfd, 0x0, 0xe, 0xff,
    0xff, 0xff, 0xf8, 0x0, 0x0, 0x0, 0x2, 0xff,
    0xff, 0x50, 0x0, 0x0, 0x0, 0x3f, 0xf4, 0x0,
    0x0, 0x0, 0x5, 0xff, 0xaf, 0xd0, 0x0, 0x0,
    0x0, 0xbf, 0xe0, 0x0, 0x0, 0x0, 0x8, 0xff,
    0xe, 0xf6, 0x0, 0x0, 0x2, 0xff, 0x70, 0x0,
    0x0, 0x0, 0xb, 0xfc, 0x7, 0xff, 0x20, 0x0,
    0xa, 0xff, 0x10, 0x0, 0x0, 0x0, 0x1f, 0xf7,
    0x0, 0xef, 0xc0, 0x0, 0x6f, 0xf7, 0x0, 0x0,
    0x0, 0x0, 0x7f, 0xf2, 0x0, 0x4f, 0xfb, 0x3,
    0xff, 0xc0, 0x0, 0x0, 0x0, 0x0, 0xef, 0xc0,
    0x0, 0x6, 0xff, 0xbe, 0xfe, 0x20, 0x0, 0x0,
    0x0, 0x8, 0xff, 0x40, 0x0, 0x0, 0x9f, 0xff,
    0xf4, 0x0, 0x0, 0x0, 0x0, 0x3f, 0xfb, 0x0,
    0x0, 0x0, 0x8f, 0xff, 0xf8, 0x0, 0x0, 0x0,
    0x1, 0xef, 0xf2, 0x0, 0x0, 0x6e, 0xff, 0xef,
    0xff, 0xe7, 0x10, 0x0, 0xd, 0xff, 0x60, 0x3,
    0x9e, 0xff, 0xf7, 0x2, 0xaf, 0xff, 0xfc, 0x70,
    0x9, 0xf8, 0x0, 0x1e, 0xff, 0xfa, 0x20, 0x0,
    0x4, 0xbf, 0xff, 0xa0, 0x0, 0x70, 0x0, 0x4,
    0xd7, 0x10, 0x0, 0x0, 0x0, 0x1, 0x7b, 0x0,
    0x0, 0x0, 0x0, 0x0, 0x0, 0x0, 0x0, 0x0,
    0x0, 0x0, 0x0, 0x0,

    /* U+53D1 "发" */
    0x0, 0x0, 0x0, 0x0, 0x0, 0x14, 0x10, 0x0,
    0x0, 0x0, 0x0, 0x0, 0x0, 0x0, 0x8, 0x62,
    0x0, 0x6f, 0xf2, 0x0, 0x3c, 0x50, 0x0, 0x0,
    0x0, 0x0, 0x3f, 0xf4, 0x0, 0x9f, 0xf0, 0x0,
    0x7f, 0xf4, 0x0, 0x0, 0x0, 0x0, 0x8f, 0xe0,
    0x0, 0xcf, 0xd0, 0x0, 0x9, 0xff, 0x30, 0x0,
    0x0, 0x0, 0xef, 0x70, 0x0, 0xef, 0xa0, 0x0,
    0x0, 0xcf, 0x80, 0x0, 0x0, 0x6, 0xff, 0x10,
    0x1, 0xff, 0x70, 0x0, 0x0, 0x13, 0x0, 0x0,
    0x0, 0x2f, 0xff, 0xff, 0xff, 0xff, 0xff, 0xff,
    0xff, 0xff, 0xff, 0x70, 0x0, 0x1f, 0xff, 0xff,
    0xff, 0xff, 0xff, 0xff, 0xff, 0xff, 0xff, 0x70,
    0x0, 0x6, 0x43, 0x33, 0x3f, 0xfc, 0x33, 0x33,
    0x33, 0x33, 0x33, 0x10, 0x0, 0x0, 0x0, 0x0,
    0x5f, 0xf6, 0x0, 0x0, 0x0, 0x0, 0x0, 0x0,
    0x0, 0x0, 0x0, 0x0, 0xbf, 0xf6, 0x44, 0x44,
    0x44, 0x42, 0x0, 0x0, 0x0, 0x0, 0x0, 0x2,
    0xff, 0xff, 0xff, 0xff, 0xff, 0xff, 0x70, 0x0,
    0x0, 0x0, 0x0, 0xb, 0xff, 0xfe, 0xee, 0xee,
    0xef, 0xff, 0x20, 0x0, 0x0, 0x0, 0x0, 0x4f,
    0xff, 0xe1, 0x0, 0x0, 0xd, 0xfa, 0x0, 0x0,
    0x0, 0x0, 0x0, 0xdf, 0xfd, 0xfa, 0x0, 0x0,
    0x7f, 0xf3, 0x0, 0x0, 0x0, 0x0, 0xb, 0xff,
    0x72, 0xff, 0x60, 0x3, 0xff, 0xa0, 0x0, 0x0,
    0x0, 0x0, 0x9f, 0xfa, 0x0, 0x7f, 0xf6, 0x2e,
    0xfd, 0x0, 0x0, 0x0, 0x0, 0x9, 0xff, 0xd0,
    0x0, 0x9, 0xff, 0xef, 0xe1, 0x0, 0x0, 0x0,
    0x2, 0xcf, 0xfe, 0x20, 0x0, 0x0, 0xef, 0xff,
    0x60, 0x0, 0x0, 0x0, 0x2f, 0xff, 0xc1, 0x0,
    0x0, 0x7e, 0xff, 0xff, 0xfb, 0x30, 0x0, 0x0,
    0x6, 0xf8, 0x0, 0x3, 0x8e, 0xff, 0xe7, 0x4c,
    0xff, 0xfc, 0x73, 0x0, 0x0, 0x20, 0x0, 0xef,
    0xff, 0xf8, 0x10, 0x0, 0x5d, 0xff, 0xff, 0xe1,
    0x0, 0x0, 0x0, 0x7f, 0xb6, 0x10, 0x0, 0x0,
    0x0, 0x38, 0xdf, 0x50, 0x0, 0x0, 0x0, 0x1,
    0x0, 0x0, 0x0, 0x0, 0x0, 0x0, 0x2, 0x0,

    /* U+53D6 "取" */
    0x5, 0x66, 0x66, 0x66, 0x66, 0x66, 0x0, 0x0,
    0x0, 0x0, 0x0, 0x0, 0xd, 0xff, 0xff, 0xff,
    0xff, 0xff, 0x10, 0x0, 0x0, 0x0, 0x0, 0x0,
    0x8, 0xcf, 0xe9, 0x99, 0xef, 0xc9, 0xbd, 0xdd,
    0xdd, 0xdd, 0xdd, 0x40, 0x0, 0x6f, 0xc0, 0x0,
    0xcf, 0x70, 0xcf, 0xff, 0xff, 0xff, 0xff, 0x50,
    0x0, 0x6f, 0xc0, 0x0, 0xcf, 0x70, 0x3c, 0xf8,
    0x44, 0x44, 0xff, 0x20, 0x0, 0x6f, 0xc0, 0x0,
    0xcf, 0x70, 0x8, 0xf7, 0x0, 0x2, 0xff, 0x0,
    0x0, 0x6f, 0xff, 0xff, 0xff, 0x70, 0x5, 0xfa,
    0x0, 0x6, 0xfd, 0x0, 0x0, 0x6f, 0xfe, 0xee,
    0xff, 0x70, 0x1, 0xfe, 0x0, 0x9, 0xf9, 0x0,
    0x0, 0x6f, 0xc0, 0x0, 0xcf, 0x70, 0x0, 0xef,
    0x10, 0xd, 0xf6, 0x0, 0x0, 0x6f, 0xc0, 0x0,
    0xcf, 0x70, 0x0, 0xbf, 0x60, 0x1f, 0xf2, 0x0,
    0x0, 0x6f, 0xc0, 0x0, 0xcf, 0x70, 0x0, 0x6f,
    0xb0, 0x7f, 0xd0, 0x0, 0x0, 0x6f, 0xff, 0xff,
    0xff, 0x70, 0x0, 0x1f, 0xf1, 0xdf, 0x70, 0x0,
    0x0, 0x6f, 0xfe, 0xee, 0xff, 0x70, 0x0, 0xb,
    0xf9, 0xff, 0x20, 0x0, 0x0, 0x6f, 0xc0, 0x0,
    0xcf, 0x70, 0x0, 0x5, 0xff, 0xfb, 0x0, 0x0,
    0x0, 0x6f, 0xc0, 0x0, 0xcf, 0x70, 0x0, 0x0,
    0xff, 0xf4, 0x0, 0x0, 0x0, 0x6f, 0xc0, 0x3,
    0xdf, 0xdc, 0x60, 0x0, 0xdf, 0xf0, 0x0, 0x0,
    0x5, 0xaf, 0xfe, 0xff, 0xff, 0xff, 0x80, 0x8,
    0xff, 0xf9, 0x0, 0x0, 0xf, 0xff, 0xff, 0xfd,
    0xff, 0x92, 0x0, 0x5f, 0xfc, 0xff, 0x50, 0x0,
    0xa, 0xb8, 0x63, 0x0, 0xcf, 0x70, 0x4, 0xff,
    0xa0, 0xbf, 0xf5, 0x0, 0x0, 0x0, 0x0, 0x0,
    0xcf, 0x70, 0x7f, 0xfc, 0x0, 0xd, 0xff, 0x80,
    0x0, 0x0, 0x0, 0x0, 0xcf, 0x73, 0xff, 0xc1,
    0x0, 0x1, 0xcf, 0xd1, 0x0, 0x0, 0x0, 0x0,
    0xcf, 0x70, 0x79, 0x0, 0x0, 0x0, 0x9, 0x10,
    0x0, 0x0, 0x0, 0x0, 0x0, 0x0, 0x0, 0x0,
    0x0, 0x0, 0x0, 0x0,

    /* U+53E3 "口" */
    0x2f, 0xff, 0xff, 0xff, 0xff, 0xff, 0xff, 0xff,
    0xff, 0xf3, 0x2f, 0xff, 0xff, 0xff, 0xff, 0xff,
    0xff, 0xff, 0xff, 0xf3, 0x2f, 0xf7, 0x55, 0x55,
    0x55, 0x55, 0x55, 0x55, 0x7f, 0xf3, 0x2f, 0xf2,
    0x0, 0x0, 0x0, 0x0, 0x0, 0x0, 0x3f, 0xf3,
    0x2f, 0xf2, 0x0, 0x0, 0x0, 0x0, 0x0, 0x0,
    0x3f, 0xf3, 0x2f, 0xf2, 0x0, 0x0, 0x0, 0x0,
    0x0, 0x0, 0x3f, 0xf3, 0x2f, 0xf2, 0x0, 0x0,
    0x0, 0x0, 0x0, 0x0, 0x3f, 0xf3, 0x2f, 0xf2,
    0x0, 0x0, 0x0, 0x0, 0x0, 0x0, 0x3f, 0xf3,
    0x2f, 0xf2, 0x0, 0x0, 0x0, 0x0, 0x0, 0x0,
    0x3f, 0xf3, 0x2f, 0xf2, 0x0, 0x0, 0x0, 0x0,
    0x0, 0x0, 0x3f, 0xf3, 0x2f, 0xf2, 0x0, 0x0,
    0x0, 0x0, 0x0, 0x0, 0x3f, 0xf3, 0x2f, 0xf2,
    0x0, 0x0, 0x0, 0x0, 0x0, 0x0, 0x3f, 0xf3,
    0x2f, 0xf2, 0x0, 0x0, 0x0, 0x0, 0x0, 0x0,
    0x3f, 0xf3, 0x2f, 0xf2, 0x0, 0x0, 0x0, 0x0,
    0x0, 0x0, 0x3f, 0xf3, 0x2f, 0xf2, 0x0, 0x0,
    0x0, 0x0, 0x0, 0x0, 0x3f, 0xf3, 0x2f, 0xff,
    0xff, 0xff, 0xff, 0xff, 0xff, 0xff, 0xff, 0xf3,
    0x2f, 0xff, 0xff, 0xff, 0xff, 0xff, 0xff, 0xff,
    0xff, 0xf3, 0x2f, 0xf7, 0x55, 0x55, 0x55, 0x55,
    0x55, 0x55, 0x8f, 0xf3, 0x2f, 0xf2, 0x0, 0x0,
    0x0, 0x0, 0x0, 0x0, 0x3f, 0xf3, 0x2f, 0xf2,
    0x0, 0x0, 0x0, 0x0, 0x0, 0x0, 0x3e, 0xe3,

    /* U+53EA "只" */
    0x0, 0x14, 0x44, 0x44, 0x44, 0x44, 0x44, 0x44,
    0x44, 0x41, 0x0, 0x0, 0x4f, 0xff, 0xff, 0xff,
    0xff, 0xff, 0xff, 0xff, 0xf5, 0x0, 0x0, 0x4f,
    0xfe, 0xee, 0xee, 0xee, 0xee, 0xee, 0xef, 0xf5,
    0x0, 0x0, 0x4f, 0xf0, 0x0, 0x0, 0x0, 0x0,
    0x0, 0xf, 0xf5, 0x0, 0x0, 0x4f, 0xf0, 0x0,
    0x0, 0x0, 0x0, 0x0, 0xf, 0xf5, 0x0, 0x0,
    0x4f, 0xf0, 0x0, 0x0, 0x0, 0x0, 0x0, 0xf,
    0xf5, 0x0, 0x0, 0x4f, 0xf0, 0x0, 0x0, 0x0,
    0x0, 0x0, 0xf, 0xf5, 0x0, 0x0, 0x4f, 0xf0,
    0x0, 0x0, 0x0, 0x0, 0x0, 0xf, 0xf5, 0x0,
    0x0, 0x4f, 0xf0, 0x0, 0x0, 0x0, 0x0, 0x0,
    0xf, 0xf5, 0x0, 0x0, 0x4f, 0xf4, 0x44, 0x44,
    0x44, 0x44, 0x44, 0x4f, 0xf5, 0x0, 0x0, 0x4f,
    0xff, 0xff, 0xff, 0xff, 0xff, 0xff, 0xff, 0xf5,
    0x0, 0x0, 0x4e, 0xee, 0xee, 0xee, 0xee, 0xee,
    0xee, 0xee, 0xe5, 0x0, 0x0, 0x0, 0x0, 0x0,
    0x0, 0x0, 0x0, 0x0, 0x0, 0x0, 0x0, 0x0,
    0x0, 0x0, 0x0, 0x0, 0x0, 0x0, 0x0, 0x0,
    0x0, 0x0, 0x0, 0x0, 0x0, 0x9d, 0x70, 0x0,
    0x4, 0xdb, 0x10, 0x0, 0x0, 0x0, 0x0, 0x7,
    0xff, 0xb0, 0x0, 0x6, 0xff, 0xd2, 0x0, 0x0,
    0x0, 0x0, 0x7f, 0xfc, 0x0, 0x0, 0x0, 0x4f,
    0xff, 0x40, 0x0, 0x0, 0x9, 0xff, 0xc0, 0x0,
    0x0, 0x0, 0x2, 0xef, 0xf6, 0x0, 0x2, 0xcf,
    0xfb, 0x0, 0x0, 0x0, 0x0, 0x0, 0x1d, 0xff,
    0x70, 0x6f, 0xff, 0x80, 0x0, 0x0, 0x0, 0x0,
    0x0, 0x1, 0xdf, 0xf6, 0x1d, 0xe4, 0x0, 0x0,
    0x0, 0x0, 0x0, 0x0, 0x0, 0x1e, 0xa1, 0x0,
    0x10, 0x0, 0x0, 0x0, 0x0, 0x0, 0x0, 0x0,
    0x0, 0x0,

    /* U+5403 "吃" */
    0x0, 0x0, 0x0, 0x0, 0x0, 0x1, 0x51, 0x0,
    0x0, 0x0, 0x0, 0x0, 0x0, 0x0, 0x0, 0x0,
    0x0, 0x8f, 0xe0, 0x0, 0x0, 0x0, 0x0, 0x5,
    0x55, 0x55, 0x54, 0x0, 0xe, 0xf9, 0x0, 0x0,
    0x0, 0x0, 0x2, 0xff, 0xff, 0xff, 0xc0, 0x4,
    0xff, 0x30, 0x0, 0x0, 0x0, 0x0, 0x2f, 0xfd,
    0xde, 0xfc, 0x0, 0xaf, 0xfe, 0xee, 0xee, 0xee,
    0xee, 0x12, 0xfe, 0x0, 0x4f, 0xc0, 0x3f, 0xff,
    0xff, 0xff, 0xff, 0xff, 0xf1, 0x2f, 0xe0, 0x4,
    0xfc, 0xc, 0xfc, 0x22, 0x22, 0x22, 0x22, 0x22,
    0x2, 0xfe, 0x0, 0x4f, 0xc9, 0xff, 0x30, 0x0,
    0x0, 0x0, 0x0, 0x0, 0x2f, 0xe0, 0x4, 0xfd,
    0xdf, 0x90, 0x0, 0x0, 0x0, 0x0, 0x0, 0x2,
    0xfe, 0x0, 0x4f, 0xc0, 0x87, 0xdd, 0xdd, 0xdd,
    0xde, 0xd5, 0x0, 0x2f, 0xe0, 0x4, 0xfc, 0x0,
    0x7f, 0xff, 0xff, 0xff, 0xff, 0x60, 0x2, 0xfe,
    0x0, 0x4f, 0xc0, 0x1, 0x33, 0x33, 0x9f, 0xff,
    0x40, 0x0, 0x2f, 0xe0, 0x4, 0xfc, 0x0, 0x0,
    0x0, 0x6f, 0xfe, 0x30, 0x0, 0x2, 0xfe, 0x0,
    0x4f, 0xc0, 0x0, 0x0, 0x7f, 0xfd, 0x10, 0x0,
    0x0, 0x2f, 0xe2, 0x26, 0xfc, 0x0, 0x0, 0x7f,
    0xfc, 0x10, 0x0, 0x0, 0x2, 0xff, 0xff, 0xff,
    0xc0, 0x0, 0x6f, 0xfb, 0x0, 0x0, 0x0, 0x0,
    0x2f, 0xff, 0xff, 0xfc, 0x0, 0x4f, 0xfa, 0x0,
    0x0, 0x0, 0x0, 0x2, 0xfe, 0x0, 0x0, 0x0,
    0x1e, 0xfb, 0x0, 0x0, 0x0, 0xa, 0xa2, 0x2f,
    0xe0, 0x0, 0x0, 0xa, 0xfd, 0x0, 0x0, 0x0,
    0x0, 0xcf, 0x40, 0x0, 0x0, 0x0, 0x0, 0xef,
    0x60, 0x0, 0x0, 0x0, 0xe, 0xf2, 0x0, 0x0,
    0x0, 0x0, 0xe, 0xfb, 0x43, 0x33, 0x33, 0x37,
    0xff, 0x0, 0x0, 0x0, 0x0, 0x0, 0x9f, 0xff,
    0xff, 0xff, 0xff, 0xff, 0xa0, 0x0, 0x0, 0x0,
    0x0, 0x0, 0x7d, 0xff, 0xff, 0xff, 0xfe, 0xa1,
    0x0,

    /* U+5408 "合" */
    0x0, 0x0, 0x0, 0x0, 0x0, 0x0, 0x0, 0x0,
    0x0, 0x0, 0x0, 0x0, 0x0, 0x0, 0x0, 0x0,
    0x0, 0x2, 0xe9, 0x10, 0x0, 0x0, 0x0, 0x0,
    0x0, 0x0, 0x0, 0x0, 0x0, 0x1e, 0xfe, 0x10,
    0x0, 0x0, 0x0, 0x0, 0x0, 0x0, 0x0, 0x0,
    0x0, 0xcf, 0xff, 0x40, 0x0, 0x0, 0x0, 0x0,
    0x0, 0x0, 0x0, 0x0, 0x1d, 0xff, 0xdf, 0xf6,
    0x0, 0x0, 0x0, 0x0, 0x0, 0x0, 0x0, 0x3,
    0xef, 0xf5, 0xb, 0xff, 0x90, 0x0, 0x0, 0x0,
    0x0, 0x0, 0x0, 0x8f, 0xff, 0x40, 0x0, 0xaf,
    0xfd, 0x40, 0x0, 0x0, 0x0, 0x0, 0x4d, 0xff,
    0xd2, 0x0, 0x0, 0x6, 0xff, 0xfc, 0x40, 0x0,
    0x0, 0x4c, 0xff, 0xfd, 0x43, 0x33, 0x33, 0x33,
    0x6f, 0xff, 0xfc, 0x50, 0xc, 0xff, 0xfe, 0xff,
    0xff, 0xff, 0xff, 0xff, 0xff, 0x9e, 0xff, 0xf2,
    0x4, 0xfe, 0x60, 0xdd, 0xdd, 0xdd, 0xdd, 0xdd,
    0xdd, 0x20, 0x7e, 0x50, 0x0, 0x30, 0x0, 0x0,
    0x0, 0x0, 0x0, 0x0, 0x0, 0x0, 0x0, 0x0,
    0x0, 0x0, 0x0, 0x0, 0x0, 0x0, 0x0, 0x0,
    0x0, 0x0, 0x0, 0x0, 0x0, 0x0, 0x6f, 0xff,
    0xff, 0xff, 0xff, 0xff, 0xff, 0xfe, 0x0, 0x0,
    0x0, 0x0, 0x6f, 0xff, 0xff, 0xff, 0xff, 0xff,
    0xff, 0xfe, 0x0, 0x0, 0x0, 0x0, 0x6f, 0xe1,
    0x11, 0x11, 0x11, 0x11, 0x18, 0xfe, 0x0, 0x0,
    0x0, 0x0, 0x6f, 0xe0, 0x0, 0x0, 0x0, 0x0,
    0x7, 0xfe, 0x0, 0x0, 0x0, 0x0, 0x6f, 0xe0,
    0x0, 0x0, 0x0, 0x0, 0x7, 0xfe, 0x0, 0x0,
    0x0, 0x0, 0x6f, 0xe0, 0x0, 0x0, 0x0, 0x0,
    0x7, 0xfe, 0x0, 0x0, 0x0, 0x0, 0x6f, 0xe2,
    0x22, 0x22, 0x22, 0x22, 0x29, 0xfe, 0x0, 0x0,
    0x0, 0x0, 0x6f, 0xff, 0xff, 0xff, 0xff, 0xff,
    0xff, 0xfe, 0x0, 0x0, 0x0, 0x0, 0x6f, 0xff,
    0xff, 0xff, 0xff, 0xff, 0xff, 0xfe, 0x0, 0x0,
    0x0, 0x0, 0x6f, 0xe0, 0x0, 0x0, 0x0, 0x0,
    0x7, 0xed, 0x0, 0x0,

    /* U+540E "后" */
    0x0, 0x0, 0x0, 0x0, 0x0, 0x0, 0x0, 0x2,
    0x47, 0xbd, 0x30, 0x0, 0x0, 0x0, 0x2, 0x34,
    0x67, 0x8a, 0xbe, 0xff, 0xff, 0xff, 0xe2, 0x0,
    0x0, 0x6, 0xff, 0xff, 0xff, 0xff, 0xff, 0xff,
    0xdb, 0x85, 0x10, 0x0, 0x0, 0x6, 0xff, 0xdc,
    0xa9, 0x86, 0x53, 0x20, 0x0, 0x0, 0x0, 0x0,
    0x0, 0x6, 0xfe, 0x0, 0x0, 0x0, 0x0, 0x0,
    0x0, 0x0, 0x0, 0x0, 0x0, 0x6, 0xfe, 0x0,
    0x0, 0x0, 0x0, 0x0, 0x0, 0x0, 0x0, 0x0,
    0x0, 0x6, 0xff, 0xdd, 0xdd, 0xdd, 0xdd, 0xdd,
    0xdd, 0xdd, 0xdd, 0xd2, 0x0, 0x6, 0xff, 0xff,
    0xff, 0xff, 0xff, 0xff, 0xff, 0xff, 0xff, 0xf2,
    0x0, 0x6, 0xff, 0x55, 0x55, 0x55, 0x55, 0x55,
    0x55, 0x55, 0x55, 0x50, 0x0, 0x7, 0xfe, 0x0,
    0x0, 0x0, 0x0, 0x0, 0x0, 0x0, 0x0, 0x0,
    0x0, 0x7, 0xfd, 0x0, 0x0, 0x0, 0x0, 0x0,
    0x0, 0x0, 0x0, 0x0, 0x0, 0x8, 0xfc, 0x0,
    0x22, 0x22, 0x22, 0x22, 0x22, 0x22, 0x21, 0x0,
    0x0, 0x9, 0xfb, 0x5, 0xff, 0xff, 0xff, 0xff,
    0xff, 0xff, 0xf7, 0x0, 0x0, 0xb, 0xf8, 0x5,
    0xff, 0xff, 0xff, 0xff, 0xff, 0xff, 0xf7, 0x0,
    0x0, 0xd, 0xf6, 0x5, 0xfe, 0x0, 0x0, 0x0,
    0x0, 0xe, 0xf7, 0x0, 0x0, 0x1f, 0xf4, 0x5,
    0xfe, 0x0, 0x0, 0x0, 0x0, 0xe, 0xf7, 0x0,
    0x0, 0x6f, 0xf0, 0x5, 0xfe, 0x0, 0x0, 0x0,
    0x0, 0xe, 0xf7, 0x0, 0x0, 0xaf, 0xb0, 0x5,
    0xfe, 0x0, 0x0, 0x0, 0x0, 0xe, 0xf7, 0x0,
    0x2, 0xff, 0x60, 0x5, 0xfe, 0x22, 0x22, 0x22,
    0x22, 0x2f, 0xf7, 0x0, 0xa, 0xfe, 0x10, 0x5,
    0xff, 0xff, 0xff, 0xff, 0xff, 0xff, 0xf7, 0x0,
    0x1f, 0xf7, 0x0, 0x5, 0xff, 0xff, 0xff, 0xff,
    0xff, 0xff, 0xf7, 0x0, 0x2, 0xb0, 0x0, 0x5,
    0xfe, 0x0, 0x0, 0x0, 0x0, 0xe, 0xf7, 0x0,
    0x0, 0x0, 0x0, 0x0, 0x0, 0x0, 0x0, 0x0,
    0x0, 0x0, 0x0, 0x0,

    /* U+5427 "吧" */
    0x1, 0x11, 0x11, 0x11, 0x4, 0xcc, 0xcc, 0xcc,
    0xcc, 0xcc, 0xc3, 0x2, 0xff, 0xff, 0xff, 0xd0,
    0x5f, 0xff, 0xff, 0xff, 0xff, 0xff, 0x40, 0x2f,
    0xff, 0xff, 0xfd, 0x5, 0xff, 0x55, 0xef, 0x75,
    0x5f, 0xf4, 0x2, 0xfe, 0x0, 0x4f, 0xd0, 0x5f,
    0xe0, 0xd, 0xf2, 0x0, 0xef, 0x40, 0x2f, 0xe0,
    0x4, 0xfd, 0x5, 0xfe, 0x0, 0xdf, 0x20, 0xe,
    0xf4, 0x2, 0xfe, 0x0, 0x4f, 0xd0, 0x5f, 0xe0,
    0xd, 0xf2, 0x0, 0xef, 0x40, 0x2f, 0xe0, 0x4,
    0xfd, 0x5, 0xfe, 0x0, 0xdf, 0x20, 0xe, 0xf4,
    0x2, 0xfe, 0x0, 0x4f, 0xd0, 0x5f, 0xe0, 0xd,
    0xf2, 0x0, 0xef, 0x40, 0x2f, 0xe0, 0x4, 0xfd,
    0x5, 0xfe, 0x0, 0xdf, 0x20, 0xe, 0xf4, 0x2,
    0xfe, 0x0, 0x4f, 0xd0, 0x5f, 0xe2, 0x2e, 0xf5,
    0x22, 0xef, 0x40, 0x2f, 0xe0, 0x4, 0xfd, 0x5,
    0xff, 0xff, 0xff, 0xff, 0xff, 0xf4, 0x2, 0xfe,
    0x0, 0x4f, 0xd0, 0x5f, 0xfd, 0xdd, 0xdd, 0xdd,
    0xff, 0x40, 0x2f, 0xf3, 0x37, 0xfd, 0x5, 0xfe,
    0x0, 0x0, 0x0, 0xe, 0xf4, 0x2, 0xff, 0xff,
    0xff, 0xd0, 0x5f, 0xe0, 0x0, 0x0, 0x0, 0x22,
    0x0, 0x2f, 0xfe, 0xee, 0xec, 0x5, 0xfe, 0x0,
    0x0, 0x0, 0x0, 0x0, 0x2, 0xfe, 0x0, 0x0,
    0x0, 0x5f, 0xe0, 0x0, 0x0, 0x0, 0x6, 0x10,
    0x2e, 0xd0, 0x0, 0x0, 0x5, 0xfe, 0x0, 0x0,
    0x0, 0x0, 0xef, 0x20, 0x0, 0x0, 0x0, 0x0,
    0x4f, 0xe0, 0x0, 0x0, 0x0, 0x1f, 0xf1, 0x0,
    0x0, 0x0, 0x0, 0x3, 0xff, 0x41, 0x11, 0x11,
    0x18, 0xfe, 0x0, 0x0, 0x0, 0x0, 0x0, 0xe,
    0xff, 0xff, 0xff, 0xff, 0xff, 0x80, 0x0, 0x0,
    0x0, 0x0, 0x0, 0x3c, 0xef, 0xff, 0xff, 0xfe,
    0x90, 0x0,

    /* U+5473 "味" */
    0x0, 0x0, 0x0, 0x0, 0x0, 0x0, 0x0, 0x11,
    0x0, 0x0, 0x0, 0x0, 0x0, 0x0, 0x0, 0x0,
    0x0, 0x0, 0x3f, 0xf0, 0x0, 0x0, 0x0, 0x0,
    0x0, 0x0, 0x0, 0x0, 0x0, 0x3, 0xff, 0x0,
    0x0, 0x0, 0x2, 0xff, 0xff, 0xff, 0xc0, 0x0,
    0x0, 0x3f, 0xf0, 0x0, 0x0, 0x0, 0x2f, 0xff,
    0xff, 0xfc, 0x3, 0x33, 0x36, 0xff, 0x43, 0x33,
    0x30, 0x2, 0xff, 0x44, 0x7f, 0xc0, 0xef, 0xff,
    0xff, 0xff, 0xff, 0xff, 0x20, 0x2f, 0xe0, 0x4,
    0xfc, 0xd, 0xee, 0xef, 0xff, 0xfe, 0xee, 0xe2,
    0x2, 0xfe, 0x0, 0x4f, 0xc0, 0x0, 0x0, 0x3f,
    0xf0, 0x0, 0x0, 0x0, 0x2f, 0xe0, 0x4, 0xfc,
    0x0, 0x0, 0x3, 0xff, 0x0, 0x0, 0x0, 0x2,
    0xfe, 0x0, 0x4f, 0xc0, 0x0, 0x0, 0x3f, 0xf0,
    0x0, 0x0, 0x0, 0x2f, 0xe0, 0x4, 0xfc, 0x8e,
    0xee, 0xef, 0xff, 0xee, 0xee, 0xee, 0x2, 0xfe,
    0x0, 0x4f, 0xc9, 0xff, 0xff, 0xff, 0xff, 0xff,
    0xff, 0xf0, 0x2f, 0xe0, 0x4, 0xfc, 0x24, 0x44,
    0x6f, 0xff, 0xf4, 0x44, 0x44, 0x2, 0xfe, 0x0,
    0x4f, 0xc0, 0x0, 0x9, 0xff, 0xff, 0x60, 0x0,
    0x0, 0x2f, 0xe2, 0x26, 0xfc, 0x0, 0x2, 0xff,
    0xff, 0xfe, 0x0, 0x0, 0x2, 0xff, 0xff, 0xff,
    0xc0, 0x0, 0xcf, 0xdf, 0xfd, 0xf9, 0x0, 0x0,
    0x2f, 0xff, 0xff, 0xfc, 0x0, 0x8f, 0xd4, 0xff,
    0x4f, 0xf4, 0x0, 0x2, 0xfe, 0x0, 0x0, 0x0,
    0x6f, 0xf3, 0x3f, 0xf0, 0x9f, 0xe2, 0x0, 0x2f,
    0xe0, 0x0, 0x0, 0x6f, 0xf8, 0x3, 0xff, 0x1,
    0xef, 0xd2, 0x0, 0x0, 0x0, 0x0, 0xaf, 0xfb,
    0x0, 0x3f, 0xf0, 0x4, 0xff, 0xe2, 0x0, 0x0,
    0x0, 0x8, 0xfa, 0x0, 0x3, 0xff, 0x0, 0x7,
    0xf9, 0x0, 0x0, 0x0, 0x0, 0x5, 0x0, 0x0,
    0x3f, 0xf0, 0x0, 0x5, 0x0, 0x0, 0x0, 0x0,
    0x0, 0x0, 0x0, 0x3, 0xff, 0x0, 0x0, 0x0,
    0x0,

    /* U+548C "和" */
    0x0, 0x0, 0x0, 0x0, 0x0, 0x0, 0x0, 0x0,
    0x0, 0x0, 0x0, 0x0, 0x0, 0x0, 0x3, 0x7c,
    0xb0, 0x0, 0x0, 0x0, 0x0, 0x0, 0x0, 0x36,
    0x9b, 0xff, 0xff, 0xf6, 0x0, 0x0, 0x0, 0x0,
    0x0, 0x9, 0xff, 0xff, 0xff, 0xa6, 0x20, 0x7f,
    0xff, 0xff, 0xff, 0xfe, 0x3, 0xa8, 0x69, 0xfe,
    0x0, 0x0, 0x7f, 0xff, 0xff, 0xff, 0xfe, 0x0,
    0x0, 0x6, 0xfe, 0x0, 0x0, 0x7f, 0xd2, 0x22,
    0x27, 0xfe, 0x0, 0x0, 0x6, 0xfe, 0x0, 0x0,
    0x7f, 0xc0, 0x0, 0x6, 0xfe, 0x2, 0x22, 0x27,
    0xfe, 0x22, 0x21, 0x7f, 0xc0, 0x0, 0x6, 0xfe,
    0xe, 0xff, 0xff, 0xff, 0xff, 0xfc, 0x7f, 0xc0,
    0x0, 0x6, 0xfe, 0xe, 0xff, 0xff, 0xff, 0xff,
    0xfb, 0x7f, 0xc0, 0x0, 0x6, 0xfe, 0x0, 0x0,
    0x3f, 0xff, 0x10, 0x0, 0x7f, 0xc0, 0x0, 0x6,
    0xfe, 0x0, 0x0, 0xaf, 0xff, 0xc0, 0x0, 0x7f,
    0xc0, 0x0, 0x6, 0xfe, 0x0, 0x2, 0xff, 0xff,
    0xfa, 0x0, 0x7f, 0xc0, 0x0, 0x6, 0xfe, 0x0,
    0x9, 0xfd, 0xfe, 0xcf, 0x80, 0x7f, 0xc0, 0x0,
    0x6, 0xfe, 0x0, 0x2f, 0xe7, 0xfe, 0x2f, 0xf6,
    0x7f, 0xc0, 0x0, 0x6, 0xfe, 0x0, 0xbf, 0x76,
    0xfe, 0x6, 0xf6, 0x7f, 0xc0, 0x0, 0x6, 0xfe,
    0x7, 0xfe, 0x6, 0xfe, 0x0, 0x70, 0x7f, 0xc0,
    0x0, 0x6, 0xfe, 0x3f, 0xf6, 0x6, 0xfe, 0x0,
    0x0, 0x7f, 0xd3, 0x33, 0x38, 0xfe, 0x1f, 0xc0,
    0x6, 0xfe, 0x0, 0x0, 0x7f, 0xff, 0xff, 0xff,
    0xfe, 0x6, 0x10, 0x6, 0xfe, 0x0, 0x0, 0x7f,
    0xff, 0xff, 0xff, 0xfe, 0x0, 0x0, 0x6, 0xfe,
    0x0, 0x0, 0x7f, 0xc0, 0x0, 0x6, 0xfe, 0x0,
    0x0, 0x6, 0xfe, 0x0, 0x0, 0x6e, 0xb0, 0x0,
    0x4, 0xbb, 0x0, 0x0, 0x6, 0xfe, 0x0, 0x0,
    0x0, 0x0, 0x0, 0x0, 0x0,

    /* U+54AC "咬" */
    0x0, 0x0, 0x0, 0x0, 0x0, 0x0, 0x0, 0x31,
    0x0, 0x0, 0x0, 0x0, 0x0, 0x0, 0x0, 0x0,
    0x0, 0x0, 0x9f, 0xa0, 0x0, 0x0, 0x0, 0x1,
    0x11, 0x11, 0x10, 0x0, 0x0, 0x5, 0xff, 0x30,
    0x0, 0x0, 0x2, 0xff, 0xff, 0xff, 0x20, 0x0,
    0x0, 0xc, 0xe5, 0x0, 0x0, 0x0, 0x2f, 0xff,
    0xff, 0xf2, 0x9f, 0xff, 0xff, 0xff, 0xff, 0xff,
    0xff, 0x12, 0xfe, 0x0, 0xef, 0x29, 0xff, 0xff,
    0xff, 0xff, 0xff, 0xff, 0xf1, 0x2f, 0xe0, 0xe,
    0xf2, 0x11, 0x17, 0x42, 0x11, 0x14, 0x61, 0x11,
    0x2, 0xfe, 0x0, 0xef, 0x20, 0x4, 0xff, 0x30,
    0x2, 0xff, 0x40, 0x0, 0x2f, 0xe0, 0xe, 0xf2,
    0x0, 0xdf, 0xa0, 0x0, 0x9, 0xff, 0x30, 0x2,
    0xfe, 0x0, 0xef, 0x20, 0x9f, 0xf1, 0x0, 0x0,
    0xb, 0xfe, 0x10, 0x2f, 0xe0, 0xe, 0xf2, 0x7f,
    0xf5, 0x0, 0x0, 0x0, 0x1d, 0xfc, 0x2, 0xfe,
    0x0, 0xef, 0x6f, 0xfd, 0x86, 0x0, 0x0, 0xb7,
    0x4f, 0xf2, 0x2f, 0xe0, 0xe, 0xf3, 0x5c, 0x5f,
    0xe0, 0x0, 0x6f, 0xe0, 0x62, 0x2, 0xfe, 0x0,
    0xef, 0x20, 0x0, 0xdf, 0x50, 0xc, 0xf7, 0x0,
    0x0, 0x2f, 0xf3, 0x3f, 0xf2, 0x0, 0x6, 0xfe,
    0x5, 0xff, 0x10, 0x0, 0x2, 0xff, 0xff, 0xff,
    0x20, 0x0, 0xd, 0xf9, 0xef, 0x80, 0x0, 0x0,
    0x2f, 0xfe, 0xee, 0xe2, 0x0, 0x0, 0x4f, 0xff,
    0xd0, 0x0, 0x0, 0x2, 0xfe, 0x0, 0x0, 0x0,
    0x0, 0x0, 0xdf, 0xf7, 0x0, 0x0, 0x0, 0x2e,
    0xd0, 0x0, 0x0, 0x0, 0x2, 0xcf, 0xff, 0xf8,
    0x0, 0x0, 0x0, 0x0, 0x0, 0x0, 0x0, 0x5,
    0xff, 0xe4, 0x9f, 0xfb, 0x20, 0x0, 0x0, 0x0,
    0x0, 0x0, 0x6d, 0xff, 0xc1, 0x0, 0x7f, 0xff,
    0xb4, 0x0, 0x0, 0x0, 0x0, 0xcf, 0xfe, 0x70,
    0x0, 0x0, 0x4d, 0xff, 0xe2, 0x0, 0x0, 0x0,
    0x2, 0xd7, 0x0, 0x0, 0x0, 0x0, 0x5, 0xd4,
    0x0, 0x0, 0x0, 0x0, 0x0, 0x0, 0x0, 0x0,
    0x0, 0x0, 0x0, 0x0,

    /* U+5524 "唤" */
    0x0, 0x0, 0x0, 0x0, 0x0, 0x0, 0x63, 0x0,
    0x0, 0x0, 0x0, 0x0, 0x0, 0x0, 0x0, 0x0,
    0x0, 0x6f, 0xf1, 0x0, 0x0, 0x0, 0x0, 0x0,
    0x0, 0x0, 0x0, 0x0, 0xd, 0xfc, 0x66, 0x66,
    0x40, 0x0, 0x2, 0xdd, 0xdd, 0xdc, 0x0, 0x8,
    0xff, 0xff, 0xff, 0xff, 0x70, 0x0, 0x2f, 0xff,
    0xff, 0xe0, 0x3, 0xff, 0x98, 0x88, 0xbf, 0xf1,
    0x0, 0x2, 0xfc, 0x24, 0xfe, 0x1, 0xef, 0x90,
    0x0, 0xd, 0xf7, 0x0, 0x0, 0x2f, 0xc0, 0x1f,
    0xe2, 0xdf, 0xe1, 0x0, 0x7, 0xfd, 0x10, 0x0,
    0x2, 0xfc, 0x1, 0xfe, 0x4f, 0xff, 0xff, 0xff,
    0xff, 0xff, 0xf3, 0x0, 0x2f, 0xc0, 0x1f, 0xe0,
    0x5f, 0xfb, 0xbb, 0xff, 0xbb, 0xff, 0x30, 0x2,
    0xfc, 0x1, 0xfe, 0x0, 0xef, 0x10, 0x2f, 0xf0,
    0xe, 0xf3, 0x0, 0x2f, 0xc0, 0x1f, 0xe0, 0xe,
    0xf1, 0x2, 0xff, 0x0, 0xef, 0x30, 0x2, 0xfc,
    0x1, 0xfe, 0x0, 0xef, 0x10, 0x3f, 0xe0, 0xe,
    0xf3, 0x0, 0x2f, 0xc0, 0x1f, 0xe0, 0xe, 0xf1,
    0x4, 0xfd, 0x0, 0xef, 0x30, 0x2, 0xfc, 0x1,
    0xfe, 0x13, 0xff, 0x43, 0x7f, 0xc3, 0x3f, 0xf6,
    0x20, 0x2f, 0xc0, 0x1f, 0xe5, 0xff, 0xff, 0xff,
    0xff, 0xff, 0xff, 0xfa, 0x2, 0xff, 0xdd, 0xfe,
    0x4b, 0xbb, 0xbc, 0xff, 0xfb, 0xbb, 0xbb, 0x70,
    0x2f, 0xff, 0xff, 0xe0, 0x0, 0x0, 0x9f, 0xff,
    0x80, 0x0, 0x0, 0x2, 0xfd, 0x33, 0x32, 0x0,
    0x0, 0x5f, 0xf5, 0xff, 0x40, 0x0, 0x0, 0x2f,
    0xc0, 0x0, 0x0, 0x0, 0x5f, 0xf7, 0x6, 0xff,
    0x40, 0x0, 0x1, 0x75, 0x0, 0x0, 0x0, 0x9f,
    0xf8, 0x0, 0x8, 0xff, 0x80, 0x0, 0x0, 0x0,
    0x0, 0x6, 0xef, 0xf6, 0x0, 0x0, 0x8, 0xff,
    0xd6, 0x0, 0x0, 0x0, 0x6, 0xff, 0xc3, 0x0,
    0x0, 0x0, 0x5, 0xef, 0xc0, 0x0, 0x0, 0x0,
    0x7, 0x50, 0x0, 0x0, 0x0, 0x0, 0x1, 0x81,
    0x0,

    /* U+56DE "回" */
    0x5, 0x55, 0x55, 0x55, 0x55, 0x55, 0x55, 0x55,
    0x55, 0x55, 0x51, 0x2f, 0xff, 0xff, 0xff, 0xff,
    0xff, 0xff, 0xff, 0xff, 0xff, 0xf2, 0x2f, 0xff,
    0xff, 0xff, 0xff, 0xff, 0xff, 0xff, 0xff, 0xff,
    0xf2, 0x2f, 0xf3, 0x0, 0x0, 0x0, 0x0, 0x0,
    0x0, 0x0, 0x4f, 0xf2, 0x2f, 0xf3, 0x0, 0x0,
    0x0, 0x0, 0x0, 0x0, 0x0, 0x4f, 0xf2, 0x2f,
    0xf3, 0x0, 0x0, 0x0, 0x0, 0x0, 0x0, 0x0,
    0x4f, 0xf2, 0x2f, 0xf3, 0x0, 0xde, 0xee, 0xee,
    0xee, 0xed, 0x0, 0x4f, 0xf2, 0x2f, 0xf3, 0x0,
    0xef, 0xff, 0xff, 0xff, 0xfe, 0x0, 0x4f, 0xf2,
    0x2f, 0xf3, 0x0, 0xef, 0x41, 0x11, 0x16, 0xfe,
    0x0, 0x4f, 0xf2, 0x2f, 0xf3, 0x0, 0xef, 0x30,
    0x0, 0x5, 0xfe, 0x0, 0x4f, 0xf2, 0x2f, 0xf3,
    0x0, 0xef, 0x30, 0x0, 0x5, 0xfe, 0x0, 0x4f,
    0xf2, 0x2f, 0xf3, 0x0, 0xef, 0x30, 0x0, 0x5,
    0xfe, 0x0, 0x4f, 0xf2, 0x2f, 0xf3, 0x0, 0xef,
    0x30, 0x0, 0x5, 0xfe, 0x0, 0x4f, 0xf2, 0x2f,
    0xf3, 0x0, 0xef, 0xfe, 0xee, 0xef, 0xfe, 0x0,
    0x4f, 0xf2, 0x2f, 0xf3, 0x0, 0xef, 0xff, 0xff,
    0xff, 0xfe, 0x0, 0x4f, 0xf2, 0x2f, 0xf3, 0x0,
    0x0, 0x0, 0x0, 0x0, 0x0, 0x0, 0x4f, 0xf2,
    0x2f, 0xf3, 0x0, 0x0, 0x0, 0x0, 0x0, 0x0,
    0x0, 0x4f, 0xf2, 0x2f, 0xf3, 0x0, 0x0, 0x0,
    0x0, 0x0, 0x0, 0x0, 0x4f, 0xf2, 0x2f, 0xf5,
    0x33, 0x33, 0x33, 0x33, 0x33, 0x33, 0x33, 0x7f,
    0xf2, 0x2f, 0xff, 0xff, 0xff, 0xff, 0xff, 0xff,
    0xff, 0xff, 0xff, 0xf2, 0x2f, 0xff, 0xee, 0xee,
    0xee, 0xee, 0xee, 0xee, 0xee, 0xff, 0xf2, 0x2f,
    0xf3, 0x0, 0x0, 0x0, 0x0, 0x0, 0x0, 0x0,
    0x4f, 0xf2,

    /* U+56E2 "团" */
    0x1, 0x11, 0x11, 0x11, 0x11, 0x11, 0x11, 0x11,
    0x11, 0x11, 0x10, 0x1f, 0xff, 0xff, 0xff, 0xff,
    0xff, 0xff, 0xff, 0xff, 0xff, 0xf5, 0x1f, 0xff,
    0xff, 0xff, 0xff, 0xff, 0xff, 0xff, 0xff, 0xff,
    0xf5, 0x1f, 0xf3, 0x0, 0x0, 0x0, 0x0, 0x44,
    0x10, 0x0, 0x1f, 0xf5, 0x1f, 0xf3, 0x0, 0x0,
    0x0, 0x0, 0xdf, 0x50, 0x0, 0x1f, 0xf5, 0x1f,
    0xf3, 0x0, 0x0, 0x0, 0x0, 0xdf, 0x50, 0x0,
    0x1f, 0xf5, 0x1f, 0xf3, 0x3, 0x33, 0x33, 0x33,
    0xef, 0x73, 0x32, 0x1f, 0xf5, 0x1f, 0xf3, 0x3f,
    0xff, 0xff, 0xff, 0xff, 0xff, 0xfb, 0x1f, 0xf5,
    0x1f, 0xf3, 0x2c, 0xcc, 0xcc, 0xcf, 0xff, 0xdc,
    0xc9, 0x1f, 0xf5, 0x1f, 0xf3, 0x0, 0x0, 0x0,
    0x5f, 0xff, 0x50, 0x0, 0x1f, 0xf5, 0x1f, 0xf3,
    0x0, 0x0, 0x6, 0xff, 0xff, 0x50, 0x0, 0x1f,
    0xf5, 0x1f, 0xf3, 0x0, 0x0, 0x6f, 0xfb, 0xef,
    0x50, 0x0, 0x1f, 0xf5, 0x1f, 0xf3, 0x0, 0x8,
    0xff, 0x90, 0xdf, 0x50, 0x0, 0x1f, 0xf5, 0x1f,
    0xf3, 0x3, 0xcf, 0xf7, 0x0, 0xdf, 0x50, 0x0,
    0x1f, 0xf5, 0x1f, 0xf3, 0x6f, 0xfd, 0x30, 0x0,
    0xdf, 0x50, 0x0, 0x1f, 0xf5, 0x1f, 0xf3, 0xb,
    0x80, 0x0, 0x11, 0xef, 0x50, 0x0, 0x1f, 0xf5,
    0x1f, 0xf3, 0x0, 0x0, 0x5, 0xff, 0xff, 0x30,
    0x0, 0x1f, 0xf5, 0x1f, 0xf3, 0x0, 0x0, 0x0,
    0xee, 0xc6, 0x0, 0x0, 0x1f, 0xf5, 0x1f, 0xf3,
    0x0, 0x0, 0x0, 0x0, 0x0, 0x0, 0x0, 0x1f,
    0xf5, 0x1f, 0xff, 0xff, 0xff, 0xff, 0xff, 0xff,
    0xff, 0xff, 0xff, 0xf5, 0x1f, 0xff, 0xff, 0xff,
    0xff, 0xff, 0xff, 0xff, 0xff, 0xff, 0xf5, 0x1f,
    0xf4, 0x11, 0x11, 0x11, 0x11, 0x11, 0x11, 0x11,
    0x3f, 0xf5,

    /* U+5728 "在" */
    0x0, 0x0, 0x0, 0x0, 0x4, 0x30, 0x0, 0x0,
    0x0, 0x0, 0x0, 0x0, 0x0, 0x0, 0x0, 0x0,
    0xef, 0x90, 0x0, 0x0, 0x0, 0x0, 0x0, 0x0,
    0x0, 0x0, 0x0, 0x4f, 0xf4, 0x0, 0x0, 0x0,
    0x0, 0x0, 0x0, 0x0, 0x0, 0x0, 0x9, 0xfe,
    0x0, 0x0, 0x0, 0x0, 0x0, 0x0, 0x5, 0xee,
    0xee, 0xee, 0xff, 0xfe, 0xee, 0xee, 0xee, 0xee,
    0xee, 0xc0, 0x5f, 0xff, 0xff, 0xff, 0xff, 0xff,
    0xff, 0xff, 0xff, 0xff, 0xfd, 0x1, 0x44, 0x44,
    0x5f, 0xfb, 0x44, 0x44, 0x44, 0x44, 0x44, 0x44,
    0x30, 0x0, 0x0, 0x9, 0xff, 0x10, 0x0, 0x0,
    0x0, 0x0, 0x0, 0x0, 0x0, 0x0, 0x3, 0xff,
    0x80, 0x0, 0x0, 0x7d, 0x90, 0x0, 0x0, 0x0,
    0x0, 0x0, 0xcf, 0xe0, 0x0, 0x0, 0x8, 0xfb,
    0x0, 0x0, 0x0, 0x0, 0x0, 0x7f, 0xf6, 0x0,
    0x0, 0x0, 0x8f, 0xb0, 0x0, 0x0, 0x0, 0x0,
    0x5f, 0xff, 0x0, 0x0, 0x0, 0x8, 0xfb, 0x0,
    0x0, 0x0, 0x0, 0x5f, 0xff, 0xe0, 0xb, 0xff,
    0xff, 0xff, 0xff, 0xff, 0xfd, 0x0, 0x8f, 0xff,
    0xfe, 0x0, 0xbf, 0xff, 0xff, 0xff, 0xff, 0xff,
    0xd0, 0xb, 0xfe, 0x8f, 0xe0, 0x0, 0x0, 0x0,
    0x9f, 0xc0, 0x0, 0x0, 0x0, 0x3d, 0x15, 0xfe,
    0x0, 0x0, 0x0, 0x8, 0xfb, 0x0, 0x0, 0x0,
    0x0, 0x0, 0x5f, 0xe0, 0x0, 0x0, 0x0, 0x8f,
    0xb0, 0x0, 0x0, 0x0, 0x0, 0x5, 0xfe, 0x0,
    0x0, 0x0, 0x8, 0xfb, 0x0, 0x0, 0x0, 0x0,
    0x0, 0x5f, 0xe0, 0x0, 0x0, 0x0, 0x8f, 0xb0,
    0x0, 0x0, 0x0, 0x0, 0x5, 0xfe, 0x0, 0x0,
    0x0, 0x8, 0xfb, 0x0, 0x0, 0x0, 0x0, 0x0,
    0x5f, 0xe0, 0x11, 0x11, 0x11, 0x9f, 0xc1, 0x11,
    0x11, 0x10, 0x0, 0x5, 0xfe, 0xa, 0xff, 0xff,
    0xff, 0xff, 0xff, 0xff, 0xfc, 0x0, 0x0, 0x5f,
    0xe0, 0xaf, 0xff, 0xff, 0xff, 0xff, 0xff, 0xff,
    0xc0,

    /* U+5782 "垂" */
    0x0, 0x0, 0x0, 0x0, 0x0, 0x0, 0x0, 0x0,
    0x1, 0x20, 0x0, 0x0, 0x0, 0x0, 0x1, 0x23,
    0x45, 0x78, 0xac, 0xff, 0xe0, 0x0, 0x1, 0xde,
    0xff, 0xff, 0xff, 0xff, 0xff, 0xff, 0xff, 0xe5,
    0x0, 0x0, 0xdf, 0xff, 0xff, 0xfe, 0xff, 0xb8,
    0x75, 0x30, 0x0, 0x0, 0x0, 0x22, 0x11, 0x0,
    0x3, 0xff, 0x20, 0x0, 0x0, 0x0, 0x0, 0x0,
    0x0, 0x0, 0x0, 0x3, 0xff, 0x20, 0x0, 0x0,
    0x0, 0x0, 0xa, 0xff, 0xff, 0xff, 0xff, 0xff,
    0xff, 0xff, 0xff, 0xff, 0x80, 0xb, 0xff, 0xff,
    0xff, 0xff, 0xff, 0xff, 0xff, 0xff, 0xff, 0x80,
    0x2, 0x22, 0xff, 0x82, 0x26, 0xff, 0x42, 0x29,
    0xfe, 0x22, 0x10, 0x0, 0x0, 0xef, 0x60, 0x3,
    0xff, 0x20, 0x7, 0xfd, 0x0, 0x0, 0x22, 0x22,
    0xff, 0x72, 0x25, 0xff, 0x42, 0x29, 0xfe, 0x22,
    0x21, 0xef, 0xff, 0xff, 0xff, 0xff, 0xff, 0xff,
    0xff, 0xff, 0xff, 0xfa, 0xef, 0xff, 0xff, 0xff,
    0xff, 0xff, 0xff, 0xff, 0xff, 0xff, 0xfa, 0x0,
    0x0, 0xff, 0x60, 0x3, 0xff, 0x20, 0x8, 0xfe,
    0x0, 0x0, 0x0, 0x0, 0xef, 0x60, 0x3, 0xff,
    0x20, 0x7, 0xfd, 0x0, 0x0, 0x2, 0x22, 0xff,
    0x72, 0x25, 0xff, 0x42, 0x29, 0xfe, 0x22, 0x10,
    0xd, 0xff, 0xff, 0xff, 0xff, 0xff, 0xff, 0xff,
    0xff, 0xff, 0xb0, 0xd, 0xff, 0xff, 0xff, 0xff,
    0xff, 0xff, 0xff, 0xff, 0xff, 0xa0, 0x0, 0x0,
    0x0, 0x0, 0x3, 0xff, 0x20, 0x0, 0x0, 0x0,
    0x0, 0x0, 0x0, 0x0, 0x0, 0x3, 0xff, 0x20,
    0x0, 0x0, 0x0, 0x0, 0x0, 0x12, 0x22, 0x22,
    0x25, 0xff, 0x42, 0x22, 0x22, 0x20, 0x0, 0x0,
    0xbf, 0xff, 0xff, 0xff, 0xff, 0xff, 0xff, 0xff,
    0xf6, 0x0, 0x0, 0xbf, 0xff, 0xff, 0xff, 0xff,
    0xff, 0xff, 0xff, 0xf6, 0x0,

    /* U+5858 "塘" */
    0x0, 0x0, 0x0, 0x0, 0x0, 0x0, 0x0, 0x15,
    0x10, 0x0, 0x0, 0x0, 0x0, 0x2, 0xfe, 0x0,
    0x0, 0x0, 0x0, 0xdf, 0x90, 0x0, 0x0, 0x0,
    0x0, 0x2, 0xfe, 0x0, 0x0, 0x0, 0x0, 0x6f,
    0xf1, 0x0, 0x0, 0x0, 0x0, 0x2, 0xfe, 0x0,
    0xc, 0xee, 0xee, 0xef, 0xfe, 0xee, 0xee, 0xe3,
    0x0, 0x2, 0xfe, 0x0, 0xd, 0xff, 0xff, 0xff,
    0xff, 0xff, 0xff, 0xf4, 0x0, 0x2, 0xfe, 0x0,
    0xd, 0xf2, 0x0, 0x6, 0x93, 0x0, 0x0, 0x0,
    0x3, 0x46, 0xfe, 0x44, 0x2d, 0xf1, 0x0, 0xb,
    0xf5, 0x0, 0x0, 0x0, 0xd, 0xff, 0xff, 0xff,
    0x9d, 0xf1, 0xef, 0xff, 0xff, 0xff, 0xfb, 0x0,
    0xb, 0xde, 0xff, 0xdd, 0x8d, 0xf1, 0x88, 0x8e,
    0xfa, 0x8a, 0xfb, 0x0, 0x0, 0x2, 0xfe, 0x0,
    0xd, 0xf1, 0x0, 0xb, 0xf4, 0x3, 0xfc, 0x20,
    0x0, 0x2, 0xfe, 0x0, 0xe, 0xfd, 0xff, 0xff,
    0xff, 0xff, 0xff, 0xf2, 0x0, 0x2, 0xfe, 0x0,
    0xe, 0xf8, 0x99, 0x9e, 0xfb, 0x9b, 0xff, 0xc2,
    0x0, 0x2, 0xfe, 0x0, 0xe, 0xf0, 0x0, 0xb,
    0xf5, 0x4, 0xfb, 0x0, 0x0, 0x2, 0xfe, 0x0,
    0xf, 0xf0, 0xff, 0xff, 0xff, 0xff, 0xfb, 0x0,
    0x0, 0x2, 0xfe, 0x0, 0x1f, 0xe0, 0x88, 0x8e,
    0xfa, 0x88, 0x86, 0x0, 0x0, 0x2, 0xfe, 0x7d,
    0x9f, 0xc0, 0x0, 0xb, 0xf5, 0x0, 0x0, 0x0,
    0x0, 0x6, 0xff, 0xff, 0xdf, 0xa4, 0xff, 0xff,
    0xff, 0xff, 0xfe, 0x0, 0x9, 0xef, 0xff, 0xc5,
    0x8f, 0x74, 0xfe, 0xcc, 0xcc, 0xcc, 0xfe, 0x0,
    0xc, 0xff, 0xa3, 0x0, 0xdf, 0x34, 0xfa, 0x0,
    0x0, 0x2, 0xfe, 0x0, 0x6, 0x71, 0x0, 0x2,
    0xfe, 0x4, 0xfa, 0x0, 0x0, 0x2, 0xfe, 0x0,
    0x0, 0x0, 0x0, 0xb, 0xf9, 0x4, 0xfe, 0xcc,
    0xcc, 0xcc, 0xfe, 0x0, 0x0, 0x0, 0x0, 0x1f,
    0xf1, 0x4, 0xff, 0xff, 0xff, 0xff, 0xfe, 0x0,
    0x0, 0x0, 0x0, 0x3, 0x70, 0x4, 0xfa, 0x0,
    0x0, 0x2, 0xfe, 0x0,

    /* U+58F0 "声" */
    0x0, 0x0, 0x0, 0x0, 0x0, 0x1, 0x10, 0x0,
    0x0, 0x0, 0x0, 0x0, 0x0, 0x0, 0x0, 0x0,
    0x6, 0xfd, 0x0, 0x0, 0x0, 0x0, 0x0, 0x1,
    0x11, 0x11, 0x11, 0x11, 0x7f, 0xe1, 0x11, 0x11,
    0x11, 0x11, 0x0, 0xaf, 0xff, 0xff, 0xff, 0xff,
    0xff, 0xff, 0xff, 0xff, 0xff, 0xf2, 0x8, 0xdd,
    0xdd, 0xdd, 0xdd, 0xef, 0xfd, 0xdd, 0xdd, 0xdd,
    0xdd, 0x20, 0x0, 0x0, 0x0, 0x0, 0x6, 0xfd,
    0x0, 0x0, 0x0, 0x0, 0x0, 0x0, 0x3, 0x33,
    0x33, 0x33, 0x8f, 0xe3, 0x33, 0x33, 0x33, 0x30,
    0x0, 0x2, 0xff, 0xff, 0xff, 0xff, 0xff, 0xff,
    0xff, 0xff, 0xff, 0x10, 0x0, 0x1b, 0xbb, 0xbb,
    0xbb, 0xbb, 0xbb, 0xbb, 0xbb, 0xbb, 0xb1, 0x0,
    0x0, 0x0, 0x0, 0x0, 0x0, 0x0, 0x0, 0x0,
    0x0, 0x0, 0x0, 0x0, 0x9, 0xdd, 0xdd, 0xdd,
    0xdd, 0xdd, 0xdd, 0xdd, 0xdd, 0x90, 0x0, 0x0,
    0xaf, 0xff, 0xff, 0xff, 0xff, 0xff, 0xff, 0xff,
    0xfa, 0x0, 0x0, 0xa, 0xf8, 0x0, 0x0, 0x6f,
    0xd0, 0x0, 0x0, 0x9f, 0xa0, 0x0, 0x0, 0xaf,
    0x80, 0x0, 0x5, 0xfd, 0x0, 0x0, 0x9, 0xfa,
    0x0, 0x0, 0xb, 0xf7, 0x0, 0x0, 0x5f, 0xd0,
    0x0, 0x0, 0x9f, 0xa0, 0x0, 0x0, 0xdf, 0xfe,
    0xee, 0xee, 0xff, 0xee, 0xee, 0xef, 0xfa, 0x0,
    0x0, 0xf, 0xff, 0xff, 0xff, 0xff, 0xff, 0xff,
    0xff, 0xff, 0xa0, 0x0, 0x3, 0xff, 0x10, 0x0,
    0x0, 0x0, 0x0, 0x0, 0x9, 0xfa, 0x0, 0x0,
    0x9f, 0xb0, 0x0, 0x0, 0x0, 0x0, 0x0, 0x0,
    0x36, 0x40, 0x0, 0x1f, 0xf6, 0x0, 0x0, 0x0,
    0x0, 0x0, 0x0, 0x0, 0x0, 0x0, 0xc, 0xfe,
    0x10, 0x0, 0x0, 0x0, 0x0, 0x0, 0x0, 0x0,
    0x0, 0x6, 0xff, 0x60, 0x0, 0x0, 0x0, 0x0,
    0x0, 0x0, 0x0, 0x0, 0x0, 0x8, 0xa0, 0x0,
    0x0, 0x0, 0x0, 0x0, 0x0, 0x0, 0x0, 0x0,
    0x0, 0x0, 0x0, 0x0, 0x0, 0x0, 0x0, 0x0,
    0x0, 0x0, 0x0, 0x0,

    /* U+591A "多" */
    0x0, 0x0, 0x0, 0x0, 0x0, 0x0, 0x0, 0x0,
    0x0, 0x0, 0x0, 0x0, 0x0, 0x0, 0x0, 0x1d,
    0xfb, 0x0, 0x0, 0x0, 0x0, 0x0, 0x0, 0x0,
    0x0, 0x1, 0xcf, 0xf4, 0x0, 0x0, 0x10, 0x0,
    0x0, 0x0, 0x0, 0x0, 0x4e, 0xff, 0xff, 0xff,
    0xff, 0xfc, 0x10, 0x0, 0x0, 0x0, 0x19, 0xff,
    0xff, 0xff, 0xff, 0xff, 0xfd, 0x0, 0x0, 0x0,
    0x17, 0xef, 0xf8, 0x0, 0x0, 0x0, 0xbf, 0xf2,
    0x0, 0x0, 0x3, 0xff, 0xfb, 0x48, 0x20, 0x0,
    0x2c, 0xff, 0x30, 0x0, 0x0, 0x0, 0x7b, 0x30,
    0xaf, 0xf6, 0x7, 0xff, 0xd3, 0x0, 0x0, 0x0,
    0x0, 0x0, 0x0, 0x7, 0xff, 0xff, 0xf8, 0x0,
    0x0, 0x0, 0x0, 0x0, 0x0, 0x0, 0x49, 0xff,
    0xfd, 0x4b, 0xc8, 0x0, 0x0, 0x0, 0x0, 0x26,
    0x9e, 0xff, 0xfc, 0x50, 0xaf, 0xf5, 0x0, 0x0,
    0x0, 0x1e, 0xff, 0xff, 0xf9, 0x30, 0x1c, 0xff,
    0xfc, 0xcc, 0xcc, 0xb2, 0x8, 0xfc, 0x84, 0x0,
    0x4, 0xef, 0xff, 0xff, 0xff, 0xff, 0xf7, 0x0,
    0x0, 0x0, 0x2, 0xbf, 0xfc, 0x43, 0x33, 0x34,
    0xef, 0xd0, 0x0, 0x0, 0x4, 0xaf, 0xff, 0x60,
    0x0, 0x0, 0xc, 0xff, 0x40, 0x0, 0x1, 0xdf,
    0xff, 0x93, 0x99, 0x0, 0x0, 0xbf, 0xf6, 0x0,
    0x0, 0x0, 0x8f, 0x81, 0x6, 0xff, 0xc1, 0x4e,
    0xff, 0x80, 0x0, 0x0, 0x0, 0x0, 0x0, 0x0,
    0x4f, 0xfe, 0xff, 0xf5, 0x0, 0x0, 0x0, 0x0,
    0x0, 0x0, 0x1, 0x6c, 0xff, 0xfc, 0x20, 0x0,
    0x0, 0x0, 0x0, 0x0, 0x37, 0xcf, 0xff, 0xfd,
    0x50, 0x0, 0x0, 0x0, 0x27, 0x9b, 0xef, 0xff,
    0xff, 0xfa, 0x40, 0x0, 0x0, 0x0, 0x0, 0x1f,
    0xff, 0xff, 0xfd, 0x94, 0x0, 0x0, 0x0, 0x0,
    0x0, 0x0, 0x8, 0xa8, 0x52, 0x0, 0x0, 0x0,
    0x0, 0x0, 0x0, 0x0, 0x0,

    /* U+5929 "天" */
    0x2, 0x55, 0x55, 0x55, 0x55, 0x55, 0x55, 0x55,
    0x55, 0x55, 0x40, 0x0, 0x5f, 0xff, 0xff, 0xff,
    0xff, 0xff, 0xff, 0xff, 0xff, 0xfb, 0x0, 0x5,
    0xff, 0xff, 0xff, 0xff, 0xff, 0xff, 0xff, 0xff,
    0xff, 0xa0, 0x0, 0x0, 0x0, 0x0, 0x0, 0x2f,
    0xf3, 0x0, 0x0, 0x0, 0x0, 0x0, 0x0, 0x0,
    0x0, 0x0, 0x2, 0xff, 0x30, 0x0, 0x0, 0x0,
    0x0, 0x0, 0x0, 0x0, 0x0, 0x0, 0x2f, 0xf3,
    0x0, 0x0, 0x0, 0x0, 0x0, 0x0, 0x0, 0x0,
    0x0, 0x3, 0xff, 0x20, 0x0, 0x0, 0x0, 0x0,
    0x0, 0x33, 0x33, 0x33, 0x33, 0x6f, 0xf5, 0x33,
    0x33, 0x33, 0x33, 0x20, 0x3f, 0xff, 0xff, 0xff,
    0xff, 0xff, 0xff, 0xff, 0xff, 0xff, 0xfb, 0x3,
    0xff, 0xff, 0xff, 0xff, 0xff, 0xff, 0xff, 0xff,
    0xff, 0xff, 0xb0, 0x1, 0x11, 0x11, 0x11, 0x2e,
    0xff, 0xf3, 0x11, 0x11, 0x11, 0x11, 0x0, 0x0,
    0x0, 0x0, 0x4, 0xff, 0xff, 0x80, 0x0, 0x0,
    0x0, 0x0, 0x0, 0x0, 0x0, 0x0, 0xbf, 0xe7,
    0xff, 0x10, 0x0, 0x0, 0x0, 0x0, 0x0, 0x0,
    0x0, 0x6f, 0xf8, 0xd, 0xfb, 0x0, 0x0, 0x0,
    0x0, 0x0, 0x0, 0x0, 0x2f, 0xfe, 0x10, 0x4f,
    0xf9, 0x0, 0x0, 0x0, 0x0, 0x0, 0x0, 0x2e,
    0xff, 0x30, 0x0, 0x9f, 0xf8, 0x0, 0x0, 0x0,
    0x0, 0x0, 0x5e, 0xff, 0x60, 0x0, 0x0, 0xbf,
    0xfb, 0x10, 0x0, 0x0, 0x2, 0xaf, 0xff, 0x50,
    0x0, 0x0, 0x0, 0xcf, 0xfe, 0x60, 0x0, 0x29,
    0xff, 0xfd, 0x20, 0x0, 0x0, 0x0, 0x0, 0x8f,
    0xff, 0xf9, 0x27, 0xff, 0xf8, 0x0, 0x0, 0x0,
    0x0, 0x0, 0x0, 0x4c, 0xff, 0xd1, 0xa, 0x81,
    0x0, 0x0, 0x0, 0x0, 0x0, 0x0, 0x0, 0x3,
    0xa3, 0x0,

    /* U+592A "太" */
    0x0, 0x0, 0x0, 0x0, 0x0, 0x3, 0x31, 0x0,
    0x0, 0x0, 0x0, 0x0, 0x0, 0x0, 0x0, 0x0,
    0x0, 0x1f, 0xf5, 0x0, 0x0, 0x0, 0x0, 0x0,
    0x0, 0x0, 0x0, 0x0, 0x0, 0x1f, 0xf5, 0x0,
    0x0, 0x0, 0x0, 0x0, 0x0, 0x0, 0x0, 0x0,
    0x0, 0x2f, 0xf5, 0x0, 0x0, 0x0, 0x0, 0x0,
    0x0, 0x0, 0x0, 0x0, 0x0, 0x2f, 0xf4, 0x0,
    0x0, 0x0, 0x0, 0x0, 0x0, 0x0, 0x0, 0x0,
    0x0, 0x3f, 0xf3, 0x0, 0x0, 0x0, 0x0, 0x0,
    0x0, 0x0, 0x0, 0x0, 0x0, 0x5f, 0xf2, 0x0,
    0x0, 0x0, 0x0, 0x0, 0x6, 0xff, 0xff, 0xff,
    0xff, 0xff, 0xff, 0xff, 0xff, 0xff, 0xff, 0xe0,
    0x6, 0xff, 0xff, 0xff, 0xff, 0xff, 0xff, 0xff,
    0xff, 0xff, 0xff, 0xe0, 0x1, 0x44, 0x44, 0x44,
    0x44, 0xdf, 0xff, 0x84, 0x44, 0x44, 0x44, 0x40,
    0x0, 0x0, 0x0, 0x0, 0x0, 0xff, 0xff, 0xa0,
    0x0, 0x0, 0x0, 0x0, 0x0, 0x0, 0x0, 0x0,
    0x4, 0xff, 0xbf, 0xf1, 0x0, 0x0, 0x0, 0x0,
    0x0, 0x0, 0x0, 0x0, 0x9, 0xfe, 0x1f, 0xf7,
    0x0, 0x0, 0x0, 0x0, 0x0, 0x0, 0x0, 0x0,
    0x1f, 0xf9, 0x9, 0xfe, 0x0, 0x0, 0x0, 0x0,
    0x0, 0x0, 0x0, 0x0, 0x9f, 0xf3, 0x3, 0xff,
    0x90, 0x0, 0x0, 0x0, 0x0, 0x0, 0x0, 0x2,
    0xff, 0xa0, 0x0, 0xaf, 0xf3, 0x0, 0x0, 0x0,
    0x0, 0x0, 0x0, 0xc, 0xff, 0x20, 0x0, 0x1f,
    0xfd, 0x10, 0x0, 0x0, 0x0, 0x0, 0x0, 0xaf,
    0xff, 0xe2, 0x0, 0x6, 0xff, 0xc0, 0x0, 0x0,
    0x0, 0x0, 0xb, 0xff, 0xce, 0xfe, 0x30, 0x0,
    0xbf, 0xfc, 0x0, 0x0, 0x0, 0x3, 0xdf, 0xfa,
    0x3, 0xef, 0xf3, 0x0, 0xb, 0xff, 0xd4, 0x0,
    0x2, 0xaf, 0xff, 0xa0, 0x0, 0x3f, 0xff, 0x30,
    0x0, 0xcf, 0xff, 0xa1, 0x9, 0xff, 0xe5, 0x0,
    0x0, 0x4, 0xff, 0x80, 0x0, 0x8, 0xff, 0xe2,
    0x0, 0xb8, 0x0, 0x0, 0x0, 0x0, 0x65, 0x0,
    0x0, 0x0, 0x3c, 0x30, 0x0, 0x0, 0x0, 0x0,
    0x0, 0x0, 0x0, 0x0, 0x0, 0x0, 0x0, 0x0,

    /* U+5931 "失" */
    0x0, 0x0, 0x0, 0x0, 0x0, 0x13, 0x30, 0x0,
    0x0, 0x0, 0x0, 0x0, 0x0, 0x0, 0xd, 0xa4,
    0x0, 0x6f, 0xe0, 0x0, 0x0, 0x0, 0x0, 0x0,
    0x0, 0x0, 0x5f, 0xf4, 0x0, 0x6f, 0xe0, 0x0,
    0x0, 0x0, 0x0, 0x0, 0x0, 0x0, 0xbf, 0xe0,
    0x0, 0x6f, 0xe0, 0x0, 0x0, 0x0, 0x0, 0x0,
    0x0, 0x1, 0xff, 0xb3, 0x33, 0x8f, 0xf3, 0x33,
    0x33, 0x33, 0x20, 0x0, 0x0, 0x6, 0xff, 0xff,
    0xff, 0xff, 0xff, 0xff, 0xff, 0xff, 0x90, 0x0,
    0x0, 0xe, 0xff, 0xff, 0xff, 0xff, 0xff, 0xff,
    0xff, 0xff, 0x90, 0x0, 0x0, 0x7f, 0xf4, 0x11,
    0x11, 0x7f, 0xf1, 0x11, 0x11, 0x11, 0x0, 0x0,
    0x3, 0xff, 0xb0, 0x0, 0x0, 0x7f, 0xe0, 0x0,
    0x0, 0x0, 0x0, 0x0, 0x8, 0xff, 0x20, 0x0,
    0x0, 0x8f, 0xe0, 0x0, 0x0, 0x0, 0x0, 0x0,
    0x0, 0x35, 0x0, 0x0, 0x0, 0x9f, 0xd0, 0x0,
    0x0, 0x0, 0x0, 0x0, 0x5, 0x55, 0x55, 0x55,
    0x55, 0xcf, 0xd5, 0x55, 0x55, 0x55, 0x55, 0x30,
    0xe, 0xff, 0xff, 0xff, 0xff, 0xff, 0xff, 0xff,
    0xff, 0xff, 0xff, 0xa0, 0xd, 0xee, 0xee, 0xee,
    0xef, 0xff, 0xff, 0xee, 0xee, 0xee, 0xee, 0x90,
    0x0, 0x0, 0x0, 0x0, 0x8, 0xff, 0xff, 0x20,
    0x0, 0x0, 0x0, 0x0, 0x0, 0x0, 0x0, 0x0,
    0x1f, 0xfc, 0xdf, 0xc0, 0x0, 0x0, 0x0, 0x0,
    0x0, 0x0, 0x0, 0x0, 0xbf, 0xf3, 0x4f, 0xf6,
    0x0, 0x0, 0x0, 0x0, 0x0, 0x0, 0x0, 0xa,
    0xff, 0xa0, 0xa, 0xff, 0x60, 0x0, 0x0, 0x0,
    0x0, 0x0, 0x1, 0xbf, 0xfc, 0x0, 0x1, 0xdf,
    0xf7, 0x0, 0x0, 0x0, 0x0, 0x0, 0x5e, 0xff,
    0xd1, 0x0, 0x0, 0x1d, 0xff, 0xc3, 0x0, 0x0,
    0x1, 0x6d, 0xff, 0xf9, 0x0, 0x0, 0x0, 0x1,
    0xbf, 0xff, 0xc7, 0x10, 0xe, 0xff, 0xfd, 0x40,
    0x0, 0x0, 0x0, 0x0, 0x6, 0xff, 0xff, 0xe0,
    0x4, 0xfb, 0x50, 0x0, 0x0, 0x0, 0x0, 0x0,
    0x0, 0x16, 0xcf, 0x30, 0x0, 0x10, 0x0, 0x0,
    0x0, 0x0, 0x0, 0x0, 0x0, 0x0, 0x1, 0x0,

    /* U+597D "好" */
    0x0, 0x0, 0x0, 0x0, 0x0, 0x0, 0x0, 0x0,
    0x0, 0x0, 0x0, 0x0, 0x0, 0x1, 0xfe, 0x20,
    0x0, 0x0, 0x0, 0x0, 0x0, 0x0, 0x0, 0x0,
    0x0, 0x4, 0xff, 0x0, 0x0, 0x9, 0xdd, 0xdd,
    0xdd, 0xdd, 0xe9, 0x0, 0x0, 0x6, 0xfd, 0x0,
    0x0, 0xb, 0xff, 0xff, 0xff, 0xff, 0xff, 0x40,
    0x0, 0x8, 0xfa, 0x0, 0x0, 0x2, 0x33, 0x33,
    0x33, 0x8f, 0xf9, 0x0, 0x2, 0x2b, 0xf9, 0x22,
    0x32, 0x0, 0x0, 0x0, 0x1, 0xef, 0xd0, 0x0,
    0x2f, 0xff, 0xff, 0xff, 0xff, 0x40, 0x0, 0x0,
    0xb, 0xfe, 0x20, 0x0, 0x2e, 0xef, 0xfe, 0xee,
    0xff, 0x30, 0x0, 0x0, 0x8f, 0xf3, 0x0, 0x0,
    0x0, 0x4f, 0xe0, 0x1, 0xff, 0x10, 0x0, 0x4,
    0xff, 0x40, 0x0, 0x0, 0x0, 0x8f, 0xa0, 0x4,
    0xfe, 0x0, 0x0, 0x5, 0xff, 0x0, 0x0, 0x0,
    0x0, 0xcf, 0x60, 0x7, 0xfb, 0x23, 0x33, 0x38,
    0xff, 0x33, 0x33, 0x30, 0x1, 0xff, 0x20, 0xb,
    0xf8, 0xbf, 0xff, 0xff, 0xff, 0xff, 0xff, 0xf1,
    0x5, 0xfe, 0x0, 0xf, 0xf4, 0xbf, 0xff, 0xff,
    0xff, 0xff, 0xff, 0xf1, 0xa, 0xff, 0x60, 0x6f,
    0xf0, 0x0, 0x0, 0x5, 0xff, 0x0, 0x0, 0x0,
    0x2, 0xdf, 0xfa, 0xcf, 0xa0, 0x0, 0x0, 0x5,
    0xff, 0x0, 0x0, 0x0, 0x0, 0xa, 0xff, 0xff,
    0x30, 0x0, 0x0, 0x5, 0xff, 0x0, 0x0, 0x0,
    0x0, 0x0, 0x6f, 0xff, 0x30, 0x0, 0x0, 0x5,
    0xff, 0x0, 0x0, 0x0, 0x0, 0x0, 0x7f, 0xff,
    0xf4, 0x0, 0x0, 0x5, 0xff, 0x0, 0x0, 0x0,
    0x0, 0x4, 0xff, 0xbe, 0xff, 0x30, 0x0, 0x5,
    0xff, 0x0, 0x0, 0x0, 0x0, 0x4e, 0xfc, 0x3,
    0xff, 0x40, 0x0, 0x5, 0xff, 0x0, 0x0, 0x0,
    0x8, 0xff, 0xe1, 0x0, 0x47, 0x0, 0x21, 0x18,
    0xff, 0x0, 0x0, 0x0, 0x3f, 0xfc, 0x10, 0x0,
    0x0, 0x0, 0xbf, 0xff, 0xfc, 0x0, 0x0, 0x0,
    0x7, 0x80, 0x0, 0x0, 0x0, 0x0, 0x5f, 0xfe,
    0xb2, 0x0, 0x0, 0x0, 0x0, 0x0, 0x0, 0x0,
    0x0, 0x0, 0x0, 0x0, 0x0, 0x0, 0x0, 0x0,

    /* U+59CB "始" */
    0x0, 0x0, 0x0, 0x0, 0x0, 0x0, 0x0, 0x0,
    0x0, 0x0, 0x0, 0x0, 0x0, 0x2, 0xed, 0x0,
    0x0, 0x0, 0x0, 0x8d, 0x80, 0x0, 0x0, 0x0,
    0x0, 0x4, 0xfd, 0x0, 0x0, 0x0, 0x1, 0xff,
    0xa0, 0x0, 0x0, 0x0, 0x0, 0x6, 0xfb, 0x0,
    0x0, 0x0, 0x7, 0xff, 0x20, 0x0, 0x0, 0x0,
    0x0, 0x8, 0xf8, 0x0, 0x0, 0x0, 0xe, 0xf9,
    0x0, 0x25, 0x0, 0x0, 0x2, 0x2b, 0xf8, 0x23,
    0x20, 0x0, 0x7f, 0xf1, 0x1, 0xff, 0x40, 0x0,
    0xf, 0xff, 0xff, 0xff, 0xf4, 0x1, 0xff, 0x60,
    0x0, 0x7f, 0xe1, 0x0, 0xe, 0xef, 0xfe, 0xef,
    0xf3, 0xb, 0xfb, 0x0, 0x0, 0xb, 0xfa, 0x0,
    0x0, 0x4f, 0xc0, 0xe, 0xf2, 0x7f, 0xf7, 0x67,
    0x89, 0xac, 0xff, 0x40, 0x0, 0x7f, 0x90, 0x1f,
    0xf4, 0xff, 0xff, 0xff, 0xff, 0xff, 0xff, 0xd0,
    0x0, 0xbf, 0x50, 0x3f, 0xe0, 0xef, 0xfd, 0xca,
    0x98, 0x65, 0x4f, 0xf4, 0x0, 0xef, 0x10, 0x6f,
    0xb0, 0x31, 0x0, 0x0, 0x0, 0x0, 0x8, 0x60,
    0x3, 0xfd, 0x0, 0xaf, 0x80, 0x0, 0x0, 0x0,
    0x0, 0x0, 0x0, 0x0, 0x8, 0xff, 0x50, 0xef,
    0x40, 0xf, 0xff, 0xff, 0xff, 0xff, 0xfe, 0x0,
    0x1, 0xcf, 0xfa, 0xff, 0x0, 0xf, 0xff, 0xff,
    0xff, 0xff, 0xfe, 0x0, 0x0, 0xa, 0xff, 0xfa,
    0x0, 0xf, 0xf1, 0x11, 0x11, 0x14, 0xfe, 0x0,
    0x0, 0x0, 0x7f, 0xfc, 0x0, 0xf, 0xf0, 0x0,
    0x0, 0x3, 0xfe, 0x0, 0x0, 0x0, 0xaf, 0xff,
    0xb0, 0xf, 0xf0, 0x0, 0x0, 0x3, 0xfe, 0x0,
    0x0, 0x5, 0xff, 0xaf, 0xf8, 0xf, 0xf0, 0x0,
    0x0, 0x3, 0xfe, 0x0, 0x0, 0x3e, 0xfa, 0x8,
    0xf4, 0xf, 0xf0, 0x0, 0x0, 0x3, 0xfe, 0x0,
    0x5, 0xff, 0xe1, 0x0, 0x50, 0xf, 0xff, 0xff,
    0xff, 0xff, 0xfe, 0x0, 0xd, 0xfd, 0x20, 0x0,
    0x0, 0xf, 0xff, 0xff, 0xff, 0xff, 0xfe, 0x0,
    0x2, 0xa0, 0x0, 0x0, 0x0, 0xf, 0xf0, 0x0,
    0x0, 0x3, 0xfe, 0x0,

    /* U+5B50 "子" */
    0x0, 0x0, 0x0, 0x0, 0x0, 0x0, 0x0, 0x0,
    0x0, 0x0, 0x0, 0x0, 0x6f, 0xff, 0xff, 0xff,
    0xff, 0xff, 0xff, 0xff, 0xe3, 0x0, 0x0, 0x6f,
    0xff, 0xff, 0xff, 0xff, 0xff, 0xff, 0xff, 0xfc,
    0x0, 0x0, 0x14, 0x44, 0x44, 0x44, 0x44, 0x44,
    0x6f, 0xff, 0xa0, 0x0, 0x0, 0x0, 0x0, 0x0,
    0x0, 0x0, 0x6, 0xff, 0xf7, 0x0, 0x0, 0x0,
    0x0, 0x0, 0x0, 0x0, 0x3, 0xbf, 0xfd, 0x30,
    0x0, 0x0, 0x0, 0x0, 0x0, 0x0, 0x0, 0xaf,
    0xff, 0x70, 0x0, 0x0, 0x0, 0x0, 0x0, 0x0,
    0x0, 0x1, 0xff, 0xb2, 0x0, 0x0, 0x0, 0x0,
    0x0, 0x0, 0x0, 0x0, 0x1, 0xff, 0x40, 0x0,
    0x0, 0x0, 0x0, 0x0, 0x0, 0x0, 0x0, 0x1,
    0xff, 0x40, 0x0, 0x0, 0x0, 0x0, 0xce, 0xee,
    0xee, 0xee, 0xee, 0xff, 0xfe, 0xee, 0xee, 0xee,
    0xed, 0xdf, 0xff, 0xff, 0xff, 0xff, 0xff, 0xff,
    0xff, 0xff, 0xff, 0xfe, 0x45, 0x55, 0x55, 0x55,
    0x56, 0xff, 0x85, 0x55, 0x55, 0x55, 0x55, 0x0,
    0x0, 0x0, 0x0, 0x1, 0xff, 0x40, 0x0, 0x0,
    0x0, 0x0, 0x0, 0x0, 0x0, 0x0, 0x1, 0xff,
    0x40, 0x0, 0x0, 0x0, 0x0, 0x0, 0x0, 0x0,
    0x0, 0x1, 0xff, 0x40, 0x0, 0x0, 0x0, 0x0,
    0x0, 0x0, 0x0, 0x0, 0x1, 0xff, 0x40, 0x0,
    0x0, 0x0, 0x0, 0x0, 0x0, 0x0, 0x0, 0x1,
    0xff, 0x40, 0x0, 0x0, 0x0, 0x0, 0x0, 0x0,
    0x0, 0x0, 0x1, 0xff, 0x40, 0x0, 0x0, 0x0,
    0x0, 0x0, 0x0, 0x4, 0x44, 0x46, 0xff, 0x40,
    0x0, 0x0, 0x0, 0x0, 0x0, 0x0, 0x8, 0xff,
    0xff, 0xff, 0x10, 0x0, 0x0, 0x0, 0x0, 0x0,
    0x0, 0x1, 0xff, 0xfd, 0xa2, 0x0, 0x0, 0x0,
    0x0, 0x0, 0x0, 0x0, 0x0, 0x0, 0x0, 0x0,
    0x0, 0x0, 0x0, 0x0, 0x0,

    /* U+5B57 "字" */
    0x0, 0x0, 0x0, 0x0, 0x0, 0x52, 0x0, 0x0,
    0x0, 0x0, 0x0, 0x0, 0x0, 0x0, 0x0, 0xd,
    0xfc, 0x0, 0x0, 0x0, 0x0, 0x0, 0x0, 0x0,
    0x0, 0x0, 0x5, 0xff, 0x50, 0x0, 0x0, 0x0,
    0x0, 0x6f, 0xff, 0xff, 0xff, 0xff, 0xff, 0xff,
    0xff, 0xff, 0xff, 0xf0, 0x6f, 0xff, 0xff, 0xff,
    0xff, 0xff, 0xff, 0xff, 0xff, 0xff, 0xf0, 0x6f,
    0xf3, 0x33, 0x33, 0x33, 0x33, 0x33, 0x33, 0x33,
    0x7f, 0xf0, 0x6f, 0xe0, 0x0, 0x0, 0x0, 0x0,
    0x0, 0x0, 0x0, 0x5f, 0xf0, 0x6f, 0xe0, 0x2,
    0x22, 0x22, 0x22, 0x22, 0x22, 0x10, 0x5f, 0xf0,
    0x14, 0x30, 0x6f, 0xff, 0xff, 0xff, 0xff, 0xff,
    0xe3, 0x14, 0x40, 0x0, 0x0, 0x5f, 0xff, 0xff,
    0xff, 0xff, 0xff, 0xb0, 0x0, 0x0, 0x0, 0x0,
    0x0, 0x0, 0x0, 0x0, 0x6f, 0xfa, 0x0, 0x0,
    0x0, 0x0, 0x0, 0x0, 0x0, 0x0, 0x1b, 0xff,
    0x70, 0x0, 0x0, 0x0, 0x0, 0x0, 0x0, 0x0,
    0x3, 0xff, 0xc2, 0x0, 0x0, 0x0, 0x0, 0x23,
    0x33, 0x33, 0x33, 0x37, 0xff, 0x43, 0x33, 0x33,
    0x33, 0x30, 0xaf, 0xff, 0xff, 0xff, 0xff, 0xff,
    0xff, 0xff, 0xff, 0xff, 0xf2, 0x9f, 0xff, 0xff,
    0xff, 0xff, 0xff, 0xff, 0xff, 0xff, 0xff, 0xf2,
    0x0, 0x0, 0x0, 0x0, 0x4, 0xff, 0x10, 0x0,
    0x0, 0x0, 0x0, 0x0, 0x0, 0x0, 0x0, 0x4,
    0xff, 0x10, 0x0, 0x0, 0x0, 0x0, 0x0, 0x0,
    0x0, 0x0, 0x4, 0xff, 0x10, 0x0, 0x0, 0x0,
    0x0, 0x0, 0x0, 0x0, 0x0, 0x4, 0xff, 0x10,
    0x0, 0x0, 0x0, 0x0, 0x0, 0x0, 0x1, 0x33,
    0x38, 0xff, 0x0, 0x0, 0x0, 0x0, 0x0, 0x0,
    0x0, 0x2, 0xff, 0xff, 0xfd, 0x0, 0x0, 0x0,
    0x0, 0x0, 0x0, 0x0, 0x0, 0xbf, 0xfd, 0xa2,
    0x0, 0x0, 0x0, 0x0, 0x0,

    /* U+5B58 "存" */
    0x0, 0x0, 0x0, 0x0, 0x2, 0x0, 0x0, 0x0,
    0x0, 0x0, 0x0, 0x0, 0x0, 0x0, 0x0, 0x0,
    0xe, 0xf6, 0x0, 0x0, 0x0, 0x0, 0x0, 0x0,
    0x0, 0x0, 0x0, 0x0, 0x4f, 0xf3, 0x0, 0x0,
    0x0, 0x0, 0x0, 0x0, 0x0, 0x22, 0x22, 0x22,
    0xaf, 0xe2, 0x22, 0x22, 0x22, 0x22, 0x22, 0x10,
    0x5, 0xff, 0xff, 0xff, 0xff, 0xff, 0xff, 0xff,
    0xff, 0xff, 0xff, 0xd0, 0x5, 0xff, 0xff, 0xff,
    0xff, 0xff, 0xff, 0xff, 0xff, 0xff, 0xff, 0xd0,
    0x0, 0x0, 0x0, 0x1e, 0xfa, 0x0, 0x0, 0x0,
    0x0, 0x0, 0x0, 0x0, 0x0, 0x0, 0x0, 0x9f,
    0xf2, 0x0, 0x0, 0x0, 0x0, 0x0, 0x0, 0x0,
    0x0, 0x0, 0x3, 0xff, 0x90, 0x8d, 0xdd, 0xdd,
    0xdd, 0xdd, 0xc2, 0x0, 0x0, 0x0, 0xc, 0xfe,
    0x0, 0x9f, 0xff, 0xff, 0xff, 0xff, 0xf7, 0x0,
    0x0, 0x0, 0x7f, 0xf4, 0x0, 0x23, 0x33, 0x33,
    0x3b, 0xff, 0x80, 0x0, 0x0, 0x4, 0xff, 0xd0,
    0x0, 0x0, 0x0, 0x0, 0x9f, 0xf8, 0x0, 0x0,
    0x0, 0x4f, 0xff, 0xd0, 0x0, 0x0, 0x0, 0xc,
    0xff, 0x50, 0x0, 0x0, 0x6, 0xff, 0xff, 0xd0,
    0x0, 0x0, 0x0, 0x2f, 0xf4, 0x0, 0x0, 0x0,
    0xe, 0xfe, 0xaf, 0xd0, 0x24, 0x44, 0x44, 0x6f,
    0xf5, 0x44, 0x44, 0x40, 0x7, 0xc1, 0x7f, 0xd0,
    0x9f, 0xff, 0xff, 0xff, 0xff, 0xff, 0xff, 0xf3,
    0x0, 0x0, 0x7f, 0xd0, 0x8d, 0xdd, 0xdd, 0xdf,
    0xfd, 0xdd, 0xdd, 0xd3, 0x0, 0x0, 0x7f, 0xd0,
    0x0, 0x0, 0x0, 0x2f, 0xf1, 0x0, 0x0, 0x0,
    0x0, 0x0, 0x7f, 0xd0, 0x0, 0x0, 0x0, 0x2f,
    0xf1, 0x0, 0x0, 0x0, 0x0, 0x0, 0x7f, 0xd0,
    0x0, 0x0, 0x0, 0x2f, 0xf1, 0x0, 0x0, 0x0,
    0x0, 0x0, 0x7f, 0xd0, 0x0, 0x2, 0x21, 0x5f,
    0xf1, 0x0, 0x0, 0x0, 0x0, 0x0, 0x7f, 0xd0,
    0x0, 0xb, 0xff, 0xff, 0xf0, 0x0, 0x0, 0x0,
    0x0, 0x0, 0x7f, 0xc0, 0x0, 0x6, 0xff, 0xec,
    0x40, 0x0, 0x0, 0x0,

    /* U+5B83 "它" */
    0x0, 0x0, 0x0, 0x0, 0x0, 0x32, 0x0, 0x0,
    0x0, 0x0, 0x0, 0x0, 0x0, 0x0, 0x0, 0xbf,
    0xc0, 0x0, 0x0, 0x0, 0x0, 0x0, 0x0, 0x0,
    0x0, 0x5, 0xff, 0x40, 0x0, 0x0, 0x0, 0x0,
    0x11, 0x11, 0x11, 0x11, 0x1e, 0xfa, 0x11, 0x11,
    0x11, 0x11, 0xf, 0xff, 0xff, 0xff, 0xff, 0xff,
    0xff, 0xff, 0xff, 0xff, 0xe0, 0xff, 0xff, 0xff,
    0xff, 0xff, 0xff, 0xff, 0xff, 0xff, 0xfe, 0xf,
    0xf5, 0x11, 0x11, 0x11, 0x11, 0x11, 0x11, 0x11,
    0x7f, 0xe0, 0xff, 0x30, 0x0, 0x0, 0x0, 0x0,
    0x0, 0x0, 0x6, 0xfe, 0xf, 0xf3, 0x22, 0x10,
    0x0, 0x0, 0x0, 0x0, 0x0, 0x6f, 0xe0, 0x22,
    0xc, 0xf9, 0x0, 0x0, 0x0, 0x0, 0x0, 0x1,
    0x22, 0x0, 0x0, 0xcf, 0x90, 0x0, 0x0, 0x0,
    0x3a, 0xd1, 0x0, 0x0, 0x0, 0xc, 0xf9, 0x0,
    0x0, 0x5, 0xcf, 0xff, 0xc0, 0x0, 0x0, 0x0,
    0xcf, 0x90, 0x5, 0xaf, 0xff, 0xfe, 0x81, 0x0,
    0x0, 0x0, 0xc, 0xfc, 0xbf, 0xff, 0xff, 0xa4,
    0x0, 0x0, 0x0, 0x0, 0x0, 0xcf, 0xff, 0xfe,
    0x95, 0x0, 0x0, 0x0, 0x0, 0x0, 0x0, 0xc,
    0xfe, 0x73, 0x0, 0x0, 0x0, 0x0, 0x0, 0x0,
    0x0, 0x0, 0xcf, 0x90, 0x0, 0x0, 0x0, 0x0,
    0x0, 0x0, 0x0, 0x0, 0xc, 0xf9, 0x0, 0x0,
    0x0, 0x0, 0x0, 0x9, 0x93, 0x0, 0x0, 0xcf,
    0x90, 0x0, 0x0, 0x0, 0x0, 0x0, 0xbf, 0xa0,
    0x0, 0xb, 0xfa, 0x0, 0x0, 0x0, 0x0, 0x0,
    0xf, 0xf7, 0x0, 0x0, 0x9f, 0xf6, 0x44, 0x44,
    0x44, 0x44, 0x5b, 0xff, 0x30, 0x0, 0x4, 0xff,
    0xff, 0xff, 0xff, 0xff, 0xff, 0xff, 0xb0, 0x0,
    0x0, 0x5, 0xbe, 0xff, 0xff, 0xff, 0xff, 0xfd,
    0x80, 0x0,

    /* U+5B9D "宝" */
    0x0, 0x0, 0x0, 0x0, 0x0, 0x2, 0x0, 0x0,
    0x0, 0x0, 0x0, 0x0, 0x0, 0x0, 0x0, 0x6,
    0xff, 0x0, 0x0, 0x0, 0x0, 0x0, 0x0, 0x0,
    0x0, 0x0, 0x1, 0xff, 0x70, 0x0, 0x0, 0x0,
    0x0, 0x3, 0x33, 0x33, 0x33, 0x33, 0xcf, 0xe3,
    0x33, 0x33, 0x33, 0x31, 0xd, 0xff, 0xff, 0xff,
    0xff, 0xff, 0xff, 0xff, 0xff, 0xff, 0xf4, 0xd,
    0xff, 0xff, 0xff, 0xff, 0xff, 0xff, 0xff, 0xff,
    0xff, 0xf4, 0xd, 0xf5, 0x0, 0x0, 0x0, 0x0,
    0x0, 0x0, 0x0, 0xf, 0xf4, 0xd, 0xf5, 0x0,
    0x0, 0x0, 0x0, 0x0, 0x0, 0x0, 0xf, 0xf4,
    0xd, 0xfe, 0xdd, 0xdd, 0xdd, 0xdd, 0xdd, 0xdd,
    0xdd, 0xdf, 0xf4, 0x1, 0x2e, 0xff, 0xff, 0xff,
    0xff, 0xff, 0xff, 0xff, 0xf7, 0x20, 0x0, 0x3,
    0x44, 0x44, 0x44, 0xff, 0x94, 0x44, 0x44, 0x41,
    0x0, 0x0, 0x0, 0x0, 0x0, 0x0, 0xff, 0x60,
    0x0, 0x0, 0x0, 0x0, 0x0, 0x0, 0x0, 0x0,
    0x0, 0xff, 0x60, 0x0, 0x0, 0x0, 0x0, 0x0,
    0x0, 0x22, 0x22, 0x23, 0xff, 0x72, 0x22, 0x22,
    0x10, 0x0, 0x0, 0x2, 0xff, 0xff, 0xff, 0xff,
    0xff, 0xff, 0xff, 0xc0, 0x0, 0x0, 0x2, 0xff,
    0xff, 0xff, 0xff, 0xff, 0xff, 0xff, 0xb0, 0x0,
    0x0, 0x0, 0x0, 0x0, 0x0, 0xff, 0x60, 0x6d,
    0x40, 0x0, 0x0, 0x0, 0x0, 0x0, 0x0, 0x0,
    0xff, 0x60, 0x7f, 0xf6, 0x0, 0x0, 0x0, 0x0,
    0x0, 0x0, 0x0, 0xff, 0x60, 0x5, 0xff, 0x80,
    0x0, 0x0, 0x0, 0x0, 0x0, 0x0, 0xff, 0x60,
    0x0, 0x5f, 0x70, 0x0, 0x1f, 0xff, 0xff, 0xff,
    0xff, 0xff, 0xff, 0xff, 0xff, 0xff, 0xf9, 0x1f,
    0xff, 0xff, 0xff, 0xff, 0xff, 0xff, 0xff, 0xff,
    0xff, 0xf9, 0x2, 0x22, 0x22, 0x22, 0x22, 0x22,
    0x22, 0x22, 0x22, 0x22, 0x21,

    /* U+5B9E "实" */
    0x0, 0x0, 0x0, 0x0, 0x1, 0x57, 0x0, 0x0,
    0x0, 0x0, 0x0, 0x0, 0x0, 0x0, 0x0, 0x6,
    0xff, 0x30, 0x0, 0x0, 0x0, 0x0, 0x0, 0x0,
    0x0, 0x0, 0x0, 0xdf, 0xc0, 0x0, 0x0, 0x0,
    0x0, 0xb, 0xff, 0xff, 0xff, 0xff, 0xff, 0xff,
    0xff, 0xff, 0xff, 0xf3, 0xb, 0xff, 0xff, 0xff,
    0xff, 0xff, 0xff, 0xff, 0xff, 0xff, 0xf3, 0xb,
    0xf9, 0x22, 0x22, 0x22, 0x22, 0x22, 0x22, 0x22,
    0x3f, 0xf3, 0xb, 0xf7, 0x0, 0x60, 0x0, 0x4,
    0x42, 0x0, 0x0, 0x1f, 0xf3, 0xb, 0xf7, 0xb,
    0xfd, 0x40, 0xf, 0xf6, 0x0, 0x0, 0x1f, 0xf3,
    0x2, 0x31, 0x3, 0xdf, 0xf7, 0xf, 0xf6, 0x0,
    0x0, 0x3, 0x30, 0x0, 0x0, 0x0, 0xa, 0xf3,
    0x1f, 0xf5, 0x0, 0x0, 0x0, 0x0, 0x0, 0xb,
    0xc2, 0x0, 0x20, 0x1f, 0xf4, 0x0, 0x0, 0x0,
    0x0, 0x0, 0x3f, 0xff, 0x60, 0x0, 0x3f, 0xf2,
    0x0, 0x0, 0x0, 0x0, 0x0, 0x2, 0xcf, 0xf4,
    0x0, 0x6f, 0xf0, 0x0, 0x0, 0x0, 0x0, 0x0,
    0x0, 0xb, 0xc0, 0x0, 0x9f, 0xd0, 0x0, 0x0,
    0x0, 0x0, 0x1, 0x11, 0x12, 0x31, 0x11, 0xdf,
    0xb1, 0x11, 0x11, 0x11, 0x11, 0x1f, 0xff, 0xff,
    0xff, 0xff, 0xff, 0xff, 0xff, 0xff, 0xff, 0xfa,
    0x1d, 0xdd, 0xdd, 0xdd, 0xdf, 0xff, 0xdd, 0xdd,
    0xdd, 0xdd, 0xd9, 0x0, 0x0, 0x0, 0x0, 0x6f,
    0xf7, 0x6, 0x10, 0x0, 0x0, 0x0, 0x0, 0x0,
    0x0, 0x6, 0xff, 0xc0, 0x9f, 0xfa, 0x40, 0x0,
    0x0, 0x0, 0x0, 0x3, 0xbf, 0xfc, 0x10, 0x4a,
    0xff, 0xfd, 0x60, 0x0, 0x0, 0x26, 0xcf, 0xff,
    0xb0, 0x0, 0x0, 0x18, 0xef, 0xfe, 0x50, 0x8,
    0xff, 0xff, 0xc4, 0x0, 0x0, 0x0, 0x0, 0x7,
    0xef, 0xf6, 0x0, 0xed, 0x83, 0x0, 0x0, 0x0,
    0x0, 0x0, 0x0, 0x19, 0xb0, 0x0, 0x10, 0x0,
    0x0, 0x0, 0x0, 0x0, 0x0, 0x0, 0x0, 0x0,

    /* U+5C0F "小" */
    0x0, 0x0, 0x0, 0x0, 0x0, 0x2e, 0xe4, 0x0,
    0x0, 0x0, 0x0, 0x0, 0x0, 0x0, 0x0, 0x0,
    0x0, 0x2f, 0xf4, 0x0, 0x0, 0x0, 0x0, 0x0,
    0x0, 0x0, 0x0, 0x0, 0x0, 0x2f, 0xf4, 0x0,
    0x0, 0x0, 0x0, 0x0, 0x0, 0x0, 0x0, 0x0,
    0x0, 0x2f, 0xf4, 0x0, 0x0, 0x0, 0x0, 0x0,
    0x0, 0x0, 0x0, 0x0, 0x0, 0x2f, 0xf4, 0x0,
    0x0, 0x0, 0x0, 0x0, 0x0, 0x0, 0x22, 0x0,
    0x0, 0x2f, 0xf4, 0x0, 0x1, 0x60, 0x0, 0x0,
    0x0, 0x0, 0x9f, 0xf0, 0x0, 0x2f, 0xf4, 0x0,
    0x2f, 0xf6, 0x0, 0x0, 0x0, 0x0, 0xdf, 0xb0,
    0x0, 0x2f, 0xf4, 0x0, 0xc, 0xfd, 0x0, 0x0,
    0x0, 0x1, 0xff, 0x60, 0x0, 0x2f, 0xf4, 0x0,
    0x4, 0xff, 0x60, 0x0, 0x0, 0x6, 0xff, 0x20,
    0x0, 0x2f, 0xf4, 0x0, 0x0, 0xcf, 0xe0, 0x0,
    0x0, 0xb, 0xfd, 0x0, 0x0, 0x2f, 0xf4, 0x0,
    0x0, 0x5f, 0xf7, 0x0, 0x0, 0x1f, 0xf8, 0x0,
    0x0, 0x2f, 0xf4, 0x0, 0x0, 0xd, 0xfe, 0x0,
    0x0, 0x8f, 0xf2, 0x0, 0x0, 0x2f, 0xf4, 0x0,
    0x0, 0x6, 0xff, 0x40, 0x1, 0xff, 0xb0, 0x0,
    0x0, 0x2f, 0xf4, 0x0, 0x0, 0x1, 0xff, 0xb0,
    0xa, 0xff, 0x40, 0x0, 0x0, 0x2f, 0xf4, 0x0,
    0x0, 0x0, 0xaf, 0xf0, 0x1e, 0xfa, 0x0, 0x0,
    0x0, 0x2f, 0xf4, 0x0, 0x0, 0x0, 0x6f, 0xf5,
    0x1, 0x81, 0x0, 0x0, 0x0, 0x2f, 0xf4, 0x0,
    0x0, 0x0, 0x2e, 0x92, 0x0, 0x0, 0x0, 0x0,
    0x0, 0x2f, 0xf4, 0x0, 0x0, 0x0, 0x0, 0x0,
    0x0, 0x0, 0x0, 0x0, 0x0, 0x2f, 0xf4, 0x0,
    0x0, 0x0, 0x0, 0x0, 0x0, 0x0, 0x0, 0x34,
    0x44, 0x8f, 0xf4, 0x0, 0x0, 0x0, 0x0, 0x0,
    0x0, 0x0, 0x0, 0x6f, 0xff, 0xff, 0xf1, 0x0,
    0x0, 0x0, 0x0, 0x0, 0x0, 0x0, 0x0, 0xf,
    0xff, 0xea, 0x30, 0x0, 0x0, 0x0, 0x0, 0x0,
    0x0, 0x0, 0x0, 0x0, 0x0, 0x0, 0x0, 0x0,
    0x0, 0x0, 0x0, 0x0,

    /* U+5C11 "少" */
    0x0, 0x0, 0x0, 0x0, 0x0, 0x0, 0x0, 0x0,
    0x0, 0x0, 0x0, 0x0, 0x0, 0x0, 0x0, 0x0,
    0x0, 0x5f, 0xe0, 0x0, 0x0, 0x0, 0x0, 0x0,
    0x0, 0x0, 0x0, 0x0, 0x0, 0x5f, 0xe0, 0x0,
    0x0, 0x0, 0x0, 0x0, 0x0, 0x0, 0x0, 0x0,
    0x0, 0x5f, 0xe0, 0x0, 0x0, 0x0, 0x0, 0x0,
    0x0, 0x0, 0x3, 0x10, 0x0, 0x5f, 0xe0, 0x0,
    0x0, 0x40, 0x0, 0x0, 0x0, 0x0, 0xe, 0xf6,
    0x0, 0x5f, 0xe0, 0x0, 0x1e, 0xf3, 0x0, 0x0,
    0x0, 0x0, 0x6f, 0xf1, 0x0, 0x5f, 0xe0, 0x0,
    0xa, 0xfd, 0x0, 0x0, 0x0, 0x0, 0xdf, 0x80,
    0x0, 0x5f, 0xe0, 0x0, 0x1, 0xef, 0x70, 0x0,
    0x0, 0x4, 0xff, 0x10, 0x0, 0x5f, 0xe0, 0x0,
    0x0, 0x6f, 0xf2, 0x0, 0x0, 0xd, 0xf9, 0x0,
    0x0, 0x5f, 0xe0, 0x0, 0x0, 0xc, 0xfb, 0x0,
    0x0, 0x7f, 0xf1, 0x0, 0x0, 0x5f, 0xe0, 0x0,
    0x0, 0x3, 0xff, 0x40, 0x2, 0xff, 0x70, 0x0,
    0x0, 0x5f, 0xe0, 0x0, 0x0, 0x0, 0xbf, 0xc0,
    0x5, 0xec, 0x0, 0x0, 0x0, 0x5f, 0xe0, 0x0,
    0x0, 0x0, 0x3f, 0x60, 0x0, 0x1, 0x0, 0x0,
    0x0, 0x5f, 0xe0, 0x0, 0x1, 0x71, 0x0, 0x0,
    0x0, 0x0, 0x0, 0x0, 0x0, 0x5f, 0xe0, 0x0,
    0xb, 0xfe, 0x0, 0x0, 0x0, 0x0, 0x0, 0x0,
    0x0, 0x4d, 0xc0, 0x0, 0x9f, 0xf5, 0x0, 0x0,
    0x0, 0x0, 0x0, 0x0, 0x0, 0x0, 0x0, 0x1b,
    0xff, 0x70, 0x0, 0x0, 0x0, 0x0, 0x0, 0x0,
    0x0, 0x0, 0x5, 0xef, 0xf7, 0x0, 0x0, 0x0,
    0x0, 0x0, 0x0, 0x0, 0x0, 0x16, 0xdf, 0xfe,
    0x40, 0x0, 0x0, 0x0, 0x0, 0x0, 0x0, 0x2,
    0x7b, 0xff, 0xff, 0x91, 0x0, 0x0, 0x0, 0x0,
    0x1, 0x36, 0x8b, 0xdf, 0xff, 0xfe, 0x82, 0x0,
    0x0, 0x0, 0x0, 0x0, 0xe, 0xff, 0xff, 0xff,
    0xe9, 0x30, 0x0, 0x0, 0x0, 0x0, 0x0, 0x0,
    0x7, 0xfe, 0xb8, 0x52, 0x0, 0x0, 0x0, 0x0,
    0x0, 0x0, 0x0, 0x0, 0x0, 0x10, 0x0, 0x0,
    0x0, 0x0, 0x0, 0x0, 0x0, 0x0, 0x0, 0x0,

    /* U+5C31 "就" */
    0x0, 0x0, 0x0, 0x20, 0x0, 0x0, 0x0, 0x0,
    0x33, 0x0, 0x0, 0x0, 0x0, 0x0, 0xd, 0xf6,
    0x0, 0x0, 0x0, 0x3, 0xfe, 0x0, 0x0, 0x0,
    0x0, 0x0, 0x8, 0xfc, 0x0, 0x0, 0x0, 0x3,
    0xfe, 0x5e, 0x50, 0x0, 0x2, 0x22, 0x25, 0xff,
    0x42, 0x22, 0x0, 0x4, 0xfd, 0x2f, 0xf1, 0x0,
    0xe, 0xff, 0xff, 0xff, 0xff, 0xff, 0x10, 0x4,
    0xfd, 0x5, 0xfa, 0x0, 0xb, 0xcc, 0xcc, 0xcc,
    0xcc, 0xcc, 0x10, 0x4, 0xfc, 0x0, 0xce, 0x0,
    0x0, 0x0, 0x0, 0x0, 0x0, 0x0, 0x0, 0x5,
    0xfc, 0x0, 0x31, 0x0, 0x0, 0x8c, 0xcc, 0xcc,
    0xcc, 0xc2, 0xaf, 0xff, 0xff, 0xff, 0xff, 0xc0,
    0x0, 0xbf, 0xff, 0xff, 0xff, 0xf2, 0xaf, 0xff,
    0xff, 0xff, 0xff, 0xc0, 0x0, 0xbf, 0x40, 0x0,
    0xe, 0xf2, 0x0, 0x8, 0xf9, 0x0, 0x0, 0x0,
    0x0, 0xbf, 0x40, 0x0, 0xe, 0xf2, 0x0, 0xa,
    0xf8, 0x0, 0x0, 0x0, 0x0, 0xbf, 0xca, 0xaa,
    0xaf, 0xf2, 0x0, 0xc, 0xfe, 0xe2, 0x0, 0x0,
    0x0, 0xbf, 0xff, 0xff, 0xff, 0xf2, 0x0, 0xf,
    0xfc, 0xf2, 0x0, 0x0, 0x0, 0x11, 0x14, 0xfe,
    0x12, 0x20, 0x0, 0x2f, 0xea, 0xf2, 0x0, 0x0,
    0x0, 0x1a, 0x52, 0xfd, 0x2c, 0x60, 0x0, 0x7f,
    0xba, 0xf2, 0x0, 0x0, 0x0, 0x5f, 0x92, 0xfd,
    0x1f, 0xd0, 0x0, 0xbf, 0x6a, 0xf2, 0x0, 0x0,
    0x0, 0x9f, 0x52, 0xfd, 0xa, 0xf4, 0x1, 0xff,
    0x1a, 0xf2, 0x0, 0x0, 0x0, 0xef, 0x2, 0xfd,
    0x4, 0xf9, 0x8, 0xfb, 0xa, 0xf2, 0x2, 0x0,
    0x5, 0xfb, 0x2, 0xfd, 0x0, 0xfb, 0x1f, 0xf4,
    0xa, 0xf2, 0x8, 0xc1, 0xd, 0xf4, 0x2, 0xfd,
    0x0, 0x30, 0x9f, 0xb0, 0xa, 0xf2, 0x8, 0xf3,
    0x9, 0xc0, 0x3, 0xfd, 0x0, 0x6, 0xff, 0x30,
    0xa, 0xf3, 0xa, 0xf2, 0x0, 0x2, 0xee, 0xfc,
    0x0, 0x4f, 0xf6, 0x0, 0x8, 0xfd, 0xcf, 0xf0,
    0x0, 0x0, 0xdf, 0xc3, 0x0, 0x1b, 0x80, 0x0,
    0x1, 0xcf, 0xfd, 0x40, 0x0, 0x0, 0x0, 0x0,
    0x0, 0x0, 0x0, 0x0, 0x0, 0x0, 0x0, 0x0,

    /* U+5C4F "屏" */
    0x0, 0x0, 0x0, 0x0, 0x0, 0x0, 0x0, 0x0,
    0x0, 0x0, 0x0, 0x0, 0x0, 0xef, 0xff, 0xff,
    0xff, 0xff, 0xff, 0xff, 0xff, 0xff, 0x90, 0x0,
    0xe, 0xff, 0xee, 0xee, 0xee, 0xee, 0xee, 0xee,
    0xef, 0xf9, 0x0, 0x0, 0xef, 0x50, 0x0, 0x0,
    0x0, 0x0, 0x0, 0x0, 0xdf, 0x90, 0x0, 0xe,
    0xf6, 0x0, 0x0, 0x0, 0x0, 0x0, 0x0, 0xd,
    0xf9, 0x0, 0x0, 0xef, 0xff, 0xff, 0xff, 0xff,
    0xff, 0xff, 0xff, 0xff, 0x90, 0x0, 0xe, 0xfe,
    0xee, 0xee, 0xee, 0xee, 0xee, 0xee, 0xee, 0xe8,
    0x0, 0x0, 0xef, 0x50, 0x4, 0xbc, 0x0, 0x0,
    0x0, 0xcb, 0x50, 0x0, 0x0, 0xe, 0xf5, 0x0,
    0x2f, 0xf5, 0x0, 0x0, 0x4f, 0xf3, 0x0, 0x0,
    0x0, 0xef, 0x50, 0x0, 0xab, 0x40, 0x0, 0xc,
    0xf9, 0x0, 0x0, 0x0, 0xf, 0xf5, 0xcf, 0xff,
    0xff, 0xff, 0xff, 0xff, 0xff, 0xff, 0x0, 0x0,
    0xff, 0x4a, 0xdd, 0xef, 0xfd, 0xdd, 0xdf, 0xfe,
    0xdd, 0xd0, 0x0, 0xf, 0xf4, 0x0, 0x4, 0xfe,
    0x0, 0x0, 0xef, 0x50, 0x0, 0x0, 0x1, 0xff,
    0x20, 0x0, 0x4f, 0xe0, 0x0, 0xe, 0xf5, 0x0,
    0x0, 0x0, 0x3f, 0xf1, 0x22, 0x26, 0xfe, 0x22,
    0x22, 0xef, 0x72, 0x22, 0x10, 0x6, 0xff, 0x5f,
    0xff, 0xff, 0xff, 0xff, 0xff, 0xff, 0xff, 0xfb,
    0x0, 0x9f, 0xb4, 0xcc, 0xce, 0xfe, 0xcc, 0xcc,
    0xff, 0xdc, 0xcc, 0x90, 0xd, 0xf7, 0x0, 0x1,
    0xff, 0x70, 0x0, 0xe, 0xf5, 0x0, 0x0, 0x3,
    0xff, 0x30, 0x0, 0xbf, 0xf1, 0x0, 0x0, 0xef,
    0x50, 0x0, 0x0, 0xaf, 0xe0, 0x2, 0xcf, 0xf6,
    0x0, 0x0, 0xe, 0xf5, 0x0, 0x0, 0x2f, 0xf6,
    0x4, 0xff, 0xf6, 0x0, 0x0, 0x0, 0xef, 0x50,
    0x0, 0x0, 0x5c, 0x0, 0x9, 0xb2, 0x0, 0x0,
    0x0, 0xe, 0xf5, 0x0, 0x0, 0x0, 0x0, 0x0,
    0x0, 0x0, 0x0, 0x0, 0x0, 0x0, 0x0, 0x0,
    0x0,

    /* U+5DEE "差" */
    0x0, 0x0, 0x0, 0x0, 0x0, 0x0, 0x0, 0x0,
    0x20, 0x0, 0x0, 0x0, 0x0, 0x0, 0x4d, 0xd0,
    0x0, 0x0, 0x0, 0x5f, 0xe4, 0x0, 0x0, 0x0,
    0x0, 0x2, 0xff, 0x80, 0x0, 0x0, 0xd, 0xfd,
    0x0, 0x0, 0x0, 0x1, 0x11, 0x19, 0xff, 0x31,
    0x11, 0x17, 0xff, 0x41, 0x11, 0x0, 0x0, 0xcf,
    0xff, 0xff, 0xff, 0xff, 0xff, 0xff, 0xff, 0xff,
    0xf7, 0x0, 0xc, 0xff, 0xff, 0xff, 0xff, 0xff,
    0xff, 0xff, 0xff, 0xff, 0x70, 0x0, 0x0, 0x0,
    0x0, 0x0, 0xff, 0x70, 0x0, 0x0, 0x0, 0x0,
    0x0, 0x0, 0x13, 0x33, 0x33, 0x5f, 0xf6, 0x33,
    0x33, 0x33, 0x30, 0x0, 0x0, 0x9, 0xff, 0xff,
    0xff, 0xff, 0xff, 0xff, 0xff, 0xff, 0x40, 0x0,
    0x0, 0x7c, 0xcc, 0xcd, 0xff, 0xec, 0xcc, 0xcc,
    0xcc, 0xc3, 0x0, 0x0, 0x0, 0x0, 0x0, 0x5f,
    0xf3, 0x0, 0x0, 0x0, 0x0, 0x0, 0x0, 0xce,
    0xee, 0xee, 0xef, 0xff, 0xee, 0xee, 0xee, 0xee,
    0xee, 0xe5, 0xd, 0xff, 0xff, 0xff, 0xff, 0xff,
    0xff, 0xff, 0xff, 0xff, 0xff, 0x60, 0x23, 0x33,
    0x35, 0xff, 0xc3, 0x33, 0x33, 0x33, 0x33, 0x33,
    0x31, 0x0, 0x0, 0x0, 0xcf, 0xf3, 0x0, 0x0,
    0x0, 0x0, 0x0, 0x0, 0x0, 0x0, 0x0, 0x9f,
    0xff, 0xff, 0xff, 0xff, 0xff, 0xff, 0xf9, 0x0,
    0x0, 0x0, 0x5f, 0xfd, 0xef, 0xff, 0xff, 0xff,
    0xff, 0xff, 0x90, 0x0, 0x0, 0x7f, 0xfd, 0x11,
    0x11, 0x14, 0xff, 0x51, 0x11, 0x11, 0x0, 0x1,
    0xaf, 0xfe, 0x20, 0x0, 0x0, 0x2f, 0xf3, 0x0,
    0x0, 0x0, 0x2, 0xff, 0xfd, 0x20, 0x0, 0x0,
    0x2, 0xff, 0x30, 0x0, 0x0, 0x0, 0x8, 0xf8,
    0xf, 0xff, 0xff, 0xff, 0xff, 0xff, 0xff, 0xff,
    0xff, 0x60, 0x3, 0x0, 0xff, 0xff, 0xff, 0xff,
    0xff, 0xff, 0xff, 0xff, 0xf6, 0x0, 0x0, 0x1,
    0x11, 0x11, 0x11, 0x11, 0x11, 0x11, 0x11, 0x11,
    0x0,

    /* U+5DF2 "已" */
    0xcf, 0xff, 0xff, 0xff, 0xff, 0xff, 0xff, 0xff,
    0xfe, 0x0, 0x0, 0xcf, 0xff, 0xff, 0xff, 0xff,
    0xff, 0xff, 0xff, 0xfe, 0x0, 0x0, 0x34, 0x44,
    0x44, 0x44, 0x44, 0x44, 0x44, 0x49, 0xfe, 0x0,
    0x0, 0x0, 0x0, 0x0, 0x0, 0x0, 0x0, 0x0,
    0x7, 0xfe, 0x0, 0x0, 0x6, 0x73, 0x0, 0x0,
    0x0, 0x0, 0x0, 0x7, 0xfe, 0x0, 0x0, 0xd,
    0xf6, 0x0, 0x0, 0x0, 0x0, 0x0, 0x7, 0xfe,
    0x0, 0x0, 0xd, 0xf6, 0x0, 0x0, 0x0, 0x0,
    0x0, 0x7, 0xfe, 0x0, 0x0, 0xd, 0xf6, 0x0,
    0x0, 0x0, 0x0, 0x0, 0x7, 0xfe, 0x0, 0x0,
    0xd, 0xff, 0xff, 0xff, 0xff, 0xff, 0xff, 0xff,
    0xfe, 0x0, 0x0, 0xd, 0xff, 0xff, 0xff, 0xff,
    0xff, 0xff, 0xff, 0xfe, 0x0, 0x0, 0xd, 0xf9,
    0x44, 0x44, 0x44, 0x44, 0x44, 0x49, 0xfe, 0x0,
    0x0, 0xd, 0xf6, 0x0, 0x0, 0x0, 0x0, 0x0,
    0x3, 0x77, 0x0, 0x0, 0xd, 0xf6, 0x0, 0x0,
    0x0, 0x0, 0x0, 0x0, 0x0, 0x0, 0x0, 0xd,
    0xf6, 0x0, 0x0, 0x0, 0x0, 0x0, 0x0, 0x0,
    0x11, 0x0, 0xd, 0xf6, 0x0, 0x0, 0x0, 0x0,
    0x0, 0x0, 0x0, 0x6f, 0xb0, 0xd, 0xf6, 0x0,
    0x0, 0x0, 0x0, 0x0, 0x0, 0x0, 0x8f, 0xd0,
    0xd, 0xf7, 0x0, 0x0, 0x0, 0x0, 0x0, 0x0,
    0x0, 0xdf, 0xa0, 0xb, 0xfd, 0x20, 0x0, 0x0,
    0x0, 0x0, 0x0, 0x18, 0xff, 0x60, 0x6, 0xff,
    0xff, 0xff, 0xff, 0xff, 0xff, 0xff, 0xff, 0xfd,
    0x0, 0x0, 0x8e, 0xff, 0xff, 0xff, 0xff, 0xff,
    0xff, 0xff, 0xb2, 0x0, 0x0, 0x0, 0x24, 0x44,
    0x44, 0x44, 0x44, 0x44, 0x31, 0x0, 0x0,

    /* U+5E38 "常" */
    0x0, 0x0, 0x10, 0x0, 0x1, 0x77, 0x10, 0x0,
    0x2, 0x0, 0x0, 0x0, 0xa, 0xf8, 0x0, 0x2,
    0xff, 0x30, 0x0, 0x7f, 0xc2, 0x0, 0x0, 0x7,
    0xff, 0x40, 0x2, 0xff, 0x30, 0x2, 0xff, 0x90,
    0x0, 0x0, 0x0, 0xcf, 0x70, 0x2, 0xff, 0x30,
    0x8, 0xfa, 0x0, 0x0, 0x1e, 0xee, 0xff, 0xee,
    0xee, 0xff, 0xfe, 0xee, 0xfe, 0xee, 0xe3, 0x1f,
    0xff, 0xff, 0xff, 0xff, 0xff, 0xff, 0xff, 0xff,
    0xff, 0xf3, 0x1f, 0xf1, 0x0, 0x0, 0x0, 0x0,
    0x0, 0x0, 0x0, 0xf, 0xf3, 0x1f, 0xf1, 0x1,
    0x11, 0x11, 0x11, 0x11, 0x11, 0x10, 0xf, 0xf3,
    0x1f, 0xf1, 0x4f, 0xff, 0xff, 0xff, 0xff, 0xff,
    0xf6, 0xf, 0xf3, 0x8, 0x80, 0x4f, 0xf9, 0x99,
    0x99, 0x99, 0x9f, 0xf6, 0x8, 0x82, 0x0, 0x0,
    0x4f, 0xe0, 0x0, 0x0, 0x0, 0xe, 0xf6, 0x0,
    0x0, 0x0, 0x0, 0x4f, 0xfa, 0xaa, 0xaa, 0xaa,
    0xaf, 0xf6, 0x0, 0x0, 0x0, 0x0, 0x4f, 0xff,
    0xff, 0xff, 0xff, 0xff, 0xf6, 0x0, 0x0, 0x0,
    0x0, 0x0, 0x0, 0x0, 0xef, 0x60, 0x0, 0x0,
    0x0, 0x0, 0x0, 0x1, 0x11, 0x11, 0x11, 0xef,
    0x71, 0x11, 0x11, 0x11, 0x0, 0x0, 0x8f, 0xff,
    0xff, 0xff, 0xff, 0xff, 0xff, 0xff, 0xfd, 0x0,
    0x0, 0x8f, 0xff, 0xff, 0xff, 0xff, 0xff, 0xff,
    0xff, 0xfd, 0x0, 0x0, 0x8f, 0xd0, 0x0, 0x0,
    0xef, 0x60, 0x0, 0x8, 0xfd, 0x0, 0x0, 0x8f,
    0xd0, 0x0, 0x0, 0xef, 0x60, 0x0, 0x8, 0xfd,
    0x0, 0x0, 0x8f, 0xd0, 0x0, 0x0, 0xef, 0x60,
    0x0, 0x8, 0xfd, 0x0, 0x0, 0x8f, 0xd0, 0x0,
    0x0, 0xef, 0x60, 0xbe, 0xef, 0xfb, 0x0, 0x0,
    0x7f, 0xc0, 0x0, 0x0, 0xef, 0x60, 0x7f, 0xff,
    0xd3, 0x0, 0x0, 0x0, 0x0, 0x0, 0x0, 0xef,
    0x60, 0x2, 0x10, 0x0, 0x0,

    /* U+5E55 "幕" */
    0x0, 0x0, 0x0, 0x1, 0x10, 0x0, 0x0, 0x1,
    0x10, 0x0, 0x0, 0x0, 0x0, 0x0, 0x0, 0x3f,
    0xf0, 0x0, 0x0, 0x5f, 0xe0, 0x0, 0x0, 0x0,
    0x7, 0xbb, 0xbb, 0xcf, 0xfb, 0xbb, 0xbb, 0xdf,
    0xfb, 0xbb, 0xbb, 0x40, 0x9, 0xff, 0xff, 0xff,
    0xff, 0xff, 0xff, 0xff, 0xff, 0xff, 0xff, 0x50,
    0x1, 0x11, 0x11, 0x5f, 0xf1, 0x11, 0x11, 0x6f,
    0xe1, 0x11, 0x11, 0x0, 0x0, 0x1, 0x77, 0x89,
    0x97, 0x77, 0x77, 0x88, 0x87, 0x77, 0x10, 0x0,
    0x0, 0x3, 0xff, 0xff, 0xff, 0xff, 0xff, 0xff,
    0xff, 0xff, 0x20, 0x0, 0x0, 0x3, 0xfe, 0x0,
    0x0, 0x0, 0x0, 0x0, 0x1, 0xff, 0x20, 0x0,
    0x0, 0x3, 0xff, 0xff, 0xff, 0xff, 0xff, 0xff,
    0xff, 0xff, 0x20, 0x0, 0x0, 0x3, 0xff, 0x66,
    0x66, 0x66, 0x66, 0x66, 0x67, 0xff, 0x20, 0x0,
    0x0, 0x3, 0xff, 0x44, 0x44, 0x44, 0x44, 0x44,
    0x45, 0xff, 0x20, 0x0, 0x0, 0x3, 0xff, 0xff,
    0xff, 0xff, 0xff, 0xff, 0xff, 0xff, 0x20, 0x0,
    0x0, 0x0, 0x22, 0x26, 0xff, 0x52, 0x22, 0x22,
    0x22, 0x22, 0x0, 0x0, 0xb, 0xbb, 0xbb, 0xbe,
    0xff, 0xbb, 0xbb, 0xbb, 0xbb, 0xbb, 0xbb, 0x70,
    0xe, 0xff, 0xff, 0xff, 0xff, 0xff, 0xff, 0xff,
    0xff, 0xff, 0xff, 0x90, 0x0, 0x0, 0x5e, 0xfc,
    0x10, 0x5f, 0xd0, 0x2, 0xdf, 0xa2, 0x0, 0x0,
    0x0, 0x3a, 0xff, 0xfb, 0xaa, 0xcf, 0xfa, 0xaa,
    0xcf, 0xff, 0x82, 0x0, 0x2c, 0xff, 0xff, 0xff,
    0xff, 0xff, 0xff, 0xff, 0xff, 0xff, 0xff, 0xc0,
    0xb, 0xe7, 0x2f, 0xf2, 0x11, 0x6f, 0xe1, 0x11,
    0x2f, 0xf3, 0x8e, 0x50, 0x1, 0x0, 0x1f, 0xf0,
    0x0, 0x5f, 0xd0, 0x0, 0xf, 0xf1, 0x0, 0x0,
    0x0, 0x0, 0x1f, 0xf0, 0x0, 0x5f, 0xd0, 0x3a,
    0xbf, 0xf0, 0x0, 0x0, 0x0, 0x0, 0x1f, 0xf0,
    0x0, 0x5f, 0xd0, 0xf, 0xfd, 0x70, 0x0, 0x0,
    0x0, 0x0, 0x0, 0x0, 0x0, 0x5f, 0xd0, 0x0,
    0x0, 0x0, 0x0, 0x0,

    /* U+5E94 "应" */
    0x0, 0x0, 0x0, 0x0, 0x0, 0x0, 0x22, 0x0,
    0x0, 0x0, 0x0, 0x0, 0x0, 0x0, 0x0, 0x0,
    0x0, 0xa, 0xfc, 0x0, 0x0, 0x0, 0x0, 0x0,
    0x0, 0x0, 0x0, 0x0, 0x0, 0x5, 0xff, 0x30,
    0x0, 0x0, 0x0, 0x0, 0x0, 0x3, 0x33, 0x33,
    0x33, 0x33, 0xff, 0xb3, 0x33, 0x33, 0x33, 0x20,
    0x0, 0x3f, 0xff, 0xff, 0xff, 0xff, 0xff, 0xff,
    0xff, 0xff, 0xff, 0xc0, 0x0, 0x3f, 0xff, 0xff,
    0xff, 0xff, 0xff, 0xff, 0xff, 0xff, 0xff, 0xb0,
    0x0, 0x3f, 0xf1, 0x0, 0x0, 0x0, 0x0, 0x0,
    0x0, 0x0, 0x0, 0x0, 0x0, 0x3f, 0xf1, 0x0,
    0x0, 0x1, 0x64, 0x0, 0x0, 0x7, 0x61, 0x0,
    0x0, 0x3f, 0xf1, 0x2, 0x20, 0x8, 0xfb, 0x0,
    0x0, 0xe, 0xfb, 0x0, 0x0, 0x3f, 0xf1, 0x7f,
    0xa0, 0x4, 0xff, 0x0, 0x0, 0x2f, 0xf5, 0x0,
    0x0, 0x3f, 0xf1, 0x4f, 0xf0, 0x0, 0xff, 0x40,
    0x0, 0x7f, 0xf0, 0x0, 0x0, 0x3f, 0xf0, 0xe,
    0xf6, 0x0, 0xbf, 0x90, 0x0, 0xcf, 0x90, 0x0,
    0x0, 0x3f, 0xf0, 0x9, 0xfc, 0x0, 0x7f, 0xd0,
    0x2, 0xff, 0x40, 0x0, 0x0, 0x4f, 0xf0, 0x3,
    0xff, 0x10, 0x3f, 0xf1, 0x7, 0xfe, 0x0, 0x0,
    0x0, 0x6f, 0xe0, 0x0, 0xef, 0x60, 0xf, 0xf4,
    0xe, 0xf7, 0x0, 0x0, 0x0, 0x7f, 0xc0, 0x0,
    0xaf, 0xb0, 0xd, 0xc4, 0x5f, 0xe0, 0x0, 0x0,
    0x0, 0x9f, 0xb0, 0x0, 0x6f, 0xd0, 0x0, 0x0,
    0xcf, 0x70, 0x0, 0x0, 0x0, 0xcf, 0x80, 0x0,
    0x14, 0x0, 0x0, 0x4, 0xfe, 0x0, 0x0, 0x0,
    0x0, 0xff, 0x50, 0x0, 0x0, 0x0, 0x0, 0xd,
    0xf6, 0x0, 0x0, 0x0, 0x3, 0xff, 0x22, 0x22,
    0x22, 0x22, 0x22, 0x7f, 0xf3, 0x22, 0x22, 0x20,
    0xa, 0xfd, 0xe, 0xff, 0xff, 0xff, 0xff, 0xff,
    0xff, 0xff, 0xff, 0xf0, 0xf, 0xf7, 0xe, 0xff,
    0xff, 0xff, 0xff, 0xff, 0xff, 0xff, 0xff, 0xf0,
    0x5, 0xe1, 0x0, 0x0, 0x0, 0x0, 0x0, 0x0,
    0x0, 0x0, 0x0, 0x0, 0x0, 0x0, 0x0, 0x0,
    0x0, 0x0, 0x0, 0x0, 0x0, 0x0, 0x0, 0x0,

    /* U+5EA6 "度" */
    0x0, 0x0, 0x0, 0x0, 0x0, 0x0, 0x33, 0x0,
    0x0, 0x0, 0x0, 0x0, 0x0, 0x0, 0x0, 0x0,
    0x0, 0xb, 0xfd, 0x0, 0x0, 0x0, 0x0, 0x0,
    0x0, 0x0, 0x0, 0x0, 0x0, 0x5, 0xff, 0x50,
    0x0, 0x0, 0x0, 0x0, 0x0, 0x1f, 0xff, 0xff,
    0xff, 0xff, 0xff, 0xff, 0xff, 0xff, 0xff, 0xd0,
    0x0, 0x1f, 0xff, 0xff, 0xff, 0xff, 0xff, 0xff,
    0xff, 0xff, 0xff, 0xd0, 0x0, 0x1f, 0xf3, 0x11,
    0x19, 0x93, 0x11, 0x11, 0x49, 0x91, 0x11, 0x10,
    0x0, 0x1f, 0xf2, 0x0, 0xe, 0xf3, 0x0, 0x0,
    0x4f, 0xe0, 0x0, 0x0, 0x0, 0x1f, 0xf5, 0xaa,
    0xaf, 0xfb, 0xaa, 0xaa, 0xcf, 0xfa, 0xaa, 0x50,
    0x0, 0x1f, 0xf7, 0xff, 0xff, 0xff, 0xff, 0xff,
    0xff, 0xff, 0xff, 0x80, 0x0, 0x2f, 0xf3, 0x22,
    0x2e, 0xf6, 0x22, 0x22, 0x7f, 0xe2, 0x22, 0x10,
    0x0, 0x2f, 0xf1, 0x0, 0xe, 0xf3, 0x0, 0x0,
    0x4f, 0xe0, 0x0, 0x0, 0x0, 0x2f, 0xf1, 0x0,
    0xe, 0xfb, 0xaa, 0xaa, 0xcf, 0xe0, 0x0, 0x0,
    0x0, 0x3f, 0xf0, 0x0, 0xe, 0xff, 0xff, 0xff,
    0xff, 0xe0, 0x0, 0x0, 0x0, 0x4f, 0xf0, 0x0,
    0x1, 0x11, 0x11, 0x11, 0x11, 0x10, 0x0, 0x0,
    0x0, 0x5f, 0xe1, 0xaa, 0xaa, 0xaa, 0xaa, 0xaa,
    0xaa, 0xaa, 0x50, 0x0, 0x0, 0x7f, 0xc1, 0xff,
    0xff, 0xff, 0xff, 0xff, 0xff, 0xff, 0xb0, 0x0,
    0x0, 0xaf, 0xa0, 0x23, 0xef, 0xa2, 0x22, 0x22,
    0x3b, 0xfe, 0x10, 0x0, 0x0, 0xdf, 0x70, 0x0,
    0x5f, 0xfa, 0x10, 0x2, 0xcf, 0xf4, 0x0, 0x0,
    0x0, 0xff, 0x30, 0x0, 0x5, 0xff, 0xf8, 0xaf,
    0xfd, 0x20, 0x0, 0x0, 0x5, 0xff, 0x0, 0x0,
    0x0, 0x5f, 0xff, 0xff, 0xd2, 0x0, 0x0, 0x0,
    0xc, 0xfa, 0x5, 0x79, 0xcf, 0xff, 0xff, 0xff,
    0xff, 0xea, 0x86, 0x40, 0x1f, 0xf4, 0xd, 0xff,
    0xff, 0xc8, 0x30, 0x16, 0xbf, 0xff, 0xff, 0xa0,
    0x1, 0x80, 0x4, 0x85, 0x30, 0x0, 0x0, 0x0,
    0x0, 0x36, 0x9b, 0x10,

    /* U+5EFA "建" */
    0x0, 0x0, 0x0, 0x0, 0x0, 0x0, 0x0, 0x0,
    0x0, 0x0, 0x0, 0x0, 0x0, 0x0, 0x0, 0x0,
    0x0, 0x0, 0x4, 0xfd, 0x0, 0x0, 0x0, 0x0,
    0x6, 0xaa, 0xaa, 0xd9, 0x1, 0x22, 0x26, 0xfd,
    0x22, 0x22, 0x20, 0x0, 0x8, 0xff, 0xff, 0xfe,
    0x9, 0xff, 0xff, 0xff, 0xff, 0xff, 0xf3, 0x0,
    0x2, 0x44, 0x4e, 0xf7, 0x5, 0x88, 0x8b, 0xfe,
    0x88, 0x8e, 0xf3, 0x0, 0x0, 0x0, 0x4f, 0xe0,
    0x0, 0x0, 0x4, 0xfd, 0x0, 0xd, 0xf3, 0x0,
    0x0, 0x0, 0xcf, 0x70, 0xff, 0xff, 0xff, 0xff,
    0xff, 0xff, 0xff, 0xb0, 0x0, 0x5, 0xfd, 0x0,
    0xbb, 0xbb, 0xbc, 0xff, 0xbb, 0xbf, 0xfc, 0x80,
    0x0, 0x1e, 0xf4, 0x0, 0x0, 0x0, 0x4, 0xfd,
    0x0, 0xd, 0xf3, 0x0, 0x0, 0xbf, 0xff, 0xfe,
    0x18, 0xbb, 0xbc, 0xff, 0xbb, 0xbf, 0xf3, 0x0,
    0x6, 0xff, 0xff, 0xff, 0xc, 0xff, 0xff, 0xff,
    0xff, 0xff, 0xf3, 0x0, 0x0, 0x91, 0x3, 0xfd,
    0x0, 0x0, 0x5, 0xfd, 0x0, 0x0, 0x0, 0x0,
    0x0, 0x0, 0x5, 0xfa, 0x5, 0x55, 0x58, 0xfe,
    0x55, 0x55, 0x53, 0x0, 0x2, 0xe8, 0x8, 0xf8,
    0xe, 0xff, 0xff, 0xff, 0xff, 0xff, 0xf9, 0x0,
    0x0, 0xfe, 0xc, 0xf4, 0x4, 0x55, 0x58, 0xfe,
    0x55, 0x55, 0x53, 0x0, 0x0, 0x9f, 0x7f, 0xf0,
    0x0, 0x0, 0x5, 0xfd, 0x0, 0x0, 0x0, 0x0,
    0x0, 0x2f, 0xff, 0xa0, 0xef, 0xff, 0xff, 0xff,
    0xff, 0xff, 0xff, 0x70, 0x0, 0x9, 0xff, 0x50,
    0xab, 0xbb, 0xbd, 0xff, 0xbb, 0xbb, 0xbb, 0x50,
    0x0, 0x6, 0xff, 0xb1, 0x0, 0x0, 0x4, 0xfd,
    0x0, 0x0, 0x0, 0x0, 0x0, 0x1e, 0xff, 0xfe,
    0x50, 0x0, 0x3, 0xdb, 0x0, 0x0, 0x0, 0x0,
    0x0, 0xbf, 0xd2, 0xcf, 0xfe, 0x96, 0x32, 0x10,
    0x0, 0x0, 0x0, 0x0, 0xa, 0xff, 0x30, 0x7,
    0xef, 0xff, 0xff, 0xff, 0xff, 0xff, 0xff, 0xd0,
    0xa, 0xf6, 0x0, 0x0, 0x4, 0x8b, 0xde, 0xff,
    0xff, 0xff, 0xff, 0x70, 0x0, 0x40, 0x0, 0x0,
    0x0, 0x0, 0x0, 0x0, 0x0, 0x0, 0x0, 0x0,

    /* U+5F00 "开" */
    0xe, 0xff, 0xff, 0xff, 0xff, 0xff, 0xff, 0xff,
    0xff, 0xff, 0xf2, 0xe, 0xff, 0xff, 0xff, 0xff,
    0xff, 0xff, 0xff, 0xff, 0xff, 0xf2, 0x2, 0x33,
    0x35, 0xff, 0x53, 0x33, 0x33, 0xbf, 0xc3, 0x33,
    0x30, 0x0, 0x0, 0x2, 0xff, 0x20, 0x0, 0x0,
    0xaf, 0xb0, 0x0, 0x0, 0x0, 0x0, 0x2, 0xff,
    0x20, 0x0, 0x0, 0xaf, 0xb0, 0x0, 0x0, 0x0,
    0x0, 0x2, 0xff, 0x20, 0x0, 0x0, 0xaf, 0xb0,
    0x0, 0x0, 0x0, 0x0, 0x2, 0xff, 0x20, 0x0,
    0x0, 0xaf, 0xb0, 0x0, 0x0, 0x0, 0x0, 0x2,
    0xff, 0x20, 0x0, 0x0, 0xaf, 0xb0, 0x0, 0x0,
    0x22, 0x22, 0x24, 0xff, 0x52, 0x22, 0x22, 0xbf,
    0xc2, 0x22, 0x22, 0xcf, 0xff, 0xff, 0xff, 0xff,
    0xff, 0xff, 0xff, 0xff, 0xff, 0xfe, 0xcf, 0xff,
    0xff, 0xff, 0xff, 0xff, 0xff, 0xff, 0xff, 0xff,
    0xfe, 0x0, 0x0, 0x6, 0xff, 0x0, 0x0, 0x0,
    0xaf, 0xb0, 0x0, 0x0, 0x0, 0x0, 0xa, 0xfc,
    0x0, 0x0, 0x0, 0xaf, 0xb0, 0x0, 0x0, 0x0,
    0x0, 0xe, 0xf9, 0x0, 0x0, 0x0, 0xaf, 0xb0,
    0x0, 0x0, 0x0, 0x0, 0x5f, 0xf4, 0x0, 0x0,
    0x0, 0xaf, 0xb0, 0x0, 0x0, 0x0, 0x0, 0xcf,
    0xd0, 0x0, 0x0, 0x0, 0xaf, 0xb0, 0x0, 0x0,
    0x0, 0x9, 0xff, 0x60, 0x0, 0x0, 0x0, 0xaf,
    0xb0, 0x0, 0x0, 0x0, 0x6f, 0xfb, 0x0, 0x0,
    0x0, 0x0, 0xaf, 0xb0, 0x0, 0x0, 0x9, 0xff,
    0xe1, 0x0, 0x0, 0x0, 0x0, 0xaf, 0xb0, 0x0,
    0x0, 0x7f, 0xfe, 0x20, 0x0, 0x0, 0x0, 0x0,
    0xaf, 0xb0, 0x0, 0x0, 0x7, 0xb1, 0x0, 0x0,
    0x0, 0x0, 0x0, 0xaf, 0xb0, 0x0, 0x0, 0x0,
    0x0, 0x0, 0x0, 0x0, 0x0, 0x0, 0x0, 0x0,
    0x0, 0x0,

    /* U+5F0F "式" */
    0x0, 0x0, 0x0, 0x0, 0x0, 0x0, 0x12, 0x20,
    0x0, 0x0, 0x0, 0x0, 0x0, 0x0, 0x0, 0x0,
    0x0, 0x8, 0xfe, 0x3, 0xe9, 0x0, 0x0, 0x0,
    0x0, 0x0, 0x0, 0x0, 0x0, 0x8f, 0xe0, 0x5f,
    0xfc, 0x10, 0x0, 0x0, 0x0, 0x0, 0x0, 0x0,
    0x7, 0xfe, 0x0, 0x2e, 0xfc, 0x0, 0x0, 0x0,
    0x0, 0x0, 0x0, 0x0, 0x7f, 0xf0, 0x0, 0x2c,
    0x30, 0x9, 0xff, 0xff, 0xff, 0xff, 0xff, 0xff,
    0xff, 0xff, 0xff, 0xff, 0xe0, 0x9f, 0xff, 0xff,
    0xff, 0xff, 0xff, 0xff, 0xff, 0xff, 0xff, 0xfe,
    0x2, 0x44, 0x44, 0x44, 0x44, 0x44, 0x47, 0xff,
    0x54, 0x44, 0x44, 0x30, 0x0, 0x0, 0x0, 0x0,
    0x0, 0x0, 0x2f, 0xf3, 0x0, 0x0, 0x0, 0x0,
    0x0, 0x0, 0x0, 0x0, 0x0, 0x0, 0xff, 0x50,
    0x0, 0x0, 0x0, 0x3, 0x44, 0x44, 0x44, 0x44,
    0x43, 0xe, 0xf7, 0x0, 0x0, 0x0, 0x0, 0xbf,
    0xff, 0xff, 0xff, 0xff, 0xc0, 0xcf, 0x90, 0x0,
    0x0, 0x0, 0xa, 0xee, 0xef, 0xff, 0xee, 0xeb,
    0xa, 0xfb, 0x0, 0x0, 0x0, 0x0, 0x0, 0x0,
    0xaf, 0x80, 0x0, 0x0, 0x8f, 0xe0, 0x0, 0x0,
    0x0, 0x0, 0x0, 0xa, 0xf8, 0x0, 0x0, 0x5,
    0xff, 0x10, 0x0, 0x0, 0x0, 0x0, 0x0, 0xaf,
    0x80, 0x0, 0x0, 0x2f, 0xf5, 0x0, 0x0, 0x0,
    0x0, 0x0, 0xa, 0xf8, 0x0, 0x0, 0x0, 0xef,
    0x90, 0x0, 0x40, 0x0, 0x0, 0x0, 0xaf, 0x80,
    0x0, 0x1, 0x9, 0xfe, 0x0, 0x9, 0xe3, 0x0,
    0x0, 0xa, 0xfb, 0x7a, 0xdf, 0x70, 0x3f, 0xf5,
    0x0, 0xbf, 0x50, 0x25, 0x7a, 0xef, 0xff, 0xff,
    0xf7, 0x0, 0xcf, 0xd0, 0xd, 0xf3, 0x6f, 0xff,
    0xff, 0xfe, 0xa7, 0x30, 0x0, 0x4, 0xff, 0xc8,
    0xff, 0x1, 0xff, 0xc8, 0x51, 0x0, 0x0, 0x0,
    0x0, 0x9, 0xff, 0xff, 0x90, 0x2, 0x0, 0x0,
    0x0, 0x0, 0x0, 0x0, 0x0, 0x6, 0xdf, 0xa0,
    0x0,

    /* U+5F15 "引" */
    0x1, 0x22, 0x22, 0x22, 0x22, 0x22, 0x0, 0x0,
    0x5, 0xfe, 0x6, 0xff, 0xff, 0xff, 0xff, 0xff,
    0x10, 0x0, 0x5, 0xfe, 0x6, 0xff, 0xff, 0xff,
    0xff, 0xff, 0x10, 0x0, 0x5, 0xfe, 0x0, 0x0,
    0x0, 0x0, 0x1, 0xff, 0x10, 0x0, 0x5, 0xfe,
    0x0, 0x0, 0x0, 0x0, 0x1, 0xff, 0x10, 0x0,
    0x5, 0xfe, 0x0, 0x0, 0x0, 0x0, 0x1, 0xff,
    0x10, 0x0, 0x5, 0xfe, 0x0, 0xbf, 0xff, 0xff,
    0xff, 0xff, 0x10, 0x0, 0x5, 0xfe, 0x0, 0xdf,
    0xff, 0xff, 0xff, 0xff, 0x10, 0x0, 0x5, 0xfe,
    0x0, 0xff, 0x82, 0x22, 0x22, 0x22, 0x0, 0x0,
    0x5, 0xfe, 0x2, 0xff, 0x40, 0x0, 0x0, 0x0,
    0x0, 0x0, 0x5, 0xfe, 0x5, 0xff, 0x10, 0x0,
    0x0, 0x0, 0x0, 0x0, 0x5, 0xfe, 0x8, 0xff,
    0x22, 0x22, 0x22, 0x22, 0x0, 0x0, 0x5, 0xfe,
    0xb, 0xff, 0xff, 0xff, 0xff, 0xff, 0x40, 0x0,
    0x5, 0xfe, 0xe, 0xff, 0xff, 0xff, 0xff, 0xff,
    0x30, 0x0, 0x5, 0xfe, 0x0, 0x0, 0x0, 0x0,
    0x3, 0xff, 0x10, 0x0, 0x5, 0xfe, 0x0, 0x0,
    0x0, 0x0, 0x4, 0xff, 0x0, 0x0, 0x5, 0xfe,
    0x0, 0x0, 0x0, 0x0, 0x6, 0xfe, 0x0, 0x0,
    0x5, 0xfe, 0x0, 0x0, 0x0, 0x0, 0x9, 0xfc,
    0x0, 0x0, 0x5, 0xfe, 0x0, 0x0, 0x0, 0x0,
    0xd, 0xf9, 0x0, 0x0, 0x5, 0xfe, 0x0, 0x0,
    0x54, 0x43, 0x7f, 0xf5, 0x0, 0x0, 0x5, 0xfe,
    0x0, 0x0, 0x8f, 0xff, 0xff, 0xe1, 0x0, 0x0,
    0x5, 0xfe, 0x0, 0x0, 0x3f, 0xff, 0xfc, 0x30,
    0x0, 0x0, 0x5, 0xfe, 0x0, 0x0, 0x0, 0x0,
    0x0, 0x0, 0x0, 0x0, 0x0, 0x0,

    /* U+5F55 "录" */
    0x0, 0x0, 0x0, 0x0, 0x0, 0x0, 0x0, 0x0,
    0x0, 0x0, 0x0, 0x0, 0xe, 0xff, 0xff, 0xff,
    0xff, 0xff, 0xff, 0xff, 0xff, 0x10, 0x0, 0x0,
    0xef, 0xff, 0xff, 0xff, 0xff, 0xff, 0xff, 0xff,
    0xf0, 0x0, 0x0, 0x1, 0x11, 0x11, 0x11, 0x11,
    0x11, 0x11, 0x18, 0xff, 0x0, 0x0, 0x0, 0x1,
    0x11, 0x11, 0x11, 0x11, 0x11, 0x11, 0x8f, 0xf0,
    0x0, 0x0, 0x2, 0xff, 0xff, 0xff, 0xff, 0xff,
    0xff, 0xff, 0xfe, 0x0, 0x0, 0x0, 0x2f, 0xff,
    0xff, 0xff, 0xff, 0xff, 0xff, 0xff, 0xd0, 0x0,
    0x0, 0x0, 0x0, 0x0, 0x0, 0x0, 0x0, 0x0,
    0xa, 0xfb, 0x0, 0x0, 0x0, 0x0, 0x0, 0x0,
    0x0, 0x0, 0x0, 0x0, 0xcf, 0xb0, 0x0, 0x3,
    0xff, 0xff, 0xff, 0xff, 0xff, 0xff, 0xff, 0xff,
    0xff, 0xff, 0xc0, 0x3f, 0xff, 0xff, 0xff, 0xff,
    0xff, 0xff, 0xff, 0xff, 0xff, 0xfc, 0x0, 0x0,
    0x61, 0x0, 0x0, 0x2f, 0xf4, 0x0, 0x0, 0x19,
    0x10, 0x0, 0x0, 0x9f, 0xf7, 0x0, 0x2, 0xff,
    0xd0, 0x0, 0x2d, 0xfe, 0x10, 0x0, 0x1, 0xaf,
    0xfd, 0x30, 0x2f, 0xff, 0x90, 0x5f, 0xfe, 0x40,
    0x0, 0x0, 0x0, 0x4e, 0xfb, 0x2, 0xff, 0xff,
    0xbf, 0xfb, 0x10, 0x0, 0x0, 0x0, 0x0, 0x19,
    0x27, 0xdf, 0xfa, 0xff, 0xf6, 0x0, 0x0, 0x0,
    0x0, 0x0, 0x5, 0xbf, 0xff, 0xff, 0x39, 0xff,
    0x90, 0x0, 0x0, 0x0, 0x2, 0x8e, 0xff, 0xfa,
    0x5f, 0xf3, 0x9, 0xff, 0xe5, 0x0, 0x0, 0x1d,
    0xff, 0xfe, 0x71, 0x2, 0xff, 0x30, 0x6, 0xff,
    0xfe, 0x82, 0x0, 0xcf, 0xb5, 0x0, 0x0, 0x2f,
    0xf3, 0x0, 0x1, 0xaf, 0xff, 0xb0, 0x2, 0x20,
    0x0, 0x7f, 0xef, 0xff, 0x10, 0x0, 0x0, 0x29,
    0xd0, 0x0, 0x0, 0x0, 0x2, 0xff, 0xec, 0x50,
    0x0, 0x0, 0x0, 0x0, 0x0,

    /* U+5F62 "形" */
    0x0, 0x0, 0x0, 0x0, 0x0, 0x0, 0x0, 0x0,
    0x0, 0x0, 0x0, 0x0, 0x0, 0x0, 0x0, 0x0,
    0x0, 0x0, 0x0, 0x0, 0x0, 0x6, 0xd7, 0x0,
    0xa, 0xff, 0xff, 0xff, 0xff, 0xff, 0xfb, 0x0,
    0x0, 0x5f, 0xf9, 0x0, 0xb, 0xff, 0xff, 0xff,
    0xff, 0xff, 0xfc, 0x0, 0x7, 0xff, 0xb0, 0x0,
    0x1, 0x23, 0xff, 0x22, 0x2a, 0xfa, 0x21, 0x1,
    0xbf, 0xfa, 0x0, 0x0, 0x0, 0x1, 0xff, 0x0,
    0x9, 0xf9, 0x0, 0x6e, 0xff, 0x70, 0x0, 0x0,
    0x0, 0x1, 0xff, 0x0, 0x9, 0xf9, 0x1, 0xdf,
    0xd2, 0x0, 0x0, 0x0, 0x0, 0x1, 0xff, 0x0,
    0x9, 0xf9, 0x0, 0x17, 0x0, 0x0, 0x20, 0x0,
    0x0, 0x1, 0xff, 0x0, 0x9, 0xf9, 0x0, 0x0,
    0x0, 0x2, 0xee, 0x50, 0x0, 0x1, 0xff, 0x0,
    0x9, 0xf9, 0x0, 0x0, 0x0, 0x2d, 0xfd, 0x0,
    0x1f, 0xff, 0xff, 0xff, 0xff, 0xff, 0xff, 0x10,
    0x3, 0xef, 0xd1, 0x0, 0x1f, 0xff, 0xff, 0xff,
    0xff, 0xff, 0xff, 0x10, 0x7f, 0xfd, 0x10, 0x0,
    0x2, 0x24, 0xff, 0x22, 0x2a, 0xfa, 0x22, 0x3c,
    0xff, 0xa0, 0x0, 0x0, 0x0, 0x3, 0xfe, 0x0,
    0x9, 0xf9, 0x0, 0x9f, 0xf7, 0x0, 0x0, 0x0,
    0x0, 0x5, 0xfd, 0x0, 0x9, 0xf9, 0x0, 0x7,
    0x20, 0x0, 0x2a, 0x40, 0x0, 0x7, 0xfb, 0x0,
    0x9, 0xf9, 0x0, 0x0, 0x0, 0x0, 0xcf, 0xe0,
    0x0, 0xb, 0xf8, 0x0, 0x9, 0xf9, 0x0, 0x0,
    0x0, 0xa, 0xff, 0x30, 0x0, 0xe, 0xf5, 0x0,
    0x9, 0xf9, 0x0, 0x0, 0x0, 0xaf, 0xf7, 0x0,
    0x0, 0x5f, 0xf1, 0x0, 0x9, 0xf9, 0x0, 0x0,
    0x1b, 0xff, 0x70, 0x0, 0x0, 0xcf, 0xa0, 0x0,
    0x9, 0xf9, 0x0, 0x5, 0xef, 0xf7, 0x0, 0x0,
    0x7, 0xff, 0x30, 0x0, 0x9, 0xf9, 0x3, 0xcf,
    0xfe, 0x40, 0x0, 0x0, 0x1f, 0xf9, 0x0, 0x0,
    0x9, 0xf9, 0x1d, 0xff, 0xb2, 0x0, 0x0, 0x0,
    0x4, 0xd0, 0x0, 0x0, 0x9, 0xf9, 0x2, 0xc5,
    0x0, 0x0, 0x0, 0x0, 0x0, 0x0, 0x0, 0x0,
    0x0, 0x0, 0x0, 0x0, 0x0, 0x0, 0x0, 0x0,

    /* U+5F85 "待" */
    0x0, 0x0, 0x1, 0x0, 0x0, 0x0, 0x0, 0x45,
    0x20, 0x0, 0x0, 0x0, 0x0, 0x0, 0xd, 0xf7,
    0x0, 0x0, 0x0, 0xcf, 0x70, 0x0, 0x0, 0x0,
    0x0, 0x0, 0xaf, 0xe2, 0x0, 0x0, 0x0, 0xcf,
    0x70, 0x0, 0x0, 0x0, 0x0, 0x9, 0xff, 0x30,
    0x1, 0x11, 0x11, 0xdf, 0x81, 0x11, 0x11, 0x0,
    0x0, 0xbf, 0xf5, 0x0, 0xe, 0xff, 0xff, 0xff,
    0xff, 0xff, 0xfd, 0x0, 0x1c, 0xff, 0x50, 0x0,
    0xe, 0xff, 0xff, 0xff, 0xff, 0xff, 0xfc, 0x0,
    0xc, 0xe3, 0x1, 0xb6, 0x0, 0x0, 0x0, 0xcf,
    0x70, 0x0, 0x0, 0x0, 0x1, 0x10, 0xa, 0xfc,
    0x0, 0x0, 0x0, 0xcf, 0x70, 0x0, 0x0, 0x0,
    0x0, 0x0, 0x7f, 0xe6, 0xdd, 0xdd, 0xdd, 0xff,
    0xed, 0xdd, 0xdd, 0xd0, 0x0, 0x4, 0xff, 0x55,
    0xff, 0xff, 0xff, 0xff, 0xff, 0xff, 0xff, 0xf0,
    0x0, 0x4f, 0xff, 0x31, 0x33, 0x33, 0x33, 0x33,
    0x39, 0xfd, 0x33, 0x30, 0x6, 0xff, 0xff, 0x30,
    0x0, 0x0, 0x0, 0x0, 0x7, 0xfc, 0x0, 0x0,
    0x5f, 0xfd, 0xff, 0x30, 0x11, 0x11, 0x11, 0x11,
    0x18, 0xfd, 0x11, 0x10, 0x1f, 0xd1, 0xef, 0x30,
    0xff, 0xff, 0xff, 0xff, 0xff, 0xff, 0xff, 0xd0,
    0x6, 0x10, 0xef, 0x30, 0xff, 0xff, 0xff, 0xff,
    0xff, 0xff, 0xff, 0xc0, 0x0, 0x0, 0xef, 0x30,
    0x0, 0x25, 0x0, 0x0, 0x7, 0xfc, 0x0, 0x0,
    0x0, 0x0, 0xef, 0x30, 0x2, 0xff, 0x50, 0x0,
    0x7, 0xfc, 0x0, 0x0, 0x0, 0x0, 0xef, 0x30,
    0x0, 0x9f, 0xf2, 0x0, 0x7, 0xfc, 0x0, 0x0,
    0x0, 0x0, 0xef, 0x30, 0x0, 0xd, 0xfb, 0x0,
    0x7, 0xfc, 0x0, 0x0, 0x0, 0x0, 0xef, 0x30,
    0x0, 0x4, 0xfe, 0x10, 0x7, 0xfc, 0x0, 0x0,
    0x0, 0x0, 0xef, 0x30, 0x0, 0x0, 0x50, 0x21,
    0x18, 0xfc, 0x0, 0x0, 0x0, 0x0, 0xef, 0x30,
    0x0, 0x0, 0x0, 0xcf, 0xff, 0xf9, 0x0, 0x0,
    0x0, 0x0, 0xef, 0x30, 0x0, 0x0, 0x0, 0x7f,
    0xfd, 0xa1, 0x0, 0x0, 0x0, 0x0, 0x0, 0x0,
    0x0, 0x0, 0x0, 0x0, 0x0, 0x0, 0x0, 0x0,

    /* U+5F88 "很" */
    0x0, 0x0, 0x8, 0xb5, 0x0, 0x0, 0x0, 0x0,
    0x0, 0x0, 0x0, 0x0, 0x0, 0x0, 0x5f, 0xf8,
    0x5, 0xff, 0xff, 0xff, 0xff, 0xff, 0xe0, 0x0,
    0x0, 0x6, 0xff, 0xa0, 0x5, 0xff, 0xff, 0xff,
    0xff, 0xff, 0xe0, 0x0, 0x0, 0x9f, 0xfa, 0x0,
    0x5, 0xfd, 0x0, 0x0, 0x0, 0x4f, 0xe0, 0x0,
    0xd, 0xff, 0x80, 0x0, 0x5, 0xfd, 0x0, 0x0,
    0x0, 0x4f, 0xe0, 0x0, 0xb, 0xf5, 0x0, 0xb7,
    0x15, 0xff, 0xdd, 0xdd, 0xdd, 0xef, 0xe0, 0x0,
    0x2, 0x20, 0x8, 0xfe, 0x15, 0xff, 0xff, 0xff,
    0xff, 0xff, 0xe0, 0x0, 0x0, 0x0, 0x4f, 0xf5,
    0x5, 0xfd, 0x0, 0x0, 0x0, 0x5f, 0xe0, 0x0,
    0x0, 0x2, 0xff, 0xa0, 0x5, 0xfd, 0x0, 0x0,
    0x0, 0x4f, 0xe0, 0x0, 0x0, 0x2e, 0xff, 0x50,
    0x5, 0xfe, 0x33, 0x33, 0x33, 0x7f, 0xe0, 0x0,
    0x3, 0xef, 0xff, 0x40, 0x5, 0xff, 0xff, 0xff,
    0xff, 0xff, 0xe0, 0x0, 0x3f, 0xff, 0xff, 0x40,
    0x5, 0xff, 0xbc, 0xff, 0xbb, 0xbb, 0xb0, 0x0,
    0x1f, 0xf4, 0xef, 0x40, 0x5, 0xfd, 0x0, 0xdf,
    0x20, 0x0, 0x61, 0x0, 0x7, 0x30, 0xef, 0x40,
    0x5, 0xfd, 0x0, 0x8f, 0x90, 0xa, 0xfd, 0x0,
    0x0, 0x0, 0xef, 0x40, 0x5, 0xfd, 0x0, 0x2f,
    0xf3, 0xdf, 0xe5, 0x0, 0x0, 0x0, 0xef, 0x40,
    0x5, 0xfd, 0x0, 0xb, 0xff, 0xfb, 0x10, 0x0,
    0x0, 0x0, 0xef, 0x40, 0x5, 0xfd, 0x0, 0x2,
    0xff, 0x90, 0x0, 0x0, 0x0, 0x0, 0xef, 0x40,
    0x5, 0xfd, 0x0, 0x0, 0x8f, 0xf4, 0x0, 0x0,
    0x0, 0x0, 0xef, 0x40, 0x6, 0xfd, 0x15, 0x99,
    0xb, 0xff, 0x60, 0x0, 0x0, 0x0, 0xef, 0x40,
    0xb, 0xff, 0xff, 0xfc, 0x0, 0xcf, 0xfd, 0x50,
    0x0, 0x0, 0xef, 0x40, 0x3f, 0xff, 0xfc, 0x73,
    0x0, 0x19, 0xff, 0xa0, 0x0, 0x0, 0xef, 0x40,
    0xa, 0xa5, 0x0, 0x0, 0x0, 0x0, 0x3a, 0x0,
    0x0, 0x0, 0x0, 0x0, 0x0, 0x0, 0x0, 0x0,
    0x0, 0x0, 0x0, 0x0,

    /* U+5F97 "得" */
    0x0, 0x0, 0x1, 0x10, 0x0, 0x0, 0x0, 0x0,
    0x0, 0x0, 0x0, 0x0, 0x0, 0x0, 0xbf, 0x90,
    0x19, 0x99, 0x99, 0x99, 0x99, 0x99, 0x40, 0x0,
    0x0, 0x8f, 0xf5, 0x3, 0xff, 0xff, 0xff, 0xff,
    0xff, 0xf7, 0x0, 0x0, 0x7f, 0xf8, 0x0, 0x3f,
    0xf0, 0x0, 0x0, 0x0, 0xcf, 0x70, 0x0, 0xaf,
    0xf9, 0x0, 0x3, 0xff, 0x0, 0x0, 0x0, 0xc,
    0xf7, 0x0, 0xcf, 0xf8, 0x0, 0x0, 0x3f, 0xff,
    0xff, 0xff, 0xff, 0xff, 0x70, 0xc, 0xf6, 0x0,
    0x95, 0x3, 0xff, 0x77, 0x77, 0x77, 0x7e, 0xf7,
    0x0, 0x23, 0x0, 0x8f, 0xe1, 0x3f, 0xf0, 0x0,
    0x0, 0x0, 0xcf, 0x70, 0x0, 0x0, 0x5f, 0xf4,
    0x3, 0xff, 0xff, 0xff, 0xff, 0xff, 0xf7, 0x0,
    0x0, 0x3f, 0xf9, 0x0, 0x19, 0x99, 0x99, 0x99,
    0x99, 0x99, 0x40, 0x0, 0x4f, 0xff, 0x40, 0x0,
    0x0, 0x0, 0x0, 0x0, 0x0, 0x0, 0x0, 0x5f,
    0xff, 0xf4, 0x8, 0xff, 0xff, 0xff, 0xff, 0xff,
    0xff, 0xf7, 0x5f, 0xfe, 0xff, 0x40, 0x7d, 0xdd,
    0xdd, 0xdd, 0xdf, 0xfe, 0xdd, 0x61, 0xfe, 0x2e,
    0xf4, 0x0, 0x0, 0x0, 0x0, 0x0, 0xcf, 0x70,
    0x0, 0x8, 0x20, 0xef, 0x40, 0x22, 0x22, 0x22,
    0x22, 0x2d, 0xf8, 0x22, 0x20, 0x0, 0xe, 0xf4,
    0x2f, 0xff, 0xff, 0xff, 0xff, 0xff, 0xff, 0xfe,
    0x0, 0x0, 0xef, 0x41, 0xcc, 0xcc, 0xcc, 0xcc,
    0xcf, 0xfe, 0xcc, 0xb0, 0x0, 0xe, 0xf4, 0x0,
    0x8, 0xd1, 0x0, 0x0, 0xcf, 0x70, 0x0, 0x0,
    0x0, 0xef, 0x40, 0x0, 0xbf, 0xd1, 0x0, 0xc,
    0xf7, 0x0, 0x0, 0x0, 0xe, 0xf4, 0x0, 0x0,
    0xbf, 0xc0, 0x0, 0xcf, 0x70, 0x0, 0x0, 0x0,
    0xef, 0x40, 0x0, 0x1, 0xd9, 0x10, 0xd, 0xf7,
    0x0, 0x0, 0x0, 0xe, 0xf4, 0x0, 0x0, 0x0,
    0xc, 0xff, 0xff, 0x50, 0x0, 0x0, 0x0, 0xef,
    0x40, 0x0, 0x0, 0x0, 0x7f, 0xfd, 0x90, 0x0,
    0x0,

    /* U+5FD9 "忙" */
    0x0, 0x0, 0x33, 0x0, 0x0, 0x0, 0x0, 0x1,
    0x0, 0x0, 0x0, 0x0, 0x0, 0x0, 0xff, 0x0,
    0x0, 0x0, 0x2, 0xde, 0x20, 0x0, 0x0, 0x0,
    0x0, 0x0, 0xff, 0x0, 0x0, 0x0, 0x0, 0xcf,
    0xd0, 0x0, 0x0, 0x0, 0x0, 0x0, 0xff, 0x0,
    0x0, 0x0, 0x0, 0x2f, 0xf8, 0x0, 0x0, 0x0,
    0x0, 0x0, 0xff, 0x0, 0x0, 0x0, 0x0, 0x7,
    0xf9, 0x0, 0x0, 0x0, 0x2, 0x62, 0xff, 0xcc,
    0x3, 0x33, 0x33, 0x33, 0x63, 0x33, 0x33, 0x30,
    0x5, 0xf5, 0xff, 0xaf, 0x4f, 0xff, 0xff, 0xff,
    0xff, 0xff, 0xff, 0xf2, 0x7, 0xf3, 0xff, 0x4f,
    0xbf, 0xff, 0xff, 0xff, 0xff, 0xff, 0xff, 0xf2,
    0xa, 0xf1, 0xff, 0xe, 0xf0, 0xc, 0xf7, 0x0,
    0x0, 0x0, 0x0, 0x0, 0xd, 0xf0, 0xff, 0xa,
    0xb1, 0xc, 0xf7, 0x0, 0x0, 0x0, 0x0, 0x0,
    0x1f, 0xc0, 0xff, 0x0, 0x0, 0xc, 0xf7, 0x0,
    0x0, 0x0, 0x0, 0x0, 0x4f, 0x80, 0xff, 0x0,
    0x0, 0xc, 0xf7, 0x0, 0x0, 0x0, 0x0, 0x0,
    0x1, 0x10, 0xff, 0x0, 0x0, 0xc, 0xf7, 0x0,
    0x0, 0x0, 0x0, 0x0, 0x0, 0x0, 0xff, 0x0,
    0x0, 0xc, 0xf7, 0x0, 0x0, 0x0, 0x0, 0x0,
    0x0, 0x0, 0xff, 0x0, 0x0, 0xc, 0xf7, 0x0,
    0x0, 0x0, 0x0, 0x0, 0x0, 0x0, 0xff, 0x0,
    0x0, 0xc, 0xf7, 0x0, 0x0, 0x0, 0x0, 0x0,
    0x0, 0x0, 0xff, 0x0, 0x0, 0xc, 0xf7, 0x0,
    0x0, 0x0, 0x0, 0x0, 0x0, 0x0, 0xff, 0x0,
    0x0, 0xc, 0xf7, 0x0, 0x0, 0x0, 0x0, 0x0,
    0x0, 0x0, 0xff, 0x0, 0x0, 0xc, 0xf7, 0x0,
    0x0, 0x0, 0x0, 0x0, 0x0, 0x0, 0xff, 0x0,
    0x0, 0xc, 0xf9, 0x33, 0x33, 0x33, 0x33, 0x10,
    0x0, 0x0, 0xff, 0x0, 0x0, 0xc, 0xff, 0xff,
    0xff, 0xff, 0xff, 0x80, 0x0, 0x0, 0xff, 0x0,
    0x0, 0xa, 0xcc, 0xcc, 0xcc, 0xcc, 0xcc, 0x70,
    0x0, 0x0, 0xff, 0x0, 0x0, 0x0, 0x0, 0x0,
    0x0, 0x0, 0x0, 0x0,

    /* U+5FEB "快" */
    0x0, 0x0, 0x33, 0x0, 0x0, 0x0, 0x1, 0x33,
    0x0, 0x0, 0x0, 0x0, 0x0, 0x1, 0xff, 0x20,
    0x0, 0x0, 0x4, 0xff, 0x0, 0x0, 0x0, 0x0,
    0x0, 0x1, 0xff, 0x20, 0x0, 0x0, 0x4, 0xff,
    0x0, 0x0, 0x0, 0x0, 0x0, 0x1, 0xff, 0x20,
    0x0, 0x0, 0x4, 0xff, 0x0, 0x0, 0x0, 0x0,
    0x0, 0x1, 0xff, 0x20, 0x3, 0x44, 0x47, 0xff,
    0x44, 0x44, 0x41, 0x0, 0x1, 0x42, 0xff, 0xcc,
    0xc, 0xff, 0xff, 0xff, 0xff, 0xff, 0xf4, 0x0,
    0x5, 0xf7, 0xff, 0xcf, 0x39, 0xcc, 0xcd, 0xff,
    0xdc, 0xcf, 0xf4, 0x0, 0x7, 0xf5, 0xff, 0x6f,
    0xa0, 0x0, 0x4, 0xff, 0x0, 0xe, 0xf4, 0x0,
    0x9, 0xf3, 0xff, 0x2d, 0xf0, 0x0, 0x4, 0xff,
    0x0, 0xe, 0xf4, 0x0, 0xc, 0xf2, 0xff, 0x28,
    0xb1, 0x0, 0x4, 0xff, 0x0, 0xe, 0xf4, 0x0,
    0xf, 0xc1, 0xff, 0x20, 0x0, 0x0, 0x5, 0xff,
    0x0, 0xe, 0xf4, 0x0, 0x4f, 0x81, 0xff, 0x20,
    0x33, 0x33, 0x37, 0xff, 0x33, 0x3f, 0xf7, 0x30,
    0x2, 0x21, 0xff, 0x20, 0xff, 0xff, 0xff, 0xff,
    0xff, 0xff, 0xff, 0xf2, 0x0, 0x1, 0xff, 0x20,
    0xef, 0xff, 0xff, 0xff, 0xff, 0xff, 0xff, 0xf2,
    0x0, 0x1, 0xff, 0x20, 0x0, 0x0, 0xd, 0xff,
    0xf1, 0x0, 0x0, 0x0, 0x0, 0x1, 0xff, 0x20,
    0x0, 0x0, 0x3f, 0xfe, 0xf9, 0x0, 0x0, 0x0,
    0x0, 0x1, 0xff, 0x20, 0x0, 0x0, 0xaf, 0xc5,
    0xff, 0x20, 0x0, 0x0, 0x0, 0x1, 0xff, 0x20,
    0x0, 0x3, 0xff, 0x50, 0xdf, 0xd0, 0x0, 0x0,
    0x0, 0x1, 0xff, 0x20, 0x0, 0x2e, 0xfb, 0x0,
    0x4f, 0xfa, 0x0, 0x0, 0x0, 0x1, 0xff, 0x20,
    0x2, 0xef, 0xf2, 0x0, 0x9, 0xff, 0xc1, 0x0,
    0x0, 0x1, 0xff, 0x20, 0x7f, 0xff, 0x30, 0x0,
    0x0, 0xbf, 0xfe, 0x70, 0x0, 0x1, 0xff, 0x28,
    0xff, 0xe3, 0x0, 0x0, 0x0, 0xa, 0xff, 0xe2,
    0x0, 0x1, 0xff, 0x20, 0xca, 0x10, 0x0, 0x0,
    0x0, 0x0, 0x4d, 0x40, 0x0, 0x0, 0x0, 0x0,
    0x0, 0x0, 0x0, 0x0, 0x0, 0x0, 0x0, 0x0,

    /* U+6162 "慢" */
    0x0, 0x0, 0x33, 0x0, 0x0, 0x0, 0x0, 0x0,
    0x0, 0x0, 0x0, 0x0, 0x0, 0x2, 0xfe, 0x0,
    0x4, 0x66, 0x66, 0x66, 0x66, 0x66, 0x60, 0x0,
    0x0, 0x2, 0xfe, 0x0, 0xa, 0xff, 0xff, 0xff,
    0xff, 0xff, 0xf0, 0x0, 0x0, 0x2, 0xfe, 0x0,
    0xa, 0xf8, 0x0, 0x0, 0x0, 0x1f, 0xf0, 0x0,
    0x0, 0x2, 0xfe, 0x23, 0xa, 0xff, 0xff, 0xff,
    0xff, 0xff, 0xf0, 0x0, 0x2, 0x84, 0xfe, 0xdb,
    0xa, 0xfa, 0x22, 0x22, 0x22, 0x4f, 0xf0, 0x0,
    0x6, 0xf4, 0xfe, 0x9f, 0xa, 0xfc, 0x88, 0x88,
    0x88, 0x9f, 0xf0, 0x0, 0x8, 0xf3, 0xfe, 0x5f,
    0x48, 0xdd, 0xdd, 0xdd, 0xdd, 0xdd, 0xd0, 0x0,
    0xa, 0xe2, 0xfe, 0x2f, 0x82, 0x22, 0x22, 0x22,
    0x22, 0x22, 0x22, 0x0, 0xd, 0xb2, 0xfe, 0x1,
    0xdf, 0xff, 0xff, 0xff, 0xff, 0xff, 0xff, 0x30,
    0xf, 0x82, 0xfe, 0x0, 0xdf, 0x54, 0xcf, 0x54,
    0xcf, 0x54, 0xdf, 0x30, 0x2c, 0x52, 0xfe, 0x0,
    0xdf, 0x10, 0xaf, 0x10, 0xaf, 0x10, 0xdf, 0x30,
    0x0, 0x2, 0xfe, 0x0, 0xdf, 0xff, 0xff, 0xff,
    0xff, 0xff, 0xff, 0x30, 0x0, 0x2, 0xfe, 0x0,
    0x67, 0x77, 0x77, 0x77, 0x77, 0x77, 0x77, 0x10,
    0x0, 0x2, 0xfe, 0x0, 0x0, 0x0, 0x0, 0x0,
    0x0, 0x0, 0x0, 0x0, 0x0, 0x2, 0xfe, 0x3,
    0xff, 0xff, 0xff, 0xff, 0xff, 0xff, 0xf7, 0x0,
    0x0, 0x2, 0xfe, 0x2, 0xbd, 0xff, 0xcb, 0xbb,
    0xbb, 0xef, 0xf3, 0x0, 0x0, 0x2, 0xfe, 0x0,
    0x1, 0xdf, 0xd2, 0x0, 0x6, 0xff, 0x60, 0x0,
    0x0, 0x2, 0xfe, 0x0, 0x0, 0x1c, 0xff, 0x83,
    0xbf, 0xf7, 0x0, 0x0, 0x0, 0x2, 0xfe, 0x0,
    0x0, 0x0, 0x9f, 0xff, 0xff, 0x40, 0x0, 0x0,
    0x0, 0x2, 0xfe, 0x0, 0x13, 0x7b, 0xff, 0xff,
    0xff, 0xea, 0x73, 0x0, 0x0, 0x2, 0xfe, 0xc,
    0xff, 0xff, 0xfb, 0x53, 0x9e, 0xff, 0xff, 0xc0,
    0x0, 0x2, 0xfe, 0x6, 0xeb, 0x85, 0x0, 0x0,
    0x0, 0x48, 0xbe, 0x20, 0x0, 0x0, 0x0, 0x0,
    0x0, 0x0, 0x0, 0x0, 0x0, 0x0, 0x0, 0x0,

    /* U+6211 "我" */
    0x0, 0x0, 0x0, 0x3, 0x7c, 0x60, 0x8f, 0xc0,
    0x4, 0x0, 0x0, 0x0, 0x2, 0x58, 0xbf, 0xff,
    0xff, 0x38, 0xfd, 0x9, 0xfc, 0x0, 0x0, 0x5f,
    0xff, 0xff, 0xff, 0xc8, 0x40, 0x7f, 0xd0, 0x3e,
    0xfc, 0x0, 0x1, 0xfe, 0xb9, 0xdf, 0x90, 0x0,
    0x6, 0xfe, 0x0, 0x2e, 0xfb, 0x0, 0x0, 0x0,
    0xa, 0xf9, 0x0, 0x0, 0x6f, 0xf0, 0x0, 0x4f,
    0xf3, 0x0, 0x0, 0x0, 0xaf, 0x90, 0x0, 0x5,
    0xff, 0x0, 0x0, 0x62, 0x0, 0x12, 0x22, 0x2b,
    0xfa, 0x22, 0x22, 0x6f, 0xf3, 0x22, 0x22, 0x22,
    0x9, 0xff, 0xff, 0xff, 0xff, 0xff, 0xff, 0xff,
    0xff, 0xff, 0xff, 0xe0, 0x9f, 0xff, 0xff, 0xff,
    0xff, 0xff, 0xff, 0xff, 0xff, 0xff, 0xfe, 0x0,
    0x0, 0x0, 0xaf, 0x90, 0x0, 0x0, 0xff, 0x50,
    0x0, 0x0, 0x0, 0x0, 0x0, 0xa, 0xf9, 0x0,
    0x0, 0xd, 0xf8, 0x0, 0x7d, 0x60, 0x0, 0x0,
    0x0, 0xaf, 0x90, 0x14, 0x40, 0xaf, 0xb0, 0x1f,
    0xf7, 0x0, 0x0, 0x0, 0x1c, 0xfe, 0xef, 0xfb,
    0x8, 0xfe, 0xc, 0xfc, 0x0, 0x6, 0x9b, 0xef,
    0xff, 0xff, 0xfd, 0x80, 0x4f, 0xfb, 0xff, 0x20,
    0x0, 0xcf, 0xff, 0xff, 0xfc, 0x40, 0x0, 0x1,
    0xff, 0xff, 0x50, 0x0, 0x7, 0xc9, 0x52, 0xbf,
    0x90, 0x0, 0x0, 0xe, 0xff, 0x70, 0x1, 0x0,
    0x0, 0x0, 0xa, 0xf9, 0x0, 0x0, 0x1c, 0xff,
    0xf0, 0x0, 0x7a, 0x10, 0x0, 0x0, 0xaf, 0x90,
    0x0, 0x4e, 0xff, 0xff, 0x60, 0x9, 0xf5, 0x0,
    0x0, 0xa, 0xf9, 0x2, 0xbf, 0xfe, 0x4b, 0xfe,
    0x0, 0xbf, 0x30, 0x24, 0x34, 0xdf, 0x81, 0xff,
    0xfc, 0x10, 0x3f, 0xfc, 0x5f, 0xf0, 0x3, 0xff,
    0xff, 0xf5, 0x6, 0xe5, 0x0, 0x0, 0x8f, 0xff,
    0xfa, 0x0, 0xd, 0xff, 0xc7, 0x0, 0x0, 0x0,
    0x0, 0x0, 0x6e, 0xfc, 0x10, 0x0, 0x0, 0x0,
    0x0, 0x0, 0x0, 0x0, 0x0, 0x0, 0x0, 0x0,
    0x0,

    /* U+624B "手" */
    0x0, 0x0, 0x0, 0x0, 0x0, 0x0, 0x0, 0x0,
    0x0, 0x0, 0x0, 0x0, 0x0, 0x0, 0x0, 0x0,
    0x0, 0x2, 0x47, 0xae, 0x70, 0x0, 0x0, 0x13,
    0x45, 0x67, 0x9a, 0xbd, 0xff, 0xff, 0xff, 0xf4,
    0x0, 0x3, 0xff, 0xff, 0xff, 0xff, 0xff, 0xff,
    0xdb, 0x84, 0x10, 0x0, 0x0, 0xdd, 0xcb, 0xa9,
    0x88, 0xff, 0x40, 0x0, 0x0, 0x0, 0x0, 0x0,
    0x0, 0x0, 0x0, 0x2, 0xff, 0x30, 0x0, 0x0,
    0x0, 0x0, 0x0, 0x0, 0x0, 0x0, 0x2, 0xff,
    0x30, 0x0, 0x0, 0x0, 0x0, 0x1, 0x33, 0x33,
    0x33, 0x35, 0xff, 0x63, 0x33, 0x33, 0x33, 0x20,
    0x4, 0xff, 0xff, 0xff, 0xff, 0xff, 0xff, 0xff,
    0xff, 0xff, 0x80, 0x3, 0xee, 0xee, 0xee, 0xee,
    0xff, 0xfe, 0xee, 0xee, 0xee, 0x80, 0x0, 0x0,
    0x0, 0x0, 0x2, 0xff, 0x30, 0x0, 0x0, 0x0,
    0x0, 0x0, 0x0, 0x0, 0x0, 0x2, 0xff, 0x30,
    0x0, 0x0, 0x0, 0x0, 0x0, 0x0, 0x0, 0x0,
    0x2, 0xff, 0x30, 0x0, 0x0, 0x0, 0x0, 0xdf,
    0xff, 0xff, 0xff, 0xff, 0xff, 0xff, 0xff, 0xff,
    0xff, 0xfe, 0xef, 0xff, 0xff, 0xff, 0xff, 0xff,
    0xff, 0xff, 0xff, 0xff, 0xfe, 0x33, 0x33, 0x33,
    0x33, 0x35, 0xff, 0x63, 0x33, 0x33, 0x33, 0x33,
    0x0, 0x0, 0x0, 0x0, 0x2, 0xff, 0x30, 0x0,
    0x0, 0x0, 0x0, 0x0, 0x0, 0x0, 0x0, 0x2,
    0xff, 0x30, 0x0, 0x0, 0x0, 0x0, 0x0, 0x0,
    0x0, 0x0, 0x2, 0xff, 0x30, 0x0, 0x0, 0x0,
    0x0, 0x0, 0x0, 0x0, 0x0, 0x2, 0xff, 0x30,
    0x0, 0x0, 0x0, 0x0, 0x0, 0x0, 0x3, 0x32,
    0x27, 0xff, 0x20, 0x0, 0x0, 0x0, 0x0, 0x0,
    0x0, 0xf, 0xff, 0xff, 0xfe, 0x0, 0x0, 0x0,
    0x0, 0x0, 0x0, 0x0, 0x9, 0xff, 0xfe, 0xa2,
    0x0, 0x0, 0x0, 0x0, 0x0, 0x0, 0x0, 0x0,
    0x0, 0x0, 0x0, 0x0, 0x0, 0x0, 0x0, 0x0,

    /* U+6251 "扑" */
    0x0, 0x0, 0x3, 0x42, 0x0, 0x0, 0x1, 0x44,
    0x0, 0x0, 0x0, 0x0, 0x0, 0x0, 0xe, 0xf7,
    0x0, 0x0, 0x6, 0xff, 0x0, 0x0, 0x0, 0x0,
    0x0, 0x0, 0xe, 0xf7, 0x0, 0x0, 0x6, 0xff,
    0x0, 0x0, 0x0, 0x0, 0x0, 0x0, 0xe, 0xf7,
    0x0, 0x0, 0x6, 0xff, 0x0, 0x0, 0x0, 0x0,
    0x0, 0x0, 0xe, 0xf7, 0x0, 0x0, 0x6, 0xff,
    0x0, 0x0, 0x0, 0x0, 0x5, 0x55, 0x5e, 0xfa,
    0x55, 0x50, 0x6, 0xff, 0x0, 0x0, 0x0, 0x0,
    0xe, 0xff, 0xff, 0xff, 0xff, 0xf2, 0x6, 0xff,
    0x0, 0x0, 0x0, 0x0, 0xc, 0xdd, 0xdf, 0xfe,
    0xdd, 0xd1, 0x6, 0xff, 0x0, 0x0, 0x0, 0x0,
    0x0, 0x0, 0xe, 0xf7, 0x0, 0x0, 0x6, 0xff,
    0x67, 0x0, 0x0, 0x0, 0x0, 0x0, 0xe, 0xf7,
    0x0, 0x0, 0x6, 0xff, 0xff, 0xa0, 0x0, 0x0,
    0x0, 0x0, 0xe, 0xf7, 0x0, 0x0, 0x6, 0xff,
    0x8f, 0xfd, 0x20, 0x0, 0x0, 0x0, 0xe, 0xfa,
    0x8c, 0xf0, 0x6, 0xff, 0x6, 0xff, 0xe3, 0x0,
    0x0, 0x4, 0x8f, 0xff, 0xff, 0xf1, 0x6, 0xff,
    0x0, 0x4f, 0xff, 0x30, 0x1c, 0xff, 0xff, 0xff,
    0xc7, 0x30, 0x6, 0xff, 0x0, 0x3, 0xff, 0xd0,
    0xe, 0xff, 0xef, 0xf7, 0x0, 0x0, 0x6, 0xff,
    0x0, 0x0, 0x4c, 0x10, 0x6, 0x62, 0xe, 0xf7,
    0x0, 0x0, 0x6, 0xff, 0x0, 0x0, 0x0, 0x0,
    0x0, 0x0, 0xe, 0xf7, 0x0, 0x0, 0x6, 0xff,
    0x0, 0x0, 0x0, 0x0, 0x0, 0x0, 0xe, 0xf7,
    0x0, 0x0, 0x6, 0xff, 0x0, 0x0, 0x0, 0x0,
    0x0, 0x0, 0xe, 0xf7, 0x0, 0x0, 0x6, 0xff,
    0x0, 0x0, 0x0, 0x0, 0x0, 0x0, 0xe, 0xf7,
    0x0, 0x0, 0x6, 0xff, 0x0, 0x0, 0x0, 0x0,
    0x0, 0x22, 0x2f, 0xf7, 0x0, 0x0, 0x6, 0xff,
    0x0, 0x0, 0x0, 0x0, 0x0, 0x9f, 0xff, 0xf4,
    0x0, 0x0, 0x6, 0xff, 0x0, 0x0, 0x0, 0x0,
    0x0, 0x4f, 0xfd, 0x70, 0x0, 0x0, 0x6, 0xff,
    0x0, 0x0, 0x0, 0x0, 0x0, 0x0, 0x0, 0x0,
    0x0, 0x0, 0x0, 0x0, 0x0, 0x0, 0x0, 0x0,

    /* U+6253 "打" */
    0x0, 0x0, 0x0, 0x0, 0x0, 0x0, 0x0, 0x0,
    0x0, 0x0, 0x0, 0x0, 0x0, 0x0, 0x8f, 0xc0,
    0x0, 0x0, 0x0, 0x0, 0x0, 0x0, 0x0, 0x0,
    0x0, 0x0, 0x8f, 0xc0, 0x0, 0x11, 0x11, 0x11,
    0x11, 0x11, 0x11, 0x10, 0x0, 0x0, 0x8f, 0xc0,
    0x0, 0xef, 0xff, 0xff, 0xff, 0xff, 0xff, 0xf1,
    0x0, 0x0, 0x8f, 0xc0, 0x0, 0xef, 0xff, 0xff,
    0xff, 0xff, 0xff, 0xf1, 0x4, 0x44, 0xaf, 0xd4,
    0x44, 0x22, 0x22, 0x22, 0x8f, 0xf2, 0x22, 0x20,
    0xe, 0xff, 0xff, 0xff, 0xfc, 0x0, 0x0, 0x0,
    0x6f, 0xf0, 0x0, 0x0, 0xc, 0xdd, 0xef, 0xfd,
    0xda, 0x0, 0x0, 0x0, 0x6f, 0xf0, 0x0, 0x0,
    0x0, 0x0, 0x8f, 0xc0, 0x0, 0x0, 0x0, 0x0,
    0x6f, 0xf0, 0x0, 0x0, 0x0, 0x0, 0x8f, 0xc0,
    0x0, 0x0, 0x0, 0x0, 0x6f, 0xf0, 0x0, 0x0,
    0x0, 0x0, 0x8f, 0xc0, 0x0, 0x0, 0x0, 0x0,
    0x6f, 0xf0, 0x0, 0x0, 0x0, 0x0, 0x8f, 0xc4,
    0x8b, 0x0, 0x0, 0x0, 0x6f, 0xf0, 0x0, 0x0,
    0x0, 0x3, 0xbf, 0xff, 0xff, 0x0, 0x0, 0x0,
    0x6f, 0xf0, 0x0, 0x0, 0xb, 0xff, 0xff, 0xff,
    0xb6, 0x0, 0x0, 0x0, 0x6f, 0xf0, 0x0, 0x0,
    0xd, 0xff, 0xff, 0xd0, 0x0, 0x0, 0x0, 0x0,
    0x6f, 0xf0, 0x0, 0x0, 0x5, 0x62, 0x8f, 0xc0,
    0x0, 0x0, 0x0, 0x0, 0x6f, 0xf0, 0x0, 0x0,
    0x0, 0x0, 0x8f, 0xc0, 0x0, 0x0, 0x0, 0x0,
    0x6f, 0xf0, 0x0, 0x0, 0x0, 0x0, 0x8f, 0xc0,
    0x0, 0x0, 0x0, 0x0, 0x6f, 0xf0, 0x0, 0x0,
    0x0, 0x0, 0x8f, 0xc0, 0x0, 0x0, 0x0, 0x0,
    0x6f, 0xf0, 0x0, 0x0, 0x0, 0x0, 0x8f, 0xc0,
    0x0, 0x0, 0x0, 0x0, 0x6f, 0xf0, 0x0, 0x0,
    0x0, 0x11, 0xaf, 0xb0, 0x0, 0x0, 0x55, 0x44,
    0xbf, 0xf0, 0x0, 0x0, 0x2, 0xff, 0xff, 0x90,
    0x0, 0x0, 0x9f, 0xff, 0xff, 0xc0, 0x0, 0x0,
    0x0, 0xdf, 0xea, 0x10, 0x0, 0x0, 0x3f, 0xff,
    0xea, 0x10, 0x0, 0x0, 0x0, 0x0, 0x0, 0x0,
    0x0, 0x0, 0x1, 0x10, 0x0, 0x0, 0x0, 0x0,

    /* U+629B "抛" */
    0x0, 0x3, 0x30, 0x0, 0x0, 0x0, 0x0, 0x0,
    0x3, 0x30, 0x0, 0x0, 0x0, 0xe, 0xf1, 0x0,
    0xc, 0xf3, 0x0, 0x0, 0xf, 0xd0, 0x0, 0x0,
    0x0, 0xe, 0xf1, 0x0, 0xc, 0xf3, 0x0, 0x0,
    0xf, 0xd0, 0x0, 0x0, 0x0, 0xe, 0xf1, 0x0,
    0xc, 0xf3, 0x0, 0x0, 0xf, 0xd0, 0x0, 0x0,
    0x0, 0xe, 0xf1, 0x0, 0xc, 0xf3, 0x0, 0x0,
    0xf, 0xc0, 0x0, 0x0, 0x6, 0x6f, 0xf7, 0x50,
    0xc, 0xf3, 0x0, 0x7, 0xaf, 0xea, 0xaa, 0x10,
    0xf, 0xff, 0xff, 0xe0, 0x2d, 0xf4, 0x22, 0x1b,
    0xff, 0xff, 0xff, 0x10, 0xc, 0xcf, 0xfc, 0xb4,
    0xff, 0xff, 0xff, 0xc4, 0x7f, 0xd6, 0xdf, 0x10,
    0x0, 0xe, 0xf1, 0x4, 0xff, 0xff, 0xff, 0xc0,
    0x2f, 0xa0, 0xbf, 0x0, 0x0, 0xe, 0xf1, 0x0,
    0xd, 0xf1, 0x2f, 0xc0, 0x3f, 0x90, 0xcf, 0x0,
    0x0, 0xe, 0xf1, 0x0, 0xe, 0xf0, 0x2f, 0xc0,
    0x4f, 0x80, 0xcf, 0x0, 0x0, 0xe, 0xf7, 0xa5,
    0xf, 0xf0, 0x2f, 0xc0, 0x5f, 0x60, 0xdf, 0x0,
    0x3, 0x8f, 0xff, 0xf9, 0xf, 0xe0, 0x2f, 0xc0,
    0x7f, 0x40, 0xde, 0x0, 0x4f, 0xff, 0xfc, 0x72,
    0x1f, 0xd0, 0x2f, 0xc0, 0xaf, 0x20, 0xee, 0x0,
    0x1f, 0xbf, 0xf1, 0x0, 0x3f, 0xb0, 0x2f, 0xc0,
    0xdf, 0x0, 0xfd, 0x0, 0x0, 0xe, 0xf1, 0x0,
    0x6f, 0x80, 0x2f, 0xc1, 0xfb, 0x0, 0xfc, 0x0,
    0x0, 0xe, 0xf1, 0x0, 0x8f, 0x60, 0x2f, 0xc6,
    0xf6, 0x5, 0xfa, 0x0, 0x0, 0xe, 0xf1, 0x0,
    0xdf, 0x30, 0x2f, 0xcd, 0xf3, 0xff, 0xf6, 0x0,
    0x0, 0xe, 0xf1, 0x3, 0xfe, 0x0, 0x2f, 0xc9,
    0x90, 0xab, 0x87, 0x20, 0x0, 0xe, 0xf1, 0x9,
    0xf8, 0x0, 0x2f, 0xc0, 0x10, 0x0, 0xd, 0xf0,
    0x0, 0xf, 0xf1, 0x3f, 0xf3, 0x0, 0x1f, 0xd0,
    0x0, 0x0, 0x1f, 0xc0, 0x9, 0xef, 0xf0, 0xdf,
    0x80, 0x0, 0xe, 0xfe, 0xdd, 0xdd, 0xef, 0x80,
    0x5, 0xfd, 0x60, 0x4c, 0x0, 0x0, 0x5, 0xdf,
    0xff, 0xff, 0xfb, 0x10, 0x0, 0x0, 0x0, 0x0,
    0x0, 0x0, 0x0, 0x0, 0x0, 0x0, 0x0, 0x0,

    /* U+6309 "按" */
    0x0, 0x0, 0x33, 0x0, 0x0, 0x0, 0x0, 0x3,
    0x20, 0x0, 0x0, 0x0, 0x0, 0x0, 0xff, 0x30,
    0x0, 0x0, 0x0, 0xbf, 0xb0, 0x0, 0x0, 0x0,
    0x0, 0x0, 0xff, 0x30, 0x0, 0x0, 0x0, 0x7f,
    0xf0, 0x0, 0x0, 0x0, 0x0, 0x0, 0xff, 0x30,
    0x1, 0x22, 0x22, 0x5f, 0xf6, 0x22, 0x22, 0x20,
    0x0, 0x0, 0xff, 0x30, 0xc, 0xff, 0xff, 0xff,
    0xff, 0xff, 0xff, 0xe0, 0x5, 0x55, 0xff, 0x75,
    0x3c, 0xff, 0xee, 0xee, 0xee, 0xee, 0xef, 0xe0,
    0xf, 0xff, 0xff, 0xff, 0xac, 0xf5, 0x0, 0x20,
    0x0, 0x0, 0x4f, 0xe0, 0xc, 0xcc, 0xff, 0xdc,
    0x8c, 0xf5, 0x5, 0xff, 0x10, 0x0, 0x4f, 0xe0,
    0x0, 0x0, 0xff, 0x30, 0x6, 0x83, 0xb, 0xfb,
    0x0, 0x0, 0x28, 0x80, 0x0, 0x0, 0xff, 0x30,
    0x0, 0x0, 0x1f, 0xf5, 0x0, 0x0, 0x0, 0x0,
    0x0, 0x0, 0xff, 0x30, 0x8f, 0xff, 0xff, 0xff,
    0xff, 0xff, 0xff, 0xf3, 0x0, 0x0, 0xff, 0x30,
    0x9f, 0xff, 0xff, 0xff, 0xff, 0xff, 0xff, 0xf3,
    0x0, 0x0, 0xff, 0xbe, 0xe1, 0x16, 0xff, 0x31,
    0x11, 0xcf, 0xc1, 0x10, 0x3, 0x7c, 0xff, 0xff,
    0xf0, 0xc, 0xfb, 0x0, 0x0, 0xff, 0x70, 0x0,
    0x4f, 0xff, 0xff, 0xa4, 0x0, 0x4f, 0xf4, 0x0,
    0x4, 0xff, 0x20, 0x0, 0xf, 0xd8, 0xff, 0x30,
    0x0, 0xcf, 0xf6, 0x0, 0xc, 0xfd, 0x0, 0x0,
    0x1, 0x0, 0xff, 0x30, 0x0, 0x6e, 0xff, 0xd5,
    0x5f, 0xf4, 0x0, 0x0, 0x0, 0x0, 0xff, 0x30,
    0x0, 0x0, 0x7e, 0xff, 0xff, 0xb0, 0x0, 0x0,
    0x0, 0x0, 0xff, 0x30, 0x0, 0x0, 0x1, 0xbf,
    0xff, 0xb2, 0x0, 0x0, 0x0, 0x0, 0xff, 0x30,
    0x0, 0x0, 0x2b, 0xff, 0xff, 0xff, 0x70, 0x0,
    0x0, 0x0, 0xff, 0x30, 0x2, 0x7b, 0xff, 0xf9,
    0x15, 0xef, 0xfd, 0x20, 0x9, 0xff, 0xff, 0x10,
    0x3f, 0xff, 0xfc, 0x30, 0x0, 0x9, 0xff, 0xd0,
    0x4, 0xff, 0xd6, 0x0, 0xa, 0xd8, 0x20, 0x0,
    0x0, 0x0, 0x5d, 0x20, 0x0, 0x0, 0x0, 0x0,
    0x0, 0x0, 0x0, 0x0, 0x0, 0x0, 0x0, 0x0,

    /* U+633A "挺" */
    0x0, 0x0, 0x0, 0x0, 0x0, 0x0, 0x0, 0x0,
    0x0, 0x0, 0x0, 0x0, 0x0, 0x7, 0xf8, 0x0,
    0x0, 0x0, 0x10, 0x0, 0x0, 0x1, 0x68, 0x0,
    0x0, 0x7, 0xf8, 0x0, 0xef, 0xff, 0xfb, 0x1,
    0x48, 0xcf, 0xff, 0x90, 0x0, 0x7, 0xf8, 0x0,
    0xcd, 0xdf, 0xfb, 0x7f, 0xff, 0xff, 0xa5, 0x10,
    0x0, 0x7, 0xf8, 0x0, 0x0, 0xd, 0xf4, 0x18,
    0x69, 0xfb, 0x0, 0x0, 0xd, 0xde, 0xfe, 0xd8,
    0x0, 0x4f, 0xd0, 0x0, 0x5, 0xfb, 0x0, 0x0,
    0xf, 0xff, 0xff, 0xfa, 0x0, 0xbf, 0x60, 0x0,
    0x5, 0xfb, 0x0, 0x0, 0x3, 0x39, 0xfa, 0x32,
    0x3, 0xfe, 0x0, 0x0, 0x5, 0xfb, 0x0, 0x0,
    0x0, 0x7, 0xf8, 0x0, 0xc, 0xf6, 0x0, 0x2,
    0x27, 0xfc, 0x22, 0x10, 0x0, 0x7, 0xf8, 0x0,
    0x8f, 0xff, 0xff, 0x3e, 0xff, 0xff, 0xff, 0x70,
    0x0, 0x7, 0xf8, 0x1, 0xff, 0xee, 0xff, 0x2c,
    0xde, 0xff, 0xdd, 0x60, 0x0, 0x7, 0xfa, 0x94,
    0x51, 0x0, 0xef, 0x0, 0x5, 0xfb, 0x0, 0x0,
    0x0, 0x3b, 0xff, 0xf8, 0x1, 0x1, 0xfd, 0x0,
    0x5, 0xfb, 0x0, 0x0, 0x1e, 0xff, 0xfe, 0x82,
    0xbf, 0x4, 0xfb, 0x0, 0x5, 0xfb, 0x0, 0x0,
    0xd, 0xfd, 0xf8, 0x0, 0x8f, 0x58, 0xf7, 0x0,
    0x5, 0xfb, 0x0, 0x0, 0x3, 0x7, 0xf8, 0x0,
    0x2f, 0xbd, 0xf3, 0x1, 0x17, 0xfb, 0x11, 0x10,
    0x0, 0x7, 0xf8, 0x0, 0xc, 0xff, 0xe0, 0x8f,
    0xff, 0xff, 0xff, 0xe0, 0x0, 0x7, 0xf8, 0x0,
    0x4, 0xff, 0x80, 0x8f, 0xff, 0xff, 0xff, 0xe0,
    0x0, 0x7, 0xf8, 0x0, 0x3, 0xff, 0xc0, 0x0,
    0x0, 0x0, 0x0, 0x0, 0x0, 0x7, 0xf8, 0x0,
    0xd, 0xff, 0xfc, 0x20, 0x0, 0x0, 0x0, 0x0,
    0x0, 0x8, 0xf8, 0x0, 0xbf, 0xe6, 0xff, 0xfa,
    0x52, 0x11, 0x0, 0x10, 0xa, 0xff, 0xf6, 0xd,
    0xfe, 0x20, 0x3d, 0xff, 0xff, 0xff, 0xff, 0xf5,
    0x6, 0xfe, 0x90, 0x7, 0xb1, 0x0, 0x0, 0x49,
    0xce, 0xff, 0xff, 0xf0, 0x0, 0x0, 0x0, 0x0,
    0x0, 0x0, 0x0, 0x0, 0x0, 0x0, 0x0, 0x0,

    /* U+6362 "换" */
    0x0, 0x0, 0x11, 0x0, 0x0, 0x0, 0x0, 0x0,
    0x0, 0x0, 0x0, 0x0, 0x0, 0x5, 0xfe, 0x0,
    0x0, 0x0, 0x6f, 0xd1, 0x0, 0x0, 0x0, 0x0,
    0x0, 0x5, 0xfe, 0x0, 0x0, 0x0, 0xef, 0xa0,
    0x0, 0x0, 0x0, 0x0, 0x0, 0x5, 0xfe, 0x0,
    0x0, 0x9, 0xff, 0xff, 0xff, 0xfe, 0x50, 0x0,
    0x0, 0x5, 0xfe, 0x0, 0x0, 0x5f, 0xfe, 0xdd,
    0xde, 0xff, 0x50, 0x0, 0x6, 0x69, 0xff, 0x66,
    0x3, 0xff, 0x90, 0x0, 0xb, 0xfa, 0x0, 0x0,
    0xf, 0xff, 0xff, 0xff, 0x5f, 0xfc, 0x10, 0x0,
    0x7f, 0xe1, 0x0, 0x0, 0xa, 0xac, 0xff, 0xaa,
    0x9f, 0xff, 0xff, 0xff, 0xff, 0xff, 0xf5, 0x0,
    0x0, 0x5, 0xfe, 0x0, 0x9, 0xff, 0xbb, 0xcf,
    0xfb, 0xbf, 0xf5, 0x0, 0x0, 0x5, 0xfe, 0x0,
    0x4, 0xfe, 0x0, 0x4f, 0xf0, 0xe, 0xf5, 0x0,
    0x0, 0x5, 0xfe, 0x0, 0x4, 0xfe, 0x0, 0x4f,
    0xf0, 0xe, 0xf5, 0x0, 0x0, 0x5, 0xfe, 0x49,
    0x14, 0xfe, 0x0, 0x4f, 0xe0, 0xe, 0xf5, 0x0,
    0x0, 0x39, 0xff, 0xff, 0x44, 0xfe, 0x0, 0x6f,
    0xd0, 0xe, 0xf5, 0x0, 0x2e, 0xff, 0xff, 0xd8,
    0x24, 0xfe, 0x0, 0x8f, 0xc0, 0xe, 0xf6, 0x0,
    0xf, 0xfe, 0xfe, 0x0, 0xff, 0xff, 0xff, 0xff,
    0xff, 0xff, 0xff, 0xe0, 0x4, 0x15, 0xfe, 0x0,
    0xee, 0xee, 0xef, 0xff, 0xfe, 0xee, 0xee, 0xd0,
    0x0, 0x5, 0xfe, 0x0, 0x0, 0x0, 0xa, 0xff,
    0xf6, 0x0, 0x0, 0x0, 0x0, 0x5, 0xfe, 0x0,
    0x0, 0x0, 0x5f, 0xf8, 0xff, 0x20, 0x0, 0x0,
    0x0, 0x5, 0xfe, 0x0, 0x0, 0x5, 0xff, 0x90,
    0x9f, 0xe2, 0x0, 0x0, 0x0, 0x5, 0xfe, 0x0,
    0x0, 0x8f, 0xfa, 0x0, 0xb, 0xfe, 0x40, 0x0,
    0x2, 0x37, 0xfe, 0x0, 0x5d, 0xff, 0x80, 0x0,
    0x0, 0xcf, 0xfa, 0x20, 0x7, 0xff, 0xfb, 0xc,
    0xff, 0xe4, 0x0, 0x0, 0x0, 0x9, 0xff, 0xe1,
    0x2, 0xfe, 0xa2, 0x4, 0xe7, 0x0, 0x0, 0x0,
    0x0, 0x0, 0x3c, 0x40, 0x0, 0x0, 0x0, 0x0,
    0x0, 0x0, 0x0, 0x0, 0x0, 0x0, 0x0, 0x0,

    /* U+6389 "掉" */
    0x0, 0x1, 0x66, 0x0, 0x0, 0x0, 0x0, 0x56,
    0x10, 0x0, 0x0, 0x0, 0x0, 0x3f, 0xf0, 0x0,
    0x0, 0x0, 0xe, 0xf4, 0x0, 0x0, 0x0, 0x0,
    0x3, 0xff, 0x0, 0x0, 0x0, 0x0, 0xef, 0x62,
    0x22, 0x22, 0x10, 0x0, 0x3f, 0xf0, 0x0, 0x0,
    0x0, 0xe, 0xff, 0xff, 0xff, 0xf8, 0x0, 0x3,
    0xff, 0x0, 0x0, 0x0, 0x0, 0xef, 0xdc, 0xcc,
    0xcc, 0x70, 0x88, 0xaf, 0xf8, 0x83, 0x0, 0x0,
    0xe, 0xf4, 0x0, 0x0, 0x0, 0xf, 0xff, 0xff,
    0xff, 0x79, 0xbb, 0xbb, 0xff, 0xcb, 0xbb, 0xba,
    0x0, 0x55, 0x8f, 0xf5, 0x52, 0xdf, 0xff, 0xff,
    0xff, 0xff, 0xff, 0xe0, 0x0, 0x3, 0xff, 0x0,
    0xd, 0xf4, 0x0, 0x0, 0x0, 0x6, 0xfe, 0x0,
    0x0, 0x3f, 0xf0, 0x0, 0xdf, 0x30, 0x0, 0x0,
    0x0, 0x5f, 0xe0, 0x0, 0x3, 0xff, 0x0, 0xd,
    0xff, 0xff, 0xff, 0xff, 0xff, 0xfe, 0x0, 0x0,
    0x3f, 0xf6, 0xb6, 0xdf, 0xcb, 0xbb, 0xbb, 0xbb,
    0xcf, 0xe0, 0x1, 0x5a, 0xff, 0xff, 0x8d, 0xf3,
    0x0, 0x0, 0x0, 0x5, 0xfe, 0x1, 0xff, 0xff,
    0xf9, 0x40, 0xdf, 0xb9, 0x99, 0x99, 0x99, 0xbf,
    0xe0, 0xd, 0xda, 0xff, 0x0, 0xd, 0xff, 0xff,
    0xff, 0xff, 0xff, 0xfe, 0x0, 0x10, 0x3f, 0xf0,
    0x0, 0x12, 0x22, 0x2e, 0xf6, 0x22, 0x22, 0x20,
    0x0, 0x3, 0xff, 0x0, 0x0, 0x0, 0x0, 0xef,
    0x40, 0x0, 0x0, 0x0, 0x0, 0x3f, 0xf0, 0x2e,
    0xee, 0xee, 0xef, 0xff, 0xee, 0xee, 0xed, 0x0,
    0x3, 0xff, 0x2, 0xff, 0xff, 0xff, 0xff, 0xff,
    0xff, 0xff, 0xd0, 0x0, 0x3f, 0xf0, 0x0, 0x0,
    0x0, 0xe, 0xf5, 0x0, 0x0, 0x0, 0x0, 0x5,
    0xff, 0x0, 0x0, 0x0, 0x0, 0xef, 0x40, 0x0,
    0x0, 0x0, 0xef, 0xff, 0xd0, 0x0, 0x0, 0x0,
    0xe, 0xf4, 0x0, 0x0, 0x0, 0x9, 0xff, 0xc3,
    0x0, 0x0, 0x0, 0x0, 0xef, 0x40, 0x0, 0x0,
    0x0, 0x0, 0x0, 0x0, 0x0, 0x0, 0x0, 0x2,
    0x20, 0x0, 0x0, 0x0,

    /* U+63A0 "掠" */
    0x0, 0x1, 0x66, 0x0, 0x0, 0x0, 0x0, 0x27,
    0x10, 0x0, 0x0, 0x0, 0x0, 0x3f, 0xe0, 0x0,
    0x0, 0x0, 0xe, 0xf7, 0x0, 0x0, 0x0, 0x0,
    0x3, 0xfe, 0x0, 0x0, 0x0, 0x0, 0x8f, 0xe0,
    0x0, 0x0, 0x0, 0x0, 0x3f, 0xe0, 0x0, 0xcc,
    0xcc, 0xcd, 0xff, 0xdc, 0xcc, 0xc6, 0x0, 0x3,
    0xfe, 0x0, 0xf, 0xff, 0xff, 0xff, 0xff, 0xff,
    0xff, 0x70, 0xbb, 0xcf, 0xfb, 0xb4, 0x33, 0x33,
    0x33, 0x33, 0x33, 0x33, 0x31, 0xf, 0xff, 0xff,
    0xff, 0x50, 0x0, 0x0, 0x0, 0x0, 0x0, 0x0,
    0x0, 0x88, 0xaf, 0xf8, 0x83, 0xe, 0xff, 0xff,
    0xff, 0xff, 0xff, 0x40, 0x0, 0x3, 0xfe, 0x0,
    0x0, 0xef, 0xff, 0xff, 0xff, 0xff, 0xf4, 0x0,
    0x0, 0x3f, 0xe0, 0x0, 0xe, 0xf3, 0x11, 0x11,
    0x11, 0xef, 0x40, 0x0, 0x3, 0xfe, 0x0, 0x0,
    0xef, 0x20, 0x0, 0x0, 0xe, 0xf4, 0x0, 0x0,
    0x3f, 0xf7, 0xc4, 0xe, 0xf2, 0x0, 0x0, 0x0,
    0xef, 0x40, 0x1, 0x6b, 0xff, 0xff, 0x60, 0xef,
    0xff, 0xff, 0xff, 0xff, 0xf4, 0x2, 0xff, 0xff,
    0xfb, 0x61, 0xe, 0xff, 0xff, 0xff, 0xff, 0xff,
    0x40, 0xf, 0xfc, 0xfe, 0x0, 0x0, 0x11, 0x11,
    0x6f, 0xf2, 0x11, 0x10, 0x0, 0x30, 0x3f, 0xe0,
    0x0, 0x5, 0x94, 0x4, 0xff, 0x3, 0x91, 0x0,
    0x0, 0x3, 0xfe, 0x0, 0x0, 0xdf, 0x70, 0x4f,
    0xf0, 0x9f, 0xa0, 0x0, 0x0, 0x3f, 0xe0, 0x0,
    0x6f, 0xe0, 0x4, 0xff, 0x1, 0xff, 0x30, 0x0,
    0x3, 0xfe, 0x0, 0x1e, 0xf6, 0x0, 0x4f, 0xf0,
    0x8, 0xfb, 0x0, 0x0, 0x3f, 0xe0, 0xb, 0xfc,
    0x0, 0x4, 0xff, 0x0, 0x1f, 0xf3, 0x2, 0x26,
    0xfe, 0x2, 0xff, 0x20, 0x0, 0x6f, 0xf0, 0x0,
    0xaf, 0x80, 0x9f, 0xff, 0xc0, 0x2, 0x50, 0x8f,
    0xff, 0xfe, 0x0, 0x2, 0x30, 0x4, 0xfe, 0xb2,
    0x0, 0x0, 0x3, 0xff, 0xfc, 0x30, 0x0, 0x0,
    0x0, 0x0, 0x0, 0x0, 0x0, 0x0, 0x1, 0x0,
    0x0, 0x0, 0x0, 0x0,

    /* U+63D0 "提" */
    0x0, 0x1, 0x54, 0x0, 0x0, 0x0, 0x0, 0x0,
    0x0, 0x0, 0x0, 0x0, 0x0, 0x4, 0xfc, 0x0,
    0x1, 0x99, 0x99, 0x99, 0x99, 0x99, 0x92, 0x0,
    0x0, 0x4, 0xfc, 0x0, 0x2, 0xff, 0xff, 0xff,
    0xff, 0xff, 0xf3, 0x0, 0x0, 0x4, 0xfc, 0x0,
    0x2, 0xfe, 0x0, 0x0, 0x0, 0xe, 0xf3, 0x0,
    0x0, 0x4, 0xfc, 0x0, 0x2, 0xfe, 0x0, 0x0,
    0x0, 0xe, 0xf3, 0x0, 0x5, 0x58, 0xfd, 0x55,
    0x12, 0xff, 0xff, 0xff, 0xff, 0xff, 0xf3, 0x0,
    0x1f, 0xff, 0xff, 0xff, 0x52, 0xff, 0x77, 0x77,
    0x77, 0x7f, 0xf3, 0x0, 0x1a, 0xab, 0xfe, 0xaa,
    0x32, 0xfe, 0x0, 0x0, 0x0, 0xe, 0xf3, 0x0,
    0x0, 0x4, 0xfc, 0x0, 0x2, 0xff, 0xff, 0xff,
    0xff, 0xff, 0xf3, 0x0, 0x0, 0x4, 0xfc, 0x0,
    0x1, 0xaa, 0xaa, 0xaa, 0xaa, 0xaa, 0xa2, 0x0,
    0x0, 0x4, 0xfc, 0x0, 0x0, 0x0, 0x0, 0x0,
    0x0, 0x0, 0x0, 0x0, 0x0, 0x4, 0xfd, 0x6a,
    0x6f, 0xff, 0xff, 0xff, 0xff, 0xff, 0xff, 0x80,
    0x0, 0x4a, 0xff, 0xff, 0x9e, 0xee, 0xee, 0xef,
    0xfe, 0xee, 0xee, 0x70, 0x3f, 0xff, 0xff, 0xb6,
    0x10, 0x21, 0x0, 0x4f, 0xd0, 0x0, 0x0, 0x0,
    0xf, 0xdb, 0xfc, 0x0, 0x0, 0xef, 0x30, 0x4f,
    0xd0, 0x0, 0x0, 0x0, 0x1, 0x4, 0xfc, 0x0,
    0x1, 0xff, 0x10, 0x4f, 0xfc, 0xcc, 0xc3, 0x0,
    0x0, 0x4, 0xfc, 0x0, 0x4, 0xff, 0x0, 0x4f,
    0xff, 0xff, 0xf4, 0x0, 0x0, 0x4, 0xfc, 0x0,
    0x9, 0xff, 0x30, 0x4f, 0xd0, 0x0, 0x0, 0x0,
    0x0, 0x4, 0xfc, 0x0, 0xe, 0xff, 0xc0, 0x4f,
    0xd0, 0x0, 0x0, 0x0, 0x0, 0x4, 0xfc, 0x0,
    0x6f, 0xd7, 0xfc, 0x6f, 0xd0, 0x0, 0x0, 0x0,
    0x0, 0x5, 0xfc, 0x1, 0xef, 0x50, 0xcf, 0xff,
    0xd1, 0x0, 0x0, 0x0, 0xb, 0xff, 0xfa, 0xd,
    0xfc, 0x0, 0x1b, 0xff, 0xff, 0xff, 0xff, 0xf0,
    0x6, 0xff, 0xc2, 0x9, 0xe1, 0x0, 0x0, 0x5a,
    0xde, 0xff, 0xff, 0xb0, 0x0, 0x10, 0x0, 0x0,
    0x10, 0x0, 0x0, 0x0, 0x0, 0x0, 0x0, 0x0,

    /* U+64AD "播" */
    0x0, 0x0, 0x33, 0x0, 0x0, 0x0, 0x0, 0x0,
    0x0, 0x0, 0x0, 0x0, 0x0, 0x2, 0xfe, 0x0,
    0x0, 0x0, 0x13, 0x45, 0x79, 0xbe, 0xf4, 0x0,
    0x0, 0x2, 0xfe, 0x0, 0x2e, 0xff, 0xff, 0xff,
    0xff, 0xff, 0xc8, 0x0, 0x0, 0x2, 0xfe, 0x0,
    0xb, 0xbc, 0xa9, 0xcf, 0xb3, 0x17, 0x50, 0x0,
    0x0, 0x2, 0xfe, 0x0, 0x0, 0x8f, 0x50, 0x7f,
    0x90, 0x1f, 0xf1, 0x0, 0x8, 0x89, 0xff, 0x88,
    0x20, 0x5f, 0xd0, 0x7f, 0x90, 0x8f, 0x80, 0x0,
    0xf, 0xff, 0xff, 0xff, 0x50, 0xe, 0xb1, 0x7f,
    0xa1, 0xff, 0x10, 0x0, 0x9, 0x9b, 0xff, 0x99,
    0xaf, 0xff, 0xff, 0xff, 0xff, 0xff, 0xff, 0xe0,
    0x0, 0x2, 0xfe, 0x0, 0x6c, 0xcc, 0xdf, 0xff,
    0xff, 0xec, 0xcc, 0xb0, 0x0, 0x2, 0xfe, 0x0,
    0x0, 0x1, 0xdf, 0xef, 0xdf, 0xf4, 0x0, 0x0,
    0x0, 0x2, 0xfe, 0x1, 0x0, 0x2d, 0xfa, 0x7f,
    0x95, 0xff, 0x70, 0x0, 0x0, 0x2, 0xff, 0xcf,
    0x29, 0xff, 0xb0, 0x7f, 0x90, 0x5f, 0xfd, 0x40,
    0x2, 0x7c, 0xff, 0xff, 0xff, 0xf7, 0x0, 0x6e,
    0x80, 0x2, 0xdf, 0xf4, 0x4f, 0xff, 0xff, 0x51,
    0xce, 0xda, 0xaa, 0xaa, 0xaa, 0xaa, 0xae, 0x70,
    0x1f, 0xd9, 0xfe, 0x0, 0x4, 0xff, 0xff, 0xff,
    0xff, 0xff, 0xfb, 0x0, 0x2, 0x2, 0xfe, 0x0,
    0x4, 0xfc, 0x0, 0x7f, 0x80, 0x6, 0xfb, 0x0,
    0x0, 0x2, 0xfe, 0x0, 0x4, 0xfc, 0x0, 0x7f,
    0x80, 0x6, 0xfb, 0x0, 0x0, 0x2, 0xfe, 0x0,
    0x4, 0xff, 0xff, 0xff, 0xff, 0xff, 0xfb, 0x0,
    0x0, 0x2, 0xfe, 0x0, 0x4, 0xfe, 0x99, 0xcf,
    0xc9, 0x9c, 0xfb, 0x0, 0x0, 0x2, 0xfe, 0x0,
    0x4, 0xfb, 0x0, 0x6f, 0x70, 0x6, 0xfb, 0x0,
    0x1, 0x15, 0xfe, 0x0, 0x4, 0xfe, 0xaa, 0xcf,
    0xda, 0xac, 0xfb, 0x0, 0x9, 0xff, 0xfb, 0x0,
    0x4, 0xff, 0xff, 0xff, 0xff, 0xff, 0xfb, 0x0,
    0x4, 0xfe, 0xb2, 0x0, 0x3, 0xeb, 0x0, 0x0,
    0x0, 0x4, 0xc8, 0x0,

    /* U+64E6 "擦" */
    0x0, 0x1, 0x10, 0x0, 0x0, 0x0, 0x0, 0x1,
    0x0, 0x0, 0x0, 0x0, 0x0, 0x9f, 0x70, 0x0,
    0x0, 0x0, 0x3e, 0xe0, 0x0, 0x0, 0x0, 0x0,
    0x9, 0xf7, 0x0, 0x0, 0x0, 0x0, 0xef, 0x70,
    0x0, 0x0, 0x0, 0x0, 0x9f, 0x70, 0xc, 0xff,
    0xff, 0xff, 0xff, 0xff, 0xff, 0xf4, 0x0, 0x9,
    0xf7, 0x0, 0xcf, 0xcb, 0xbb, 0xbb, 0xbb, 0xbb,
    0xef, 0x40, 0x66, 0xbf, 0xa6, 0x2c, 0xf5, 0xd7,
    0x0, 0x37, 0x0, 0xb, 0xf4, 0xf, 0xff, 0xff,
    0xf7, 0x67, 0xcf, 0xb7, 0x7b, 0xf8, 0x77, 0xca,
    0x10, 0xbb, 0xef, 0xdb, 0x50, 0x4f, 0xec, 0xef,
    0xbf, 0xff, 0xff, 0xd0, 0x0, 0x9, 0xf7, 0x0,
    0x3f, 0xf2, 0xc, 0xf1, 0xbf, 0x17, 0xf6, 0x0,
    0x0, 0x9f, 0x70, 0x2e, 0xf7, 0xfb, 0xfa, 0x4,
    0xfa, 0xed, 0x0, 0x0, 0x9, 0xf7, 0x0, 0xb5,
    0x7, 0xfe, 0x10, 0xb, 0xff, 0x40, 0x0, 0x0,
    0x9f, 0x86, 0x40, 0xdd, 0xdf, 0x60, 0x0, 0x2f,
    0xf2, 0x0, 0x0, 0x1b, 0xff, 0xf8, 0x4, 0xff,
    0xef, 0xff, 0xff, 0xaf, 0xe2, 0x1, 0xcf, 0xff,
    0xfb, 0x46, 0xff, 0x65, 0xbb, 0xbb, 0xb3, 0x6f,
    0xf6, 0xf, 0xfe, 0xf7, 0x4, 0xfd, 0x20, 0x0,
    0x0, 0x0, 0x0, 0x5e, 0x60, 0x41, 0x9f, 0x70,
    0x5, 0xcf, 0xff, 0xff, 0xff, 0xff, 0xff, 0x20,
    0x0, 0x9, 0xf7, 0x0, 0xa, 0xdd, 0xdd, 0xff,
    0xed, 0xdd, 0xd1, 0x0, 0x0, 0x9f, 0x70, 0x0,
    0x4, 0x40, 0xa, 0xf6, 0x2, 0x60, 0x0, 0x0,
    0x9, 0xf7, 0x0, 0x1, 0xef, 0x40, 0xaf, 0x60,
    0xef, 0x50, 0x0, 0x0, 0x9f, 0x70, 0x0, 0xbf,
    0x90, 0xa, 0xf6, 0x4, 0xff, 0x30, 0x0, 0x9,
    0xf7, 0x0, 0xbf, 0xc0, 0x0, 0xaf, 0x60, 0x7,
    0xfd, 0x0, 0x6e, 0xff, 0x50, 0x3e, 0xc1, 0xd,
    0xdf, 0xf5, 0x0, 0xc, 0xd2, 0x2, 0xfe, 0x90,
    0x0, 0x11, 0x0, 0xbf, 0xea, 0x0, 0x0, 0x10,
    0x0, 0x0, 0x0, 0x0, 0x0, 0x0, 0x0, 0x0,
    0x0, 0x0, 0x0, 0x0,

    /* U+6536 "收" */
    0x0, 0x0, 0x0, 0x0, 0x0, 0x0, 0x3, 0x0,
    0x0, 0x0, 0x0, 0x0, 0x0, 0x0, 0x4, 0xed,
    0x0, 0x4, 0xff, 0x10, 0x0, 0x0, 0x0, 0x0,
    0x0, 0x0, 0x5f, 0xe0, 0x0, 0x7f, 0xe0, 0x0,
    0x0, 0x0, 0x0, 0xbb, 0x30, 0x5, 0xfe, 0x0,
    0xa, 0xfa, 0x0, 0x0, 0x0, 0x0, 0xe, 0xf4,
    0x0, 0x5f, 0xe0, 0x0, 0xff, 0x60, 0x0, 0x0,
    0x0, 0x0, 0xef, 0x40, 0x5, 0xfe, 0x0, 0x4f,
    0xfe, 0xee, 0xee, 0xee, 0xe1, 0xe, 0xf4, 0x0,
    0x5f, 0xe0, 0x9, 0xff, 0xff, 0xff, 0xff, 0xff,
    0x10, 0xef, 0x40, 0x5, 0xfe, 0x0, 0xff, 0x93,
    0x33, 0x3e, 0xf9, 0x30, 0xe, 0xf4, 0x0, 0x5f,
    0xe0, 0x7f, 0xfa, 0x0, 0x0, 0xff, 0x30, 0x0,
    0xef, 0x40, 0x5, 0xfe, 0x1e, 0xff, 0xf0, 0x0,
    0x4f, 0xf0, 0x0, 0xe, 0xf4, 0x0, 0x5f, 0xeb,
    0xff, 0xdf, 0x40, 0x7, 0xfb, 0x0, 0x0, 0xef,
    0x40, 0x5, 0xfe, 0x8f, 0x77, 0xf9, 0x0, 0xcf,
    0x70, 0x0, 0xe, 0xf4, 0x0, 0x5f, 0xe0, 0x90,
    0x1f, 0xf1, 0x2f, 0xf3, 0x0, 0x0, 0xef, 0x40,
    0x5, 0xfe, 0x0, 0x0, 0xbf, 0x88, 0xfc, 0x0,
    0x0, 0xe, 0xf4, 0x16, 0xcf, 0xe0, 0x0, 0x4,
    0xff, 0xef, 0x50, 0x0, 0x0, 0xff, 0xef, 0xff,
    0xfe, 0x0, 0x0, 0xc, 0xff, 0xe0, 0x0, 0x0,
    0x8f, 0xff, 0xfd, 0xbf, 0xe0, 0x0, 0x0, 0x5f,
    0xf8, 0x0, 0x0, 0x5, 0xff, 0x93, 0x5, 0xfe,
    0x0, 0x0, 0x1d, 0xff, 0xe2, 0x0, 0x0, 0x7,
    0x10, 0x0, 0x5f, 0xe0, 0x0, 0x1d, 0xff, 0xef,
    0xe2, 0x0, 0x0, 0x0, 0x0, 0x5, 0xfe, 0x0,
    0x3d, 0xff, 0x43, 0xff, 0xe4, 0x0, 0x0, 0x0,
    0x0, 0x5f, 0xe0, 0x8f, 0xff, 0x40, 0x4, 0xff,
    0xf8, 0x0, 0x0, 0x0, 0x5, 0xfe, 0x4f, 0xfd,
    0x30, 0x0, 0x3, 0xef, 0xc1, 0x0, 0x0, 0x0,
    0x5f, 0xe0, 0x79, 0x0, 0x0, 0x0, 0x1, 0xa1,
    0x0, 0x0, 0x0, 0x0, 0x0, 0x0, 0x0, 0x0,
    0x0, 0x0, 0x0, 0x0,

    /* U+653E "放" */
    0x0, 0x0, 0x1, 0x40, 0x0, 0x0, 0x0, 0x33,
    0x0, 0x0, 0x0, 0x0, 0x0, 0x0, 0xf, 0xf3,
    0x0, 0x0, 0x0, 0xbf, 0xa0, 0x0, 0x0, 0x0,
    0x0, 0x0, 0xa, 0xf9, 0x0, 0x0, 0x0, 0xff,
    0x70, 0x0, 0x0, 0x0, 0x0, 0x0, 0x5, 0xfd,
    0x0, 0x0, 0x3, 0xff, 0x30, 0x0, 0x0, 0x0,
    0x9, 0x99, 0x99, 0xd9, 0x99, 0x95, 0x7, 0xff,
    0x0, 0x0, 0x0, 0x0, 0xf, 0xff, 0xff, 0xff,
    0xff, 0xfa, 0xb, 0xff, 0xff, 0xff, 0xff, 0xf2,
    0x8, 0x8b, 0xfe, 0x88, 0x88, 0x85, 0xe, 0xff,
    0xff, 0xff, 0xff, 0xf2, 0x0, 0x5, 0xfc, 0x0,
    0x0, 0x0, 0x5f, 0xf5, 0x22, 0x2f, 0xf6, 0x20,
    0x0, 0x5, 0xfc, 0x0, 0x0, 0x0, 0xbf, 0xf6,
    0x0, 0x1f, 0xf1, 0x0, 0x0, 0x5, 0xfd, 0x44,
    0x44, 0x33, 0xff, 0xfa, 0x0, 0x4f, 0xe0, 0x0,
    0x0, 0x5, 0xff, 0xff, 0xff, 0xbc, 0xff, 0xfd,
    0x0, 0x8f, 0xa0, 0x0, 0x0, 0x6, 0xff, 0xcc,
    0xef, 0xef, 0xf7, 0xff, 0x20, 0xcf, 0x70, 0x0,
    0x0, 0x6, 0xfb, 0x0, 0x8f, 0xa9, 0xc0, 0xbf,
    0x71, 0xff, 0x30, 0x0, 0x0, 0x7, 0xfb, 0x0,
    0x8f, 0x90, 0x10, 0x6f, 0xd7, 0xfd, 0x0, 0x0,
    0x0, 0x8, 0xfa, 0x0, 0x8f, 0x90, 0x0, 0x1f,
    0xfe, 0xf6, 0x0, 0x0, 0x0, 0xb, 0xf8, 0x0,
    0x9f, 0x80, 0x0, 0xa, 0xff, 0xf0, 0x0, 0x0,
    0x0, 0xe, 0xf5, 0x0, 0x9f, 0x80, 0x0, 0x4,
    0xff, 0xa0, 0x0, 0x0, 0x0, 0x3f, 0xf2, 0x0,
    0xaf, 0x70, 0x0, 0xb, 0xff, 0xe2, 0x0, 0x0,
    0x0, 0x9f, 0xd0, 0x0, 0xbf, 0x60, 0x0, 0xbf,
    0xff, 0xfd, 0x10, 0x0, 0x1, 0xff, 0x60, 0x0,
    0xdf, 0x50, 0x1b, 0xff, 0x75, 0xff, 0xc2, 0x0,
    0xb, 0xfe, 0x11, 0x3, 0xff, 0x36, 0xff, 0xf7,
    0x0, 0x7f, 0xff, 0x70, 0x4f, 0xf5, 0xb, 0xff,
    0xfe, 0x6f, 0xff, 0x60, 0x0, 0x7, 0xff, 0xe2,
    0x7, 0x90, 0x7, 0xff, 0xd4, 0xc, 0xb1, 0x0,
    0x0, 0x0, 0x3d, 0x40, 0x0, 0x0, 0x0, 0x0,
    0x0, 0x1, 0x0, 0x0, 0x0, 0x0, 0x0, 0x0,

    /* U+6548 "效" */
    0x0, 0x0, 0x0, 0x20, 0x0, 0x0, 0x0, 0x2,
    0x0, 0x0, 0x0, 0x0, 0x0, 0x0, 0x3e, 0xe1,
    0x0, 0x0, 0x0, 0xf, 0xf2, 0x0, 0x0, 0x0,
    0x0, 0x0, 0xc, 0xfa, 0x0, 0x0, 0x0, 0x3f,
    0xf0, 0x0, 0x0, 0x0, 0x0, 0x0, 0x4, 0xfd,
    0x0, 0x0, 0x0, 0x7f, 0xb0, 0x0, 0x0, 0x0,
    0xc, 0xdd, 0xdd, 0xfd, 0xdd, 0xdd, 0x30, 0xaf,
    0x80, 0x0, 0x0, 0x0, 0xe, 0xff, 0xff, 0xff,
    0xff, 0xff, 0x30, 0xef, 0xff, 0xff, 0xff, 0xb0,
    0x2, 0x35, 0x53, 0x33, 0x57, 0x33, 0x2, 0xff,
    0xff, 0xff, 0xff, 0xb0, 0x0, 0xc, 0xf6, 0x1,
    0xff, 0x20, 0x8, 0xfb, 0x22, 0x2d, 0xf7, 0x10,
    0x0, 0x4f, 0xe0, 0x0, 0x8f, 0xd0, 0xd, 0xf6,
    0x0, 0xf, 0xf3, 0x0, 0x0, 0xdf, 0x70, 0x0,
    0xd, 0xf7, 0x5f, 0xf8, 0x0, 0x2f, 0xf0, 0x0,
    0x8, 0xfe, 0x0, 0x3, 0x68, 0xfe, 0xdf, 0xfc,
    0x0, 0x5f, 0xb0, 0x0, 0x4f, 0xf5, 0x70, 0xa,
    0xf9, 0x9a, 0xff, 0xff, 0x10, 0xaf, 0x80, 0x0,
    0xb, 0x9b, 0xfc, 0x1f, 0xf3, 0x1, 0xd6, 0xaf,
    0x60, 0xff, 0x40, 0x0, 0x0, 0x2, 0xef, 0xef,
    0xd0, 0x0, 0x20, 0x4f, 0xd5, 0xfd, 0x0, 0x0,
    0x0, 0x0, 0x3f, 0xff, 0x80, 0x0, 0x0, 0xd,
    0xfd, 0xf7, 0x0, 0x0, 0x0, 0x0, 0x7, 0xff,
    0x90, 0x0, 0x0, 0x7, 0xff, 0xf1, 0x0, 0x0,
    0x0, 0x0, 0x1e, 0xff, 0xf5, 0x0, 0x0, 0x1,
    0xff, 0xa0, 0x0, 0x0, 0x0, 0x0, 0xcf, 0xda,
    0xff, 0x20, 0x0, 0xa, 0xff, 0xe2, 0x0, 0x0,
    0x0, 0x9, 0xff, 0x20, 0xdf, 0xc0, 0x0, 0x9f,
    0xff, 0xfd, 0x10, 0x0, 0x0, 0xbf, 0xf5, 0x0,
    0x4f, 0xb0, 0x9, 0xff, 0x73, 0xff, 0xc1, 0x0,
    0x2d, 0xff, 0x70, 0x0, 0x5, 0x5, 0xef, 0xf8,
    0x0, 0x5f, 0xfe, 0x40, 0xb, 0xf5, 0x0, 0x0,
    0x0, 0x6f, 0xff, 0x60, 0x0, 0x6, 0xff, 0xc0,
    0x0, 0x30, 0x0, 0x0, 0x0, 0xa, 0xa1, 0x0,
    0x0, 0x0, 0x3c, 0x10, 0x0, 0x0, 0x0, 0x0,
    0x0, 0x0, 0x0, 0x0, 0x0, 0x0, 0x0, 0x0,

    /* U+6574 "整" */
    0x0, 0x0, 0x0, 0x44, 0x0, 0x0, 0x0, 0x2,
    0x0, 0x0, 0x0, 0x0, 0x0, 0x0, 0x1, 0xfe,
    0x0, 0x0, 0x0, 0x2f, 0xf0, 0x0, 0x0, 0x0,
    0xa, 0xff, 0xff, 0xff, 0xff, 0xff, 0x40, 0x9f,
    0xb0, 0x0, 0x0, 0x0, 0x7, 0xbb, 0xbb, 0xff,
    0xbb, 0xbb, 0x30, 0xef, 0xdb, 0xbb, 0xbb, 0x90,
    0x0, 0x33, 0x34, 0xff, 0x33, 0x32, 0x8, 0xff,
    0xff, 0xff, 0xff, 0xd0, 0x0, 0xff, 0xff, 0xff,
    0xff, 0xfc, 0x5f, 0xfd, 0x32, 0x3f, 0xf4, 0x20,
    0x0, 0xfc, 0x24, 0xfe, 0x24, 0xfe, 0xff, 0xff,
    0x50, 0x6f, 0xc0, 0x0, 0x0, 0xfd, 0x45, 0xff,
    0x45, 0xfc, 0x7d, 0x2f, 0xe2, 0xef, 0x50, 0x0,
    0x0, 0xff, 0xff, 0xff, 0xff, 0xfc, 0x0, 0x6,
    0xff, 0xfb, 0x0, 0x0, 0x0, 0x22, 0x7f, 0xfe,
    0xca, 0x21, 0x0, 0x0, 0xef, 0xf4, 0x0, 0x0,
    0x0, 0x7, 0xff, 0xff, 0xbf, 0xd2, 0x0, 0x3d,
    0xff, 0xff, 0x60, 0x0, 0x4, 0xcf, 0xe3, 0xfe,
    0x5, 0xf7, 0x5b, 0xff, 0xd4, 0xbf, 0xfd, 0x60,
    0xc, 0xfb, 0x11, 0xfe, 0x0, 0x20, 0xaf, 0xf8,
    0x0, 0x7, 0xff, 0xb0, 0x1, 0x61, 0x11, 0x65,
    0x11, 0x11, 0x29, 0x21, 0x11, 0x11, 0x28, 0x10,
    0x0, 0x6f, 0xff, 0xff, 0xff, 0xff, 0xff, 0xff,
    0xff, 0xff, 0xf6, 0x0, 0x0, 0x4c, 0xcc, 0xcc,
    0xcc, 0xcf, 0xfc, 0xcc, 0xcc, 0xcc, 0xc4, 0x0,
    0x0, 0x0, 0x19, 0x90, 0x0, 0x2f, 0xf1, 0x0,
    0x0, 0x0, 0x0, 0x0, 0x0, 0x0, 0x1f, 0xf0,
    0x0, 0x2f, 0xff, 0xff, 0xff, 0xfa, 0x0, 0x0,
    0x0, 0x0, 0x1f, 0xf0, 0x0, 0x2f, 0xfc, 0xbb,
    0xbb, 0xb8, 0x0, 0x0, 0x0, 0x0, 0x1f, 0xf0,
    0x0, 0x2f, 0xf1, 0x0, 0x0, 0x0, 0x0, 0x0,
    0xa, 0xbb, 0xcf, 0xfb, 0xbb, 0xcf, 0xfc, 0xbb,
    0xbb, 0xbb, 0xbb, 0xb0, 0xe, 0xff, 0xff, 0xff,
    0xff, 0xff, 0xff, 0xff, 0xff, 0xff, 0xff, 0xe0,
    0x2, 0x22, 0x22, 0x22, 0x22, 0x22, 0x22, 0x22,
    0x22, 0x22, 0x22, 0x20,

    /* U+6591 "斑" */
    0x0, 0x0, 0x0, 0x0, 0x0, 0x1, 0x0, 0x0,
    0x0, 0x0, 0x0, 0x0, 0x0, 0x0, 0x0, 0x0,
    0x2, 0xef, 0x10, 0x0, 0x0, 0x0, 0x0, 0x0,
    0xc, 0xcc, 0xcc, 0xc8, 0x0, 0xef, 0x80, 0x1e,
    0xee, 0xee, 0xee, 0xc0, 0xf, 0xff, 0xff, 0xfb,
    0x0, 0x7f, 0xe0, 0x1f, 0xff, 0xff, 0xff, 0xd0,
    0x4, 0x4b, 0xf8, 0x43, 0x0, 0x2d, 0x70, 0x2,
    0x25, 0xfe, 0x22, 0x20, 0x0, 0x9, 0xf5, 0x8,
    0xee, 0xef, 0xee, 0xe9, 0x3, 0xfe, 0x0, 0x0,
    0x0, 0x9, 0xf5, 0x8, 0xff, 0xff, 0xff, 0xf9,
    0x3, 0xfe, 0x0, 0x0, 0x0, 0x9, 0xf5, 0x0,
    0x11, 0x11, 0xaf, 0x70, 0x3, 0xfe, 0x0, 0x0,
    0x0, 0x9, 0xf5, 0x0, 0x7a, 0x0, 0xcf, 0x40,
    0x3, 0xfe, 0x0, 0x0, 0x0, 0x9, 0xf6, 0x0,
    0xef, 0x30, 0xff, 0x10, 0x3, 0xfe, 0x0, 0x0,
    0xd, 0xff, 0xff, 0xf5, 0x7f, 0xb2, 0xfe, 0x0,
    0x14, 0xfe, 0x11, 0x0, 0xd, 0xff, 0xff, 0xf5,
    0xe, 0xf8, 0xfb, 0xc, 0xff, 0xff, 0xff, 0x40,
    0x1, 0x1a, 0xf7, 0x10, 0x7, 0xff, 0xf7, 0xb,
    0xff, 0xff, 0xff, 0x40, 0x0, 0x9, 0xf5, 0x0,
    0x1, 0xff, 0xf3, 0x0, 0x3, 0xfe, 0x0, 0x0,
    0x0, 0x9, 0xf5, 0x0, 0x0, 0x8f, 0xf0, 0x0,
    0x3, 0xfe, 0x0, 0x0, 0x0, 0x9, 0xf5, 0x0,
    0x0, 0x8f, 0xf4, 0x0, 0x3, 0xfe, 0x0, 0x0,
    0x0, 0x9, 0xf5, 0x1, 0x1, 0xff, 0xfc, 0x0,
    0x3, 0xfe, 0x0, 0x0, 0x0, 0x9, 0xfc, 0xde,
    0x8, 0xfc, 0xff, 0x30, 0x3, 0xfe, 0x0, 0x0,
    0x29, 0xdf, 0xff, 0xff, 0x2f, 0xf3, 0xaf, 0xa0,
    0x3, 0xfe, 0x0, 0x0, 0x3f, 0xff, 0xc8, 0x31,
    0xdf, 0xa0, 0x39, 0x10, 0x3, 0xfe, 0x0, 0x0,
    0xa, 0x51, 0x0, 0xb, 0xfe, 0x10, 0x0, 0xef,
    0xff, 0xff, 0xff, 0xf2, 0x0, 0x0, 0x0, 0x3f,
    0xf3, 0x0, 0x0, 0xef, 0xff, 0xff, 0xff, 0xf2,
    0x0, 0x0, 0x0, 0x5, 0x50, 0x0, 0x0, 0x11,
    0x11, 0x11, 0x11, 0x10,

    /* U+6599 "料" */
    0x0, 0x0, 0x1, 0x10, 0x0, 0x0, 0x0, 0x0,
    0x0, 0x33, 0x0, 0x0, 0x0, 0x0, 0x3f, 0xe0,
    0x0, 0x0, 0x0, 0x0, 0x0, 0xef, 0x30, 0x0,
    0x5, 0x80, 0x3f, 0xe0, 0x2b, 0x60, 0x7, 0x0,
    0x0, 0xef, 0x30, 0x0, 0xa, 0xf1, 0x3f, 0xe0,
    0x6f, 0x90, 0x8f, 0xd3, 0x0, 0xef, 0x30, 0x0,
    0x5, 0xf6, 0x3f, 0xe0, 0x9f, 0x40, 0x2c, 0xff,
    0x60, 0xef, 0x30, 0x0, 0x1, 0xfa, 0x3f, 0xe0,
    0xde, 0x0, 0x0, 0x9f, 0xe0, 0xef, 0x30, 0x0,
    0x0, 0xed, 0x3f, 0xe2, 0xf8, 0x0, 0x0, 0x7,
    0x40, 0xef, 0x30, 0x0, 0x0, 0xcd, 0x3f, 0xe5,
    0xf2, 0x0, 0x0, 0x0, 0x0, 0xef, 0x30, 0x0,
    0x2, 0x32, 0x5f, 0xe2, 0x32, 0x11, 0x70, 0x0,
    0x0, 0xef, 0x30, 0x0, 0xf, 0xff, 0xff, 0xff,
    0xff, 0xaa, 0xfd, 0x40, 0x0, 0xef, 0x30, 0x0,
    0xe, 0xff, 0xff, 0xff, 0xff, 0xa3, 0xdf, 0xf8,
    0x0, 0xef, 0x30, 0x0, 0x0, 0x1, 0xff, 0xf3,
    0x0, 0x0, 0x8, 0xfd, 0x0, 0xef, 0x30, 0x0,
    0x0, 0x8, 0xff, 0xfe, 0x10, 0x0, 0x0, 0x64,
    0x0, 0xef, 0x30, 0x0, 0x0, 0xe, 0xff, 0xff,
    0xc0, 0x0, 0x0, 0x0, 0x0, 0xef, 0x30, 0x20,
    0x0, 0x5f, 0xaf, 0xe9, 0xf9, 0x0, 0x0, 0x0,
    0x14, 0xff, 0xef, 0xf0, 0x0, 0xdf, 0x4f, 0xe1,
    0xef, 0x43, 0x69, 0xbe, 0xff, 0xff, 0xff, 0xf2,
    0x6, 0xfa, 0x3f, 0xe0, 0x7c, 0x4f, 0xff, 0xff,
    0xfd, 0xff, 0x72, 0x0, 0x2f, 0xf3, 0x3f, 0xe0,
    0x1, 0x1f, 0xc9, 0x63, 0x0, 0xef, 0x30, 0x0,
    0x1f, 0xb0, 0x3f, 0xe0, 0x0, 0x0, 0x0, 0x0,
    0x0, 0xef, 0x30, 0x0, 0x9, 0x20, 0x3f, 0xe0,
    0x0, 0x0, 0x0, 0x0, 0x0, 0xef, 0x30, 0x0,
    0x0, 0x0, 0x3f, 0xe0, 0x0, 0x0, 0x0, 0x0,
    0x0, 0xef, 0x30, 0x0, 0x0, 0x0, 0x3f, 0xe0,
    0x0, 0x0, 0x0, 0x0, 0x0, 0xef, 0x30, 0x0,
    0x0, 0x0, 0x3f, 0xe0, 0x0, 0x0, 0x0, 0x0,
    0x0, 0xef, 0x30, 0x0, 0x0, 0x0, 0x0, 0x0,
    0x0, 0x0, 0x0, 0x0, 0x0, 0x0, 0x0, 0x0,

    /* U+65AD "断" */
    0x0, 0x0, 0x0, 0x0, 0x0, 0x0, 0x0, 0x0,
    0x0, 0x0, 0x0, 0x0, 0x33, 0x0, 0x1, 0xfc,
    0x0, 0x0, 0x0, 0x0, 0x4, 0xbe, 0x20, 0x1f,
    0xe0, 0x11, 0x1f, 0xc0, 0x31, 0x0, 0x5, 0x9e,
    0xff, 0xfc, 0x1, 0xfe, 0xf, 0x91, 0xfc, 0xe,
    0xc2, 0xcf, 0xff, 0xfe, 0x93, 0x0, 0x1f, 0xe0,
    0xbe, 0x1f, 0xc3, 0xf6, 0x3f, 0xfb, 0x62, 0x0,
    0x0, 0x1, 0xfe, 0x7, 0xf3, 0xfc, 0x8f, 0x3,
    0xfe, 0x0, 0x0, 0x0, 0x0, 0x1f, 0xe0, 0x4f,
    0x5f, 0xcd, 0x80, 0x3f, 0xe0, 0x0, 0x0, 0x0,
    0x1, 0xfe, 0x1, 0x11, 0xfc, 0x1, 0x3, 0xfe,
    0x0, 0x0, 0x0, 0x0, 0x1f, 0xe7, 0xff, 0xff,
    0xff, 0xfe, 0x3f, 0xe1, 0x11, 0x11, 0x11, 0x1,
    0xfe, 0x6d, 0xde, 0xff, 0xdd, 0xd3, 0xff, 0xff,
    0xff, 0xff, 0xf4, 0x1f, 0xe0, 0x0, 0xaf, 0xf3,
    0x0, 0x3f, 0xff, 0xff, 0xff, 0xff, 0x41, 0xfe,
    0x0, 0x3f, 0xff, 0xe1, 0x4, 0xfe, 0x0, 0x3f,
    0xe0, 0x0, 0x1f, 0xe0, 0xc, 0xff, 0xef, 0xc0,
    0x4f, 0xe0, 0x3, 0xfe, 0x0, 0x1, 0xfe, 0x7,
    0xfa, 0xfc, 0x7f, 0x95, 0xfd, 0x0, 0x3f, 0xe0,
    0x0, 0x1f, 0xe5, 0xfe, 0x2f, 0xc0, 0xd4, 0x6f,
    0xc0, 0x3, 0xfe, 0x0, 0x1, 0xfe, 0xcf, 0x51,
    0xfc, 0x1, 0x7, 0xfb, 0x0, 0x3f, 0xe0, 0x0,
    0x1f, 0xe4, 0x70, 0x1f, 0xc0, 0x0, 0x8f, 0x90,
    0x3, 0xfe, 0x0, 0x1, 0xfe, 0x0, 0x1, 0xfc,
    0x0, 0xb, 0xf7, 0x0, 0x3f, 0xe0, 0x0, 0x1f,
    0xe1, 0x11, 0x15, 0x41, 0x10, 0xef, 0x30, 0x3,
    0xfe, 0x0, 0x1, 0xff, 0xff, 0xff, 0xff, 0xff,
    0x7f, 0xf0, 0x0, 0x3f, 0xe0, 0x0, 0x1e, 0xee,
    0xee, 0xee, 0xee, 0xec, 0xfb, 0x0, 0x3, 0xfe,
    0x0, 0x0, 0x0, 0x0, 0x0, 0x0, 0x0, 0xef,
    0x50, 0x0, 0x3f, 0xe0, 0x0, 0x0, 0x0, 0x0,
    0x0, 0x0, 0x4, 0xd0, 0x0, 0x3, 0xfe, 0x0,
    0x0, 0x0, 0x0, 0x0, 0x0, 0x0, 0x0, 0x0,
    0x0, 0x0, 0x0, 0x0,

    /* U+65B0 "新" */
    0x0, 0x0, 0x0, 0x40, 0x0, 0x0, 0x0, 0x0,
    0x0, 0x0, 0x0, 0x0, 0x0, 0x0, 0xd, 0xf6,
    0x0, 0x0, 0x0, 0x0, 0x0, 0x27, 0xc4, 0x0,
    0x0, 0x0, 0x7, 0xfd, 0x0, 0x0, 0x0, 0x36,
    0xad, 0xff, 0xff, 0x20, 0x7, 0xdd, 0xdd, 0xff,
    0xdd, 0xdd, 0xb, 0xff, 0xff, 0xea, 0x51, 0x0,
    0x9, 0xff, 0xff, 0xff, 0xff, 0xff, 0xb, 0xfb,
    0x41, 0x0, 0x0, 0x0, 0x0, 0x1a, 0xb0, 0x0,
    0x6c, 0x70, 0xb, 0xf6, 0x0, 0x0, 0x0, 0x0,
    0x0, 0xd, 0xf2, 0x0, 0xbf, 0x70, 0xb, 0xf6,
    0x0, 0x0, 0x0, 0x0, 0x0, 0x9, 0xf6, 0x0,
    0xff, 0x10, 0xb, 0xf6, 0x0, 0x0, 0x0, 0x0,
    0x4, 0x49, 0xe8, 0x48, 0xfd, 0x44, 0x2b, 0xf8,
    0x22, 0x22, 0x22, 0x20, 0xf, 0xff, 0xff, 0xff,
    0xff, 0xff, 0x7b, 0xff, 0xff, 0xff, 0xff, 0xf1,
    0x9, 0x99, 0x9a, 0xfe, 0x99, 0x99, 0x4b, 0xff,
    0xff, 0xff, 0xff, 0xf1, 0x0, 0x0, 0x2, 0xfd,
    0x0, 0x0, 0xc, 0xf6, 0x0, 0x5f, 0xd0, 0x0,
    0x0, 0x0, 0x3, 0xfd, 0x0, 0x0, 0xc, 0xf6,
    0x0, 0x5f, 0xd0, 0x0, 0xd, 0xff, 0xff, 0xff,
    0xff, 0xff, 0x1c, 0xf5, 0x0, 0x5f, 0xd0, 0x0,
    0xc, 0xdd, 0xde, 0xff, 0xdd, 0xdd, 0x1d, 0xf5,
    0x0, 0x5f, 0xd0, 0x0, 0x0, 0x2, 0x2, 0xfd,
    0x2, 0x10, 0xf, 0xf3, 0x0, 0x5f, 0xd0, 0x0,
    0x0, 0x4f, 0x92, 0xfd, 0x3f, 0xa0, 0xf, 0xf1,
    0x0, 0x5f, 0xd0, 0x0, 0x0, 0xbf, 0x32, 0xfd,
    0xd, 0xf3, 0x3f, 0xf0, 0x0, 0x5f, 0xd0, 0x0,
    0x5, 0xfc, 0x2, 0xfd, 0x4, 0xfa, 0x7f, 0xb0,
    0x0, 0x5f, 0xd0, 0x0, 0xe, 0xf3, 0x2, 0xfd,
    0x0, 0xda, 0xbf, 0x70, 0x0, 0x5f, 0xd0, 0x0,
    0x3, 0x70, 0x3, 0xfd, 0x0, 0x13, 0xff, 0x20,
    0x0, 0x5f, 0xd0, 0x0, 0x0, 0x2, 0xde, 0xfc,
    0x0, 0xa, 0xfa, 0x0, 0x0, 0x5f, 0xd0, 0x0,
    0x0, 0x0, 0xdf, 0xc3, 0x0, 0x1, 0xb2, 0x0,
    0x0, 0x5f, 0xd0, 0x0, 0x0, 0x0, 0x0, 0x0,
    0x0, 0x0, 0x0, 0x0, 0x0, 0x0, 0x0, 0x0,

    /* U+65E0 "无" */
    0x0, 0x5e, 0xee, 0xee, 0xee, 0xee, 0xee, 0xee,
    0xee, 0xee, 0xe8, 0x0, 0x0, 0x5f, 0xff, 0xff,
    0xff, 0xff, 0xff, 0xff, 0xff, 0xff, 0xf9, 0x0,
    0x0, 0x14, 0x44, 0x44, 0x44, 0xbf, 0xc4, 0x44,
    0x44, 0x44, 0x42, 0x0, 0x0, 0x0, 0x0, 0x0,
    0x0, 0xaf, 0xa0, 0x0, 0x0, 0x0, 0x0, 0x0,
    0x0, 0x0, 0x0, 0x0, 0x0, 0xbf, 0x90, 0x0,
    0x0, 0x0, 0x0, 0x0, 0x0, 0x0, 0x0, 0x0,
    0x0, 0xcf, 0x80, 0x0, 0x0, 0x0, 0x0, 0x0,
    0x0, 0x0, 0x0, 0x0, 0x0, 0xef, 0x60, 0x0,
    0x0, 0x0, 0x0, 0x0, 0xc, 0xee, 0xee, 0xee,
    0xee, 0xff, 0xfe, 0xee, 0xee, 0xee, 0xee, 0xd0,
    0xd, 0xff, 0xff, 0xff, 0xff, 0xff, 0xff, 0xff,
    0xff, 0xff, 0xff, 0xe0, 0x3, 0x44, 0x44, 0x44,
    0x4a, 0xfe, 0xdf, 0xb4, 0x44, 0x44, 0x44, 0x40,
    0x0, 0x0, 0x0, 0x0, 0xc, 0xfa, 0xcf, 0x80,
    0x0, 0x0, 0x0, 0x0, 0x0, 0x0, 0x0, 0x0,
    0x1f, 0xf5, 0xcf, 0x80, 0x0, 0x0, 0x0, 0x0,
    0x0, 0x0, 0x0, 0x0, 0x7f, 0xf1, 0xcf, 0x80,
    0x0, 0x0, 0x0, 0x0, 0x0, 0x0, 0x0, 0x1,
    0xff, 0x90, 0xcf, 0x80, 0x0, 0x0, 0x0, 0x0,
    0x0, 0x0, 0x0, 0x9, 0xff, 0x10, 0xcf, 0x80,
    0x0, 0x0, 0x0, 0x0, 0x0, 0x0, 0x0, 0x5f,
    0xf8, 0x0, 0xcf, 0x80, 0x0, 0x0, 0x1e, 0x70,
    0x0, 0x0, 0x5, 0xff, 0xd1, 0x0, 0xcf, 0x80,
    0x0, 0x0, 0x2f, 0xf1, 0x0, 0x0, 0x6f, 0xff,
    0x20, 0x0, 0xcf, 0x90, 0x0, 0x0, 0x4f, 0xf0,
    0x0, 0x2b, 0xff, 0xe3, 0x0, 0x0, 0xbf, 0xc4,
    0x33, 0x34, 0xbf, 0xc0, 0x9, 0xff, 0xfc, 0x20,
    0x0, 0x0, 0x8f, 0xff, 0xff, 0xff, 0xff, 0x60,
    0x6, 0xff, 0x70, 0x0, 0x0, 0x0, 0x9, 0xef,
    0xff, 0xff, 0xe8, 0x0, 0x0, 0x51, 0x0, 0x0,
    0x0, 0x0, 0x0, 0x0, 0x0, 0x0, 0x0, 0x0,

    /* U+65E7 "旧" */
    0x26, 0x50, 0x0, 0x0, 0x0, 0x0, 0x0, 0x0,
    0x0, 0x0, 0x7f, 0xe0, 0x0, 0xcd, 0xdd, 0xdd,
    0xdd, 0xdd, 0xdd, 0xd6, 0x7f, 0xe0, 0x0, 0xef,
    0xff, 0xff, 0xff, 0xff, 0xff, 0xf7, 0x7f, 0xe0,
    0x0, 0xef, 0x94, 0x44, 0x44, 0x44, 0x4f, 0xf7,
    0x7f, 0xe0, 0x0, 0xef, 0x60, 0x0, 0x0, 0x0,
    0xe, 0xf7, 0x7f, 0xe0, 0x0, 0xef, 0x60, 0x0,
    0x0, 0x0, 0xe, 0xf7, 0x7f, 0xe0, 0x0, 0xef,
    0x60, 0x0, 0x0, 0x0, 0xe, 0xf7, 0x7f, 0xe0,
    0x0, 0xef, 0x60, 0x0, 0x0, 0x0, 0xe, 0xf7,
    0x7f, 0xe0, 0x0, 0xef, 0x60, 0x0, 0x0, 0x0,
    0xe, 0xf7, 0x7f, 0xe0, 0x0, 0xef, 0x94, 0x44,
    0x44, 0x44, 0x4f, 0xf7, 0x7f, 0xe0, 0x0, 0xef,
    0xff, 0xff, 0xff, 0xff, 0xff, 0xf7, 0x7f, 0xe0,
    0x0, 0xef, 0xed, 0xdd, 0xdd, 0xdd, 0xdf, 0xf7,
    0x7f, 0xe0, 0x0, 0xef, 0x60, 0x0, 0x0, 0x0,
    0xe, 0xf7, 0x7f, 0xe0, 0x0, 0xef, 0x60, 0x0,
    0x0, 0x0, 0xe, 0xf7, 0x7f, 0xe0, 0x0, 0xef,
    0x60, 0x0, 0x0, 0x0, 0xe, 0xf7, 0x7f, 0xe0,
    0x0, 0xef, 0x60, 0x0, 0x0, 0x0, 0xe, 0xf7,
    0x7f, 0xe0, 0x0, 0xef, 0x60, 0x0, 0x0, 0x0,
    0xe, 0xf7, 0x7f, 0xe0, 0x0, 0xef, 0x60, 0x0,
    0x0, 0x0, 0xe, 0xf7, 0x7f, 0xe0, 0x0, 0xef,
    0xff, 0xff, 0xff, 0xff, 0xff, 0xf7, 0x7f, 0xe0,
    0x0, 0xef, 0xff, 0xff, 0xff, 0xff, 0xff, 0xf7,
    0x7f, 0xe0, 0x0, 0xef, 0x82, 0x22, 0x22, 0x22,
    0x2e, 0xf7, 0x7f, 0xe0, 0x0, 0xde, 0x60, 0x0,
    0x0, 0x0, 0xe, 0xf7,

    /* U+65F6 "时" */
    0x0, 0x0, 0x0, 0x0, 0x0, 0x0, 0x0, 0x0,
    0xd, 0xe5, 0x0, 0x0, 0x11, 0x11, 0x11, 0x11,
    0x0, 0x0, 0x0, 0x0, 0xef, 0x50, 0x0, 0x3f,
    0xff, 0xff, 0xff, 0xd0, 0x0, 0x0, 0x0, 0xe,
    0xf5, 0x0, 0x3, 0xff, 0xff, 0xff, 0xfd, 0x0,
    0x0, 0x0, 0x0, 0xef, 0x50, 0x0, 0x3f, 0xe0,
    0x0, 0x4f, 0xd1, 0x66, 0x66, 0x66, 0x6f, 0xfa,
    0x66, 0x3, 0xfe, 0x0, 0x4, 0xfd, 0x2f, 0xff,
    0xff, 0xff, 0xff, 0xff, 0xf1, 0x3f, 0xe0, 0x0,
    0x4f, 0xd2, 0xdd, 0xdd, 0xdd, 0xdf, 0xfe, 0xdd,
    0x13, 0xfe, 0x0, 0x4, 0xfd, 0x0, 0x0, 0x0,
    0x0, 0xef, 0x50, 0x0, 0x3f, 0xf3, 0x33, 0x7f,
    0xd0, 0x1, 0x10, 0x0, 0xe, 0xf5, 0x0, 0x3,
    0xff, 0xff, 0xff, 0xfd, 0x5, 0xfc, 0x0, 0x0,
    0xef, 0x50, 0x0, 0x3f, 0xfb, 0xbb, 0xcf, 0xd0,
    0x2f, 0xf6, 0x0, 0xe, 0xf5, 0x0, 0x3, 0xfe,
    0x0, 0x4, 0xfd, 0x0, 0x7f, 0xf2, 0x0, 0xef,
    0x50, 0x0, 0x3f, 0xe0, 0x0, 0x4f, 0xd0, 0x0,
    0xdf, 0xb0, 0xe, 0xf5, 0x0, 0x3, 0xfe, 0x0,
    0x4, 0xfd, 0x0, 0x3, 0xff, 0x50, 0xef, 0x50,
    0x0, 0x3f, 0xe0, 0x0, 0x4f, 0xd0, 0x0, 0xa,
    0xe4, 0xe, 0xf5, 0x0, 0x3, 0xff, 0x33, 0x37,
    0xfd, 0x0, 0x0, 0x10, 0x0, 0xef, 0x50, 0x0,
    0x3f, 0xff, 0xff, 0xff, 0xd0, 0x0, 0x0, 0x0,
    0xe, 0xf5, 0x0, 0x3, 0xff, 0xcc, 0xcc, 0xca,
    0x0, 0x0, 0x0, 0x0, 0xef, 0x50, 0x0, 0x3f,
    0xe0, 0x0, 0x0, 0x0, 0x0, 0x0, 0x0, 0xe,
    0xf5, 0x0, 0x1, 0x77, 0x0, 0x0, 0x0, 0x0,
    0x2, 0x43, 0x34, 0xff, 0x50, 0x0, 0x0, 0x0,
    0x0, 0x0, 0x0, 0x0, 0x4f, 0xff, 0xff, 0xf2,
    0x0, 0x0, 0x0, 0x0, 0x0, 0x0, 0x0, 0x0,
    0xef, 0xfe, 0xc4, 0x0, 0x0, 0x0, 0x0, 0x0,
    0x0, 0x0, 0x0, 0x0, 0x0, 0x0, 0x0, 0x0,
    0x0,

    /* U+662F "是" */
    0x0, 0x0, 0x88, 0x88, 0x88, 0x88, 0x88, 0x88,
    0x88, 0x88, 0x10, 0x0, 0x0, 0x0, 0xff, 0xff,
    0xff, 0xff, 0xff, 0xff, 0xff, 0xff, 0x20, 0x0,
    0x0, 0x0, 0xff, 0x31, 0x11, 0x11, 0x11, 0x11,
    0x13, 0xff, 0x20, 0x0, 0x0, 0x0, 0xff, 0x30,
    0x0, 0x0, 0x0, 0x0, 0x2, 0xff, 0x20, 0x0,
    0x0, 0x0, 0xff, 0xff, 0xff, 0xff, 0xff, 0xff,
    0xff, 0xff, 0x20, 0x0, 0x0, 0x0, 0xff, 0x98,
    0x88, 0x88, 0x88, 0x88, 0x89, 0xff, 0x20, 0x0,
    0x0, 0x0, 0xff, 0x20, 0x0, 0x0, 0x0, 0x0,
    0x1, 0xff, 0x20, 0x0, 0x0, 0x0, 0xff, 0xff,
    0xff, 0xff, 0xff, 0xff, 0xff, 0xff, 0x20, 0x0,
    0x0, 0x0, 0xbb, 0xbb, 0xbb, 0xbb, 0xbb, 0xbb,
    0xbb, 0xbb, 0x20, 0x0, 0x0, 0x0, 0x0, 0x0,
    0x0, 0x0, 0x0, 0x0, 0x0, 0x0, 0x0, 0x0,
    0x5, 0xff, 0xff, 0xff, 0xff, 0xff, 0xff, 0xff,
    0xff, 0xff, 0xff, 0xd0, 0x6, 0xff, 0xff, 0xff,
    0xff, 0xff, 0xff, 0xff, 0xff, 0xff, 0xff, 0xd0,
    0x0, 0x0, 0x3, 0x31, 0x0, 0xc, 0xf7, 0x0,
    0x0, 0x0, 0x0, 0x0, 0x0, 0x0, 0xb, 0xf9,
    0x0, 0xc, 0xf7, 0x0, 0x0, 0x0, 0x0, 0x0,
    0x0, 0x0, 0xe, 0xf5, 0x0, 0xc, 0xfd, 0xbb,
    0xbb, 0xbb, 0xb1, 0x0, 0x0, 0x0, 0x3f, 0xf4,
    0x0, 0xc, 0xff, 0xff, 0xff, 0xff, 0xf1, 0x0,
    0x0, 0x0, 0xaf, 0xfc, 0x0, 0xc, 0xf9, 0x33,
    0x33, 0x33, 0x30, 0x0, 0x0, 0x2, 0xff, 0xff,
    0x70, 0xc, 0xf7, 0x0, 0x0, 0x0, 0x0, 0x0,
    0x0, 0xc, 0xfc, 0x5f, 0xf9, 0xc, 0xf7, 0x0,
    0x0, 0x0, 0x0, 0x0, 0x0, 0x8f, 0xf3, 0x8,
    0xff, 0xff, 0xf9, 0x22, 0x11, 0x11, 0x12, 0x20,
    0x9, 0xff, 0x80, 0x0, 0x5e, 0xff, 0xff, 0xff,
    0xff, 0xff, 0xff, 0xf1, 0x5, 0xf9, 0x0, 0x0,
    0x0, 0x58, 0xce, 0xef, 0xff, 0xff, 0xff, 0xb0,
    0x0, 0x30, 0x0, 0x0, 0x0, 0x0, 0x0, 0x0,
    0x0, 0x0, 0x0, 0x0,

    /* U+665A "晚" */
    0x0, 0x0, 0x0, 0x0, 0x0, 0x0, 0x0, 0x0,
    0x0, 0x0, 0x0, 0x0, 0x0, 0x0, 0x0, 0x0,
    0x0, 0x4f, 0xe2, 0x0, 0x0, 0x0, 0x0, 0x5,
    0x55, 0x55, 0x54, 0x0, 0xb, 0xfc, 0x0, 0x0,
    0x0, 0x0, 0x1, 0xff, 0xff, 0xff, 0xe0, 0x3,
    0xff, 0xff, 0xff, 0xf6, 0x0, 0x0, 0x1f, 0xfa,
    0xab, 0xfe, 0x0, 0xcf, 0xed, 0xdd, 0xff, 0x60,
    0x0, 0x1, 0xfe, 0x0, 0x2f, 0xe0, 0x8f, 0xe1,
    0x0, 0x5f, 0xc0, 0x0, 0x0, 0x1f, 0xe0, 0x2,
    0xfe, 0x6f, 0xf5, 0x22, 0x3e, 0xf5, 0x22, 0x20,
    0x1, 0xfe, 0x0, 0x2f, 0xff, 0xff, 0xff, 0xff,
    0xff, 0xff, 0xff, 0x30, 0x1f, 0xe0, 0x2, 0xfe,
    0x8f, 0xfa, 0x99, 0xff, 0xb9, 0x9f, 0xf3, 0x1,
    0xff, 0xdd, 0xef, 0xe0, 0xef, 0x10, 0xf, 0xf2,
    0x0, 0xdf, 0x30, 0x1f, 0xff, 0xff, 0xfe, 0xe,
    0xf1, 0x0, 0xff, 0x10, 0xd, 0xf3, 0x1, 0xfe,
    0x22, 0x4f, 0xe0, 0xef, 0x10, 0x2f, 0xf0, 0x0,
    0xdf, 0x30, 0x1f, 0xe0, 0x2, 0xfe, 0xe, 0xf4,
    0x36, 0xff, 0x33, 0x3e, 0xf3, 0x1, 0xfe, 0x0,
    0x2f, 0xe0, 0xef, 0xff, 0xff, 0xff, 0xff, 0xff,
    0x30, 0x1f, 0xe0, 0x2, 0xfe, 0xa, 0xaa, 0xae,
    0xff, 0xfc, 0xaa, 0xa2, 0x1, 0xfe, 0x0, 0x2f,
    0xe0, 0x0, 0x1, 0xff, 0xef, 0x40, 0x0, 0x0,
    0x1f, 0xfd, 0xdd, 0xfe, 0x0, 0x0, 0x7f, 0xdb,
    0xf4, 0x0, 0x0, 0x1, 0xff, 0xff, 0xff, 0xe0,
    0x0, 0x2f, 0xf6, 0xbf, 0x40, 0x4, 0x0, 0x1f,
    0xe2, 0x22, 0x22, 0x0, 0xc, 0xfc, 0xb, 0xf4,
    0x0, 0xbf, 0x21, 0xfe, 0x0, 0x0, 0x0, 0x2d,
    0xff, 0x20, 0xbf, 0x50, 0xc, 0xf2, 0x4, 0x40,
    0x0, 0x1, 0x7f, 0xfe, 0x40, 0xb, 0xf6, 0x0,
    0xef, 0x0, 0x0, 0x0, 0x9, 0xff, 0xfd, 0x20,
    0x0, 0x9f, 0xff, 0xff, 0xc0, 0x0, 0x0, 0x0,
    0x6f, 0xd6, 0x0, 0x0, 0x2, 0xdf, 0xff, 0xd3,
    0x0, 0x0, 0x0, 0x0, 0x40, 0x0, 0x0, 0x0,
    0x0, 0x0, 0x0, 0x0,

    /* U+666E "普" */
    0x0, 0x0, 0x0, 0x0, 0x0, 0x0, 0x0, 0x0,
    0x0, 0x0, 0x0, 0x0, 0x0, 0x3b, 0xd1, 0x0,
    0x0, 0x0, 0x1e, 0xc3, 0x0, 0x0, 0x0, 0x0,
    0xe, 0xfa, 0x0, 0x0, 0x0, 0x9f, 0xe1, 0x0,
    0x0, 0x1, 0x33, 0x37, 0xfd, 0x33, 0x33, 0x34,
    0xff, 0x83, 0x33, 0x20, 0x7, 0xff, 0xff, 0xff,
    0xff, 0xff, 0xff, 0xff, 0xff, 0xff, 0xb0, 0x5,
    0xab, 0xba, 0xad, 0xfe, 0xaa, 0xef, 0xca, 0xac,
    0xba, 0x70, 0x0, 0x3e, 0xc0, 0x7, 0xfa, 0x0,
    0xbf, 0x60, 0xe, 0xf3, 0x0, 0x0, 0xd, 0xf7,
    0x7, 0xfa, 0x0, 0xbf, 0x60, 0x5f, 0xd0, 0x0,
    0x0, 0x5, 0xfe, 0x7, 0xfa, 0x0, 0xbf, 0x60,
    0xdf, 0x40, 0x0, 0x0, 0x1, 0xc6, 0x17, 0xfa,
    0x0, 0xcf, 0x62, 0xaa, 0x0, 0x0, 0xcf, 0xff,
    0xff, 0xff, 0xff, 0xff, 0xff, 0xff, 0xff, 0xff,
    0xfe, 0xad, 0xdd, 0xdd, 0xdd, 0xdd, 0xdd, 0xdd,
    0xdd, 0xdd, 0xdd, 0xdc, 0x0, 0x0, 0x0, 0x0,
    0x0, 0x0, 0x0, 0x0, 0x0, 0x0, 0x0, 0x0,
    0xa, 0xff, 0xff, 0xff, 0xff, 0xff, 0xff, 0xff,
    0xd0, 0x0, 0x0, 0xa, 0xfe, 0xbb, 0xbb, 0xbb,
    0xbb, 0xbb, 0xdf, 0xd0, 0x0, 0x0, 0xa, 0xf8,
    0x0, 0x0, 0x0, 0x0, 0x0, 0x7f, 0xd0, 0x0,
    0x0, 0xa, 0xf9, 0x11, 0x11, 0x11, 0x11, 0x11,
    0x8f, 0xd0, 0x0, 0x0, 0xa, 0xff, 0xff, 0xff,
    0xff, 0xff, 0xff, 0xff, 0xd0, 0x0, 0x0, 0xa,
    0xfd, 0x99, 0x99, 0x99, 0x99, 0x99, 0xcf, 0xd0,
    0x0, 0x0, 0xa, 0xf8, 0x0, 0x0, 0x0, 0x0,
    0x0, 0x7f, 0xd0, 0x0, 0x0, 0xa, 0xfe, 0xbb,
    0xbb, 0xbb, 0xbb, 0xbb, 0xdf, 0xd0, 0x0, 0x0,
    0xa, 0xff, 0xff, 0xff, 0xff, 0xff, 0xff, 0xff,
    0xd0, 0x0, 0x0, 0xa, 0xf9, 0x0, 0x0, 0x0,
    0x0, 0x0, 0x7e, 0xc0, 0x0,

    /* U+6700 "最" */
    0x0, 0x7, 0x77, 0x77, 0x77, 0x77, 0x77, 0x77,
    0x77, 0x60, 0x0, 0x0, 0x0, 0xef, 0xff, 0xff,
    0xff, 0xff, 0xff, 0xff, 0xfe, 0x0, 0x0, 0x0,
    0xe, 0xf5, 0x0, 0x0, 0x0, 0x0, 0x0, 0x6f,
    0xe0, 0x0, 0x0, 0x0, 0xef, 0xa8, 0x88, 0x88,
    0x88, 0x88, 0x8b, 0xfe, 0x0, 0x0, 0x0, 0xe,
    0xff, 0xff, 0xff, 0xff, 0xff, 0xff, 0xff, 0xe0,
    0x0, 0x0, 0x0, 0xef, 0x40, 0x0, 0x0, 0x0,
    0x0, 0x5, 0xfe, 0x0, 0x0, 0x0, 0xe, 0xfa,
    0x88, 0x88, 0x88, 0x88, 0x88, 0xbf, 0xe0, 0x0,
    0x0, 0x0, 0xdf, 0xff, 0xff, 0xff, 0xff, 0xff,
    0xff, 0xfd, 0x0, 0x0, 0x0, 0x0, 0x0, 0x0,
    0x0, 0x0, 0x0, 0x0, 0x0, 0x0, 0x0, 0xe,
    0xff, 0xff, 0xff, 0xff, 0xff, 0xff, 0xff, 0xff,
    0xff, 0xff, 0xc0, 0xbc, 0xef, 0xdc, 0xcc, 0xff,
    0xdc, 0xcc, 0xcc, 0xcc, 0xcc, 0xc9, 0x0, 0xb,
    0xf6, 0x0, 0xc, 0xf6, 0x0, 0x0, 0x0, 0x0,
    0x10, 0x0, 0x0, 0xbf, 0xff, 0xff, 0xff, 0x6b,
    0xff, 0xff, 0xff, 0xff, 0xe1, 0x0, 0xb, 0xfc,
    0xaa, 0xae, 0xf6, 0x8e, 0xfc, 0xbb, 0xbd, 0xfc,
    0x0, 0x0, 0xbf, 0x60, 0x0, 0xcf, 0x60, 0x9f,
    0x70, 0x0, 0xcf, 0x50, 0x0, 0xb, 0xff, 0xff,
    0xff, 0xf6, 0x2, 0xff, 0x20, 0x6f, 0xd0, 0x0,
    0x0, 0xbf, 0xca, 0xaa, 0xef, 0x60, 0x8, 0xfd,
    0x5f, 0xf3, 0x0, 0x0, 0xb, 0xf6, 0x0, 0xc,
    0xfa, 0x40, 0xb, 0xff, 0xf6, 0x0, 0x0, 0x56,
    0xdf, 0xdc, 0xef, 0xff, 0xfa, 0x0, 0x8f, 0xff,
    0x70, 0x0, 0xe, 0xff, 0xff, 0xff, 0xef, 0xfb,
    0x45, 0xdf, 0xfc, 0xff, 0xe7, 0x20, 0x99, 0x75,
    0x31, 0x0, 0xcf, 0x6c, 0xff, 0xc2, 0x5, 0xef,
    0xfd, 0x0, 0x0, 0x0, 0x0, 0xc, 0xf6, 0x3b,
    0x40, 0x0, 0x0, 0x6c, 0x20,

    /* U+6709 "有" */
    0x0, 0x0, 0x0, 0x0, 0x10, 0x0, 0x0, 0x0,
    0x0, 0x0, 0x0, 0x0, 0x0, 0x0, 0x0, 0xef,
    0x60, 0x0, 0x0, 0x0, 0x0, 0x0, 0x0, 0x0,
    0x0, 0x4, 0xff, 0x30, 0x0, 0x0, 0x0, 0x0,
    0x0, 0x12, 0x22, 0x22, 0x2a, 0xfe, 0x32, 0x22,
    0x22, 0x22, 0x22, 0x22, 0x5f, 0xff, 0xff, 0xff,
    0xff, 0xff, 0xff, 0xff, 0xff, 0xff, 0xfd, 0x5f,
    0xff, 0xff, 0xff, 0xff, 0xff, 0xff, 0xff, 0xff,
    0xff, 0xfc, 0x0, 0x0, 0x1, 0xef, 0x80, 0x0,
    0x0, 0x0, 0x0, 0x0, 0x0, 0x0, 0x0, 0xa,
    0xfe, 0x0, 0x0, 0x0, 0x0, 0x0, 0x0, 0x0,
    0x0, 0x0, 0x5f, 0xff, 0xee, 0xee, 0xee, 0xee,
    0xee, 0xe0, 0x0, 0x0, 0x1, 0xef, 0xff, 0xff,
    0xff, 0xff, 0xff, 0xff, 0xf0, 0x0, 0x0, 0xc,
    0xff, 0xf6, 0x11, 0x11, 0x11, 0x11, 0x3f, 0xf0,
    0x0, 0x0, 0xbf, 0xff, 0xf5, 0x0, 0x0, 0x0,
    0x0, 0x2f, 0xf0, 0x0, 0x2d, 0xff, 0x4d, 0xfe,
    0xdd, 0xdd, 0xdd, 0xdd, 0xef, 0xf0, 0x0, 0xbf,
    0xe3, 0xd, 0xff, 0xff, 0xff, 0xff, 0xff, 0xff,
    0xf0, 0x0, 0x1c, 0x20, 0xd, 0xf6, 0x0, 0x0,
    0x0, 0x0, 0x3f, 0xf0, 0x0, 0x0, 0x0, 0xd,
    0xf5, 0x0, 0x0, 0x0, 0x0, 0x2f, 0xf0, 0x0,
    0x0, 0x0, 0xd, 0xfe, 0xdd, 0xdd, 0xdd, 0xdd,
    0xdf, 0xf0, 0x0, 0x0, 0x0, 0xd, 0xff, 0xff,
    0xff, 0xff, 0xff, 0xff, 0xf0, 0x0, 0x0, 0x0,
    0xd, 0xf6, 0x11, 0x11, 0x11, 0x11, 0x3f, 0xf0,
    0x0, 0x0, 0x0, 0xd, 0xf5, 0x0, 0x0, 0x0,
    0x0, 0x2f, 0xf0, 0x0, 0x0, 0x0, 0xd, 0xf5,
    0x0, 0x0, 0x2, 0x22, 0x5f, 0xf0, 0x0, 0x0,
    0x0, 0xd, 0xf5, 0x0, 0x0, 0xc, 0xff, 0xff,
    0xd0, 0x0, 0x0, 0x0, 0xd, 0xf5, 0x0, 0x0,
    0x7, 0xff, 0xeb, 0x30, 0x0,

    /* U+672A "未" */
    0x0, 0x0, 0x0, 0x0, 0x0, 0x4, 0x41, 0x0,
    0x0, 0x0, 0x0, 0x0, 0x0, 0x0, 0x0, 0x0,
    0x0, 0xf, 0xf6, 0x0, 0x0, 0x0, 0x0, 0x0,
    0x0, 0x0, 0x0, 0x0, 0x0, 0xf, 0xf6, 0x0,
    0x0, 0x0, 0x0, 0x0, 0x0, 0x0, 0x0, 0x0,
    0x0, 0xf, 0xf6, 0x0, 0x0, 0x0, 0x0, 0x0,
    0x0, 0x3, 0x44, 0x44, 0x44, 0x4f, 0xf9, 0x44,
    0x44, 0x44, 0x41, 0x0, 0x0, 0xa, 0xff, 0xff,
    0xff, 0xff, 0xff, 0xff, 0xff, 0xff, 0xf3, 0x0,
    0x0, 0x9, 0xff, 0xff, 0xff, 0xff, 0xff, 0xff,
    0xff, 0xff, 0xf3, 0x0, 0x0, 0x0, 0x0, 0x0,
    0x0, 0xf, 0xf6, 0x0, 0x0, 0x0, 0x0, 0x0,
    0x0, 0x0, 0x0, 0x0, 0x0, 0xf, 0xf6, 0x0,
    0x0, 0x0, 0x0, 0x0, 0x0, 0x0, 0x0, 0x0,
    0x0, 0xf, 0xf6, 0x0, 0x0, 0x0, 0x0, 0x0,
    0x1, 0x44, 0x44, 0x44, 0x44, 0x4f, 0xf9, 0x44,
    0x44, 0x44, 0x44, 0x40, 0x6, 0xff, 0xff, 0xff,
    0xff, 0xff, 0xff, 0xff, 0xff, 0xff, 0xff, 0xe0,
    0x5, 0xee, 0xee, 0xee, 0xef, 0xff, 0xff, 0xfe,
    0xee, 0xee, 0xee, 0xd0, 0x0, 0x0, 0x0, 0x0,
    0xa, 0xff, 0xff, 0xe2, 0x0, 0x0, 0x0, 0x0,
    0x0, 0x0, 0x0, 0x0, 0x8f, 0xff, 0xff, 0xfd,
    0x10, 0x0, 0x0, 0x0, 0x0, 0x0, 0x0, 0x8,
    0xff, 0x6f, 0xf7, 0xdf, 0xd1, 0x0, 0x0, 0x0,
    0x0, 0x0, 0x0, 0xaf, 0xf8, 0xf, 0xf6, 0x1d,
    0xfe, 0x20, 0x0, 0x0, 0x0, 0x0, 0x2c, 0xff,
    0x80, 0xf, 0xf6, 0x1, 0xdf, 0xf6, 0x0, 0x0,
    0x0, 0x7, 0xff, 0xf6, 0x0, 0xf, 0xf6, 0x0,
    0x1d, 0xff, 0xb2, 0x0, 0x6, 0xef, 0xfe, 0x40,
    0x0, 0xf, 0xf6, 0x0, 0x1, 0xbf, 0xff, 0x91,
    0x8, 0xff, 0xa1, 0x0, 0x0, 0xf, 0xf6, 0x0,
    0x0, 0x6, 0xff, 0xd1, 0x0, 0x94, 0x0, 0x0,
    0x0, 0xf, 0xf6, 0x0, 0x0, 0x0, 0x19, 0x20,
    0x0, 0x0, 0x0, 0x0, 0x0, 0xf, 0xf6, 0x0,
    0x0, 0x0, 0x0, 0x0,

    /* U+672C "本" */
    0x0, 0x0, 0x0, 0x0, 0x0, 0x4, 0x41, 0x0,
    0x0, 0x0, 0x0, 0x0, 0x0, 0x0, 0x0, 0x0,
    0x0, 0xf, 0xf6, 0x0, 0x0, 0x0, 0x0, 0x0,
    0x0, 0x0, 0x0, 0x0, 0x0, 0xf, 0xf6, 0x0,
    0x0, 0x0, 0x0, 0x0, 0x0, 0x0, 0x0, 0x0,
    0x0, 0xf, 0xf6, 0x0, 0x0, 0x0, 0x0, 0x0,
    0x0, 0x0, 0x0, 0x0, 0x0, 0xf, 0xf6, 0x0,
    0x0, 0x0, 0x0, 0x0, 0x1, 0x55, 0x55, 0x55,
    0x55, 0x5f, 0xf9, 0x55, 0x55, 0x55, 0x55, 0x40,
    0x4, 0xff, 0xff, 0xff, 0xff, 0xff, 0xff, 0xff,
    0xff, 0xff, 0xff, 0xc0, 0x4, 0xff, 0xff, 0xff,
    0xff, 0xff, 0xff, 0xff, 0xff, 0xff, 0xff, 0xb0,
    0x0, 0x0, 0x0, 0x0, 0xdf, 0x7f, 0xf8, 0xff,
    0x30, 0x0, 0x0, 0x0, 0x0, 0x0, 0x0, 0x6,
    0xff, 0xf, 0xf6, 0xaf, 0xb0, 0x0, 0x0, 0x0,
    0x0, 0x0, 0x0, 0xd, 0xf8, 0xf, 0xf6, 0x3f,
    0xf3, 0x0, 0x0, 0x0, 0x0, 0x0, 0x0, 0x7f,
    0xf1, 0xf, 0xf6, 0xb, 0xfc, 0x0, 0x0, 0x0,
    0x0, 0x0, 0x2, 0xff, 0x90, 0xf, 0xf6, 0x4,
    0xff, 0x70, 0x0, 0x0, 0x0, 0x0, 0xc, 0xfd,
    0x0, 0xf, 0xf6, 0x0, 0x9f, 0xf3, 0x0, 0x0,
    0x0, 0x0, 0x9f, 0xf3, 0x0, 0xf, 0xf6, 0x0,
    0xd, 0xfe, 0x20, 0x0, 0x0, 0x7, 0xff, 0x80,
    0x0, 0xf, 0xf6, 0x0, 0x3, 0xff, 0xe2, 0x0,
    0x0, 0x8f, 0xfe, 0x65, 0x55, 0x5f, 0xf9, 0x55,
    0x55, 0xcf, 0xfe, 0x40, 0xb, 0xff, 0xb6, 0xff,
    0xff, 0xff, 0xff, 0xff, 0xff, 0xc7, 0xff, 0xf2,
    0x3, 0xfa, 0x5, 0xee, 0xee, 0xef, 0xff, 0xee,
    0xee, 0xb0, 0x6f, 0x60, 0x0, 0x30, 0x0, 0x0,
    0x0, 0xf, 0xf6, 0x0, 0x0, 0x0, 0x2, 0x0,
    0x0, 0x0, 0x0, 0x0, 0x0, 0xf, 0xf6, 0x0,
    0x0, 0x0, 0x0, 0x0, 0x0, 0x0, 0x0, 0x0,
    0x0, 0xf, 0xf6, 0x0, 0x0, 0x0, 0x0, 0x0,
    0x0, 0x0, 0x0, 0x0, 0x0, 0xf, 0xf6, 0x0,
    0x0, 0x0, 0x0, 0x0,

    /* U+6761 "条" */
    0x0, 0x0, 0x0, 0x0, 0x1, 0x0, 0x0, 0x0,
    0x0, 0x0, 0x0, 0x0, 0x0, 0x0, 0x0, 0x0,
    0x6f, 0xe4, 0x0, 0x0, 0x0, 0x0, 0x0, 0x0,
    0x0, 0x0, 0x0, 0x2, 0xff, 0xc0, 0x0, 0x0,
    0x1, 0x0, 0x0, 0x0, 0x0, 0x0, 0x0, 0x2e,
    0xff, 0xff, 0xff, 0xff, 0xff, 0xc1, 0x0, 0x0,
    0x0, 0x0, 0x3, 0xef, 0xfe, 0xee, 0xee, 0xee,
    0xff, 0xc0, 0x0, 0x0, 0x0, 0x0, 0x7f, 0xff,
    0xf5, 0x0, 0x0, 0xb, 0xff, 0x20, 0x0, 0x0,
    0x0, 0x4d, 0xff, 0xb9, 0xff, 0x70, 0x1, 0xcf,
    0xf5, 0x0, 0x0, 0x0, 0x0, 0x9f, 0xe6, 0x0,
    0x6f, 0xfc, 0x7f, 0xfe, 0x30, 0x0, 0x0, 0x0,
    0x0, 0x7, 0x10, 0x0, 0x4, 0xff, 0xff, 0xd2,
    0x0, 0x0, 0x0, 0x0, 0x0, 0x0, 0x0, 0x4,
    0x9e, 0xff, 0xff, 0xfd, 0x82, 0x0, 0x0, 0x0,
    0x0, 0x3, 0x6a, 0xef, 0xff, 0xd7, 0x49, 0xff,
    0xff, 0xda, 0x75, 0x20, 0xb, 0xff, 0xff, 0xff,
    0x93, 0x3, 0x31, 0x6, 0xcf, 0xff, 0xff, 0xe2,
    0x5, 0xfe, 0xa7, 0x30, 0x0, 0xf, 0xf5, 0x0,
    0x0, 0x47, 0xae, 0x60, 0x0, 0x10, 0x0, 0x0,
    0x0, 0xf, 0xf5, 0x0, 0x0, 0x0, 0x0, 0x0,
    0x0, 0x4, 0xff, 0xff, 0xff, 0xff, 0xff, 0xff,
    0xff, 0xff, 0xd0, 0x0, 0x0, 0x4, 0xff, 0xff,
    0xff, 0xff, 0xff, 0xff, 0xff, 0xff, 0xd0, 0x0,
    0x0, 0x0, 0x0, 0x2, 0x0, 0xf, 0xf5, 0x0,
    0x10, 0x0, 0x0, 0x0, 0x0, 0x0, 0x0, 0xaf,
    0x80, 0xf, 0xf5, 0x4, 0xec, 0x10, 0x0, 0x0,
    0x0, 0x0, 0xb, 0xfe, 0x20, 0xf, 0xf5, 0x2,
    0xdf, 0xd2, 0x0, 0x0, 0x0, 0x3, 0xdf, 0xe2,
    0x0, 0xf, 0xf5, 0x0, 0x1d, 0xfe, 0x20, 0x0,
    0x0, 0x6f, 0xfd, 0x20, 0x0, 0xf, 0xf5, 0x0,
    0x1, 0xdf, 0xd1, 0x0, 0x0, 0x1d, 0xa1, 0x0,
    0x5f, 0xff, 0xf3, 0x0, 0x0, 0x1e, 0xb1, 0x0,
    0x0, 0x0, 0x0, 0x0, 0xf, 0xfd, 0x80, 0x0,
    0x0, 0x2, 0x0, 0x0,

    /* U+6765 "来" */
    0x0, 0x0, 0x0, 0x0, 0x0, 0x3, 0x31, 0x0,
    0x0, 0x0, 0x0, 0x0, 0x0, 0x0, 0x0, 0x0,
    0x0, 0xf, 0xf6, 0x0, 0x0, 0x0, 0x0, 0x0,
    0x0, 0x0, 0x0, 0x0, 0x0, 0xf, 0xf6, 0x0,
    0x0, 0x0, 0x0, 0x0, 0x0, 0x14, 0x44, 0x44,
    0x44, 0x4f, 0xf8, 0x44, 0x44, 0x44, 0x44, 0x0,
    0x0, 0x5f, 0xff, 0xff, 0xff, 0xff, 0xff, 0xff,
    0xff, 0xff, 0xff, 0x0, 0x0, 0x5e, 0xee, 0xee,
    0xee, 0xef, 0xff, 0xee, 0xee, 0xee, 0xee, 0x0,
    0x0, 0x0, 0x27, 0x80, 0x0, 0xf, 0xf6, 0x0,
    0x1, 0xd8, 0x20, 0x0, 0x0, 0x0, 0x3f, 0xf4,
    0x0, 0xf, 0xf6, 0x0, 0x8, 0xff, 0x10, 0x0,
    0x0, 0x0, 0xa, 0xfd, 0x0, 0xf, 0xf6, 0x0,
    0x1f, 0xf7, 0x0, 0x0, 0x0, 0x0, 0x2, 0xff,
    0x50, 0xf, 0xf6, 0x0, 0x9f, 0xc0, 0x0, 0x0,
    0x0, 0x0, 0x0, 0xaa, 0x30, 0xf, 0xf6, 0x0,
    0x9e, 0x20, 0x0, 0x0, 0x7, 0xee, 0xee, 0xee,
    0xee, 0xef, 0xff, 0xee, 0xee, 0xee, 0xee, 0xd0,
    0x8, 0xff, 0xff, 0xff, 0xff, 0xff, 0xff, 0xff,
    0xff, 0xff, 0xff, 0xe0, 0x2, 0x44, 0x44, 0x44,
    0x4d, 0xff, 0xff, 0xf6, 0x44, 0x44, 0x44, 0x30,
    0x0, 0x0, 0x0, 0x0, 0x8f, 0xff, 0xff, 0xfd,
    0x10, 0x0, 0x0, 0x0, 0x0, 0x0, 0x0, 0x7,
    0xff, 0x5f, 0xf7, 0xdf, 0xc0, 0x0, 0x0, 0x0,
    0x0, 0x0, 0x0, 0x9f, 0xf7, 0xf, 0xf6, 0x2e,
    0xfd, 0x10, 0x0, 0x0, 0x0, 0x0, 0x1b, 0xff,
    0x80, 0xf, 0xf6, 0x3, 0xef, 0xe3, 0x0, 0x0,
    0x0, 0x5, 0xef, 0xf7, 0x0, 0xf, 0xf6, 0x0,
    0x3e, 0xff, 0x80, 0x0, 0x3, 0xcf, 0xff, 0x50,
    0x0, 0xf, 0xf6, 0x0, 0x2, 0xdf, 0xfd, 0x50,
    0xb, 0xff, 0xd2, 0x0, 0x0, 0xf, 0xf6, 0x0,
    0x0, 0x9, 0xff, 0xf2, 0x0, 0xc7, 0x0, 0x0,
    0x0, 0xf, 0xf6, 0x0, 0x0, 0x0, 0x4d, 0x50,
    0x0, 0x0, 0x0, 0x0, 0x0, 0xf, 0xf6, 0x0,
    0x0, 0x0, 0x0, 0x0,

    /* U+679A "枚" */
    0x0, 0x0, 0x13, 0x30, 0x0, 0x0, 0x1, 0x10,
    0x0, 0x0, 0x0, 0x0, 0x0, 0x0, 0x4f, 0xe0,
    0x0, 0x0, 0xa, 0xfb, 0x0, 0x0, 0x0, 0x0,
    0x0, 0x0, 0x4f, 0xe0, 0x0, 0x0, 0xe, 0xf8,
    0x0, 0x0, 0x0, 0x0, 0x0, 0x0, 0x4f, 0xe0,
    0x0, 0x0, 0x2f, 0xf4, 0x0, 0x0, 0x0, 0x0,
    0x0, 0x0, 0x4f, 0xe0, 0x0, 0x0, 0x8f, 0xf0,
    0x0, 0x0, 0x0, 0x0, 0x2, 0x22, 0x6f, 0xe2,
    0x22, 0x0, 0xef, 0xea, 0xaa, 0xaa, 0xaa, 0xa0,
    0xd, 0xff, 0xff, 0xff, 0xff, 0x5, 0xff, 0xff,
    0xff, 0xff, 0xff, 0xf0, 0xc, 0xff, 0xff, 0xff,
    0xff, 0xd, 0xfd, 0x77, 0x77, 0x8f, 0xfa, 0x70,
    0x0, 0x0, 0xbf, 0xe0, 0x0, 0x7f, 0xfe, 0x0,
    0x0, 0x5f, 0xf1, 0x0, 0x0, 0x1, 0xff, 0xe0,
    0x4, 0xff, 0xff, 0x30, 0x0, 0x9f, 0xd0, 0x0,
    0x0, 0x6, 0xff, 0xf4, 0xb, 0xff, 0xbf, 0x80,
    0x0, 0xdf, 0x80, 0x0, 0x0, 0xb, 0xff, 0xff,
    0x22, 0xf5, 0x4f, 0xd0, 0x2, 0xff, 0x40, 0x0,
    0x0, 0x1f, 0xff, 0xff, 0xd0, 0x20, 0xe, 0xf4,
    0x8, 0xff, 0x0, 0x0, 0x0, 0x7f, 0xaf, 0xe9,
    0xfb, 0x0, 0x9, 0xfb, 0xf, 0xf8, 0x0, 0x0,
    0x0, 0xee, 0x5f, 0xe0, 0xdf, 0x70, 0x2, 0xff,
    0xaf, 0xf1, 0x0, 0x0, 0x8, 0xf9, 0x4f, 0xe0,
    0x4f, 0x60, 0x0, 0xaf, 0xff, 0x80, 0x0, 0x0,
    0x2f, 0xf2, 0x4f, 0xe0, 0x6, 0x0, 0x0, 0x3f,
    0xff, 0x10, 0x0, 0x0, 0x2f, 0xa0, 0x4f, 0xe0,
    0x0, 0x0, 0x0, 0xaf, 0xff, 0x60, 0x0, 0x0,
    0x8, 0x10, 0x4f, 0xe0, 0x0, 0x0, 0xb, 0xff,
    0xff, 0xf7, 0x0, 0x0, 0x0, 0x0, 0x4f, 0xe0,
    0x0, 0x3, 0xcf, 0xf9, 0x2d, 0xff, 0x91, 0x0,
    0x0, 0x0, 0x4f, 0xe0, 0x2, 0xaf, 0xff, 0x70,
    0x1, 0xdf, 0xff, 0x70, 0x0, 0x0, 0x4f, 0xe0,
    0xe, 0xff, 0xd4, 0x0, 0x0, 0x1b, 0xff, 0xd0,
    0x0, 0x0, 0x4f, 0xe0, 0x3, 0xe6, 0x0, 0x0,
    0x0, 0x0, 0x5d, 0x20, 0x0, 0x0, 0x0, 0x0,
    0x0, 0x0, 0x0, 0x0, 0x0, 0x0, 0x0, 0x0,

    /* U+679C "果" */
    0x0, 0x0, 0x0, 0x0, 0x0, 0x0, 0x0, 0x0,
    0x0, 0x0, 0x0, 0x0, 0x0, 0x0, 0xff, 0xff,
    0xff, 0xff, 0xff, 0xff, 0xff, 0xff, 0xa0, 0x0,
    0x0, 0x0, 0xff, 0xed, 0xdd, 0xdf, 0xfe, 0xdd,
    0xdd, 0xff, 0xa0, 0x0, 0x0, 0x0, 0xff, 0x40,
    0x0, 0xf, 0xf6, 0x0, 0x0, 0xcf, 0xa0, 0x0,
    0x0, 0x0, 0xff, 0x50, 0x0, 0xf, 0xf7, 0x0,
    0x0, 0xdf, 0xa0, 0x0, 0x0, 0x0, 0xff, 0xff,
    0xff, 0xff, 0xff, 0xff, 0xff, 0xff, 0xa0, 0x0,
    0x0, 0x0, 0xff, 0xdb, 0xbb, 0xbf, 0xfd, 0xbb,
    0xbb, 0xff, 0xa0, 0x0, 0x0, 0x0, 0xff, 0x40,
    0x0, 0xf, 0xf6, 0x0, 0x0, 0xcf, 0xa0, 0x0,
    0x0, 0x0, 0xff, 0x50, 0x0, 0xf, 0xf7, 0x0,
    0x0, 0xdf, 0xa0, 0x0, 0x0, 0x0, 0xff, 0xff,
    0xff, 0xff, 0xff, 0xff, 0xff, 0xff, 0xa0, 0x0,
    0x0, 0x0, 0xdd, 0xdd, 0xdd, 0xdf, 0xfe, 0xdd,
    0xdd, 0xdd, 0x80, 0x0, 0x0, 0x0, 0x0, 0x0,
    0x0, 0xf, 0xf6, 0x0, 0x0, 0x0, 0x0, 0x0,
    0x4, 0xcc, 0xcc, 0xcc, 0xcc, 0xcf, 0xfe, 0xcc,
    0xcc, 0xcc, 0xcc, 0xa0, 0x6, 0xff, 0xff, 0xff,
    0xff, 0xff, 0xff, 0xff, 0xff, 0xff, 0xff, 0xd0,
    0x1, 0x44, 0x44, 0x44, 0x6f, 0xff, 0xff, 0xfb,
    0x54, 0x44, 0x44, 0x40, 0x0, 0x0, 0x0, 0x2,
    0xef, 0xdf, 0xfc, 0xff, 0x90, 0x0, 0x0, 0x0,
    0x0, 0x0, 0x0, 0x6f, 0xfd, 0x1f, 0xf6, 0x5f,
    0xfd, 0x30, 0x0, 0x0, 0x0, 0x0, 0x3c, 0xff,
    0xb1, 0xf, 0xf6, 0x3, 0xef, 0xfa, 0x20, 0x0,
    0x0, 0x4b, 0xff, 0xf8, 0x0, 0xf, 0xf6, 0x0,
    0x1b, 0xff, 0xfa, 0x30, 0xb, 0xff, 0xfc, 0x30,
    0x0, 0xf, 0xf6, 0x0, 0x0, 0x5e, 0xff, 0xf3,
    0x1, 0xec, 0x50, 0x0, 0x0, 0xf, 0xf6, 0x0,
    0x0, 0x0, 0x7e, 0x60, 0x0, 0x10, 0x0, 0x0,
    0x0, 0xf, 0xf6, 0x0, 0x0, 0x0, 0x0, 0x0,

    /* U+67E5 "查" */
    0x0, 0x0, 0x0, 0x0, 0x0, 0x0, 0x0, 0x0,
    0x0, 0x0, 0x0, 0x0, 0x0, 0x0, 0x0, 0x0,
    0x0, 0xf, 0xf4, 0x0, 0x0, 0x0, 0x0, 0x0,
    0x0, 0x0, 0x0, 0x0, 0x0, 0xf, 0xf4, 0x0,
    0x0, 0x0, 0x0, 0x0, 0x1, 0x22, 0x22, 0x22,
    0x22, 0x2f, 0xf6, 0x22, 0x22, 0x22, 0x22, 0x20,
    0x7, 0xff, 0xff, 0xff, 0xff, 0xff, 0xff, 0xff,
    0xff, 0xff, 0xff, 0xe0, 0x6, 0xdd, 0xdd, 0xdd,
    0xef, 0xff, 0xff, 0xff, 0xdd, 0xdd, 0xdd, 0xc0,
    0x0, 0x0, 0x0, 0x2, 0xef, 0xaf, 0xfa, 0xff,
    0x60, 0x0, 0x0, 0x0, 0x0, 0x0, 0x0, 0x5f,
    0xfb, 0xf, 0xf4, 0x6f, 0xf9, 0x0, 0x0, 0x0,
    0x0, 0x0, 0x1a, 0xff, 0xa0, 0xf, 0xf4, 0x5,
    0xff, 0xe6, 0x0, 0x0, 0x0, 0x18, 0xff, 0xf7,
    0x0, 0xf, 0xf4, 0x0, 0x2c, 0xff, 0xd6, 0x10,
    0xa, 0xff, 0xfc, 0x20, 0x0, 0x5, 0x51, 0x0,
    0x0, 0x6e, 0xff, 0xf2, 0x3, 0xfc, 0x5a, 0xff,
    0xff, 0xff, 0xff, 0xff, 0xff, 0xf1, 0x7e, 0x60,
    0x0, 0x20, 0xa, 0xfd, 0x99, 0x99, 0x99, 0x99,
    0xbf, 0xf0, 0x0, 0x0, 0x0, 0x0, 0xa, 0xf9,
    0x0, 0x0, 0x0, 0x0, 0x5f, 0xf0, 0x0, 0x0,
    0x0, 0x0, 0xa, 0xff, 0xff, 0xff, 0xff, 0xff,
    0xff, 0xf0, 0x0, 0x0, 0x0, 0x0, 0xa, 0xfd,
    0x88, 0x88, 0x88, 0x88, 0xbf, 0xf0, 0x0, 0x0,
    0x0, 0x0, 0xa, 0xf9, 0x0, 0x0, 0x0, 0x0,
    0x5f, 0xf0, 0x0, 0x0, 0x0, 0x0, 0xa, 0xfd,
    0x99, 0x99, 0x99, 0x99, 0xbf, 0xf0, 0x0, 0x0,
    0x0, 0x0, 0xa, 0xff, 0xff, 0xff, 0xff, 0xff,
    0xff, 0xf0, 0x0, 0x0, 0x0, 0x0, 0x0, 0x0,
    0x0, 0x0, 0x0, 0x0, 0x0, 0x0, 0x0, 0x0,
    0x2, 0xff, 0xff, 0xff, 0xff, 0xff, 0xff, 0xff,
    0xff, 0xff, 0xff, 0xa0, 0x2, 0xff, 0xff, 0xff,
    0xff, 0xff, 0xff, 0xff, 0xff, 0xff, 0xff, 0xa0,
    0x0, 0x0, 0x0, 0x0, 0x0, 0x0, 0x0, 0x0,
    0x0, 0x0, 0x0, 0x0,

    /* U+6821 "校" */
    0x0, 0x0, 0x33, 0x0, 0x0, 0x0, 0x0, 0x4,
    0x0, 0x0, 0x0, 0x0, 0x0, 0x0, 0xdf, 0x40,
    0x0, 0x0, 0x1, 0xef, 0x50, 0x0, 0x0, 0x0,
    0x0, 0x0, 0xdf, 0x40, 0x0, 0x0, 0x0, 0x9f,
    0xe1, 0x0, 0x0, 0x0, 0x0, 0x0, 0xdf, 0x40,
    0x0, 0x0, 0x0, 0x1e, 0xf5, 0x0, 0x0, 0x0,
    0x0, 0x0, 0xdf, 0x40, 0x3, 0xaa, 0xaa, 0xae,
    0xca, 0xaa, 0xaa, 0x90, 0x2, 0x22, 0xdf, 0x62,
    0x25, 0xff, 0xff, 0xff, 0xff, 0xff, 0xff, 0xe0,
    0xd, 0xff, 0xff, 0xff, 0xd2, 0x66, 0x77, 0x66,
    0x66, 0x97, 0x66, 0x60, 0xc, 0xff, 0xff, 0xff,
    0xc0, 0x0, 0xcd, 0x40, 0x6, 0xf8, 0x0, 0x0,
    0x0, 0x6, 0xff, 0x40, 0x0, 0x8, 0xff, 0x20,
    0x4, 0xff, 0x80, 0x0, 0x0, 0xa, 0xff, 0xb0,
    0x0, 0x5f, 0xf5, 0x0, 0x0, 0x5f, 0xf7, 0x0,
    0x0, 0xf, 0xff, 0xf6, 0x5, 0xff, 0x90, 0x0,
    0x0, 0x7, 0xff, 0x40, 0x0, 0x4f, 0xff, 0xfe,
    0x5f, 0xff, 0xa7, 0x0, 0x2, 0xd9, 0xbf, 0xb0,
    0x0, 0x9f, 0xef, 0xaf, 0xa6, 0xc5, 0xfe, 0x0,
    0x7, 0xfe, 0x19, 0x0, 0x0, 0xfb, 0xdf, 0x4e,
    0xf1, 0x0, 0xdf, 0x60, 0xd, 0xf8, 0x0, 0x0,
    0x6, 0xf6, 0xdf, 0x47, 0x60, 0x0, 0x6f, 0xf1,
    0x6f, 0xf1, 0x0, 0x0, 0xe, 0xf1, 0xdf, 0x40,
    0x0, 0x0, 0xc, 0xfb, 0xef, 0x80, 0x0, 0x0,
    0x7f, 0xa0, 0xdf, 0x40, 0x0, 0x0, 0x2, 0xff,
    0xfe, 0x0, 0x0, 0x0, 0x2f, 0x30, 0xdf, 0x40,
    0x0, 0x0, 0x0, 0xcf, 0xfa, 0x0, 0x0, 0x0,
    0x5, 0x0, 0xdf, 0x40, 0x0, 0x0, 0x1c, 0xff,
    0xff, 0xb1, 0x0, 0x0, 0x0, 0x0, 0xdf, 0x40,
    0x0, 0x4, 0xef, 0xf7, 0x9f, 0xfe, 0x60, 0x0,
    0x0, 0x0, 0xdf, 0x40, 0x4, 0xcf, 0xff, 0x40,
    0x6, 0xff, 0xfe, 0x81, 0x0, 0x0, 0xdf, 0x40,
    0x5f, 0xff, 0xb2, 0x0, 0x0, 0x3b, 0xff, 0xc0,
    0x0, 0x0, 0xdf, 0x40, 0x8, 0xc3, 0x0, 0x0,
    0x0, 0x0, 0x3b, 0x10, 0x0, 0x0, 0x0, 0x0,
    0x0, 0x0, 0x0, 0x0, 0x0, 0x0, 0x0, 0x0,

    /* U+683C "格" */
    0x0, 0x0, 0x3, 0x30, 0x0, 0x0, 0x0, 0x10,
    0x0, 0x0, 0x0, 0x0, 0x0, 0x0, 0x3f, 0xe0,
    0x0, 0x0, 0x7, 0xfb, 0x0, 0x0, 0x0, 0x0,
    0x0, 0x0, 0x3f, 0xe0, 0x0, 0x0, 0xe, 0xf7,
    0x0, 0x0, 0x0, 0x0, 0x0, 0x0, 0x3f, 0xe0,
    0x0, 0x0, 0x7f, 0xfb, 0xaa, 0xaa, 0x81, 0x0,
    0x0, 0x0, 0x3f, 0xe0, 0x0, 0x2, 0xff, 0xff,
    0xff, 0xff, 0xf3, 0x0, 0x1, 0x22, 0x5f, 0xe2,
    0x22, 0xd, 0xfe, 0x44, 0x44, 0xaf, 0xc0, 0x0,
    0xa, 0xff, 0xff, 0xff, 0xfd, 0xaf, 0xff, 0x50,
    0x1, 0xff, 0x50, 0x0, 0xa, 0xff, 0xff, 0xff,
    0xff, 0xff, 0xaf, 0xe1, 0xb, 0xfc, 0x0, 0x0,
    0x0, 0x0, 0xaf, 0xe0, 0xa, 0xf7, 0x9, 0xfd,
    0x8f, 0xf2, 0x0, 0x0, 0x0, 0x0, 0xff, 0xf8,
    0x0, 0x50, 0x0, 0xdf, 0xff, 0x50, 0x0, 0x0,
    0x0, 0x5, 0xff, 0xff, 0x60, 0x0, 0x0, 0xaf,
    0xfe, 0x30, 0x0, 0x0, 0x0, 0xa, 0xff, 0xfe,
    0xf3, 0x0, 0x3d, 0xff, 0xef, 0xf9, 0x0, 0x0,
    0x0, 0xf, 0xff, 0xe5, 0xfa, 0x19, 0xff, 0xe3,
    0x9, 0xff, 0xe8, 0x20, 0x0, 0x7f, 0x9f, 0xe0,
    0xbb, 0xff, 0xfa, 0x10, 0x0, 0x4e, 0xff, 0xf2,
    0x0, 0xef, 0x4f, 0xe0, 0x2f, 0xff, 0xfe, 0xdd,
    0xdd, 0xde, 0xff, 0x70, 0x8, 0xf9, 0x3f, 0xe0,
    0x5, 0x4e, 0xff, 0xff, 0xff, 0xff, 0xf4, 0x0,
    0x1f, 0xf2, 0x3f, 0xe0, 0x0, 0xe, 0xf3, 0x0,
    0x0, 0xe, 0xf4, 0x0, 0xa, 0x90, 0x3f, 0xe0,
    0x0, 0xe, 0xf2, 0x0, 0x0, 0xe, 0xf4, 0x0,
    0x2, 0x0, 0x3f, 0xe0, 0x0, 0xe, 0xf2, 0x0,
    0x0, 0xe, 0xf4, 0x0, 0x0, 0x0, 0x3f, 0xe0,
    0x0, 0xe, 0xf2, 0x0, 0x0, 0xe, 0xf4, 0x0,
    0x0, 0x0, 0x3f, 0xe0, 0x0, 0xe, 0xfe, 0xee,
    0xee, 0xef, 0xf4, 0x0, 0x0, 0x0, 0x3f, 0xe0,
    0x0, 0xe, 0xff, 0xff, 0xff, 0xff, 0xf4, 0x0,
    0x0, 0x0, 0x3f, 0xe0, 0x0, 0xe, 0xf3, 0x0,
    0x0, 0xe, 0xf4, 0x0, 0x0, 0x0, 0x0, 0x0,
    0x0, 0x0, 0x0, 0x0, 0x0, 0x0, 0x0, 0x0,

    /* U+6863 "档" */
    0x0, 0x0, 0x33, 0x10, 0x0, 0x0, 0x0, 0x2,
    0x20, 0x0, 0x0, 0x0, 0x0, 0xd, 0xf5, 0x0,
    0x0, 0x0, 0x4, 0xfe, 0x0, 0x0, 0x0, 0x0,
    0x0, 0xdf, 0x50, 0x1, 0x72, 0x0, 0x4f, 0xe0,
    0x0, 0x84, 0x0, 0x0, 0xd, 0xf5, 0x0, 0x8f,
    0xa0, 0x4, 0xfe, 0x0, 0x4f, 0xf0, 0x0, 0x0,
    0xdf, 0x50, 0x2, 0xff, 0x10, 0x4f, 0xe0, 0x9,
    0xf8, 0x0, 0x22, 0x2d, 0xf6, 0x22, 0xb, 0xf8,
    0x4, 0xfe, 0x0, 0xef, 0x20, 0x2f, 0xff, 0xff,
    0xff, 0xf3, 0x5f, 0xe0, 0x4f, 0xe0, 0x5f, 0xb0,
    0x2, 0xff, 0xff, 0xff, 0xff, 0x30, 0xff, 0x34,
    0xfe, 0xc, 0xf3, 0x0, 0x0, 0x5, 0xff, 0x50,
    0x0, 0x5, 0x10, 0x4f, 0xe0, 0x57, 0x0, 0x0,
    0x0, 0xaf, 0xfc, 0x0, 0x23, 0x33, 0x36, 0xfe,
    0x33, 0x33, 0x20, 0x0, 0xf, 0xff, 0xf8, 0xc,
    0xff, 0xff, 0xff, 0xff, 0xff, 0xfe, 0x0, 0x4,
    0xff, 0xff, 0xf4, 0xcf, 0xff, 0xff, 0xff, 0xff,
    0xff, 0xe0, 0x0, 0xaf, 0xff, 0x8f, 0xe1, 0x0,
    0x0, 0x0, 0x0, 0x4, 0xfe, 0x0, 0x1f, 0xcd,
    0xf5, 0x8e, 0x20, 0x0, 0x0, 0x0, 0x0, 0x4f,
    0xe0, 0x8, 0xf6, 0xdf, 0x50, 0x35, 0xcc, 0xcc,
    0xcc, 0xcc, 0xcd, 0xfe, 0x2, 0xff, 0x1d, 0xf5,
    0x0, 0x7f, 0xff, 0xff, 0xff, 0xff, 0xff, 0xe0,
    0x8f, 0x90, 0xdf, 0x50, 0x2, 0x44, 0x44, 0x44,
    0x44, 0x47, 0xfe, 0x1, 0xe1, 0xd, 0xf5, 0x0,
    0x0, 0x0, 0x0, 0x0, 0x0, 0x4f, 0xe0, 0x1,
    0x0, 0xdf, 0x50, 0x0, 0x0, 0x0, 0x0, 0x0,
    0x4, 0xfe, 0x0, 0x0, 0xd, 0xf5, 0x5, 0xee,
    0xee, 0xee, 0xee, 0xee, 0xff, 0xe0, 0x0, 0x0,
    0xdf, 0x50, 0x5f, 0xff, 0xff, 0xff, 0xff, 0xff,
    0xfe, 0x0, 0x0, 0xd, 0xf5, 0x1, 0x44, 0x44,
    0x44, 0x44, 0x44, 0x7f, 0xe0, 0x0, 0x0, 0xdf,
    0x50, 0x0, 0x0, 0x0, 0x0, 0x0, 0x4, 0xfe,
    0x0,

    /* U+68C0 "检" */
    0x0, 0x0, 0x33, 0x0, 0x0, 0x0, 0x0, 0x22,
    0x0, 0x0, 0x0, 0x0, 0x0, 0x0, 0xef, 0x10,
    0x0, 0x0, 0x0, 0xdf, 0x60, 0x0, 0x0, 0x0,
    0x0, 0x0, 0xef, 0x10, 0x0, 0x0, 0x7, 0xff,
    0x80, 0x0, 0x0, 0x0, 0x0, 0x0, 0xef, 0x10,
    0x0, 0x0, 0x3f, 0xff, 0xf6, 0x0, 0x0, 0x0,
    0x0, 0x0, 0xef, 0x10, 0x0, 0x2, 0xef, 0x85,
    0xff, 0x70, 0x0, 0x0, 0xb, 0xcc, 0xff, 0xdc,
    0x40, 0x1d, 0xfa, 0x0, 0x6f, 0xf8, 0x0, 0x0,
    0xe, 0xff, 0xff, 0xff, 0x52, 0xef, 0xc0, 0x0,
    0x6, 0xff, 0xc1, 0x0, 0x4, 0x47, 0xff, 0x54,
    0x6e, 0xfe, 0x10, 0x0, 0x0, 0x5f, 0xff, 0x60,
    0x0, 0x7, 0xff, 0x57, 0xff, 0xdd, 0xee, 0xee,
    0xee, 0xe9, 0xef, 0xe0, 0x0, 0xc, 0xff, 0xe3,
    0xeb, 0x1d, 0xff, 0xff, 0xff, 0xf5, 0x1b, 0x60,
    0x0, 0x1f, 0xff, 0xfa, 0x20, 0x0, 0x0, 0x0,
    0x0, 0x0, 0x0, 0x0, 0x0, 0x5f, 0xff, 0xcf,
    0x40, 0x0, 0x0, 0x34, 0x0, 0x1, 0x30, 0x0,
    0x0, 0xbf, 0xff, 0x5f, 0xa4, 0xc5, 0x0, 0xdf,
    0x0, 0x7, 0xfa, 0x0, 0x2, 0xfb, 0xef, 0x19,
    0x4, 0xfa, 0x0, 0xaf, 0x20, 0xc, 0xf4, 0x0,
    0xa, 0xf5, 0xef, 0x10, 0x0, 0xfe, 0x0, 0x7f,
    0x50, 0x2f, 0xd0, 0x0, 0x2f, 0xf0, 0xef, 0x10,
    0x0, 0xaf, 0x30, 0x5f, 0x80, 0x8f, 0x60, 0x0,
    0xd, 0x80, 0xef, 0x10, 0x0, 0x7f, 0x60, 0x3f,
    0xa0, 0xee, 0x0, 0x0, 0x5, 0x10, 0xef, 0x10,
    0x0, 0x4f, 0x90, 0x8, 0x45, 0xf7, 0x0, 0x0,
    0x0, 0x0, 0xef, 0x10, 0x0, 0x2, 0x0, 0x0,
    0xd, 0xf1, 0x0, 0x0, 0x0, 0x0, 0xef, 0x10,
    0x0, 0x0, 0x0, 0x0, 0x5f, 0x90, 0x0, 0x0,
    0x0, 0x0, 0xef, 0x10, 0xef, 0xff, 0xff, 0xff,
    0xff, 0xff, 0xff, 0x50, 0x0, 0x0, 0xef, 0x10,
    0xef, 0xff, 0xff, 0xff, 0xff, 0xff, 0xff, 0x50,
    0x0, 0x0, 0xef, 0x10, 0x0, 0x0, 0x0, 0x0,
    0x0, 0x0, 0x0, 0x0,

    /* U+6B21 "次" */
    0x0, 0x0, 0x0, 0x0, 0x0, 0x1, 0x0, 0x0,
    0x0, 0x0, 0x0, 0x0, 0x0, 0x0, 0x0, 0x0,
    0x0, 0x7f, 0xe1, 0x0, 0x0, 0x0, 0x0, 0x0,
    0x0, 0x51, 0x0, 0x0, 0x0, 0xbf, 0xd0, 0x0,
    0x0, 0x0, 0x0, 0x0, 0x4, 0xff, 0x70, 0x0,
    0x0, 0xff, 0x90, 0x0, 0x0, 0x0, 0x0, 0x0,
    0x3, 0xdf, 0xfd, 0x20, 0x4, 0xff, 0x94, 0x44,
    0x44, 0x44, 0x52, 0x0, 0x0, 0x7, 0xff, 0xf2,
    0x9, 0xff, 0xff, 0xff, 0xff, 0xff, 0xff, 0x60,
    0x0, 0x0, 0x3e, 0xb0, 0xe, 0xff, 0xff, 0xff,
    0xff, 0xff, 0xff, 0x50, 0x0, 0x0, 0x2, 0x10,
    0x5f, 0xf4, 0x0, 0x11, 0x0, 0x6, 0xff, 0x0,
    0x0, 0x0, 0x0, 0x0, 0xdf, 0xd0, 0x7, 0xff,
    0x0, 0xb, 0xfa, 0x0, 0x0, 0x0, 0x0, 0x7,
    0xff, 0x60, 0x8, 0xff, 0x0, 0x1f, 0xf5, 0x0,
    0x0, 0x0, 0x0, 0x1f, 0xfd, 0x0, 0x9, 0xfe,
    0x0, 0x7f, 0xe0, 0x0, 0x0, 0x0, 0x0, 0x2,
    0xb3, 0x0, 0xa, 0xff, 0x0, 0x6e, 0x70, 0x0,
    0x0, 0x0, 0xa, 0xa0, 0x0, 0x0, 0xc, 0xff,
    0x50, 0x0, 0x0, 0x0, 0x0, 0x0, 0x4f, 0xf6,
    0x0, 0x0, 0xf, 0xff, 0xa0, 0x0, 0x0, 0x0,
    0x0, 0x0, 0xdf, 0xd0, 0x0, 0x0, 0x5f, 0xff,
    0xf0, 0x0, 0x0, 0x0, 0x0, 0x8, 0xff, 0x40,
    0x0, 0x0, 0xcf, 0xee, 0xf8, 0x0, 0x0, 0x0,
    0x0, 0x3f, 0xfb, 0x0, 0x0, 0x5, 0xff, 0x76,
    0xff, 0x10, 0x0, 0x0, 0x0, 0xdf, 0xf2, 0x0,
    0x0, 0x2e, 0xfe, 0x10, 0xef, 0xb0, 0x0, 0x0,
    0x9, 0xff, 0x70, 0x0, 0x2, 0xdf, 0xf4, 0x0,
    0x5f, 0xfb, 0x0, 0x0, 0x9, 0xfc, 0x0, 0x0,
    0x3e, 0xff, 0x70, 0x0, 0x9, 0xff, 0xb2, 0x0,
    0x0, 0x53, 0x0, 0x19, 0xff, 0xf7, 0x0, 0x0,
    0x0, 0xaf, 0xff, 0x90, 0x0, 0x0, 0x0, 0xcf,
    0xfe, 0x50, 0x0, 0x0, 0x0, 0x8, 0xff, 0xb0,
    0x0, 0x0, 0x0, 0x1e, 0x91, 0x0, 0x0, 0x0,
    0x0, 0x0, 0x2a, 0x10, 0x0, 0x0, 0x0, 0x0,
    0x0, 0x0, 0x0, 0x0, 0x0, 0x0, 0x0, 0x0,

    /* U+6B65 "步" */
    0x0, 0x0, 0x0, 0x0, 0x0, 0x3, 0x32, 0x0,
    0x0, 0x0, 0x0, 0x0, 0x0, 0x0, 0x0, 0x0,
    0x0, 0xef, 0x80, 0x0, 0x0, 0x0, 0x0, 0x0,
    0x0, 0x38, 0x80, 0x0, 0xe, 0xf8, 0x0, 0x0,
    0x0, 0x0, 0x0, 0x0, 0x5, 0xff, 0x0, 0x0,
    0xef, 0xff, 0xff, 0xff, 0xf9, 0x0, 0x0, 0x0,
    0x5f, 0xf0, 0x0, 0xe, 0xff, 0xff, 0xff, 0xff,
    0x90, 0x0, 0x0, 0x5, 0xff, 0x0, 0x0, 0xef,
    0x92, 0x22, 0x22, 0x21, 0x0, 0x0, 0x0, 0x5f,
    0xf0, 0x0, 0xe, 0xf8, 0x0, 0x0, 0x0, 0x0,
    0x0, 0x11, 0x17, 0xff, 0x11, 0x11, 0xef, 0x91,
    0x11, 0x11, 0x11, 0x10, 0xd, 0xff, 0xff, 0xff,
    0xff, 0xff, 0xff, 0xff, 0xff, 0xff, 0xff, 0x60,
    0xdf, 0xff, 0xff, 0xff, 0xff, 0xff, 0xff, 0xff,
    0xff, 0xff, 0xf6, 0x0, 0x0, 0x0, 0x10, 0x0,
    0x3f, 0xf5, 0x0, 0x0, 0x0, 0x0, 0x0, 0x0,
    0x0, 0xd, 0xc4, 0x2, 0xff, 0x40, 0x0, 0x6,
    0x81, 0x0, 0x0, 0x0, 0xa, 0xff, 0x20, 0x2f,
    0xf4, 0x0, 0x2, 0xff, 0xb0, 0x0, 0x0, 0x8,
    0xff, 0x50, 0x2, 0xff, 0x40, 0x0, 0xdf, 0xf2,
    0x0, 0x0, 0x9, 0xff, 0x90, 0x0, 0x2f, 0xf4,
    0x0, 0xaf, 0xf7, 0x0, 0x0, 0x1c, 0xff, 0x90,
    0x0, 0x2, 0xff, 0x41, 0xbf, 0xf9, 0x0, 0x0,
    0x0, 0x9f, 0x80, 0x0, 0x0, 0x2f, 0xf7, 0xdf,
    0xfa, 0x0, 0x0, 0x0, 0x0, 0x40, 0x0, 0x0,
    0x1, 0x7e, 0xff, 0xf8, 0x0, 0x0, 0x0, 0x0,
    0x0, 0x0, 0x0, 0x2, 0x9f, 0xff, 0xe4, 0x0,
    0x0, 0x0, 0x0, 0x0, 0x0, 0x4, 0x8d, 0xff,
    0xff, 0x80, 0x0, 0x0, 0x0, 0x0, 0x4, 0x79,
    0xcf, 0xff, 0xff, 0xd7, 0x10, 0x0, 0x0, 0x0,
    0x0, 0x0, 0x9f, 0xff, 0xff, 0xd8, 0x30, 0x0,
    0x0, 0x0, 0x0, 0x0, 0x0, 0x1, 0xdb, 0x85,
    0x10, 0x0, 0x0, 0x0, 0x0, 0x0, 0x0, 0x0,
    0x0,

    /* U+6BCF "每" */
    0x0, 0x0, 0x0, 0x31, 0x0, 0x0, 0x0, 0x0,
    0x0, 0x0, 0x0, 0x0, 0x0, 0x0, 0x1, 0xff,
    0x60, 0x0, 0x0, 0x0, 0x0, 0x0, 0x0, 0x0,
    0x0, 0x0, 0x9, 0xff, 0x10, 0x0, 0x0, 0x0,
    0x0, 0x0, 0x0, 0x0, 0x0, 0x0, 0x2f, 0xff,
    0xff, 0xff, 0xff, 0xff, 0xff, 0xff, 0xff, 0x30,
    0x0, 0x0, 0xcf, 0xff, 0xff, 0xff, 0xff, 0xff,
    0xff, 0xff, 0xff, 0x30, 0x0, 0x8, 0xff, 0x51,
    0x11, 0x11, 0x11, 0x11, 0x11, 0x11, 0x11, 0x0,
    0x0, 0x5f, 0xf9, 0x0, 0x0, 0x0, 0x0, 0x0,
    0x0, 0x0, 0x0, 0x0, 0x5, 0xff, 0xcd, 0xff,
    0xff, 0xff, 0xff, 0xff, 0xff, 0xfc, 0x0, 0x0,
    0xc, 0xfe, 0x1f, 0xff, 0xff, 0xff, 0xff, 0xff,
    0xff, 0xfc, 0x0, 0x0, 0x0, 0x72, 0xf, 0xf3,
    0x3, 0xeb, 0x20, 0x0, 0x8, 0xfb, 0x0, 0x0,
    0x0, 0x0, 0x2f, 0xf1, 0x4, 0xef, 0xf5, 0x0,
    0x8, 0xfb, 0x0, 0x0, 0x0, 0x0, 0x4f, 0xf0,
    0x0, 0x9, 0xff, 0x60, 0x9, 0xfa, 0x0, 0x0,
    0x4, 0x44, 0x8f, 0xe3, 0x33, 0x33, 0x9f, 0x53,
    0x3b, 0xfb, 0x44, 0x40, 0xf, 0xff, 0xff, 0xff,
    0xff, 0xff, 0xff, 0xff, 0xff, 0xff, 0xff, 0xf1,
    0xc, 0xcc, 0xef, 0xda, 0xac, 0xfb, 0xaa, 0xaa,
    0xae, 0xfe, 0xcc, 0xc1, 0x0, 0x0, 0xcf, 0x70,
    0xc, 0xfd, 0x40, 0x0, 0xb, 0xf7, 0x0, 0x0,
    0x0, 0x0, 0xff, 0x40, 0x1, 0x8f, 0xf9, 0x0,
    0xc, 0xf6, 0x0, 0x0, 0x0, 0x2, 0xff, 0x20,
    0x0, 0x4, 0xee, 0x20, 0xe, 0xf6, 0x0, 0x0,
    0x0, 0x5, 0xff, 0xff, 0xff, 0xff, 0xff, 0xff,
    0xff, 0xff, 0xff, 0x20, 0x0, 0x7, 0xee, 0xee,
    0xee, 0xee, 0xee, 0xee, 0xff, 0xff, 0xee, 0x20,
    0x0, 0x0, 0x0, 0x0, 0x0, 0x0, 0x0, 0x0,
    0x6f, 0xe0, 0x0, 0x0, 0x0, 0x0, 0x0, 0x0,
    0x0, 0x0, 0xc, 0xbb, 0xff, 0xa0, 0x0, 0x0,
    0x0, 0x0, 0x0, 0x0, 0x0, 0x0, 0xb, 0xff,
    0xfa, 0x10, 0x0, 0x0, 0x0, 0x0, 0x0, 0x0,
    0x0, 0x0, 0x0, 0x0, 0x0, 0x0, 0x0, 0x0,

    /* U+6C34 "水" */
    0x0, 0x0, 0x0, 0x0, 0x0, 0x3, 0x31, 0x0,
    0x0, 0x0, 0x0, 0x0, 0x0, 0x0, 0x0, 0x0,
    0x0, 0x1f, 0xf4, 0x0, 0x0, 0x0, 0x0, 0x0,
    0x0, 0x0, 0x0, 0x0, 0x0, 0x1f, 0xf4, 0x0,
    0x0, 0x0, 0x0, 0x0, 0x0, 0x0, 0x0, 0x0,
    0x0, 0x1f, 0xf4, 0x0, 0x0, 0x0, 0x0, 0x0,
    0x0, 0x0, 0x0, 0x0, 0x0, 0x1f, 0xf4, 0x0,
    0x0, 0x0, 0x0, 0x0, 0x0, 0x0, 0x0, 0x0,
    0x0, 0x1f, 0xf4, 0x0, 0x0, 0xa, 0x20, 0x0,
    0x1, 0x33, 0x33, 0x33, 0x30, 0x1f, 0xf5, 0x0,
    0x0, 0xaf, 0xf3, 0x0, 0x6, 0xff, 0xff, 0xff,
    0xfa, 0x1f, 0xfb, 0x0, 0x7, 0xff, 0xa0, 0x0,
    0x6, 0xff, 0xff, 0xff, 0xf8, 0x1f, 0xff, 0x20,
    0x6f, 0xfa, 0x0, 0x0, 0x0, 0x11, 0x11, 0x2f,
    0xf4, 0x1f, 0xff, 0xa6, 0xff, 0xa0, 0x0, 0x0,
    0x0, 0x0, 0x0, 0x6f, 0xf0, 0x1f, 0xff, 0xff,
    0xf9, 0x0, 0x0, 0x0, 0x0, 0x0, 0x0, 0xbf,
    0xb0, 0x1f, 0xfd, 0xff, 0x70, 0x0, 0x0, 0x0,
    0x0, 0x0, 0x2, 0xff, 0x50, 0x1f, 0xf5, 0xef,
    0x80, 0x0, 0x0, 0x0, 0x0, 0x0, 0xa, 0xfe,
    0x0, 0x1f, 0xf4, 0x6f, 0xf6, 0x0, 0x0, 0x0,
    0x0, 0x0, 0x2f, 0xf7, 0x0, 0x1f, 0xf4, 0xc,
    0xff, 0x40, 0x0, 0x0, 0x0, 0x0, 0xcf, 0xe1,
    0x0, 0x1f, 0xf4, 0x1, 0xef, 0xf2, 0x0, 0x0,
    0x0, 0x9, 0xff, 0x50, 0x0, 0x1f, 0xf4, 0x0,
    0x3f, 0xff, 0x50, 0x0, 0x0, 0x7f, 0xfa, 0x0,
    0x0, 0x1f, 0xf4, 0x0, 0x4, 0xff, 0xf9, 0x10,
    0xa, 0xff, 0xd1, 0x0, 0x0, 0x1f, 0xf4, 0x0,
    0x0, 0x4f, 0xff, 0xf3, 0x9, 0xfd, 0x10, 0x0,
    0x0, 0x1f, 0xf4, 0x0, 0x0, 0x2, 0xcf, 0x90,
    0x0, 0x71, 0x0, 0x4, 0x76, 0x9f, 0xf3, 0x0,
    0x0, 0x0, 0x6, 0x0, 0x0, 0x0, 0x0, 0x6,
    0xff, 0xff, 0xf0, 0x0, 0x0, 0x0, 0x0, 0x0,
    0x0, 0x0, 0x0, 0x1, 0xff, 0xea, 0x30, 0x0,
    0x0, 0x0, 0x0, 0x0, 0x0, 0x0, 0x0, 0x0,
    0x0, 0x0, 0x0, 0x0, 0x0, 0x0, 0x0, 0x0,

    /* U+6C60 "池" */
    0x0, 0x0, 0x0, 0x0, 0x0, 0x0, 0x0, 0x0,
    0x0, 0x0, 0x0, 0x0, 0x1, 0xb3, 0x0, 0x0,
    0x0, 0x0, 0x6, 0xfd, 0x0, 0x0, 0x0, 0x0,
    0xcf, 0xfb, 0x20, 0x0, 0x0, 0x0, 0x6f, 0xd0,
    0x0, 0x0, 0x0, 0x2, 0xaf, 0xff, 0x50, 0x79,
    0x30, 0x6, 0xfd, 0x0, 0x0, 0x0, 0x0, 0x0,
    0x3d, 0xe1, 0xd, 0xf6, 0x0, 0x6f, 0xd0, 0x0,
    0x0, 0x0, 0x0, 0x0, 0x3, 0x0, 0xdf, 0x60,
    0x6, 0xfd, 0x0, 0x5d, 0x90, 0x0, 0x0, 0x0,
    0x0, 0xd, 0xf6, 0x0, 0x6f, 0xe8, 0xef, 0xff,
    0x0, 0x0, 0x0, 0x0, 0x0, 0xdf, 0x60, 0x9,
    0xff, 0xff, 0xff, 0xf0, 0xa, 0xd6, 0x0, 0x0,
    0xd, 0xf9, 0xaf, 0xff, 0xfc, 0x53, 0xff, 0x2,
    0xef, 0xfe, 0x50, 0x2, 0xef, 0xff, 0xff, 0xfd,
    0x0, 0x3f, 0xf0, 0x0, 0x7e, 0xfd, 0x4b, 0xff,
    0xff, 0xa4, 0x6f, 0xd0, 0x3, 0xff, 0x0, 0x0,
    0x1a, 0x33, 0xff, 0xff, 0x60, 0x6, 0xfd, 0x0,
    0x3f, 0xe0, 0x0, 0x0, 0x0, 0x7, 0x3d, 0xf6,
    0x0, 0x6f, 0xd0, 0x4, 0xfe, 0x0, 0x0, 0x0,
    0x10, 0x0, 0xdf, 0x60, 0x6, 0xfd, 0x0, 0x5f,
    0xd0, 0x0, 0x0, 0xb, 0xb0, 0xd, 0xf6, 0x0,
    0x6f, 0xd3, 0x6c, 0xfb, 0x0, 0x0, 0x3, 0xff,
    0x40, 0xdf, 0x60, 0x6, 0xfd, 0x5f, 0xff, 0x50,
    0x0, 0x0, 0xbf, 0xc0, 0xd, 0xf6, 0x0, 0x6f,
    0xd1, 0xa9, 0x40, 0x0, 0x0, 0x3f, 0xf4, 0x0,
    0xdf, 0x60, 0x4, 0xa8, 0x0, 0x1, 0x50, 0x0,
    0xc, 0xfc, 0x0, 0xd, 0xf6, 0x0, 0x0, 0x0,
    0x0, 0x3f, 0xd0, 0x5, 0xff, 0x40, 0x0, 0xcf,
    0x60, 0x0, 0x0, 0x0, 0x6, 0xfc, 0x0, 0xef,
    0xb0, 0x0, 0xb, 0xfb, 0x21, 0x11, 0x11, 0x12,
    0xdf, 0x90, 0x4f, 0xf2, 0x0, 0x0, 0x6f, 0xff,
    0xff, 0xff, 0xff, 0xff, 0xf3, 0x0, 0x38, 0x0,
    0x0, 0x0, 0x7d, 0xff, 0xff, 0xff, 0xff, 0xc5,
    0x0,

    /* U+6CA1 "没" */
    0x0, 0x8, 0x10, 0x0, 0x0, 0x3, 0x33, 0x33,
    0x33, 0x31, 0x0, 0x0, 0x0, 0x9f, 0xf8, 0x0,
    0x0, 0x4f, 0xff, 0xff, 0xff, 0xf4, 0x0, 0x0,
    0x0, 0x3c, 0xff, 0xe4, 0x0, 0x4f, 0xfe, 0xee,
    0xef, 0xf4, 0x0, 0x0, 0x0, 0x0, 0x5e, 0xf4,
    0x0, 0x4f, 0xe0, 0x0, 0xe, 0xf4, 0x0, 0x0,
    0x0, 0x0, 0x1, 0x60, 0x0, 0x5f, 0xd0, 0x0,
    0xe, 0xf4, 0x0, 0x0, 0x0, 0x0, 0x0, 0x0,
    0x0, 0xaf, 0xa0, 0x0, 0xe, 0xf4, 0x0, 0x0,
    0x0, 0x10, 0x0, 0x0, 0x4, 0xff, 0x40, 0x0,
    0xe, 0xf9, 0x34, 0x50, 0x8, 0xf9, 0x10, 0x0,
    0x5f, 0xfa, 0x0, 0x0, 0xb, 0xff, 0xff, 0xf1,
    0x9, 0xff, 0xf8, 0x8, 0xff, 0xa0, 0x0, 0x0,
    0x2, 0xce, 0xff, 0xd2, 0x0, 0x19, 0xff, 0x30,
    0x95, 0x0, 0x0, 0x0, 0x0, 0x0, 0x0, 0x0,
    0x0, 0x0, 0x25, 0x0, 0x9f, 0xff, 0xff, 0xff,
    0xff, 0xff, 0xd5, 0x0, 0x0, 0x0, 0x0, 0x0,
    0xaf, 0xff, 0xff, 0xff, 0xff, 0xff, 0xf3, 0x0,
    0x0, 0x0, 0x2, 0x30, 0x19, 0xfd, 0x32, 0x22,
    0x23, 0xcf, 0xb0, 0x0, 0x0, 0x0, 0xa, 0xf4,
    0x2, 0xff, 0x60, 0x0, 0x5, 0xff, 0x30, 0x0,
    0x0, 0x0, 0x3f, 0xf3, 0x0, 0x7f, 0xf3, 0x0,
    0x2e, 0xfb, 0x0, 0x0, 0x0, 0x0, 0xbf, 0xb0,
    0x0, 0xb, 0xff, 0x43, 0xef, 0xc0, 0x0, 0x0,
    0x0, 0x4, 0xff, 0x30, 0x0, 0x0, 0xcf, 0xff,
    0xfd, 0x10, 0x0, 0x0, 0x0, 0xd, 0xfb, 0x0,
    0x0, 0x0, 0x4f, 0xff, 0xf6, 0x0, 0x0, 0x0,
    0x0, 0x6f, 0xf3, 0x0, 0x0, 0x5c, 0xff, 0xff,
    0xff, 0xd6, 0x0, 0x0, 0x1, 0xff, 0xa0, 0x18,
    0xcf, 0xff, 0xfb, 0x33, 0xcf, 0xff, 0xfc, 0x81,
    0x1, 0xbf, 0x10, 0xd, 0xff, 0xfa, 0x30, 0x0,
    0x4, 0xbf, 0xff, 0xc0, 0x0, 0x3, 0x0, 0x4,
    0x94, 0x0, 0x0, 0x0, 0x0, 0x1, 0x5a, 0x20,

    /* U+6CD5 "法" */
    0x0, 0x0, 0x0, 0x0, 0x0, 0x0, 0x0, 0x22,
    0x0, 0x0, 0x0, 0x0, 0x0, 0xa5, 0x0, 0x0,
    0x0, 0x0, 0xe, 0xf5, 0x0, 0x0, 0x0, 0x0,
    0x8f, 0xfe, 0x50, 0x0, 0x0, 0x0, 0xef, 0x50,
    0x0, 0x0, 0x0, 0x0, 0x7f, 0xff, 0xa0, 0x0,
    0x0, 0xe, 0xf5, 0x0, 0x0, 0x0, 0x0, 0x0,
    0x1a, 0xf6, 0x2, 0x22, 0x22, 0xef, 0x72, 0x22,
    0x21, 0x0, 0x0, 0x0, 0x4, 0x0, 0xef, 0xff,
    0xff, 0xff, 0xff, 0xff, 0x80, 0x0, 0x0, 0x0,
    0x0, 0xd, 0xff, 0xff, 0xff, 0xff, 0xff, 0xf7,
    0x0, 0x2, 0x0, 0x0, 0x0, 0x0, 0x0, 0xe,
    0xf5, 0x0, 0x0, 0x0, 0x9, 0xfb, 0x40, 0x0,
    0x0, 0x0, 0x0, 0xef, 0x50, 0x0, 0x0, 0x0,
    0x9f, 0xff, 0xb2, 0x0, 0x0, 0x0, 0xe, 0xf5,
    0x0, 0x0, 0x0, 0x0, 0x2a, 0xff, 0x40, 0x22,
    0x22, 0x22, 0xef, 0x72, 0x22, 0x22, 0x10, 0x0,
    0x4, 0x80, 0xe, 0xff, 0xff, 0xff, 0xff, 0xff,
    0xff, 0xf7, 0x0, 0x0, 0x0, 0x0, 0xef, 0xff,
    0xff, 0xff, 0xff, 0xff, 0xff, 0x60, 0x0, 0x0,
    0x1, 0x0, 0x0, 0x2, 0xff, 0x70, 0x0, 0x0,
    0x0, 0x0, 0x0, 0x3, 0xf4, 0x0, 0x0, 0xaf,
    0xe0, 0x0, 0x0, 0x0, 0x0, 0x0, 0x0, 0xcf,
    0xb0, 0x0, 0x2f, 0xf6, 0x0, 0x38, 0x0, 0x0,
    0x0, 0x0, 0x5f, 0xf3, 0x0, 0xa, 0xfd, 0x0,
    0xe, 0xf7, 0x0, 0x0, 0x0, 0xd, 0xfa, 0x0,
    0x3, 0xff, 0x40, 0x0, 0x5f, 0xf3, 0x0, 0x0,
    0x8, 0xff, 0x20, 0x0, 0xdf, 0xa0, 0x0, 0x0,
    0xaf, 0xd0, 0x0, 0x2, 0xff, 0x90, 0x0, 0xaf,
    0xf7, 0x79, 0xbc, 0xef, 0xff, 0x70, 0x0, 0xcf,
    0xe0, 0x0, 0x5f, 0xff, 0xff, 0xff, 0xff, 0xfe,
    0xff, 0x10, 0x1e, 0xf6, 0x0, 0x0, 0xff, 0xec,
    0xa8, 0x53, 0x10, 0xf, 0xf7, 0x0, 0x19, 0x0,
    0x0, 0x3, 0x10, 0x0, 0x0, 0x0, 0x0, 0x9b,
    0x30, 0x0, 0x0, 0x0, 0x0, 0x0, 0x0, 0x0,
    0x0, 0x0, 0x0, 0x0,

    /* U+6D41 "流" */
    0x0, 0x0, 0x0, 0x0, 0x0, 0x0, 0x0, 0x0,
    0x0, 0x0, 0x0, 0x0, 0x9, 0x30, 0x0, 0x0,
    0x0, 0x3, 0xdd, 0x0, 0x0, 0x0, 0x0, 0x9,
    0xff, 0x91, 0x0, 0x0, 0x0, 0x1f, 0xf4, 0x0,
    0x0, 0x0, 0x0, 0x1a, 0xff, 0xe3, 0x11, 0x11,
    0x11, 0xbf, 0xb1, 0x11, 0x11, 0x10, 0x0, 0x5,
    0xef, 0x5f, 0xff, 0xff, 0xff, 0xff, 0xff, 0xff,
    0xfe, 0x0, 0x0, 0x2, 0x61, 0xff, 0xff, 0xff,
    0xff, 0xff, 0xff, 0xff, 0xe0, 0x0, 0x0, 0x0,
    0x0, 0x0, 0x2f, 0xf7, 0x0, 0x2b, 0x60, 0x0,
    0x0, 0x20, 0x0, 0x0, 0x0, 0x1d, 0xfa, 0x0,
    0x4, 0xff, 0x50, 0x0, 0x5f, 0xc5, 0x0, 0x0,
    0xc, 0xfc, 0x0, 0x1, 0x29, 0xff, 0x30, 0x7,
    0xff, 0xfc, 0x20, 0x7e, 0xff, 0xee, 0xff, 0xff,
    0xff, 0xfe, 0x10, 0x1, 0x9f, 0xf7, 0x8, 0xff,
    0xff, 0xff, 0xed, 0xca, 0x9d, 0xfc, 0x0, 0x0,
    0x3a, 0x0, 0x36, 0x43, 0x10, 0x0, 0x0, 0x0,
    0x3f, 0x70, 0x0, 0x0, 0x0, 0x0, 0x29, 0x70,
    0x9, 0x90, 0x8, 0x91, 0x0, 0x0, 0x0, 0x0,
    0x20, 0x3, 0xfc, 0x0, 0xfe, 0x0, 0xef, 0x30,
    0x0, 0x0, 0x0, 0x5e, 0x30, 0x3f, 0xc0, 0xf,
    0xe0, 0xe, 0xf3, 0x0, 0x0, 0x0, 0xd, 0xfa,
    0x4, 0xfc, 0x0, 0xfe, 0x0, 0xef, 0x30, 0x0,
    0x0, 0x6, 0xff, 0x20, 0x5f, 0xb0, 0xf, 0xe0,
    0xe, 0xf3, 0x0, 0x0, 0x0, 0xef, 0xa0, 0x9,
    0xf9, 0x0, 0xfe, 0x0, 0xef, 0x30, 0x0, 0x0,
    0x8f, 0xf2, 0x0, 0xdf, 0x50, 0xf, 0xe0, 0xe,
    0xf3, 0x1b, 0x20, 0x2f, 0xf9, 0x0, 0x6f, 0xf1,
    0x0, 0xfe, 0x0, 0xef, 0x32, 0xf6, 0xb, 0xff,
    0x10, 0x4f, 0xf8, 0x0, 0xf, 0xe0, 0xe, 0xf3,
    0x3f, 0x62, 0xff, 0x70, 0x2f, 0xfd, 0x10, 0x0,
    0xfe, 0x0, 0xcf, 0xee, 0xf3, 0x4, 0xc0, 0x0,
    0x7d, 0x10, 0x0, 0x0, 0x0, 0x4, 0xef, 0xe8,
    0x0, 0x0, 0x0, 0x0, 0x10, 0x0, 0x0, 0x0,
    0x0, 0x0, 0x0, 0x0,

    /* U+6E14 "渔" */
    0x0, 0x0, 0x0, 0x0, 0x0, 0x0, 0x0, 0x0,
    0x0, 0x0, 0x0, 0x0, 0x1, 0xc5, 0x0, 0x0,
    0x0, 0x9d, 0x70, 0x0, 0x0, 0x0, 0x0, 0x0,
    0xaf, 0xfd, 0x40, 0x0, 0x2f, 0xf7, 0x0, 0x1,
    0x0, 0x0, 0x0, 0x0, 0x8f, 0xff, 0x60, 0xc,
    0xff, 0xff, 0xff, 0xfc, 0x10, 0x0, 0x0, 0x0,
    0x2b, 0xf2, 0x7, 0xff, 0xed, 0xdd, 0xff, 0xe1,
    0x0, 0x0, 0x0, 0x0, 0x2, 0x4, 0xff, 0x80,
    0x0, 0x3f, 0xf5, 0x0, 0x0, 0x0, 0x0, 0x0,
    0x3, 0xff, 0xb0, 0x0, 0xd, 0xfa, 0x0, 0x0,
    0x0, 0x27, 0x0, 0x4, 0xff, 0xfd, 0xcc, 0xcd,
    0xff, 0xdc, 0xcc, 0x70, 0xc, 0xfe, 0x70, 0xcf,
    0xff, 0xff, 0xff, 0xff, 0xff, 0xff, 0xf9, 0x0,
    0x5d, 0xff, 0xd2, 0xac, 0xf7, 0x0, 0x2f, 0xf0,
    0x0, 0x8f, 0x90, 0x0, 0x6, 0xeb, 0x0, 0x9f,
    0x60, 0x1, 0xff, 0x0, 0x8, 0xf9, 0x0, 0x0,
    0x1, 0x10, 0x9, 0xfc, 0xaa, 0xbf, 0xfa, 0xaa,
    0xdf, 0x90, 0x0, 0x0, 0x0, 0x0, 0x9f, 0xff,
    0xff, 0xff, 0xff, 0xff, 0xf9, 0x0, 0x0, 0x0,
    0x40, 0x9, 0xf7, 0x0, 0x2f, 0xf0, 0x0, 0x8f,
    0x90, 0x0, 0x0, 0x2f, 0x80, 0x9f, 0x60, 0x1,
    0xff, 0x0, 0x8, 0xf9, 0x0, 0x0, 0xa, 0xfd,
    0x9, 0xf7, 0x0, 0x2f, 0xf0, 0x0, 0x8f, 0x90,
    0x0, 0x1, 0xff, 0x60, 0x9f, 0xff, 0xff, 0xff,
    0xff, 0xff, 0xf9, 0x0, 0x0, 0x8f, 0xe0, 0x7,
    0xcc, 0xcc, 0xcc, 0xcc, 0xcc, 0xcc, 0x70, 0x0,
    0x1f, 0xf7, 0x0, 0x0, 0x0, 0x0, 0x0, 0x0,
    0x0, 0x0, 0x0, 0x8, 0xff, 0x10, 0x22, 0x22,
    0x22, 0x22, 0x22, 0x22, 0x22, 0x22, 0x1, 0xff,
    0x80, 0x5f, 0xff, 0xff, 0xff, 0xff, 0xff, 0xff,
    0xff, 0xe0, 0x4f, 0xf1, 0x5, 0xff, 0xff, 0xff,
    0xff, 0xff, 0xff, 0xff, 0xfe, 0x0, 0x15, 0x0,
    0x0, 0x0, 0x0, 0x0, 0x0, 0x0, 0x0, 0x0,
    0x0,

    /* U+6EF4 "滴" */
    0x0, 0x0, 0x0, 0x0, 0x0, 0x0, 0x0, 0x20,
    0x0, 0x0, 0x0, 0x0, 0x2, 0x50, 0x0, 0x0,
    0x0, 0x0, 0xdf, 0x40, 0x0, 0x0, 0x0, 0x0,
    0xcf, 0xc2, 0x2, 0x22, 0x22, 0x2b, 0xfb, 0x22,
    0x22, 0x22, 0x10, 0x5, 0xef, 0xe4, 0xff, 0xff,
    0xff, 0xff, 0xff, 0xff, 0xff, 0xf6, 0x0, 0x1,
    0xaf, 0x5b, 0xbb, 0xcf, 0xbb, 0xbb, 0xbf, 0xdb,
    0xbb, 0x40, 0x0, 0x0, 0x50, 0x0, 0xf, 0xf4,
    0x0, 0x5, 0xfd, 0x0, 0x0, 0x0, 0x0, 0x0,
    0x0, 0x0, 0x9f, 0x90, 0x0, 0xcf, 0x50, 0x0,
    0x0, 0x33, 0x0, 0x0, 0x7d, 0xde, 0xfd, 0xdd,
    0xdf, 0xfd, 0xdd, 0x70, 0xd, 0xfb, 0x20, 0x8,
    0xff, 0xff, 0xff, 0xff, 0xff, 0xff, 0xf9, 0x0,
    0x8f, 0xff, 0x50, 0x8f, 0x80, 0x0, 0x7f, 0x60,
    0x0, 0x9f, 0x90, 0x0, 0x3d, 0xf7, 0x8, 0xf8,
    0x0, 0x7, 0xf5, 0x0, 0x9, 0xf9, 0x0, 0x0,
    0x9, 0x0, 0x8f, 0x88, 0xff, 0xff, 0xff, 0xf6,
    0x9f, 0x90, 0x0, 0x0, 0x0, 0x8, 0xf8, 0x5a,
    0xad, 0xfc, 0xaa, 0x49, 0xf9, 0x0, 0x0, 0x0,
    0x30, 0x8f, 0x80, 0x0, 0x7f, 0x50, 0x0, 0x9f,
    0x90, 0x0, 0x0, 0x6f, 0x38, 0xf8, 0x7, 0x7b,
    0xfa, 0x76, 0x9, 0xf9, 0x0, 0x0, 0xd, 0xf6,
    0x8f, 0x80, 0xef, 0xff, 0xff, 0xd0, 0x9f, 0x90,
    0x0, 0x5, 0xff, 0x8, 0xf8, 0xe, 0xb0, 0x0,
    0xdd, 0x9, 0xf9, 0x0, 0x0, 0xcf, 0x80, 0x8f,
    0x80, 0xeb, 0x0, 0xd, 0xd0, 0x9f, 0x90, 0x0,
    0x4f, 0xf2, 0x8, 0xf8, 0xe, 0xff, 0xff, 0xfd,
    0x9, 0xf9, 0x0, 0xc, 0xfa, 0x0, 0x8f, 0x80,
    0xee, 0x99, 0x99, 0x70, 0x9f, 0x90, 0x5, 0xff,
    0x20, 0x8, 0xf8, 0x6, 0x50, 0x0, 0x0, 0x9,
    0xf9, 0x0, 0x3e, 0xb0, 0x0, 0x8f, 0x80, 0x0,
    0x0, 0x1, 0xff, 0xff, 0x70, 0x0, 0x23, 0x0,
    0x8, 0xf8, 0x0, 0x0, 0x0, 0xb, 0xfe, 0x90,
    0x0,

    /* U+6F02 "漂" */
    0x0, 0x17, 0x0, 0x0, 0x22, 0x22, 0x22, 0x22,
    0x22, 0x22, 0x22, 0x20, 0x0, 0xaf, 0xe5, 0x5,
    0xff, 0xff, 0xff, 0xff, 0xff, 0xff, 0xff, 0xe0,
    0x0, 0x2b, 0xff, 0xa4, 0xaa, 0xaa, 0xef, 0xba,
    0xef, 0xba, 0xaa, 0x90, 0x0, 0x0, 0x5e, 0xb0,
    0x0, 0x0, 0xaf, 0x40, 0xcf, 0x20, 0x0, 0x0,
    0x0, 0x0, 0x2, 0x10, 0x8f, 0xff, 0xff, 0xff,
    0xff, 0xff, 0xff, 0x30, 0x0, 0x0, 0x0, 0x0,
    0x8f, 0xca, 0xdf, 0xba, 0xef, 0xaa, 0xef, 0x30,
    0x1, 0x20, 0x0, 0x0, 0x8f, 0x60, 0xaf, 0x30,
    0xbf, 0x10, 0xcf, 0x30, 0xa, 0xf9, 0x10, 0x0,
    0x8f, 0x60, 0xaf, 0x30, 0xbf, 0x10, 0xcf, 0x30,
    0x8, 0xff, 0xf5, 0x0, 0x8f, 0xdb, 0xef, 0xcb,
    0xef, 0xcb, 0xff, 0x30, 0x0, 0x2c, 0xfb, 0x0,
    0x8f, 0xff, 0xff, 0xff, 0xff, 0xff, 0xff, 0x30,
    0x0, 0x0, 0x72, 0x0, 0x0, 0x0, 0x0, 0x0,
    0x0, 0x0, 0x0, 0x0, 0x0, 0x0, 0x0, 0x0,
    0xd, 0xff, 0xff, 0xff, 0xff, 0xff, 0xfa, 0x0,
    0x0, 0x0, 0x3, 0x0, 0xa, 0xbb, 0xbb, 0xbb,
    0xbb, 0xbb, 0xb8, 0x0, 0x0, 0x0, 0x2f, 0x50,
    0x0, 0x0, 0x0, 0x0, 0x0, 0x0, 0x0, 0x0,
    0x0, 0x0, 0xaf, 0xa4, 0xdd, 0xdd, 0xdd, 0xdd,
    0xdd, 0xdd, 0xdd, 0xd2, 0x0, 0x1, 0xff, 0x25,
    0xff, 0xff, 0xff, 0xff, 0xff, 0xff, 0xff, 0xf2,
    0x0, 0x9, 0xfb, 0x0, 0x0, 0x30, 0x0, 0xcf,
    0x60, 0x2, 0x0, 0x0, 0x0, 0x1f, 0xf4, 0x0,
    0x7, 0xfd, 0x0, 0xcf, 0x60, 0xcf, 0x70, 0x0,
    0x0, 0x9f, 0xc0, 0x0, 0x5f, 0xf4, 0x0, 0xcf,
    0x60, 0x4f, 0xf8, 0x0, 0x2, 0xff, 0x40, 0x7,
    0xff, 0x60, 0x0, 0xcf, 0x60, 0x4, 0xff, 0x70,
    0x2, 0xec, 0x0, 0x3f, 0xf6, 0x4, 0xff, 0xff,
    0x50, 0x0, 0x5f, 0xc0, 0x0, 0x23, 0x0, 0x2,
    0x50, 0x0, 0xff, 0xe9, 0x0, 0x0, 0x3, 0x0,

    /* U+70B9 "点" */
    0x0, 0x0, 0x0, 0x0, 0x0, 0x13, 0x30, 0x0,
    0x0, 0x0, 0x0, 0x0, 0x0, 0x0, 0x0, 0x0,
    0x4, 0xff, 0x0, 0x0, 0x0, 0x0, 0x0, 0x0,
    0x0, 0x0, 0x0, 0x0, 0x4f, 0xf0, 0x0, 0x0,
    0x0, 0x0, 0x0, 0x0, 0x0, 0x0, 0x0, 0x4,
    0xff, 0xff, 0xff, 0xff, 0xff, 0xd0, 0x0, 0x0,
    0x0, 0x0, 0x0, 0x4f, 0xff, 0xff, 0xff, 0xff,
    0xfe, 0x0, 0x0, 0x0, 0x0, 0x0, 0x4, 0xff,
    0x32, 0x22, 0x22, 0x22, 0x20, 0x0, 0x0, 0x0,
    0x0, 0x0, 0x4f, 0xf0, 0x0, 0x0, 0x0, 0x0,
    0x0, 0x0, 0x0, 0x0, 0x0, 0x4, 0xff, 0x10,
    0x0, 0x0, 0x0, 0x0, 0x0, 0x2, 0xff, 0xff,
    0xff, 0xff, 0xff, 0xff, 0xff, 0xff, 0x30, 0x0,
    0x0, 0x2f, 0xff, 0xff, 0xff, 0xff, 0xff, 0xff,
    0xff, 0xf3, 0x0, 0x0, 0x2, 0xff, 0x0, 0x0,
    0x0, 0x0, 0x0, 0x2, 0xff, 0x30, 0x0, 0x0,
    0x2f, 0xf0, 0x0, 0x0, 0x0, 0x0, 0x0, 0x1f,
    0xf3, 0x0, 0x0, 0x2, 0xff, 0x0, 0x0, 0x0,
    0x0, 0x0, 0x1, 0xff, 0x30, 0x0, 0x0, 0x2f,
    0xf2, 0x22, 0x22, 0x22, 0x22, 0x22, 0x3f, 0xf3,
    0x0, 0x0, 0x2, 0xff, 0xff, 0xff, 0xff, 0xff,
    0xff, 0xff, 0xff, 0x30, 0x0, 0x0, 0x2f, 0xff,
    0xff, 0xff, 0xff, 0xff, 0xff, 0xff, 0xf3, 0x0,
    0x0, 0x0, 0x0, 0x0, 0x0, 0x0, 0x0, 0x0,
    0x0, 0x0, 0x0, 0x0, 0x0, 0x2a, 0x60, 0x1,
    0x30, 0x0, 0x26, 0x0, 0x7, 0xd3, 0x0, 0x0,
    0xa, 0xfd, 0x0, 0xff, 0x40, 0xd, 0xf6, 0x0,
    0xbf, 0xd0, 0x0, 0x3, 0xff, 0x50, 0xc, 0xf7,
    0x0, 0x7f, 0xd0, 0x1, 0xff, 0x90, 0x0, 0xdf,
    0xc0, 0x0, 0xaf, 0x90, 0x1, 0xff, 0x30, 0x6,
    0xff, 0x20, 0xaf, 0xf2, 0x0, 0x9, 0xfa, 0x0,
    0xc, 0xf8, 0x0, 0xd, 0xfb, 0x4, 0xc5, 0x0,
    0x0, 0x7b, 0x70, 0x0, 0x68, 0x30, 0x0, 0x59,
    0x20,

    /* U+7167 "照" */
    0x0, 0x0, 0x0, 0x0, 0x0, 0x11, 0x11, 0x11,
    0x11, 0x11, 0x11, 0x0, 0xe, 0xff, 0xff, 0xff,
    0x2e, 0xff, 0xff, 0xff, 0xff, 0xff, 0xf3, 0x0,
    0xef, 0xff, 0xff, 0xf2, 0xcd, 0xde, 0xff, 0xed,
    0xde, 0xff, 0x20, 0xe, 0xf3, 0x0, 0xef, 0x20,
    0x0, 0x5f, 0xe0, 0x0, 0x1f, 0xf0, 0x0, 0xef,
    0x30, 0xe, 0xf2, 0x0, 0xd, 0xf8, 0x0, 0x3,
    0xfe, 0x0, 0xe, 0xf3, 0x0, 0xef, 0x20, 0x2c,
    0xfe, 0x2, 0x33, 0xaf, 0xc0, 0x0, 0xef, 0xa9,
    0x9f, 0xf6, 0xaf, 0xfd, 0x20, 0x5f, 0xff, 0xf6,
    0x0, 0xe, 0xff, 0xff, 0xff, 0x4e, 0xe8, 0x0,
    0x0, 0x77, 0x63, 0x0, 0x0, 0xef, 0x64, 0x4f,
    0xf2, 0x3a, 0xaa, 0xaa, 0xaa, 0xaa, 0xa5, 0x0,
    0xe, 0xf3, 0x0, 0xef, 0x22, 0xff, 0xff, 0xff,
    0xff, 0xff, 0x80, 0x0, 0xef, 0x30, 0xe, 0xf2,
    0x2f, 0xf3, 0x33, 0x33, 0x3c, 0xf8, 0x0, 0xe,
    0xf3, 0x0, 0xef, 0x22, 0xff, 0x0, 0x0, 0x0,
    0xbf, 0x80, 0x0, 0xef, 0x74, 0x4f, 0xf2, 0x2f,
    0xf0, 0x0, 0x0, 0xb, 0xf8, 0x0, 0xe, 0xff,
    0xff, 0xff, 0x22, 0xff, 0x22, 0x22, 0x22, 0xcf,
    0x80, 0x0, 0xef, 0xee, 0xee, 0xe2, 0x2f, 0xff,
    0xff, 0xff, 0xff, 0xf8, 0x0, 0xe, 0xf3, 0x0,
    0x0, 0x1, 0xbb, 0xbb, 0xbb, 0xbb, 0xbb, 0x50,
    0x0, 0x2, 0x61, 0x0, 0x0, 0x0, 0x0, 0x20,
    0x0, 0x29, 0x20, 0x0, 0x0, 0xaf, 0xd0, 0x1d,
    0xf0, 0x0, 0xdf, 0x50, 0xd, 0xfb, 0x0, 0x0,
    0x2f, 0xf5, 0x0, 0xff, 0x30, 0x9, 0xfb, 0x0,
    0x3f, 0xf6, 0x0, 0xb, 0xfd, 0x0, 0xe, 0xf5,
    0x0, 0x4f, 0xf0, 0x0, 0xaf, 0xe0, 0x7, 0xff,
    0x40, 0x0, 0xcf, 0x70, 0x0, 0xff, 0x40, 0x2,
    0xff, 0x80, 0x9f, 0xa0, 0x0, 0xb, 0xf6, 0x0,
    0xc, 0xc5, 0x0, 0x9, 0xe6, 0x0, 0x11, 0x0,
    0x0, 0x0, 0x0, 0x0, 0x0, 0x0, 0x0, 0x10,
    0x0,

    /* U+7231 "爱" */
    0x0, 0x0, 0x0, 0x0, 0x0, 0x12, 0x35, 0x67,
    0x9b, 0xd3, 0x0, 0x3, 0xbc, 0xdd, 0xef, 0xff,
    0xff, 0xff, 0xff, 0xff, 0xf8, 0x0, 0x1, 0xff,
    0xff, 0xfe, 0xdc, 0xcc, 0xa9, 0x76, 0xb5, 0x0,
    0x0, 0x0, 0x10, 0x5e, 0x10, 0x2, 0xe9, 0x0,
    0x3, 0xff, 0x10, 0x0, 0x0, 0x0, 0x7f, 0x70,
    0x0, 0xfe, 0x0, 0xa, 0xf7, 0x0, 0x0, 0x1,
    0x11, 0x3f, 0xd1, 0x11, 0xbf, 0x51, 0x3f, 0xe2,
    0x11, 0x10, 0x1f, 0xff, 0xff, 0xff, 0xff, 0xff,
    0xff, 0xff, 0xff, 0xff, 0xf1, 0x1f, 0xfc, 0xcc,
    0xcc, 0xcc, 0xcc, 0xcc, 0xcc, 0xcc, 0xcf, 0xf1,
    0x1f, 0xc0, 0x0, 0x7, 0x93, 0x0, 0x0, 0x0,
    0x0, 0xd, 0xf1, 0x1f, 0xc0, 0x0, 0xd, 0xf5,
    0x0, 0x0, 0x0, 0x0, 0xd, 0xf1, 0x1, 0x4f,
    0xff, 0xff, 0xff, 0xff, 0xff, 0xff, 0xff, 0xf5,
    0x10, 0x0, 0x2d, 0xdd, 0xef, 0xfd, 0xdd, 0xdd,
    0xdd, 0xdd, 0xd3, 0x0, 0x0, 0x0, 0x0, 0xbf,
    0x70, 0x0, 0x0, 0x0, 0x0, 0x0, 0x0, 0x0,
    0x0, 0x2, 0xff, 0xed, 0xdd, 0xdd, 0xdd, 0xdc,
    0x20, 0x0, 0x0, 0x0, 0x9, 0xff, 0xff, 0xff,
    0xff, 0xff, 0xff, 0x30, 0x0, 0x0, 0x0, 0x3f,
    0xfc, 0xfc, 0x21, 0x11, 0x3e, 0xf7, 0x0, 0x0,
    0x0, 0x0, 0xdf, 0x70, 0xcf, 0xd4, 0x3, 0xef,
    0xa0, 0x0, 0x0, 0x0, 0xc, 0xfc, 0x0, 0xa,
    0xff, 0xcf, 0xf8, 0x0, 0x0, 0x0, 0x2, 0xcf,
    0xf1, 0x0, 0x26, 0xef, 0xff, 0xf9, 0x40, 0x0,
    0x0, 0x7f, 0xfd, 0x35, 0xae, 0xff, 0xfe, 0x9d,
    0xff, 0xff, 0xdb, 0x81, 0x6f, 0xb1, 0x5, 0xff,
    0xfb, 0x50, 0x0, 0x28, 0xdf, 0xff, 0xa0, 0x5,
    0x0, 0x0, 0x63, 0x0, 0x0, 0x0, 0x0, 0x0,
    0x37, 0x20,

    /* U+7247 "片" */
    0x0, 0x0, 0x0, 0x0, 0x0, 0x0, 0x3, 0x31,
    0x0, 0x0, 0x0, 0x0, 0x0, 0xaa, 0x40, 0x0,
    0x0, 0x2f, 0xf4, 0x0, 0x0, 0x0, 0x0, 0x0,
    0xef, 0x70, 0x0, 0x0, 0x2f, 0xf4, 0x0, 0x0,
    0x0, 0x0, 0x0, 0xef, 0x70, 0x0, 0x0, 0x2f,
    0xf4, 0x0, 0x0, 0x0, 0x0, 0x0, 0xef, 0x70,
    0x0, 0x0, 0x2f, 0xf4, 0x0, 0x0, 0x0, 0x0,
    0x0, 0xef, 0x70, 0x0, 0x0, 0x2f, 0xf4, 0x0,
    0x0, 0x0, 0x0, 0x0, 0xef, 0x82, 0x22, 0x22,
    0x4f, 0xf6, 0x22, 0x22, 0x21, 0x0, 0x0, 0xef,
    0xff, 0xff, 0xff, 0xff, 0xff, 0xff, 0xff, 0xf9,
    0x0, 0x0, 0xef, 0xff, 0xff, 0xff, 0xff, 0xff,
    0xff, 0xff, 0xf9, 0x0, 0x0, 0xef, 0x82, 0x22,
    0x22, 0x22, 0x22, 0x22, 0x22, 0x21, 0x0, 0x0,
    0xff, 0x60, 0x0, 0x0, 0x0, 0x0, 0x0, 0x0,
    0x0, 0x0, 0x0, 0xff, 0x60, 0x0, 0x0, 0x0,
    0x0, 0x0, 0x0, 0x0, 0x0, 0x0, 0xff, 0x84,
    0x44, 0x44, 0x44, 0x44, 0x44, 0x10, 0x0, 0x0,
    0x2, 0xff, 0xff, 0xff, 0xff, 0xff, 0xff, 0xff,
    0x40, 0x0, 0x0, 0x4, 0xff, 0xff, 0xff, 0xff,
    0xff, 0xff, 0xff, 0x40, 0x0, 0x0, 0x7, 0xff,
    0x10, 0x0, 0x0, 0x0, 0x3, 0xff, 0x40, 0x0,
    0x0, 0xc, 0xfc, 0x0, 0x0, 0x0, 0x0, 0x3,
    0xff, 0x40, 0x0, 0x0, 0x1f, 0xf8, 0x0, 0x0,
    0x0, 0x0, 0x3, 0xff, 0x40, 0x0, 0x0, 0x7f,
    0xf3, 0x0, 0x0, 0x0, 0x0, 0x3, 0xff, 0x40,
    0x0, 0x2, 0xff, 0xd0, 0x0, 0x0, 0x0, 0x0,
    0x3, 0xff, 0x40, 0x0, 0xc, 0xff, 0x40, 0x0,
    0x0, 0x0, 0x0, 0x3, 0xff, 0x40, 0x0, 0x1e,
    0xfb, 0x0, 0x0, 0x0, 0x0, 0x0, 0x3, 0xff,
    0x40, 0x0, 0x1, 0xc1, 0x0, 0x0, 0x0, 0x0,
    0x0, 0x3, 0xff, 0x40, 0x0, 0x0, 0x0, 0x0,
    0x0, 0x0, 0x0, 0x0, 0x0, 0x0, 0x0, 0x0,

    /* U+731B "猛" */
    0x1, 0xa1, 0x0, 0xa5, 0x0, 0x22, 0x22, 0x22,
    0x22, 0x23, 0x0, 0x0, 0xb, 0xfc, 0x7, 0xff,
    0x20, 0xff, 0xff, 0xff, 0xff, 0xff, 0xd1, 0x0,
    0x1, 0xdf, 0xbf, 0xf7, 0x0, 0xbb, 0xbb, 0xbb,
    0xcf, 0xff, 0x80, 0x0, 0x0, 0x2f, 0xff, 0xc0,
    0x0, 0x0, 0x0, 0x2, 0xdf, 0xd4, 0x0, 0x0,
    0x0, 0xb, 0xff, 0x20, 0x0, 0x0, 0x0, 0x2f,
    0xf8, 0x0, 0x0, 0x0, 0x0, 0xaf, 0xff, 0x40,
    0x12, 0x22, 0x22, 0x5f, 0xc2, 0x22, 0x22, 0x20,
    0xb, 0xff, 0xcf, 0xa0, 0xcf, 0xff, 0xff, 0xff,
    0xff, 0xff, 0xff, 0xf1, 0x1d, 0xf5, 0x5f, 0xe0,
    0xad, 0xdd, 0xdd, 0xdf, 0xfd, 0xdd, 0xdd, 0xd1,
    0x1, 0x40, 0x1f, 0xf1, 0x0, 0x0, 0x0, 0x4f,
    0xb0, 0x0, 0x0, 0x0, 0x0, 0x0, 0x1f, 0xf3,
    0x0, 0x0, 0x0, 0x4f, 0xb0, 0x0, 0x0, 0x0,
    0x0, 0x0, 0xbf, 0xf4, 0x0, 0x3, 0xaa, 0xcf,
    0xa0, 0x0, 0x0, 0x0, 0x0, 0x6, 0xff, 0xf5,
    0x0, 0x0, 0xdf, 0xfe, 0x40, 0x0, 0x0, 0x0,
    0x0, 0x2f, 0xff, 0xf6, 0x0, 0x0, 0x24, 0x30,
    0x0, 0x0, 0x0, 0x0, 0x2, 0xef, 0xab, 0xf6,
    0xf, 0xff, 0xff, 0xff, 0xff, 0xff, 0xfc, 0x0,
    0x2f, 0xfd, 0xb, 0xf6, 0xf, 0xfc, 0xdf, 0xec,
    0xff, 0xcd, 0xfc, 0x0, 0x9, 0xd1, 0xc, 0xf5,
    0xf, 0xe0, 0x1f, 0x80, 0xeb, 0x3, 0xfc, 0x0,
    0x0, 0x10, 0xd, 0xf4, 0xf, 0xe0, 0x1f, 0x80,
    0xeb, 0x3, 0xfc, 0x0, 0x0, 0x0, 0xf, 0xf2,
    0xf, 0xe0, 0x1f, 0x80, 0xeb, 0x3, 0xfc, 0x0,
    0x0, 0x0, 0x2f, 0xf0, 0xf, 0xe0, 0x1f, 0x80,
    0xeb, 0x3, 0xfc, 0x0, 0x0, 0x12, 0xaf, 0xc0,
    0xf, 0xe0, 0x1f, 0x80, 0xeb, 0x3, 0xfc, 0x0,
    0x4, 0xff, 0xff, 0x6b, 0xff, 0xff, 0xff, 0xff,
    0xff, 0xff, 0xff, 0xf5, 0x0, 0xee, 0xd8, 0xb,
    0xff, 0xff, 0xff, 0xff, 0xff, 0xff, 0xff, 0xf5,
    0x0, 0x0, 0x0, 0x0, 0x0, 0x0, 0x0, 0x0,
    0x0, 0x0, 0x0, 0x0,

    /* U+73B0 "现" */
    0x0, 0x0, 0x0, 0x0, 0x0, 0x45, 0x55, 0x55,
    0x55, 0x55, 0x51, 0x0, 0xef, 0xff, 0xff, 0xff,
    0x4e, 0xff, 0xff, 0xff, 0xff, 0xff, 0x50, 0xe,
    0xff, 0xff, 0xff, 0xf4, 0xef, 0xba, 0xaa, 0xaa,
    0xaf, 0xf5, 0x0, 0x22, 0x2d, 0xf7, 0x22, 0xe,
    0xf3, 0x0, 0x0, 0x0, 0xef, 0x50, 0x0, 0x0,
    0xdf, 0x50, 0x0, 0xef, 0x30, 0x0, 0x0, 0xe,
    0xf5, 0x0, 0x0, 0xd, 0xf5, 0x0, 0xe, 0xf3,
    0x2, 0xcb, 0x0, 0xef, 0x50, 0x0, 0x0, 0xdf,
    0x50, 0x0, 0xef, 0x30, 0x2f, 0xe0, 0xe, 0xf5,
    0x0, 0x0, 0xd, 0xf5, 0x0, 0xe, 0xf3, 0x2,
    0xfe, 0x0, 0xef, 0x50, 0x8, 0xff, 0xff, 0xff,
    0xb0, 0xef, 0x30, 0x2f, 0xe0, 0xe, 0xf5, 0x0,
    0x8f, 0xff, 0xff, 0xfc, 0xe, 0xf3, 0x3, 0xfe,
    0x0, 0xef, 0x50, 0x1, 0x22, 0xdf, 0x72, 0x10,
    0xef, 0x30, 0x4f, 0xd0, 0xe, 0xf5, 0x0, 0x0,
    0xd, 0xf5, 0x0, 0xe, 0xf3, 0x5, 0xfc, 0x0,
    0xef, 0x50, 0x0, 0x0, 0xdf, 0x50, 0x0, 0xef,
    0x30, 0x7f, 0xa0, 0xe, 0xf5, 0x0, 0x0, 0xd,
    0xf5, 0x0, 0x9, 0xa2, 0xa, 0xf8, 0x0, 0x9a,
    0x30, 0x0, 0x0, 0xdf, 0x50, 0x0, 0x0, 0x0,
    0xff, 0xfc, 0x0, 0x0, 0x0, 0x0, 0xd, 0xf6,
    0x49, 0x40, 0x0, 0x6f, 0xef, 0xc0, 0x0, 0x0,
    0x0, 0x1, 0xdf, 0xff, 0xf7, 0x0, 0xe, 0xf7,
    0xfc, 0x0, 0xb, 0x41, 0x8d, 0xff, 0xff, 0xfc,
    0x40, 0xb, 0xfb, 0x3f, 0xc0, 0x0, 0xfe, 0x1f,
    0xff, 0xfb, 0x61, 0x0, 0x9, 0xfe, 0x12, 0xfc,
    0x0, 0xf, 0xc0, 0xda, 0x50, 0x0, 0x0, 0x1b,
    0xff, 0x40, 0x2f, 0xd0, 0x2, 0xfa, 0x0, 0x0,
    0x0, 0x0, 0x6e, 0xff, 0x40, 0x1, 0xff, 0xba,
    0xdf, 0x60, 0x0, 0x0, 0x0, 0xa, 0xfc, 0x20,
    0x0, 0x7, 0xef, 0xff, 0xa0, 0x0, 0x0, 0x0,
    0x0, 0x6, 0x0, 0x0, 0x0, 0x0, 0x0, 0x0,
    0x0,

    /* U+7406 "理" */
    0x0, 0x0, 0x0, 0x0, 0x0, 0x66, 0x66, 0x66,
    0x66, 0x66, 0x66, 0x10, 0xf, 0xff, 0xff, 0xff,
    0xa2, 0xff, 0xff, 0xff, 0xff, 0xff, 0xff, 0x20,
    0xf, 0xff, 0xff, 0xff, 0xa2, 0xff, 0x88, 0x8f,
    0xf8, 0x88, 0xff, 0x20, 0x2, 0x24, 0xff, 0x22,
    0x12, 0xfe, 0x0, 0xf, 0xe0, 0x0, 0xff, 0x20,
    0x0, 0x2, 0xff, 0x0, 0x2, 0xfe, 0x0, 0xf,
    0xe0, 0x0, 0xff, 0x20, 0x0, 0x2, 0xff, 0x0,
    0x2, 0xff, 0xcc, 0xcf, 0xfc, 0xcc, 0xff, 0x20,
    0x0, 0x2, 0xff, 0x0, 0x2, 0xff, 0xff, 0xff,
    0xff, 0xff, 0xff, 0x20, 0x0, 0x2, 0xff, 0x0,
    0x2, 0xfe, 0x0, 0x1f, 0xe0, 0x0, 0xff, 0x20,
    0xa, 0xdd, 0xff, 0xdd, 0x42, 0xfe, 0x0, 0xf,
    0xe0, 0x0, 0xff, 0x20, 0xc, 0xff, 0xff, 0xff,
    0x52, 0xfe, 0x0, 0x1f, 0xe0, 0x0, 0xff, 0x20,
    0x5, 0x67, 0xff, 0x66, 0x22, 0xff, 0xff, 0xff,
    0xff, 0xff, 0xff, 0x20, 0x0, 0x2, 0xff, 0x0,
    0x2, 0xee, 0xee, 0xef, 0xfe, 0xee, 0xee, 0x20,
    0x0, 0x2, 0xff, 0x0, 0x0, 0x0, 0x0, 0x3f,
    0xf1, 0x0, 0x0, 0x0, 0x0, 0x2, 0xff, 0x0,
    0x0, 0x0, 0x0, 0x3f, 0xf1, 0x0, 0x0, 0x0,
    0x0, 0x2, 0xff, 0x0, 0x15, 0xff, 0xff, 0xff,
    0xff, 0xff, 0xff, 0x70, 0x0, 0x2, 0xff, 0x9e,
    0xa5, 0xff, 0xff, 0xff, 0xff, 0xff, 0xff, 0x70,
    0x1, 0x5b, 0xff, 0xff, 0xd0, 0x11, 0x11, 0x4f,
    0xf3, 0x11, 0x11, 0x0, 0x2f, 0xff, 0xff, 0xc6,
    0x10, 0x0, 0x0, 0x3f, 0xf1, 0x0, 0x0, 0x0,
    0xf, 0xfc, 0x71, 0x0, 0x0, 0x0, 0x0, 0x3f,
    0xf1, 0x0, 0x0, 0x0, 0x5, 0x10, 0x0, 0x3,
    0xff, 0xff, 0xff, 0xff, 0xff, 0xff, 0xff, 0xf4,
    0x0, 0x0, 0x0, 0x3, 0xff, 0xff, 0xff, 0xff,
    0xff, 0xff, 0xff, 0xf4, 0x0, 0x0, 0x0, 0x0,
    0x11, 0x11, 0x11, 0x11, 0x11, 0x11, 0x11, 0x10,

    /* U+74F6 "瓶" */
    0x0, 0x0, 0x0, 0x0, 0x0, 0x0, 0x0, 0x0,
    0x0, 0x0, 0x0, 0x0, 0x0, 0x3c, 0x70, 0x0,
    0x9d, 0x40, 0x0, 0x0, 0x0, 0x0, 0x0, 0x0,
    0x0, 0x2f, 0xe0, 0x0, 0xef, 0x4d, 0xff, 0xff,
    0xff, 0xff, 0xff, 0xd0, 0x0, 0xb, 0xf5, 0x4,
    0xfc, 0xe, 0xff, 0xff, 0xff, 0xff, 0xff, 0xd0,
    0x0, 0x5, 0xe6, 0xa, 0xf5, 0x1, 0x1d, 0xf4,
    0x11, 0x11, 0x11, 0x10, 0x3, 0x78, 0x87, 0x7f,
    0xf7, 0x72, 0xe, 0xf2, 0x0, 0x0, 0x0, 0x0,
    0x7, 0xff, 0xff, 0xff, 0xff, 0xf4, 0xf, 0xf1,
    0x0, 0x0, 0x0, 0x0, 0x3, 0x7c, 0xfb, 0x7b,
    0xfb, 0x72, 0xf, 0xff, 0xff, 0xff, 0xb0, 0x0,
    0x0, 0x8, 0xf6, 0x7, 0xf7, 0x0, 0x1f, 0xff,
    0xff, 0xff, 0xc0, 0x0, 0x0, 0x8, 0xf6, 0x7,
    0xf7, 0x0, 0x2f, 0xe0, 0x0, 0x3f, 0xc0, 0x0,
    0x0, 0x8, 0xf6, 0x7, 0xf7, 0x0, 0x2f, 0xd0,
    0x0, 0x2f, 0xc0, 0x0, 0x0, 0x8, 0xf6, 0x7,
    0xf7, 0x0, 0x3f, 0xc7, 0x70, 0x2f, 0xc0, 0x0,
    0xe, 0xff, 0xff, 0xff, 0xff, 0xfb, 0x4f, 0xbb,
    0xf0, 0x2f, 0xc0, 0x0, 0xe, 0xff, 0xff, 0xff,
    0xff, 0xfb, 0x5f, 0xa6, 0xf5, 0x2f, 0xc0, 0x0,
    0x1, 0x1b, 0xf5, 0x18, 0xf8, 0x11, 0x6f, 0xa1,
    0xfa, 0x2f, 0xc0, 0x0, 0x0, 0xd, 0xf2, 0x7,
    0xf7, 0x0, 0x7f, 0x90, 0xde, 0x2f, 0xc0, 0x0,
    0x0, 0xf, 0xf0, 0x7, 0xf7, 0x0, 0x8f, 0x80,
    0x9f, 0x5f, 0xc0, 0x0, 0x0, 0x3f, 0xc0, 0x7,
    0xf7, 0x0, 0x9f, 0x70, 0x22, 0x2f, 0xc0, 0x30,
    0x0, 0x6f, 0x90, 0x7, 0xf7, 0x0, 0xaf, 0x50,
    0x0, 0x2f, 0xc1, 0xf3, 0x0, 0xbf, 0x40, 0x7,
    0xf7, 0x0, 0xbf, 0x40, 0x4, 0x2f, 0xc1, 0xf3,
    0x2, 0xfe, 0x0, 0x7, 0xf7, 0x0, 0xef, 0xac,
    0xff, 0x3f, 0xc2, 0xf2, 0xb, 0xf7, 0x0, 0x7,
    0xf7, 0xc, 0xff, 0xff, 0xfc, 0x3f, 0xfd, 0xf0,
    0x8, 0xd0, 0x0, 0x7, 0xf7, 0x8, 0xfd, 0x84,
    0x0, 0x9, 0xff, 0x70, 0x0, 0x0, 0x0, 0x0,
    0x0, 0x1, 0x20, 0x0, 0x0, 0x0, 0x0, 0x0,

    /* U+754C "界" */
    0x0, 0x3, 0xaa, 0xaa, 0xaa, 0xaa, 0xaa, 0xaa,
    0xaa, 0xaa, 0x50, 0x0, 0x0, 0x5, 0xff, 0xff,
    0xff, 0xff, 0xff, 0xff, 0xff, 0xff, 0x70, 0x0,
    0x0, 0x5, 0xfe, 0x22, 0x22, 0x5f, 0xf4, 0x22,
    0x22, 0xef, 0x70, 0x0, 0x0, 0x5, 0xfe, 0x0,
    0x0, 0x2f, 0xf2, 0x0, 0x0, 0xef, 0x70, 0x0,
    0x0, 0x5, 0xff, 0x99, 0x99, 0xaf, 0xfa, 0x99,
    0x99, 0xff, 0x70, 0x0, 0x0, 0x5, 0xff, 0xff,
    0xff, 0xff, 0xff, 0xff, 0xff, 0xff, 0x70, 0x0,
    0x0, 0x5, 0xfe, 0x11, 0x11, 0x4f, 0xf3, 0x11,
    0x11, 0xef, 0x70, 0x0, 0x0, 0x5, 0xfe, 0x0,
    0x0, 0x2f, 0xf2, 0x0, 0x0, 0xef, 0x70, 0x0,
    0x0, 0x5, 0xff, 0x33, 0x33, 0x5f, 0xf5, 0x33,
    0x33, 0xef, 0x70, 0x0, 0x0, 0x5, 0xff, 0xff,
    0xff, 0xff, 0xff, 0xff, 0xff, 0xff, 0x70, 0x0,
    0x0, 0x3, 0xaa, 0xac, 0xff, 0xea, 0xad, 0xff,
    0xca, 0xaa, 0x50, 0x0, 0x0, 0x0, 0x0, 0x3e,
    0xfe, 0x10, 0x0, 0xcf, 0xe3, 0x0, 0x0, 0x0,
    0x0, 0x0, 0x9, 0xff, 0xc1, 0x0, 0x0, 0xb,
    0xff, 0x91, 0x0, 0x0, 0x0, 0x39, 0xff, 0xfd,
    0x73, 0x0, 0x0, 0x16, 0xdf, 0xff, 0xb5, 0x0,
    0xa, 0xff, 0xfd, 0x3c, 0xf8, 0x0, 0x0, 0x3f,
    0xf5, 0xcf, 0xff, 0xd0, 0x2, 0xfd, 0x60, 0xd,
    0xf8, 0x0, 0x0, 0x3f, 0xf2, 0x4, 0xbf, 0x30,
    0x0, 0x10, 0x0, 0xf, 0xf6, 0x0, 0x0, 0x3f,
    0xf2, 0x0, 0x0, 0x0, 0x0, 0x0, 0x0, 0x6f,
    0xf2, 0x0, 0x0, 0x3f, 0xf2, 0x0, 0x0, 0x0,
    0x0, 0x0, 0x3, 0xff, 0xc0, 0x0, 0x0, 0x3f,
    0xf2, 0x0, 0x0, 0x0, 0x0, 0x0, 0x6f, 0xff,
    0x30, 0x0, 0x0, 0x3f, 0xf2, 0x0, 0x0, 0x0,
    0x0, 0xd, 0xff, 0xf4, 0x0, 0x0, 0x0, 0x3f,
    0xf2, 0x0, 0x0, 0x0, 0x0, 0x4, 0xfa, 0x10,
    0x0, 0x0, 0x0, 0x3f, 0xf2, 0x0, 0x0, 0x0,
    0x0, 0x0, 0x10, 0x0, 0x0, 0x0, 0x0, 0x0,
    0x0, 0x0, 0x0, 0x0,

    /* U+7684 "的" */
    0x0, 0x0, 0x0, 0x0, 0x0, 0x0, 0x0, 0x0,
    0x0, 0x0, 0x0, 0x0, 0x0, 0x9e, 0xc0, 0x0,
    0x0, 0xd, 0xc4, 0x0, 0x0, 0x0, 0x0, 0x0,
    0xcf, 0xb0, 0x0, 0x0, 0x2f, 0xf2, 0x0, 0x0,
    0x0, 0x0, 0x0, 0xff, 0x50, 0x0, 0x0, 0x7f,
    0xd0, 0x0, 0x0, 0x0, 0x2, 0x25, 0xff, 0x32,
    0x22, 0x0, 0xcf, 0xb4, 0x44, 0x44, 0x42, 0xf,
    0xff, 0xff, 0xff, 0xfd, 0x2, 0xff, 0xff, 0xff,
    0xff, 0xf6, 0xf, 0xfd, 0xdd, 0xde, 0xfd, 0x9,
    0xfe, 0xcc, 0xcc, 0xcf, 0xf6, 0xf, 0xf0, 0x0,
    0x4, 0xfd, 0x2f, 0xf5, 0x0, 0x0, 0xb, 0xf5,
    0xf, 0xf0, 0x0, 0x4, 0xfd, 0xbf, 0xd0, 0x0,
    0x0, 0xc, 0xf5, 0xf, 0xf0, 0x0, 0x4, 0xfe,
    0xdf, 0x40, 0x0, 0x0, 0xd, 0xf4, 0xf, 0xf0,
    0x0, 0x4, 0xfd, 0x4, 0x2b, 0x50, 0x0, 0xd,
    0xf4, 0xf, 0xfe, 0xee, 0xef, 0xfd, 0x0, 0x7f,
    0xe1, 0x0, 0xe, 0xf3, 0xf, 0xff, 0xff, 0xff,
    0xfd, 0x0, 0xc, 0xfb, 0x0, 0xf, 0xf2, 0xf,
    0xf1, 0x0, 0x4, 0xfd, 0x0, 0x3, 0xff, 0x50,
    0xf, 0xf1, 0xf, 0xf0, 0x0, 0x4, 0xfd, 0x0,
    0x0, 0x8f, 0xe0, 0xf, 0xf1, 0xf, 0xf0, 0x0,
    0x4, 0xfd, 0x0, 0x0, 0xe, 0xf4, 0x2f, 0xf0,
    0xf, 0xf0, 0x0, 0x4, 0xfd, 0x0, 0x0, 0x5,
    0x30, 0x3f, 0xe0, 0xf, 0xf0, 0x0, 0x4, 0xfd,
    0x0, 0x0, 0x0, 0x0, 0x4f, 0xd0, 0xf, 0xf5,
    0x44, 0x47, 0xfd, 0x0, 0x0, 0x0, 0x0, 0x7f,
    0xb0, 0xf, 0xff, 0xff, 0xff, 0xfd, 0x0, 0x0,
    0x0, 0x0, 0xaf, 0x90, 0xf, 0xfb, 0xbb, 0xbb,
    0xb9, 0x0, 0x2, 0x42, 0x24, 0xff, 0x60, 0xf,
    0xf0, 0x0, 0x0, 0x0, 0x0, 0x3, 0xff, 0xff,
    0xfe, 0x10, 0xa, 0xa0, 0x0, 0x0, 0x0, 0x0,
    0x0, 0xef, 0xff, 0xb2, 0x0, 0x0, 0x0, 0x0,
    0x0, 0x0, 0x0, 0x0, 0x0, 0x0, 0x0, 0x0,

    /* U+76D6 "盖" */
    0x0, 0x0, 0x0, 0x10, 0x0, 0x0, 0x0, 0x1,
    0x0, 0x0, 0x0, 0x0, 0x0, 0xc, 0xf4, 0x0,
    0x0, 0x0, 0x3f, 0xd2, 0x0, 0x0, 0x0, 0x0,
    0xa, 0xfe, 0x0, 0x0, 0x0, 0xaf, 0xb0, 0x0,
    0x0, 0x0, 0x0, 0x2, 0xff, 0x50, 0x0, 0x3,
    0xff, 0x30, 0x0, 0x0, 0x6, 0xff, 0xff, 0xff,
    0xff, 0xff, 0xff, 0xff, 0xff, 0xff, 0x40, 0x4,
    0xbb, 0xbb, 0xbb, 0xbc, 0xff, 0xcb, 0xbb, 0xbb,
    0xbb, 0x30, 0x0, 0x0, 0x0, 0x0, 0x3, 0xff,
    0x10, 0x0, 0x0, 0x0, 0x0, 0x0, 0x1b, 0xbb,
    0xbb, 0xbc, 0xff, 0xbb, 0xbb, 0xbb, 0xb2, 0x0,
    0x0, 0x2f, 0xff, 0xff, 0xff, 0xff, 0xff, 0xff,
    0xff, 0xf3, 0x0, 0x0, 0x0, 0x0, 0x0, 0x3,
    0xff, 0x20, 0x0, 0x0, 0x0, 0x0, 0x0, 0x0,
    0x0, 0x0, 0x3, 0xff, 0x20, 0x0, 0x0, 0x0,
    0x0, 0x6f, 0xff, 0xff, 0xff, 0xff, 0xff, 0xff,
    0xff, 0xff, 0xff, 0xf6, 0x4c, 0xcc, 0xcc, 0xcc,
    0xcc, 0xcc, 0xcc, 0xcc, 0xcc, 0xcc, 0xc5, 0x0,
    0x0, 0x0, 0x0, 0x0, 0x0, 0x0, 0x0, 0x0,
    0x0, 0x0, 0x0, 0x5d, 0xdd, 0xdd, 0xdd, 0xdd,
    0xdd, 0xdd, 0xdd, 0xd6, 0x0, 0x0, 0x5f, 0xff,
    0xff, 0xff, 0xff, 0xff, 0xff, 0xff, 0xf8, 0x0,
    0x0, 0x5f, 0xb0, 0x7, 0xf9, 0x0, 0xaf, 0x80,
    0xb, 0xf8, 0x0, 0x0, 0x5f, 0xb0, 0x7, 0xf9,
    0x0, 0x9f, 0x70, 0xa, 0xf8, 0x0, 0x0, 0x5f,
    0xb0, 0x7, 0xf9, 0x0, 0x9f, 0x70, 0xa, 0xf8,
    0x0, 0x0, 0x5f, 0xb0, 0x7, 0xf9, 0x0, 0x9f,
    0x70, 0xa, 0xf8, 0x0, 0xcd, 0xef, 0xfd, 0xde,
    0xfe, 0xdd, 0xff, 0xed, 0xdf, 0xfe, 0xdd, 0xef,
    0xff, 0xff, 0xff, 0xff, 0xff, 0xff, 0xff, 0xff,
    0xff, 0xff, 0x11, 0x11, 0x11, 0x11, 0x11, 0x11,
    0x11, 0x11, 0x11, 0x11, 0x11,

    /* U+7720 "眠" */
    0x0, 0x0, 0x0, 0x0, 0x4, 0x55, 0x55, 0x55,
    0x55, 0x55, 0x51, 0x3, 0xff, 0xff, 0xff, 0xe0,
    0xdf, 0xff, 0xff, 0xff, 0xff, 0xff, 0x30, 0x3f,
    0xff, 0xff, 0xfe, 0xd, 0xfd, 0xbb, 0xbb, 0xbb,
    0xcf, 0xf3, 0x3, 0xfe, 0x0, 0x3f, 0xe0, 0xdf,
    0x40, 0x0, 0x0, 0x0, 0xff, 0x30, 0x3f, 0xe0,
    0x3, 0xfe, 0xd, 0xf4, 0x0, 0x0, 0x0, 0xf,
    0xf3, 0x3, 0xfe, 0x0, 0x3f, 0xe0, 0xdf, 0x72,
    0x22, 0x22, 0x23, 0xff, 0x30, 0x3f, 0xfe, 0xee,
    0xfe, 0xd, 0xff, 0xff, 0xff, 0xff, 0xff, 0xf3,
    0x3, 0xff, 0xff, 0xff, 0xe0, 0xdf, 0xee, 0xee,
    0xff, 0xee, 0xee, 0x20, 0x3f, 0xe0, 0x3, 0xfe,
    0xd, 0xf4, 0x0, 0x1f, 0xf1, 0x0, 0x0, 0x3,
    0xfe, 0x0, 0x3f, 0xe0, 0xdf, 0x40, 0x1, 0xff,
    0x20, 0x0, 0x0, 0x3f, 0xe0, 0x3, 0xfe, 0xd,
    0xf4, 0x0, 0xf, 0xf3, 0x0, 0x0, 0x3, 0xff,
    0xff, 0xff, 0xe0, 0xdf, 0xfe, 0xee, 0xff, 0xfe,
    0xee, 0xd0, 0x3f, 0xff, 0xff, 0xfe, 0xd, 0xff,
    0xff, 0xff, 0xff, 0xff, 0xfe, 0x3, 0xfe, 0x0,
    0x3f, 0xe0, 0xdf, 0x72, 0x22, 0xdf, 0x92, 0x22,
    0x20, 0x3f, 0xe0, 0x3, 0xfe, 0xd, 0xf4, 0x0,
    0xa, 0xfa, 0x0, 0x0, 0x3, 0xfe, 0x0, 0x3f,
    0xe0, 0xdf, 0x40, 0x0, 0x7f, 0xd0, 0x0, 0x0,
    0x3f, 0xfe, 0xef, 0xfe, 0xd, 0xf4, 0x0, 0x4,
    0xff, 0x10, 0x12, 0x3, 0xff, 0xff, 0xff, 0xe0,
    0xdf, 0x40, 0x0, 0xf, 0xf5, 0x4, 0xf3, 0x3f,
    0xe0, 0x0, 0x0, 0xe, 0xf5, 0x37, 0xb4, 0xaf,
    0xc0, 0x5f, 0x33, 0xfe, 0x0, 0x0, 0x4, 0xff,
    0xff, 0xff, 0x54, 0xff, 0x8a, 0xf1, 0x0, 0x0,
    0x0, 0x0, 0xbf, 0xff, 0xe9, 0x51, 0xb, 0xff,
    0xfc, 0x0, 0x0, 0x0, 0x0, 0x2, 0xd7, 0x30,
    0x0, 0x0, 0xa, 0xfd, 0x30, 0x0, 0x0, 0x0,
    0x0, 0x0, 0x0, 0x0, 0x0, 0x0, 0x0, 0x0,
    0x0,

    /* U+7740 "着" */
    0x0, 0x0, 0x0, 0x26, 0x0, 0x0, 0x0, 0x1,
    0x50, 0x0, 0x0, 0x0, 0x0, 0x0, 0x3f, 0xf7,
    0x0, 0x0, 0x0, 0x9f, 0xf1, 0x0, 0x0, 0x0,
    0x0, 0x0, 0xaf, 0xf2, 0x0, 0x0, 0x3f, 0xf6,
    0x0, 0x0, 0x0, 0x7, 0xbb, 0xbc, 0xff, 0xcb,
    0xbb, 0xbe, 0xff, 0xcb, 0xbb, 0x30, 0x0, 0x9f,
    0xff, 0xff, 0xff, 0xff, 0xff, 0xff, 0xff, 0xff,
    0xf4, 0x0, 0x0, 0x0, 0x0, 0x0, 0x6f, 0xf1,
    0x0, 0x0, 0x0, 0x0, 0x0, 0x0, 0x5, 0xaa,
    0xaa, 0xad, 0xfe, 0xaa, 0xaa, 0xaa, 0xaa, 0x10,
    0x0, 0x0, 0x7f, 0xff, 0xff, 0xff, 0xff, 0xff,
    0xff, 0xff, 0xf2, 0x0, 0x0, 0x0, 0x0, 0x0,
    0xbf, 0xc1, 0x0, 0x0, 0x0, 0x0, 0x0, 0x0,
    0x68, 0x88, 0x88, 0x9f, 0xfc, 0x88, 0x88, 0x88,
    0x88, 0x88, 0x82, 0xb, 0xff, 0xff, 0xff, 0xff,
    0xff, 0xff, 0xff, 0xff, 0xff, 0xff, 0x40, 0x23,
    0x33, 0x3b, 0xff, 0x43, 0x33, 0x33, 0x33, 0x33,
    0x33, 0x31, 0x0, 0x0, 0x5, 0xff, 0xd9, 0x99,
    0x99, 0x99, 0x99, 0x99, 0x10, 0x0, 0x0, 0x3,
    0xff, 0xff, 0xff, 0xff, 0xff, 0xff, 0xff, 0xf2,
    0x0, 0x0, 0x1, 0xef, 0xff, 0x71, 0x11, 0x11,
    0x11, 0x14, 0xff, 0x20, 0x0, 0x3, 0xef, 0xff,
    0xfa, 0x55, 0x55, 0x55, 0x55, 0x8f, 0xf2, 0x0,
    0x6, 0xff, 0xf6, 0xdf, 0xff, 0xff, 0xff, 0xff,
    0xff, 0xff, 0x20, 0x5, 0xff, 0xf5, 0xd, 0xf6,
    0x0, 0x0, 0x0, 0x0, 0x3f, 0xf2, 0x0, 0x7,
    0xd2, 0x0, 0xdf, 0xff, 0xff, 0xff, 0xff, 0xff,
    0xff, 0x20, 0x0, 0x0, 0x0, 0xd, 0xf9, 0x55,
    0x55, 0x55, 0x55, 0x7f, 0xf2, 0x0, 0x0, 0x0,
    0x0, 0xdf, 0xc9, 0x99, 0x99, 0x99, 0x9b, 0xff,
    0x20, 0x0, 0x0, 0x0, 0xd, 0xff, 0xff, 0xff,
    0xff, 0xff, 0xff, 0xf2, 0x0, 0x0, 0x0, 0x0,
    0xdf, 0x70, 0x0, 0x0, 0x0, 0x3, 0xff, 0x20,
    0x0,

    /* U+77E5 "知" */
    0x0, 0x1, 0x0, 0x0, 0x0, 0x0, 0x0, 0x0,
    0x0, 0x0, 0x0, 0x0, 0xb, 0xf8, 0x0, 0x0,
    0x0, 0x0, 0x0, 0x0, 0x0, 0x0, 0x0, 0xf,
    0xf5, 0x0, 0x0, 0x0, 0x2, 0x22, 0x22, 0x22,
    0x22, 0x0, 0x4f, 0xf3, 0x11, 0x11, 0x11, 0xf,
    0xff, 0xff, 0xff, 0xfe, 0x0, 0x8f, 0xff, 0xff,
    0xff, 0xfa, 0xf, 0xff, 0xee, 0xef, 0xfe, 0x0,
    0xef, 0xff, 0xff, 0xff, 0xfa, 0xf, 0xf3, 0x0,
    0x5, 0xfe, 0x6, 0xff, 0x14, 0xff, 0x0, 0x0,
    0xf, 0xf3, 0x0, 0x5, 0xfe, 0x1e, 0xf8, 0x4,
    0xff, 0x0, 0x0, 0xf, 0xf3, 0x0, 0x5, 0xfe,
    0x1a, 0xe1, 0x4, 0xff, 0x0, 0x0, 0xf, 0xf3,
    0x0, 0x5, 0xfe, 0x0, 0x10, 0x4, 0xff, 0x0,
    0x0, 0xf, 0xf3, 0x0, 0x5, 0xfe, 0xd, 0xdd,
    0xde, 0xff, 0xed, 0xdd, 0x4f, 0xf3, 0x0, 0x5,
    0xfe, 0xf, 0xff, 0xff, 0xff, 0xff, 0xff, 0x4f,
    0xf3, 0x0, 0x5, 0xfe, 0x4, 0x44, 0x49, 0xfe,
    0x44, 0x44, 0x1f, 0xf3, 0x0, 0x5, 0xfe, 0x0,
    0x0, 0xa, 0xfc, 0x0, 0x0, 0xf, 0xf3, 0x0,
    0x5, 0xfe, 0x0, 0x0, 0xd, 0xff, 0x70, 0x0,
    0xf, 0xf3, 0x0, 0x5, 0xfe, 0x0, 0x0, 0x2f,
    0xff, 0xf6, 0x0, 0xf, 0xf3, 0x0, 0x5, 0xfe,
    0x0, 0x0, 0x8f, 0xe7, 0xff, 0x50, 0xf, 0xf3,
    0x0, 0x5, 0xfe, 0x0, 0x2, 0xff, 0x80, 0xaf,
    0xf3, 0xf, 0xf3, 0x0, 0x5, 0xfe, 0x0, 0xb,
    0xff, 0x10, 0xd, 0xfe, 0x2f, 0xfe, 0xdd, 0xde,
    0xfe, 0x0, 0x8f, 0xf7, 0x0, 0x2, 0xfc, 0xf,
    0xff, 0xff, 0xff, 0xfe, 0x9, 0xff, 0xb0, 0x0,
    0x0, 0x51, 0xf, 0xf7, 0x44, 0x48, 0xfe, 0x1d,
    0xfc, 0x10, 0x0, 0x0, 0x0, 0xf, 0xf3, 0x0,
    0x5, 0xfe, 0x1, 0xa0, 0x0, 0x0, 0x0, 0x0,
    0x4, 0x41, 0x0, 0x0, 0x0,

    /* U+77F3 "石" */
    0x1, 0x44, 0x44, 0x44, 0x44, 0x44, 0x44, 0x44,
    0x44, 0x44, 0x44, 0x30, 0x4f, 0xff, 0xff, 0xff,
    0xff, 0xff, 0xff, 0xff, 0xff, 0xff, 0xfb, 0x3,
    0xee, 0xee, 0xee, 0xff, 0xfe, 0xee, 0xee, 0xee,
    0xee, 0xee, 0xb0, 0x0, 0x0, 0x0, 0xd, 0xfb,
    0x0, 0x0, 0x0, 0x0, 0x0, 0x0, 0x0, 0x0,
    0x0, 0x4, 0xff, 0x50, 0x0, 0x0, 0x0, 0x0,
    0x0, 0x0, 0x0, 0x0, 0x0, 0xbf, 0xe0, 0x0,
    0x0, 0x0, 0x0, 0x0, 0x0, 0x0, 0x0, 0x0,
    0x3f, 0xf7, 0x0, 0x0, 0x0, 0x0, 0x0, 0x0,
    0x0, 0x0, 0x0, 0xc, 0xfe, 0x0, 0x0, 0x0,
    0x0, 0x0, 0x0, 0x0, 0x0, 0x0, 0x6, 0xff,
    0x93, 0x33, 0x33, 0x33, 0x33, 0x33, 0x31, 0x0,
    0x0, 0x2, 0xff, 0xff, 0xff, 0xff, 0xff, 0xff,
    0xff, 0xff, 0x50, 0x0, 0x1, 0xdf, 0xff, 0xff,
    0xff, 0xff, 0xff, 0xff, 0xff, 0xf5, 0x0, 0x0,
    0xbf, 0xff, 0xf4, 0x0, 0x0, 0x0, 0x0, 0x0,
    0xff, 0x50, 0x1, 0xcf, 0xf8, 0xff, 0x40, 0x0,
    0x0, 0x0, 0x0, 0xf, 0xf5, 0x1, 0xdf, 0xf6,
    0xf, 0xf4, 0x0, 0x0, 0x0, 0x0, 0x0, 0xff,
    0x50, 0x8, 0xf4, 0x0, 0xff, 0x40, 0x0, 0x0,
    0x0, 0x0, 0xf, 0xf5, 0x0, 0x2, 0x0, 0xf,
    0xf4, 0x0, 0x0, 0x0, 0x0, 0x0, 0xff, 0x50,
    0x0, 0x0, 0x0, 0xff, 0x40, 0x0, 0x0, 0x0,
    0x0, 0xf, 0xf5, 0x0, 0x0, 0x0, 0xf, 0xff,
    0xff, 0xff, 0xff, 0xff, 0xff, 0xff, 0x50, 0x0,
    0x0, 0x0, 0xff, 0xff, 0xff, 0xff, 0xff, 0xff,
    0xff, 0xf5, 0x0, 0x0, 0x0, 0xf, 0xf7, 0x33,
    0x33, 0x33, 0x33, 0x34, 0xff, 0x50, 0x0, 0x0,
    0x0, 0xff, 0x40, 0x0, 0x0, 0x0, 0x0, 0xf,
    0xf5, 0x0,

    /* U+793A "示" */
    0x0, 0x1, 0x55, 0x55, 0x55, 0x55, 0x55, 0x55,
    0x55, 0x55, 0x30, 0x0, 0x0, 0x3f, 0xff, 0xff,
    0xff, 0xff, 0xff, 0xff, 0xff, 0xfa, 0x0, 0x0,
    0x3, 0xdd, 0xdd, 0xdd, 0xdd, 0xdd, 0xdd, 0xdd,
    0xdd, 0x90, 0x0, 0x0, 0x0, 0x0, 0x0, 0x0,
    0x0, 0x0, 0x0, 0x0, 0x0, 0x0, 0x0, 0x0,
    0x0, 0x0, 0x0, 0x0, 0x0, 0x0, 0x0, 0x0,
    0x0, 0x0, 0x0, 0x0, 0x0, 0x0, 0x0, 0x0,
    0x0, 0x0, 0x0, 0x0, 0x0, 0x6, 0xff, 0xff,
    0xff, 0xff, 0xff, 0xff, 0xff, 0xff, 0xff, 0xff,
    0xd0, 0x6f, 0xff, 0xff, 0xff, 0xff, 0xff, 0xff,
    0xff, 0xff, 0xff, 0xfd, 0x1, 0x44, 0x44, 0x44,
    0x44, 0x4f, 0xfa, 0x44, 0x44, 0x44, 0x44, 0x40,
    0x0, 0x0, 0x0, 0x0, 0x0, 0xff, 0x80, 0x0,
    0x0, 0x0, 0x0, 0x0, 0x0, 0x5, 0x40, 0x0,
    0xf, 0xf8, 0x0, 0x2, 0x60, 0x0, 0x0, 0x0,
    0x1, 0xff, 0x90, 0x0, 0xff, 0x80, 0x4, 0xff,
    0x40, 0x0, 0x0, 0x0, 0x9f, 0xf2, 0x0, 0xf,
    0xf8, 0x0, 0xc, 0xfe, 0x10, 0x0, 0x0, 0x1f,
    0xf9, 0x0, 0x0, 0xff, 0x80, 0x0, 0x3f, 0xf9,
    0x0, 0x0, 0xa, 0xff, 0x20, 0x0, 0xf, 0xf8,
    0x0, 0x0, 0x8f, 0xf3, 0x0, 0x5, 0xff, 0x90,
    0x0, 0x0, 0xff, 0x80, 0x0, 0x0, 0xef, 0xc0,
    0x3, 0xff, 0xd0, 0x0, 0x0, 0xf, 0xf8, 0x0,
    0x0, 0x7, 0xff, 0x30, 0xbf, 0xf3, 0x0, 0x0,
    0x0, 0xff, 0x80, 0x0, 0x0, 0xf, 0xf9, 0x0,
    0x75, 0x0, 0x5, 0x55, 0x5f, 0xf7, 0x0, 0x0,
    0x0, 0x86, 0x0, 0x0, 0x0, 0x0, 0xdf, 0xff,
    0xff, 0x40, 0x0, 0x0, 0x0, 0x0, 0x0, 0x0,
    0x0, 0x8, 0xff, 0xec, 0x60, 0x0, 0x0, 0x0,
    0x0, 0x0, 0x0, 0x0, 0x0, 0x0, 0x0, 0x0,
    0x0, 0x0, 0x0, 0x0, 0x0,

    /* U+79CD "种" */
    0x0, 0x0, 0x0, 0x0, 0x0, 0x0, 0x0, 0x0,
    0x11, 0x0, 0x0, 0x0, 0x0, 0x0, 0x1, 0x6b,
    0x10, 0x0, 0x0, 0x5f, 0xe0, 0x0, 0x0, 0x0,
    0x36, 0x9d, 0xff, 0xfb, 0x0, 0x0, 0x5, 0xfe,
    0x0, 0x0, 0x0, 0xcf, 0xff, 0xff, 0xb7, 0x20,
    0x0, 0x0, 0x5f, 0xe0, 0x0, 0x0, 0x6, 0xb9,
    0x9f, 0xe0, 0x0, 0x0, 0x0, 0x5, 0xfe, 0x0,
    0x0, 0x0, 0x0, 0x4, 0xfe, 0x0, 0x1, 0x22,
    0x22, 0x7f, 0xe2, 0x22, 0x22, 0x0, 0x0, 0x4f,
    0xe0, 0x0, 0x8f, 0xff, 0xff, 0xff, 0xff, 0xff,
    0xe0, 0x44, 0x48, 0xfe, 0x44, 0x38, 0xff, 0xff,
    0xff, 0xff, 0xff, 0xfe, 0xf, 0xff, 0xff, 0xff,
    0xfc, 0x8f, 0xc1, 0x16, 0xfe, 0x11, 0x6f, 0xe0,
    0xdd, 0xdf, 0xff, 0xdd, 0xa8, 0xfb, 0x0, 0x5f,
    0xe0, 0x5, 0xfe, 0x0, 0x0, 0xef, 0xf3, 0x0,
    0x8f, 0xb0, 0x5, 0xfe, 0x0, 0x5f, 0xe0, 0x0,
    0x6f, 0xff, 0xe2, 0x8, 0xfb, 0x0, 0x5f, 0xe0,
    0x5, 0xfe, 0x0, 0xd, 0xff, 0xff, 0xe1, 0x8f,
    0xb0, 0x5, 0xfe, 0x0, 0x5f, 0xe0, 0x5, 0xfd,
    0xfe, 0x7f, 0xc8, 0xff, 0xff, 0xff, 0xff, 0xff,
    0xfe, 0x0, 0xdf, 0x6f, 0xe0, 0xd8, 0x8f, 0xff,
    0xff, 0xff, 0xff, 0xff, 0xe0, 0x9f, 0x94, 0xfe,
    0x3, 0x8, 0xfc, 0x33, 0x8f, 0xf3, 0x37, 0xfe,
    0x4f, 0xf2, 0x4f, 0xe0, 0x0, 0x6b, 0x80, 0x5,
    0xfe, 0x0, 0x28, 0x82, 0xf7, 0x4, 0xfe, 0x0,
    0x0, 0x0, 0x0, 0x5f, 0xe0, 0x0, 0x0, 0x6,
    0x0, 0x4f, 0xe0, 0x0, 0x0, 0x0, 0x5, 0xfe,
    0x0, 0x0, 0x0, 0x0, 0x4, 0xfe, 0x0, 0x0,
    0x0, 0x0, 0x5f, 0xe0, 0x0, 0x0, 0x0, 0x0,
    0x4f, 0xe0, 0x0, 0x0, 0x0, 0x5, 0xfe, 0x0,
    0x0, 0x0, 0x0, 0x4, 0xfe, 0x0, 0x0, 0x0,
    0x0, 0x5f, 0xe0, 0x0, 0x0, 0x0, 0x0, 0x4f,
    0xe0, 0x0, 0x0, 0x0, 0x5, 0xfe, 0x0, 0x0,
    0x0, 0x0, 0x0, 0x0, 0x0, 0x0, 0x0, 0x0,
    0x0, 0x0, 0x0, 0x0,

    /* U+79D2 "秒" */
    0x0, 0x0, 0x0, 0x0, 0x0, 0x0, 0x0, 0x0,
    0x0, 0x0, 0x0, 0x0, 0x0, 0x0, 0x0, 0x4,
    0xa1, 0x0, 0x0, 0xe, 0xf3, 0x0, 0x0, 0x0,
    0x0, 0x14, 0x7b, 0xff, 0xfb, 0x0, 0x0, 0xe,
    0xf3, 0x0, 0x0, 0x0, 0xa, 0xff, 0xff, 0xfd,
    0x84, 0x0, 0x0, 0xe, 0xf3, 0x0, 0x0, 0x0,
    0x6, 0xda, 0x9f, 0xf0, 0x0, 0x0, 0x0, 0xe,
    0xf3, 0x1, 0x20, 0x0, 0x0, 0x0, 0x3f, 0xf0,
    0x0, 0x6, 0xd7, 0xe, 0xf3, 0x4f, 0xd0, 0x0,
    0x0, 0x0, 0x3f, 0xf0, 0x0, 0x9, 0xf8, 0xe,
    0xf3, 0xe, 0xf5, 0x0, 0x4, 0x44, 0x7f, 0xf4,
    0x44, 0x1c, 0xf5, 0xe, 0xf3, 0x8, 0xfc, 0x0,
    0xf, 0xff, 0xff, 0xff, 0xff, 0x3f, 0xf2, 0xe,
    0xf3, 0x1, 0xff, 0x30, 0xd, 0xdd, 0xef, 0xfd,
    0xdd, 0x5f, 0xf0, 0xe, 0xf3, 0x0, 0xbf, 0x80,
    0x0, 0x0, 0xcf, 0xf3, 0x0, 0x7f, 0xb0, 0xe,
    0xf3, 0x0, 0x7f, 0xd0, 0x0, 0x4, 0xff, 0xfe,
    0x20, 0xdf, 0x60, 0xe, 0xf3, 0x0, 0x2b, 0x60,
    0x0, 0xb, 0xff, 0xff, 0xd1, 0x6d, 0x10, 0xe,
    0xf3, 0x0, 0x10, 0x0, 0x0, 0x2f, 0xef, 0xf8,
    0xfb, 0x0, 0x0, 0xe, 0xf3, 0x6, 0xfc, 0x0,
    0x0, 0xbf, 0x7f, 0xf0, 0xeb, 0x0, 0x0, 0xe,
    0xf3, 0xe, 0xf8, 0x0, 0x5, 0xfc, 0x3f, 0xf0,
    0x41, 0x0, 0x0, 0xb, 0xc2, 0x8f, 0xf1, 0x0,
    0x2f, 0xf4, 0x3f, 0xf0, 0x0, 0x0, 0x0, 0x0,
    0x6, 0xff, 0x70, 0x0, 0x1f, 0xa0, 0x3f, 0xf0,
    0x0, 0x0, 0x0, 0x0, 0x6f, 0xfa, 0x0, 0x0,
    0x7, 0x10, 0x3f, 0xf0, 0x0, 0x0, 0x0, 0x2a,
    0xff, 0xb0, 0x0, 0x0, 0x0, 0x0, 0x3f, 0xf0,
    0x0, 0x0, 0x19, 0xff, 0xfa, 0x0, 0x0, 0x0,
    0x0, 0x0, 0x3f, 0xf0, 0x4, 0x8d, 0xff, 0xfc,
    0x40, 0x0, 0x0, 0x0, 0x0, 0x0, 0x3f, 0xf0,
    0x1e, 0xff, 0xfc, 0x60, 0x0, 0x0, 0x0, 0x0,
    0x0, 0x0, 0x3f, 0xf0, 0x6, 0xb6, 0x10, 0x0,
    0x0, 0x0, 0x0, 0x0,

    /* U+79EF "积" */
    0x0, 0x0, 0x0, 0x0, 0x2, 0x0, 0x0, 0x0,
    0x0, 0x0, 0x0, 0x0, 0x0, 0x0, 0x2, 0x6a,
    0xfe, 0x10, 0x0, 0x0, 0x0, 0x0, 0x0, 0x0,
    0x7, 0xac, 0xff, 0xff, 0xfe, 0x56, 0xdd, 0xdd,
    0xdd, 0xdd, 0xdd, 0x10, 0xe, 0xff, 0xff, 0xf9,
    0x20, 0x6, 0xff, 0xff, 0xff, 0xff, 0xff, 0x10,
    0x4, 0x42, 0xd, 0xf4, 0x0, 0x6, 0xfc, 0x44,
    0x44, 0x46, 0xff, 0x10, 0x0, 0x0, 0xd, 0xf4,
    0x0, 0x6, 0xfb, 0x0, 0x0, 0x2, 0xff, 0x10,
    0x0, 0x0, 0xd, 0xf4, 0x0, 0x6, 0xfb, 0x0,
    0x0, 0x2, 0xff, 0x10, 0x3, 0x33, 0x3e, 0xf7,
    0x33, 0x26, 0xfb, 0x0, 0x0, 0x2, 0xff, 0x10,
    0xf, 0xff, 0xff, 0xff, 0xff, 0xe6, 0xfb, 0x0,
    0x0, 0x2, 0xff, 0x10, 0xe, 0xee, 0xff, 0xff,
    0xee, 0xd6, 0xfb, 0x0, 0x0, 0x2, 0xff, 0x10,
    0x0, 0x0, 0x8f, 0xf9, 0x0, 0x6, 0xfb, 0x0,
    0x0, 0x2, 0xff, 0x10, 0x0, 0x1, 0xff, 0xff,
    0x90, 0x6, 0xff, 0xff, 0xff, 0xff, 0xff, 0x10,
    0x0, 0x8, 0xff, 0xfd, 0xf8, 0x6, 0xff, 0xff,
    0xff, 0xff, 0xff, 0x10, 0x0, 0x1f, 0xee, 0xf5,
    0xdf, 0x71, 0x33, 0x33, 0x33, 0x33, 0x33, 0x0,
    0x0, 0xaf, 0x6d, 0xf4, 0x4f, 0x80, 0x0, 0x0,
    0x0, 0x0, 0x0, 0x0, 0x5, 0xfe, 0xd, 0xf4,
    0x8, 0x0, 0x7, 0x40, 0x0, 0x17, 0x20, 0x0,
    0x2f, 0xf6, 0xd, 0xf4, 0x0, 0x0, 0x4f, 0xf3,
    0x0, 0xcf, 0xa0, 0x0, 0xe, 0xc0, 0xd, 0xf4,
    0x0, 0x0, 0xaf, 0xc0, 0x0, 0x4f, 0xf3, 0x0,
    0x5, 0x20, 0xd, 0xf4, 0x0, 0x1, 0xff, 0x60,
    0x0, 0xc, 0xfb, 0x0, 0x0, 0x0, 0xd, 0xf4,
    0x0, 0x9, 0xff, 0x0, 0x0, 0x4, 0xff, 0x30,
    0x0, 0x0, 0xd, 0xf4, 0x0, 0x3f, 0xf7, 0x0,
    0x0, 0x0, 0xdf, 0xa0, 0x0, 0x0, 0xd, 0xf4,
    0x0, 0xef, 0xd0, 0x0, 0x0, 0x0, 0x6f, 0xf0,
    0x0, 0x0, 0xd, 0xf4, 0x0, 0x1b, 0x20, 0x0,
    0x0, 0x0, 0x19, 0x30,

    /* U+7A00 "稀" */
    0x0, 0x0, 0x0, 0x2, 0x0, 0x0, 0x0, 0x0,
    0x0, 0x3, 0x30, 0x0, 0x0, 0x0, 0x38, 0xee,
    0x10, 0x2d, 0x94, 0x0, 0x0, 0x5f, 0xf7, 0x0,
    0x6, 0xbf, 0xff, 0xfe, 0x50, 0x8f, 0xff, 0xe9,
    0x4b, 0xff, 0x60, 0x0, 0x9, 0xff, 0xff, 0x40,
    0x0, 0x0, 0x5a, 0xff, 0xff, 0xf3, 0x0, 0x0,
    0x1, 0x30, 0xef, 0x0, 0x0, 0x2, 0x7d, 0xff,
    0xff, 0xfe, 0x60, 0x0, 0x0, 0x0, 0xef, 0x0,
    0x6, 0xdf, 0xff, 0xd6, 0x5, 0xdf, 0xfd, 0x40,
    0x0, 0x0, 0xef, 0x0, 0x2, 0xff, 0xab, 0xe7,
    0x0, 0x5, 0xee, 0x20, 0xa, 0xaa, 0xff, 0xaa,
    0x50, 0x20, 0xd, 0xf5, 0x0, 0x0, 0x2, 0x0,
    0xf, 0xff, 0xff, 0xff, 0x8b, 0xdd, 0xdf, 0xfe,
    0xdd, 0xdd, 0xdd, 0xd1, 0x7, 0x7b, 0xff, 0x87,
    0x4d, 0xff, 0xff, 0xff, 0xff, 0xff, 0xff, 0xf1,
    0x0, 0xc, 0xff, 0x60, 0x1, 0x17, 0xff, 0x22,
    0x21, 0x11, 0x11, 0x10, 0x0, 0x1f, 0xff, 0xf3,
    0x0, 0x1f, 0xf7, 0xa, 0xf5, 0x0, 0x0, 0x0,
    0x0, 0x7f, 0xff, 0xee, 0x10, 0xbf, 0xe1, 0xa,
    0xf6, 0x0, 0x0, 0x0, 0x0, 0xde, 0xef, 0x7f,
    0x4a, 0xff, 0xff, 0xff, 0xff, 0xff, 0xff, 0x20,
    0x4, 0xf8, 0xef, 0x8, 0xaf, 0xff, 0xfe, 0xef,
    0xff, 0xee, 0xff, 0x20, 0xc, 0xf2, 0xef, 0x0,
    0x6f, 0xbf, 0xc0, 0xa, 0xf5, 0x0, 0xef, 0x20,
    0x4f, 0xb0, 0xef, 0x0, 0x3, 0x4f, 0xc0, 0xa,
    0xf5, 0x0, 0xef, 0x20, 0x1e, 0x20, 0xef, 0x0,
    0x0, 0x4f, 0xc0, 0xa, 0xf5, 0x0, 0xef, 0x20,
    0x3, 0x0, 0xef, 0x0, 0x0, 0x4f, 0xc0, 0xa,
    0xf5, 0x0, 0xef, 0x20, 0x0, 0x0, 0xef, 0x0,
    0x0, 0x4f, 0xc0, 0xa, 0xf5, 0xae, 0xff, 0x10,
    0x0, 0x0, 0xef, 0x0, 0x0, 0x4f, 0xc0, 0xa,
    0xf5, 0x6f, 0xd7, 0x0, 0x0, 0x0, 0xef, 0x0,
    0x0, 0x0, 0x0, 0xa, 0xf5, 0x0, 0x0, 0x0,
    0x0, 0x0, 0xef, 0x0, 0x0, 0x0, 0x0, 0xa,
    0xf5, 0x0, 0x0, 0x0,

    /* U+7A0D "稍" */
    0x0, 0x0, 0x0, 0x0, 0x0, 0x0, 0x0, 0x0,
    0x0, 0x0, 0x0, 0x0, 0x0, 0x0, 0x0, 0x5b,
    0x0, 0x1, 0x0, 0xd, 0xf4, 0x0, 0x2, 0x0,
    0x0, 0x47, 0xbf, 0xff, 0xa0, 0x7f, 0x60, 0xd,
    0xf4, 0x0, 0x7f, 0xb0, 0xa, 0xff, 0xff, 0xd7,
    0x20, 0x4f, 0xe0, 0xd, 0xf4, 0x0, 0xef, 0x70,
    0x4, 0xa7, 0xbf, 0x70, 0x0, 0xb, 0xf6, 0xd,
    0xf4, 0x7, 0xfe, 0x0, 0x0, 0x0, 0x8f, 0x70,
    0x0, 0x3, 0xfd, 0xd, 0xf4, 0x1f, 0xf5, 0x0,
    0x0, 0x0, 0x8f, 0x70, 0x0, 0x0, 0xb6, 0xd,
    0xf4, 0x18, 0xa0, 0x0, 0x3, 0x33, 0xaf, 0x93,
    0x30, 0x13, 0x43, 0x3e, 0xf7, 0x33, 0x44, 0x0,
    0xf, 0xff, 0xff, 0xff, 0xf4, 0x4f, 0xff, 0xff,
    0xff, 0xff, 0xff, 0x20, 0xe, 0xee, 0xff, 0xfe,
    0xe3, 0x4f, 0xfd, 0xdd, 0xdd, 0xdd, 0xff, 0x20,
    0x0, 0x4, 0xff, 0x90, 0x0, 0x4f, 0xc0, 0x0,
    0x0, 0x0, 0xef, 0x20, 0x0, 0xb, 0xff, 0xf6,
    0x0, 0x4f, 0xd0, 0x0, 0x0, 0x0, 0xef, 0x20,
    0x0, 0x1f, 0xff, 0xff, 0x40, 0x4f, 0xff, 0xff,
    0xff, 0xff, 0xff, 0x20, 0x0, 0x8f, 0xef, 0x8e,
    0xf1, 0x4f, 0xfe, 0xee, 0xee, 0xee, 0xff, 0x20,
    0x1, 0xff, 0x9f, 0x75, 0xa0, 0x4f, 0xc0, 0x0,
    0x0, 0x0, 0xef, 0x20, 0x9, 0xf9, 0x8f, 0x70,
    0x0, 0x4f, 0xc0, 0x0, 0x0, 0x0, 0xef, 0x20,
    0x1f, 0xf2, 0x8f, 0x70, 0x0, 0x4f, 0xfe, 0xee,
    0xee, 0xee, 0xff, 0x20, 0xb, 0x90, 0x8f, 0x70,
    0x0, 0x4f, 0xff, 0xff, 0xff, 0xff, 0xff, 0x20,
    0x3, 0x10, 0x8f, 0x70, 0x0, 0x4f, 0xc0, 0x0,
    0x0, 0x0, 0xef, 0x20, 0x0, 0x0, 0x8f, 0x70,
    0x0, 0x4f, 0xc0, 0x0, 0x0, 0x0, 0xef, 0x20,
    0x0, 0x0, 0x8f, 0x70, 0x0, 0x4f, 0xc0, 0x0,
    0x13, 0x33, 0xff, 0x20, 0x0, 0x0, 0x8f, 0x70,
    0x0, 0x4f, 0xc0, 0x0, 0x1f, 0xff, 0xff, 0x0,
    0x0, 0x0, 0x8f, 0x70, 0x0, 0x4f, 0xc0, 0x0,
    0xb, 0xdc, 0xa3, 0x0,

    /* U+7AFF "竿" */
    0x0, 0x0, 0x20, 0x0, 0x0, 0x0, 0x0, 0x20,
    0x0, 0x0, 0x0, 0x0, 0x0, 0x1f, 0xf4, 0x0,
    0x0, 0x0, 0x7f, 0xe0, 0x0, 0x0, 0x0, 0x0,
    0x7, 0xff, 0x10, 0x0, 0x0, 0xe, 0xfb, 0x0,
    0x0, 0x0, 0x0, 0x0, 0xdf, 0xff, 0xff, 0xff,
    0xa5, 0xff, 0xff, 0xff, 0xff, 0xfb, 0x0, 0x5f,
    0xff, 0xff, 0xee, 0xea, 0xdf, 0xff, 0xff, 0xfe,
    0xee, 0xb0, 0xe, 0xf9, 0x3f, 0xf2, 0x0, 0x8f,
    0xf2, 0x1e, 0xf8, 0x0, 0x0, 0xa, 0xfe, 0x10,
    0xbf, 0xa0, 0x6f, 0xf8, 0x0, 0x5f, 0xf3, 0x0,
    0x1, 0xdf, 0x50, 0x4, 0xfb, 0x5, 0xeb, 0x0,
    0x0, 0xcd, 0x50, 0x0, 0x0, 0x40, 0x0, 0x3,
    0x0, 0x2, 0x10, 0x0, 0x2, 0x0, 0x0, 0x0,
    0x0, 0xaf, 0xff, 0xff, 0xff, 0xff, 0xff, 0xff,
    0xff, 0xfc, 0x0, 0x0, 0xa, 0xff, 0xff, 0xff,
    0xff, 0xff, 0xff, 0xff, 0xff, 0xc0, 0x0, 0x0,
    0x11, 0x11, 0x11, 0x15, 0xff, 0x31, 0x11, 0x11,
    0x11, 0x0, 0x0, 0x0, 0x0, 0x0, 0x0, 0x4f,
    0xf1, 0x0, 0x0, 0x0, 0x0, 0x0, 0x0, 0x0,
    0x0, 0x0, 0x4, 0xff, 0x10, 0x0, 0x0, 0x0,
    0x0, 0x3, 0x33, 0x33, 0x33, 0x33, 0x7f, 0xf5,
    0x33, 0x33, 0x33, 0x33, 0x30, 0xef, 0xff, 0xff,
    0xff, 0xff, 0xff, 0xff, 0xff, 0xff, 0xff, 0xfd,
    0xe, 0xff, 0xff, 0xff, 0xff, 0xff, 0xff, 0xff,
    0xff, 0xff, 0xff, 0xc0, 0x0, 0x0, 0x0, 0x0,
    0x4, 0xff, 0x10, 0x0, 0x0, 0x0, 0x0, 0x0,
    0x0, 0x0, 0x0, 0x0, 0x4f, 0xf1, 0x0, 0x0,
    0x0, 0x0, 0x0, 0x0, 0x0, 0x0, 0x0, 0x4,
    0xff, 0x10, 0x0, 0x0, 0x0, 0x0, 0x0, 0x0,
    0x0, 0x0, 0x0, 0x4f, 0xf1, 0x0, 0x0, 0x0,
    0x0, 0x0, 0x0, 0x0, 0x0, 0x0, 0x4, 0xff,
    0x10, 0x0, 0x0, 0x0, 0x0, 0x0, 0x0, 0x0,
    0x0, 0x0, 0x4f, 0xf1, 0x0, 0x0, 0x0, 0x0,
    0x0,

    /* U+7B26 "符" */
    0x0, 0x0, 0x21, 0x0, 0x0, 0x0, 0x0, 0x30,
    0x0, 0x0, 0x0, 0x0, 0x0, 0xd, 0xf7, 0x0,
    0x0, 0x0, 0x4f, 0xf1, 0x0, 0x0, 0x0, 0x0,
    0x4, 0xff, 0x30, 0x0, 0x0, 0xb, 0xfc, 0x0,
    0x0, 0x0, 0x0, 0x0, 0xbf, 0xff, 0xff, 0xff,
    0xb2, 0xff, 0xff, 0xff, 0xff, 0xfd, 0x0, 0x3f,
    0xfe, 0xff, 0xed, 0xda, 0xaf, 0xfd, 0xff, 0xfd,
    0xdd, 0xb0, 0xd, 0xfa, 0xc, 0xf8, 0x0, 0x6f,
    0xf3, 0x8, 0xfd, 0x0, 0x0, 0xa, 0xff, 0x10,
    0x4f, 0xf1, 0x3f, 0xf9, 0x0, 0xd, 0xf7, 0x0,
    0x0, 0x4d, 0x50, 0x2, 0xca, 0x20, 0x6b, 0x0,
    0x0, 0x46, 0x10, 0x0, 0x0, 0x0, 0x2, 0xfe,
    0x30, 0x0, 0x0, 0x0, 0x5, 0xfe, 0x0, 0x0,
    0x0, 0x0, 0xaf, 0xd0, 0x0, 0x0, 0x0, 0x0,
    0x5f, 0xe0, 0x0, 0x0, 0x0, 0x5f, 0xf3, 0x5c,
    0xcc, 0xcc, 0xcc, 0xcd, 0xff, 0xcc, 0xb0, 0x0,
    0x2f, 0xfe, 0x7, 0xff, 0xff, 0xff, 0xff, 0xff,
    0xff, 0xfe, 0x0, 0x1e, 0xff, 0xe0, 0x24, 0x44,
    0x44, 0x44, 0x48, 0xfe, 0x44, 0x40, 0x2d, 0xff,
    0xfe, 0x0, 0x1, 0x50, 0x0, 0x0, 0x5f, 0xe0,
    0x0, 0xb, 0xff, 0x9f, 0xe0, 0x1, 0xff, 0x30,
    0x0, 0x5, 0xfe, 0x0, 0x0, 0x1e, 0x54, 0xfe,
    0x0, 0xa, 0xfd, 0x0, 0x0, 0x5f, 0xe0, 0x0,
    0x0, 0x10, 0x4f, 0xe0, 0x0, 0x1e, 0xf8, 0x0,
    0x5, 0xfe, 0x0, 0x0, 0x0, 0x4, 0xfe, 0x0,
    0x0, 0x6f, 0xf3, 0x0, 0x5f, 0xe0, 0x0, 0x0,
    0x0, 0x4f, 0xe0, 0x0, 0x0, 0xcc, 0x20, 0x5,
    0xfe, 0x0, 0x0, 0x0, 0x4, 0xfe, 0x0, 0x0,
    0x1, 0x0, 0x0, 0x5f, 0xe0, 0x0, 0x0, 0x0,
    0x4f, 0xe0, 0x0, 0x0, 0x1, 0x22, 0x28, 0xfd,
    0x0, 0x0, 0x0, 0x4, 0xfe, 0x0, 0x0, 0x0,
    0x5f, 0xff, 0xff, 0xa0, 0x0, 0x0, 0x0, 0x4f,
    0xe0, 0x0, 0x0, 0x0, 0xff, 0xfd, 0xa1, 0x0,
    0x0, 0x0, 0x0, 0x0, 0x0, 0x0, 0x0, 0x0,
    0x0, 0x0, 0x0, 0x0,

    /* U+7B2C "第" */
    0x0, 0x0, 0x10, 0x0, 0x0, 0x0, 0x1, 0x0,
    0x0, 0x0, 0x0, 0x0, 0x0, 0x6f, 0xb0, 0x0,
    0x0, 0x0, 0xee, 0x60, 0x0, 0x0, 0x0, 0x0,
    0xe, 0xf9, 0x0, 0x0, 0x0, 0x5f, 0xf4, 0x0,
    0x0, 0x0, 0x0, 0x7, 0xff, 0xff, 0xff, 0xff,
    0x4c, 0xff, 0xff, 0xff, 0xff, 0xf0, 0x3, 0xff,
    0xbc, 0xfe, 0xaa, 0xaa, 0xff, 0xab, 0xff, 0xb9,
    0x99, 0x3, 0xff, 0xb0, 0x1f, 0xf2, 0x4, 0xff,
    0x90, 0xa, 0xfc, 0x0, 0x0, 0x7f, 0xc0, 0x0,
    0x9c, 0x40, 0x5d, 0xb0, 0x0, 0xd, 0xa2, 0x0,
    0x0, 0x1a, 0xbb, 0xbc, 0xbb, 0xbb, 0xcc, 0xbb,
    0xbb, 0xcb, 0xb0, 0x0, 0x0, 0xcf, 0xff, 0xff,
    0xff, 0xff, 0xff, 0xff, 0xff, 0xfe, 0x0, 0x0,
    0x1, 0x22, 0x22, 0x22, 0x6f, 0xf2, 0x22, 0x22,
    0x6f, 0xe0, 0x0, 0x0, 0x0, 0x0, 0x0, 0x4,
    0xfe, 0x0, 0x0, 0x4, 0xfe, 0x0, 0x0, 0x0,
    0xdd, 0xdd, 0xdd, 0xef, 0xfd, 0xdd, 0xdd, 0xef,
    0xe0, 0x0, 0x0, 0x1f, 0xff, 0xff, 0xff, 0xff,
    0xff, 0xff, 0xff, 0xfe, 0x0, 0x0, 0x3, 0xfe,
    0x0, 0x0, 0x5f, 0xf0, 0x0, 0x0, 0x0, 0x0,
    0x0, 0x0, 0x6f, 0xc0, 0x0, 0x4, 0xfe, 0x0,
    0x0, 0x0, 0x0, 0x0, 0x0, 0x9, 0xff, 0xff,
    0xff, 0xff, 0xff, 0xff, 0xff, 0xff, 0xfd, 0x0,
    0x0, 0xbe, 0xee, 0xee, 0xff, 0xff, 0xee, 0xee,
    0xee, 0xff, 0xc0, 0x0, 0x0, 0x0, 0x0, 0xaf,
    0xff, 0xe0, 0x0, 0x0, 0xa, 0xfa, 0x0, 0x0,
    0x0, 0x3, 0xdf, 0xd7, 0xfe, 0x0, 0x0, 0x0,
    0xcf, 0x80, 0x0, 0x0, 0x29, 0xff, 0xc1, 0x4f,
    0xe0, 0x0, 0x0, 0x3f, 0xf5, 0x0, 0x3, 0xaf,
    0xff, 0x80, 0x4, 0xfe, 0x0, 0x8f, 0xff, 0xff,
    0x10, 0x2, 0xff, 0xfc, 0x30, 0x0, 0x4f, 0xe0,
    0x3, 0xff, 0xfd, 0x50, 0x0, 0x6, 0xb4, 0x0,
    0x0, 0x4, 0xfe, 0x0, 0x0, 0x0, 0x0, 0x0,
    0x0,

    /* U+7B49 "等" */
    0x0, 0x0, 0x10, 0x0, 0x0, 0x0, 0x0, 0x0,
    0x0, 0x0, 0x0, 0x0, 0x0, 0x1e, 0xe4, 0x0,
    0x0, 0x0, 0x6f, 0xc0, 0x0, 0x0, 0x0, 0x0,
    0x9, 0xff, 0x32, 0x22, 0x21, 0xd, 0xfb, 0x22,
    0x22, 0x22, 0x10, 0x2, 0xff, 0xff, 0xff, 0xff,
    0xb7, 0xff, 0xff, 0xff, 0xff, 0xfc, 0x2, 0xef,
    0xed, 0xff, 0xbb, 0xbb, 0xff, 0xcc, 0xff, 0xcb,
    0xbb, 0x91, 0xdf, 0xf3, 0x2f, 0xf2, 0x3, 0xff,
    0xa0, 0xb, 0xfb, 0x0, 0x0, 0x9, 0xf6, 0x0,
    0xbb, 0x20, 0x2f, 0xf2, 0x0, 0x1f, 0xa1, 0x0,
    0x0, 0x3, 0x0, 0x1, 0x0, 0x3, 0xff, 0x30,
    0x0, 0x20, 0x0, 0x0, 0x0, 0x7, 0xff, 0xff,
    0xff, 0xff, 0xff, 0xff, 0xff, 0xff, 0xb0, 0x0,
    0x0, 0x6d, 0xdd, 0xdd, 0xde, 0xff, 0xdd, 0xdd,
    0xdd, 0xd9, 0x0, 0x0, 0x0, 0x0, 0x0, 0x0,
    0x3f, 0xf2, 0x0, 0x0, 0x0, 0x0, 0x0, 0xab,
    0xbb, 0xbb, 0xbb, 0xbc, 0xff, 0xcb, 0xbb, 0xbb,
    0xbb, 0xbb, 0xe, 0xff, 0xff, 0xff, 0xff, 0xff,
    0xff, 0xff, 0xff, 0xff, 0xff, 0xf0, 0x33, 0x33,
    0x33, 0x33, 0x33, 0x33, 0x33, 0x8f, 0xf3, 0x33,
    0x33, 0x0, 0x0, 0x0, 0x0, 0x0, 0x0, 0x0,
    0x5, 0xff, 0x0, 0x0, 0x0, 0x1e, 0xee, 0xee,
    0xee, 0xee, 0xee, 0xee, 0xff, 0xfe, 0xee, 0xe4,
    0x1, 0xff, 0xff, 0xff, 0xff, 0xff, 0xff, 0xff,
    0xff, 0xff, 0xff, 0x40, 0x0, 0x0, 0x3d, 0xc2,
    0x0, 0x0, 0x0, 0x6f, 0xf0, 0x0, 0x0, 0x0,
    0x0, 0x4, 0xff, 0xe2, 0x0, 0x0, 0x5, 0xff,
    0x0, 0x0, 0x0, 0x0, 0x0, 0x3, 0xef, 0xe2,
    0x0, 0x0, 0x5f, 0xf0, 0x0, 0x0, 0x0, 0x0,
    0x0, 0x2, 0xef, 0x90, 0x11, 0x17, 0xff, 0x0,
    0x0, 0x0, 0x0, 0x0, 0x0, 0x3, 0x90, 0xe,
    0xff, 0xff, 0xc0, 0x0, 0x0, 0x0, 0x0, 0x0,
    0x0, 0x0, 0x0, 0x8f, 0xfe, 0xb2, 0x0, 0x0,
    0x0, 0x0, 0x0, 0x0, 0x0, 0x0, 0x0, 0x0,
    0x0, 0x0, 0x0, 0x0,

    /* U+7BB1 "箱" */
    0x0, 0x0, 0x41, 0x0, 0x0, 0x0, 0x1, 0x30,
    0x0, 0x0, 0x0, 0x0, 0x0, 0x3f, 0xf3, 0x0,
    0x0, 0x0, 0x9f, 0xc0, 0x0, 0x0, 0x0, 0x0,
    0xa, 0xfd, 0x0, 0x0, 0x0, 0x1f, 0xf7, 0x0,
    0x0, 0x0, 0x0, 0x1, 0xff, 0xff, 0xff, 0xff,
    0x88, 0xff, 0xff, 0xff, 0xff, 0xfb, 0x0, 0x9f,
    0xff, 0xff, 0xee, 0xe9, 0xff, 0xef, 0xff, 0xee,
    0xee, 0xa0, 0x4f, 0xf5, 0x6f, 0xe0, 0x0, 0xcf,
    0xe0, 0x2f, 0xf4, 0x0, 0x0, 0x2e, 0xfc, 0x0,
    0xef, 0x50, 0x9f, 0xf4, 0x0, 0x7f, 0xe0, 0x0,
    0x0, 0x9f, 0x20, 0x3b, 0xc2, 0x0, 0xa8, 0x0,
    0x0, 0xe9, 0x10, 0x0, 0x0, 0x10, 0xa, 0xf7,
    0x0, 0x0, 0x44, 0x44, 0x44, 0x44, 0x44, 0x0,
    0x0, 0x0, 0xaf, 0x70, 0x0, 0x3f, 0xff, 0xff,
    0xff, 0xff, 0xe0, 0x7, 0x99, 0x9e, 0xfc, 0x99,
    0x94, 0xff, 0xbb, 0xbb, 0xbd, 0xfe, 0x0, 0xbf,
    0xff, 0xff, 0xff, 0xff, 0x4f, 0xf0, 0x0, 0x0,
    0x6f, 0xe0, 0x1, 0x11, 0x6f, 0xf9, 0x11, 0x13,
    0xff, 0xaa, 0xaa, 0xac, 0xfe, 0x0, 0x0, 0xd,
    0xff, 0xf4, 0x0, 0x3f, 0xff, 0xff, 0xff, 0xff,
    0xe0, 0x0, 0x6, 0xff, 0xff, 0xf5, 0x3, 0xff,
    0x0, 0x0, 0x6, 0xfe, 0x0, 0x0, 0xef, 0xff,
    0xcf, 0xf5, 0x3f, 0xf0, 0x0, 0x0, 0x6f, 0xe0,
    0x0, 0xaf, 0xcb, 0xf7, 0x7f, 0xf5, 0xff, 0xbb,
    0xbb, 0xbd, 0xfe, 0x0, 0x6f, 0xf2, 0xaf, 0x70,
    0xb7, 0x3f, 0xff, 0xff, 0xff, 0xff, 0xe0, 0x4f,
    0xf7, 0xa, 0xf7, 0x0, 0x3, 0xff, 0x0, 0x0,
    0x6, 0xfe, 0x0, 0xdb, 0x0, 0xaf, 0x70, 0x0,
    0x3f, 0xf0, 0x0, 0x0, 0x6f, 0xe0, 0x1, 0x0,
    0xa, 0xf7, 0x0, 0x3, 0xff, 0xee, 0xee, 0xee,
    0xfe, 0x0, 0x0, 0x0, 0xaf, 0x70, 0x0, 0x3f,
    0xff, 0xff, 0xff, 0xff, 0xe0, 0x0, 0x0, 0xa,
    0xf7, 0x0, 0x3, 0xff, 0x0, 0x0, 0x5, 0xdc,
    0x0, 0x0, 0x0, 0x1, 0x0, 0x0, 0x0, 0x0,
    0x0, 0x0, 0x0, 0x0,

    /* U+7D20 "素" */
    0x0, 0x0, 0x0, 0x0, 0x0, 0x4, 0x40, 0x0,
    0x0, 0x0, 0x0, 0x0, 0x0, 0x0, 0x0, 0x0,
    0x2, 0xff, 0x10, 0x0, 0x0, 0x0, 0x0, 0x0,
    0x7b, 0xbb, 0xbb, 0xbb, 0xcf, 0xfb, 0xbb, 0xbb,
    0xbb, 0xb8, 0x0, 0xa, 0xff, 0xff, 0xff, 0xff,
    0xff, 0xff, 0xff, 0xff, 0xff, 0xc0, 0x0, 0x0,
    0x0, 0x0, 0x0, 0x2f, 0xf1, 0x0, 0x0, 0x0,
    0x0, 0x0, 0x0, 0x3b, 0xbb, 0xbb, 0xbc, 0xff,
    0xbb, 0xbb, 0xbb, 0xb4, 0x0, 0x0, 0x5, 0xff,
    0xff, 0xff, 0xff, 0xff, 0xff, 0xff, 0xff, 0x60,
    0x0, 0x0, 0x0, 0x0, 0x0, 0x2, 0xff, 0x10,
    0x0, 0x0, 0x0, 0x0, 0xa, 0xcc, 0xcc, 0xcc,
    0xcc, 0xdf, 0xfd, 0xcc, 0xcc, 0xcc, 0xcc, 0xb0,
    0xcf, 0xff, 0xff, 0xff, 0xff, 0xff, 0xff, 0xff,
    0xff, 0xff, 0xfe, 0x0, 0x0, 0x0, 0x2, 0xaf,
    0xf9, 0x0, 0x0, 0x72, 0x0, 0x0, 0x0, 0x0,
    0x0, 0x3a, 0xff, 0xa2, 0x1, 0x16, 0xef, 0xe1,
    0x0, 0x0, 0x0, 0x0, 0xef, 0xff, 0xff, 0xff,
    0xff, 0xff, 0xa3, 0x0, 0x0, 0x0, 0x0, 0xa,
    0xdc, 0xba, 0xcf, 0xff, 0xf9, 0x20, 0x63, 0x0,
    0x0, 0x0, 0x0, 0x0, 0x16, 0xdf, 0xfc, 0x61,
    0x0, 0x7f, 0xf7, 0x0, 0x0, 0x0, 0x26, 0xbf,
    0xff, 0xd7, 0x56, 0x78, 0x89, 0xef, 0xfb, 0x0,
    0x0, 0x9f, 0xff, 0xff, 0xff, 0xff, 0xff, 0xff,
    0xfe, 0xde, 0xfd, 0x10, 0x5, 0xdb, 0x98, 0x76,
    0x54, 0xcf, 0x91, 0x0, 0x0, 0x2e, 0xc2, 0x0,
    0x0, 0x2, 0xcb, 0x40, 0xa, 0xf8, 0x2, 0xcb,
    0x20, 0x10, 0x0, 0x0, 0x7, 0xff, 0xd2, 0x0,
    0xaf, 0x80, 0x4d, 0xff, 0xa1, 0x0, 0x1, 0x7e,
    0xff, 0x91, 0x11, 0xb, 0xf8, 0x0, 0x7, 0xff,
    0xf7, 0x0, 0xaf, 0xfc, 0x30, 0x1f, 0xff, 0xff,
    0x50, 0x0, 0x1, 0xbf, 0xf5, 0x0, 0x84, 0x0,
    0x0, 0xbf, 0xfc, 0x80, 0x0, 0x0, 0x0, 0x65,
    0x0,

    /* U+7D2F "累" */
    0x0, 0xa, 0xbb, 0xbb, 0xbb, 0xbb, 0xbb, 0xbb,
    0xbb, 0xbb, 0xa0, 0x0, 0x0, 0xef, 0xff, 0xff,
    0xff, 0xff, 0xff, 0xff, 0xff, 0xfe, 0x0, 0x0,
    0xe, 0xf4, 0x0, 0x0, 0x5f, 0xe0, 0x0, 0x0,
    0x5f, 0xe0, 0x0, 0x0, 0xef, 0x40, 0x0, 0x5,
    0xfe, 0x0, 0x0, 0x5, 0xfe, 0x0, 0x0, 0xe,
    0xff, 0xff, 0xff, 0xff, 0xff, 0xff, 0xff, 0xff,
    0xe0, 0x0, 0x0, 0xef, 0xb9, 0x99, 0x9b, 0xff,
    0x99, 0x99, 0x9b, 0xfe, 0x0, 0x0, 0xe, 0xf3,
    0x0, 0x0, 0x4f, 0xe0, 0x0, 0x0, 0x5f, 0xe0,
    0x0, 0x0, 0xef, 0xcb, 0xbb, 0xbd, 0xff, 0xbb,
    0xbb, 0xbd, 0xfe, 0x0, 0x0, 0xe, 0xff, 0xff,
    0xff, 0xff, 0xff, 0xff, 0xff, 0xff, 0xe0, 0x0,
    0x0, 0x0, 0x3, 0xcf, 0xf6, 0x0, 0x4, 0xc3,
    0x0, 0x0, 0x0, 0x0, 0x0, 0x29, 0xff, 0xb1,
    0x1, 0x29, 0xff, 0xd1, 0x0, 0x0, 0x0, 0x0,
    0x7f, 0xff, 0xff, 0xff, 0xff, 0xfe, 0x70, 0x10,
    0x0, 0x0, 0x0, 0x5, 0xff, 0xdc, 0xdf, 0xff,
    0xe7, 0x0, 0xbf, 0x50, 0x0, 0x0, 0x0, 0x1,
    0x4, 0xbf, 0xfc, 0x50, 0x0, 0x6, 0xff, 0x80,
    0x0, 0x0, 0x25, 0x9e, 0xff, 0xfb, 0x99, 0xaa,
    0xbc, 0xcf, 0xff, 0xa0, 0x0, 0xa, 0xff, 0xff,
    0xff, 0xff, 0xff, 0xff, 0xff, 0xed, 0xff, 0x90,
    0x0, 0x5a, 0x97, 0x66, 0x54, 0x6f, 0xf3, 0x0,
    0x0, 0x4, 0xe5, 0x0, 0x0, 0x0, 0x7d, 0x71,
    0x3, 0xff, 0x20, 0x5d, 0x60, 0x0, 0x0, 0x0,
    0x3, 0xcf, 0xf7, 0x0, 0x3f, 0xf2, 0x9, 0xff,
    0xe6, 0x0, 0x0, 0x4b, 0xff, 0xd3, 0x0, 0x4,
    0xff, 0x20, 0x2, 0xaf, 0xfd, 0x30, 0x9, 0xff,
    0x70, 0x1, 0xff, 0xff, 0xf0, 0x0, 0x0, 0x4d,
    0xfd, 0x10, 0x5, 0x10, 0x0, 0xa, 0xfe, 0xc5,
    0x0, 0x0, 0x0, 0x7, 0x10,

    /* U+7EB8 "纸" */
    0x0, 0x0, 0x10, 0x0, 0x0, 0x0, 0x0, 0x0,
    0x0, 0x0, 0x0, 0x0, 0x0, 0xa, 0xf7, 0x0,
    0x0, 0x0, 0x0, 0x2, 0x6a, 0xe8, 0x0, 0x0,
    0x1, 0xff, 0x60, 0x0, 0x14, 0x69, 0xcf, 0xff,
    0xff, 0xf4, 0x0, 0x0, 0x7f, 0xe0, 0x0, 0x3f,
    0xff, 0xff, 0xff, 0xf8, 0x40, 0x0, 0x0, 0xe,
    0xf6, 0x0, 0x3, 0xff, 0x96, 0x47, 0xfe, 0x0,
    0x0, 0x0, 0x6, 0xfd, 0x0, 0x0, 0x3f, 0xe0,
    0x0, 0x5f, 0xe0, 0x0, 0x0, 0x1, 0xef, 0x40,
    0x2e, 0x64, 0xfe, 0x0, 0x4, 0xff, 0x0, 0x0,
    0x0, 0x9f, 0xa0, 0xb, 0xfa, 0x3f, 0xe0, 0x0,
    0x4f, 0xf0, 0x0, 0x0, 0x7f, 0xf9, 0x9b, 0xfe,
    0x13, 0xfe, 0x0, 0x3, 0xff, 0x0, 0x0, 0xb,
    0xff, 0xff, 0xff, 0x60, 0x3f, 0xe0, 0x0, 0x3f,
    0xf0, 0x0, 0x0, 0x5b, 0x86, 0xdf, 0xb0, 0x3,
    0xff, 0xff, 0xff, 0xff, 0xff, 0xfe, 0x0, 0x0,
    0x6f, 0xe1, 0x0, 0x3f, 0xff, 0xff, 0xff, 0xff,
    0xff, 0xe0, 0x0, 0x3f, 0xf3, 0x0, 0x3, 0xfe,
    0x11, 0x13, 0xff, 0x11, 0x11, 0x0, 0x2e, 0xf9,
    0x58, 0xbd, 0x3f, 0xe0, 0x0, 0xf, 0xf1, 0x0,
    0x0, 0x4e, 0xff, 0xff, 0xff, 0xe3, 0xfe, 0x0,
    0x0, 0xef, 0x30, 0x0, 0x8, 0xff, 0xfe, 0xa7,
    0x40, 0x3f, 0xe0, 0x0, 0xd, 0xf4, 0x0, 0x0,
    0x2a, 0x51, 0x0, 0x0, 0x3, 0xfe, 0x0, 0x0,
    0xbf, 0x70, 0x0, 0x0, 0x0, 0x0, 0x0, 0x0,
    0x3f, 0xe0, 0x0, 0x8, 0xf9, 0x4, 0x70, 0x0,
    0x0, 0x26, 0x9d, 0xb3, 0xfe, 0x0, 0x0, 0x4f,
    0xd0, 0x5f, 0x74, 0x8b, 0xef, 0xff, 0xfc, 0x4f,
    0xe1, 0x5a, 0xc0, 0xff, 0x16, 0xf5, 0xaf, 0xff,
    0xfb, 0x73, 0x7, 0xff, 0xff, 0xfe, 0xb, 0xfa,
    0xbf, 0x36, 0xc8, 0x40, 0x0, 0x0, 0xef, 0xff,
    0xc7, 0x10, 0x3f, 0xff, 0xd0, 0x0, 0x0, 0x0,
    0x0, 0x9, 0xe8, 0x20, 0x0, 0x0, 0x6e, 0xd4,
    0x0, 0x0, 0x0, 0x0, 0x0, 0x10, 0x0, 0x0,
    0x0, 0x0, 0x0, 0x0,

    /* U+7EBF "线" */
    0x0, 0x0, 0x0, 0x0, 0x0, 0x0, 0x4, 0x40,
    0x0, 0x0, 0x0, 0x0, 0x0, 0xb, 0xb3, 0x0,
    0x0, 0x1, 0xff, 0x23, 0xb3, 0x0, 0x0, 0x0,
    0x2, 0xff, 0x50, 0x0, 0x0, 0xf, 0xf2, 0xaf,
    0xf8, 0x0, 0x0, 0x0, 0x9f, 0xd0, 0x0, 0x0,
    0x0, 0xff, 0x20, 0x4e, 0xf3, 0x0, 0x0, 0xf,
    0xf6, 0x0, 0x0, 0x0, 0xf, 0xf3, 0x0, 0x15,
    0x20, 0x0, 0x7, 0xfd, 0x0, 0x10, 0x0, 0x0,
    0xff, 0x9a, 0xce, 0xfd, 0x0, 0x1, 0xff, 0x40,
    0x6e, 0x55, 0xbe, 0xff, 0xff, 0xff, 0xff, 0xc0,
    0x0, 0xaf, 0x90, 0x1e, 0xf7, 0x7f, 0xff, 0xff,
    0xb6, 0x41, 0x0, 0x0, 0x7f, 0xf8, 0x8c, 0xfd,
    0x2, 0x53, 0xc, 0xf6, 0x0, 0x0, 0x0, 0xb,
    0xff, 0xff, 0xff, 0x30, 0x0, 0x0, 0xbf, 0x80,
    0x2, 0x58, 0x40, 0x6b, 0x97, 0xff, 0x90, 0x0,
    0x0, 0x1b, 0xfd, 0xdf, 0xff, 0xf9, 0x0, 0x0,
    0x9f, 0xc0, 0x0, 0x8b, 0xef, 0xff, 0xff, 0xfe,
    0xb8, 0x40, 0x0, 0x5f, 0xe1, 0x0, 0xf, 0xff,
    0xfe, 0xff, 0x41, 0x0, 0x20, 0x0, 0x4f, 0xf7,
    0x68, 0xb3, 0x76, 0x30, 0x2f, 0xf2, 0x0, 0xaf,
    0x80, 0x5f, 0xff, 0xff, 0xff, 0x40, 0x0, 0x0,
    0xff, 0x50, 0x6f, 0xf3, 0x8, 0xff, 0xfd, 0x96,
    0x30, 0x0, 0x0, 0xc, 0xf8, 0x6f, 0xf6, 0x0,
    0x28, 0x40, 0x0, 0x0, 0x0, 0x0, 0x0, 0x8f,
    0xef, 0xf7, 0x0, 0x0, 0x0, 0x0, 0x3, 0x74,
    0x0, 0x0, 0x5, 0xff, 0xf6, 0x0, 0x0, 0x0,
    0x15, 0x9e, 0xff, 0x80, 0x0, 0x19, 0xff, 0xf9,
    0x0, 0x41, 0x6, 0xcf, 0xff, 0xfd, 0x82, 0x2,
    0x8f, 0xff, 0xef, 0xe1, 0x8, 0xe1, 0x9f, 0xfd,
    0x72, 0x0, 0x5b, 0xff, 0xfd, 0x41, 0xef, 0xc4,
    0xdf, 0x4, 0x72, 0x0, 0x0, 0x6, 0xff, 0xc6,
    0x0, 0x5, 0xff, 0xff, 0xb0, 0x0, 0x0, 0x0,
    0x0, 0x7, 0x30, 0x0, 0x0, 0x4, 0xcf, 0xc2,
    0x0,

    /* U+7ED3 "结" */
    0x0, 0x0, 0x3, 0x0, 0x0, 0x0, 0x0, 0x5,
    0x74, 0x0, 0x0, 0x0, 0x0, 0x2, 0xfd, 0x40,
    0x0, 0x0, 0x0, 0xbf, 0x90, 0x0, 0x0, 0x0,
    0x0, 0x9f, 0xf2, 0x0, 0x0, 0x0, 0xb, 0xf9,
    0x0, 0x0, 0x0, 0x0, 0x1f, 0xfa, 0x0, 0x2,
    0x22, 0x22, 0xcf, 0xa2, 0x22, 0x22, 0x0, 0x7,
    0xff, 0x20, 0x1, 0xff, 0xff, 0xff, 0xff, 0xff,
    0xff, 0xd0, 0x1, 0xef, 0x80, 0x1, 0x1f, 0xff,
    0xff, 0xff, 0xff, 0xff, 0xfd, 0x0, 0x9f, 0xe0,
    0x8, 0xf7, 0x0, 0x0, 0xc, 0xfa, 0x0, 0x0,
    0x0, 0x4f, 0xf4, 0x2, 0xff, 0x90, 0x0, 0x0,
    0xbf, 0x90, 0x0, 0x0, 0x2f, 0xff, 0xde, 0xff,
    0xe1, 0x0, 0x0, 0xb, 0xf9, 0x0, 0x0, 0x0,
    0xef, 0xff, 0xff, 0xf5, 0x6, 0xff, 0xff, 0xff,
    0xff, 0xff, 0xf6, 0x5, 0x53, 0x5f, 0xfa, 0x0,
    0x7f, 0xff, 0xff, 0xff, 0xff, 0xff, 0x60, 0x0,
    0xe, 0xfd, 0x0, 0x1, 0x33, 0x33, 0x33, 0x33,
    0x33, 0x31, 0x0, 0xb, 0xfe, 0x20, 0x0, 0x0,
    0x0, 0x0, 0x0, 0x0, 0x0, 0x0, 0x9, 0xff,
    0x65, 0x8b, 0xa0, 0x23, 0x33, 0x33, 0x33, 0x33,
    0x20, 0xa, 0xff, 0xff, 0xff, 0xfc, 0xd, 0xff,
    0xff, 0xff, 0xff, 0xfd, 0x0, 0xcf, 0xff, 0xeb,
    0x85, 0x20, 0xdf, 0xed, 0xdd, 0xdd, 0xef, 0xd0,
    0x6, 0x95, 0x10, 0x0, 0x0, 0xd, 0xf5, 0x0,
    0x0, 0x6, 0xfd, 0x0, 0x0, 0x0, 0x0, 0x0,
    0x0, 0xdf, 0x50, 0x0, 0x0, 0x6f, 0xd0, 0x0,
    0x0, 0x3, 0x69, 0xcd, 0xd, 0xf5, 0x0, 0x0,
    0x6, 0xfd, 0x0, 0x8b, 0xdf, 0xff, 0xff, 0xf0,
    0xdf, 0x61, 0x11, 0x11, 0x7f, 0xd0, 0xf, 0xff,
    0xfe, 0xb8, 0x41, 0xd, 0xff, 0xff, 0xff, 0xff,
    0xfd, 0x0, 0xa9, 0x52, 0x0, 0x0, 0x0, 0xdf,
    0xff, 0xff, 0xff, 0xff, 0xd0, 0x0, 0x0, 0x0,
    0x0, 0x0, 0xd, 0xf5, 0x0, 0x0, 0x6, 0xec,
    0x0,

    /* U+7EE7 "继" */
    0x0, 0x0, 0x2, 0x0, 0x0, 0x0, 0x0, 0x0,
    0x0, 0x0, 0x0, 0x0, 0x0, 0x0, 0x4f, 0xa0,
    0x0, 0x44, 0x0, 0x0, 0x1f, 0xc0, 0x0, 0x0,
    0x0, 0x0, 0xaf, 0xc0, 0x2, 0xfe, 0x4, 0x30,
    0x1f, 0xc0, 0x15, 0x10, 0x0, 0x1, 0xff, 0x50,
    0x2, 0xfe, 0xd, 0xc0, 0x1f, 0xc0, 0x6f, 0x60,
    0x0, 0x6, 0xfd, 0x0, 0x2, 0xfe, 0x8, 0xf2,
    0x1f, 0xc0, 0xbe, 0x0, 0x0, 0xd, 0xf6, 0x1,
    0x2, 0xfe, 0x3, 0xf8, 0x1f, 0xc1, 0xf8, 0x0,
    0x0, 0x6f, 0xc0, 0xc, 0xc4, 0xfe, 0x0, 0xeb,
    0x1f, 0xc6, 0xf1, 0x0, 0x1, 0xef, 0x30, 0x6f,
    0xe3, 0xfe, 0x0, 0x20, 0x1f, 0xc0, 0x20, 0x0,
    0x1c, 0xfe, 0x9a, 0xef, 0x62, 0xfe, 0x6d, 0xdd,
    0xef, 0xfd, 0xdd, 0xc0, 0xe, 0xff, 0xff, 0xfc,
    0x2, 0xfe, 0x7f, 0xff, 0xff, 0xff, 0xff, 0xe0,
    0x7, 0x86, 0x8f, 0xf2, 0x2, 0xfe, 0x0, 0x1,
    0xff, 0xf6, 0x0, 0x0, 0x0, 0x0, 0xef, 0x60,
    0x2, 0xfe, 0x0, 0x8, 0xff, 0xff, 0x20, 0x0,
    0x0, 0xa, 0xfa, 0x0, 0x2, 0xfe, 0x0, 0x2f,
    0xef, 0xde, 0xd0, 0x0, 0x0, 0x7f, 0xe5, 0x7a,
    0xb2, 0xfe, 0x0, 0xbf, 0x6f, 0xc5, 0xfa, 0x0,
    0x8, 0xff, 0xff, 0xff, 0xd2, 0xfe, 0x7, 0xfb,
    0x1f, 0xc0, 0xbf, 0x60, 0xb, 0xff, 0xeb, 0x84,
    0x12, 0xfe, 0x4f, 0xf2, 0x1f, 0xc0, 0x2f, 0xa0,
    0x5, 0x62, 0x0, 0x0, 0x2, 0xfe, 0x1e, 0x40,
    0x1f, 0xc0, 0x6, 0x0, 0x0, 0x0, 0x0, 0x0,
    0x22, 0xfe, 0x2, 0x0, 0x1f, 0xc0, 0x0, 0x0,
    0x0, 0x0, 0x47, 0xbe, 0xf3, 0xfe, 0x0, 0x0,
    0x1f, 0xc0, 0x0, 0x0, 0xa, 0xdf, 0xff, 0xff,
    0xc3, 0xfe, 0x0, 0x0, 0x13, 0x30, 0x0, 0x0,
    0xd, 0xff, 0xd9, 0x41, 0x2, 0xff, 0xff, 0xff,
    0xff, 0xff, 0xff, 0xf2, 0x5, 0x51, 0x0, 0x0,
    0x2, 0xff, 0xff, 0xff, 0xff, 0xff, 0xff, 0xf2,

    /* U+7EED "续" */
    0x0, 0x0, 0x0, 0x0, 0x0, 0x0, 0x0, 0x0,
    0x0, 0x0, 0x0, 0x0, 0x0, 0x0, 0xd, 0x70,
    0x0, 0x0, 0x0, 0x5f, 0xe0, 0x0, 0x0, 0x0,
    0x0, 0x0, 0x6f, 0xe0, 0x0, 0x0, 0x0, 0x5f,
    0xe0, 0x0, 0x0, 0x0, 0x0, 0x0, 0xcf, 0x60,
    0x0, 0x8f, 0xff, 0xff, 0xff, 0xff, 0xf4, 0x0,
    0x0, 0x3, 0xfe, 0x0, 0x0, 0x7d, 0xdd, 0xef,
    0xfd, 0xdd, 0xd4, 0x0, 0x0, 0xa, 0xf7, 0x0,
    0x0, 0x0, 0x0, 0x5f, 0xe0, 0x0, 0x0, 0x0,
    0x0, 0x3f, 0xd0, 0xc, 0x41, 0x33, 0x33, 0x7f,
    0xe3, 0x33, 0x33, 0x0, 0x0, 0xcf, 0x40, 0x7f,
    0xc7, 0xff, 0xff, 0xff, 0xff, 0xff, 0xff, 0x70,
    0x7, 0xfc, 0x35, 0xef, 0x35, 0xbb, 0xbb, 0xbb,
    0xbb, 0xbb, 0xff, 0x20, 0x2f, 0xff, 0xff, 0xf9,
    0x0, 0x1, 0x60, 0x5, 0x73, 0x2, 0xfd, 0x0,
    0xc, 0xdb, 0xbf, 0xe1, 0x0, 0x7, 0xfd, 0x2b,
    0xf6, 0x7, 0xf7, 0x0, 0x0, 0x0, 0xdf, 0x50,
    0x0, 0x40, 0x5f, 0xdb, 0xf6, 0x6, 0xb1, 0x0,
    0x0, 0x9, 0xf9, 0x0, 0x4, 0xfd, 0x32, 0x3b,
    0xf6, 0x0, 0x0, 0x0, 0x0, 0x5f, 0xf7, 0xae,
    0x60, 0x5e, 0xf4, 0xd, 0xf4, 0x0, 0x0, 0x0,
    0x4, 0xff, 0xff, 0xff, 0x50, 0x2, 0xb1, 0xe,
    0xf4, 0x0, 0x0, 0x0, 0xe, 0xff, 0xe9, 0x40,
    0xe, 0xff, 0xff, 0xff, 0xff, 0xff, 0xff, 0x70,
    0x7, 0x82, 0x0, 0x0, 0xd, 0xee, 0xee, 0xff,
    0xfe, 0xee, 0xee, 0x70, 0x0, 0x0, 0x0, 0x5b,
    0x60, 0x0, 0x2, 0xff, 0x52, 0x0, 0x0, 0x0,
    0x0, 0x4, 0xaf, 0xff, 0x90, 0x0, 0xc, 0xfd,
    0x3f, 0xd3, 0x0, 0x0, 0x9, 0xef, 0xff, 0xb4,
    0x0, 0x1, 0xcf, 0xe2, 0x9, 0xff, 0x60, 0x0,
    0xe, 0xfd, 0x71, 0x0, 0x0, 0x6e, 0xfe, 0x30,
    0x0, 0x6f, 0xf9, 0x0, 0x6, 0x40, 0x0, 0x0,
    0x2d, 0xff, 0xc2, 0x0, 0x0, 0x3, 0xff, 0xa0,
    0x0, 0x0, 0x0, 0x0, 0xa, 0xe6, 0x0, 0x0,
    0x0, 0x0, 0x3e, 0x50, 0x0, 0x0, 0x0, 0x0,
    0x0, 0x0, 0x0, 0x0, 0x0, 0x0, 0x0, 0x0,

    /* U+7F1D "缝" */
    0x0, 0x0, 0x11, 0x0, 0x0, 0x0, 0x0, 0x0,
    0x42, 0x0, 0x0, 0x0, 0x0, 0x0, 0x8f, 0x80,
    0x4, 0x10, 0x0, 0x3, 0xff, 0x10, 0x0, 0x0,
    0x0, 0x0, 0xef, 0x70, 0x6f, 0x70, 0x0, 0x1e,
    0xfd, 0x88, 0x87, 0x10, 0x0, 0x3, 0xff, 0x10,
    0x1f, 0xd0, 0x1, 0xcf, 0xff, 0xff, 0xff, 0x30,
    0x0, 0x8, 0xfa, 0x0, 0xb, 0xf3, 0x3e, 0xff,
    0x60, 0x9, 0xfb, 0x0, 0x0, 0xe, 0xf4, 0x0,
    0x6, 0xf9, 0x7f, 0xde, 0xf3, 0x7f, 0xf2, 0x0,
    0x0, 0x6f, 0xb0, 0x6e, 0x51, 0xf8, 0x6, 0x2,
    0xff, 0xff, 0x40, 0x0, 0x0, 0xef, 0x30, 0xdf,
    0x70, 0x0, 0x0, 0x4, 0xdf, 0xfd, 0x30, 0x0,
    0x9, 0xfd, 0x69, 0xfe, 0x0, 0x0, 0x27, 0xcf,
    0xfc, 0xcf, 0xfc, 0x71, 0xd, 0xff, 0xff, 0xf6,
    0xcc, 0xca, 0xaf, 0xfd, 0x53, 0x35, 0xdf, 0xf2,
    0x7, 0xc9, 0xcf, 0xc0, 0xff, 0xfd, 0x8, 0x30,
    0x1f, 0xf0, 0x3, 0x30, 0x0, 0x1, 0xef, 0x30,
    0x12, 0xfd, 0xe, 0xff, 0xff, 0xff, 0xff, 0x70,
    0x0, 0xa, 0xf8, 0x0, 0x1, 0xfd, 0x8, 0x88,
    0x9f, 0xf8, 0x88, 0x40, 0x0, 0x6f, 0xd3, 0x58,
    0x41, 0xfd, 0x2, 0x44, 0x6f, 0xf4, 0x44, 0x0,
    0x6, 0xff, 0xff, 0xff, 0x61, 0xfd, 0x6, 0xff,
    0xff, 0xff, 0xfd, 0x0, 0x9, 0xff, 0xeb, 0x85,
    0x11, 0xfd, 0x1, 0x22, 0x3f, 0xf2, 0x22, 0x0,
    0x3, 0x72, 0x0, 0x0, 0x1, 0xfd, 0x38, 0x88,
    0x9f, 0xf8, 0x88, 0x70, 0x0, 0x0, 0x0, 0x16,
    0x41, 0xfd, 0x5f, 0xff, 0xff, 0xff, 0xff, 0xd0,
    0x0, 0x1, 0x5b, 0xff, 0x91, 0xfe, 0x0, 0x0,
    0x1f, 0xf0, 0x0, 0x0, 0x5, 0xbf, 0xff, 0xfa,
    0x5d, 0xff, 0xa0, 0x0, 0x1f, 0xf0, 0x0, 0x0,
    0xa, 0xff, 0xe7, 0x10, 0xdf, 0x98, 0xfe, 0x71,
    0x0, 0x0, 0x2, 0x64, 0x7, 0xb5, 0x0, 0x7,
    0xfb, 0x0, 0x5f, 0xff, 0xfe, 0xee, 0xff, 0xf5,
    0x0, 0x0, 0x0, 0x1, 0xe2, 0x0, 0x1, 0x8d,
    0xff, 0xff, 0xff, 0xf2, 0x0, 0x0, 0x0, 0x0,
    0x10, 0x0, 0x0, 0x0, 0x0, 0x10, 0x0, 0x0,

    /* U+7F20 "缠" */
    0x0, 0x0, 0x13, 0x0, 0x0, 0x0, 0x0, 0x7,
    0xa1, 0x0, 0x0, 0x0, 0x0, 0x7, 0xf9, 0x0,
    0x0, 0x0, 0x0, 0xdf, 0x70, 0x0, 0x0, 0x0,
    0x0, 0xdf, 0x60, 0x9, 0xbb, 0xbb, 0xbe, 0xfe,
    0xbb, 0xbb, 0x80, 0x0, 0x3f, 0xe0, 0x0, 0xcf,
    0xff, 0xff, 0xff, 0xff, 0xff, 0xfb, 0x0, 0x9,
    0xf8, 0x0, 0xc, 0xf6, 0x33, 0x33, 0x33, 0x33,
    0x33, 0x20, 0x1, 0xff, 0x11, 0x20, 0xcf, 0x35,
    0x88, 0x88, 0x88, 0x88, 0x60, 0x0, 0x8f, 0x80,
    0x7f, 0x6c, 0xf3, 0xaf, 0xff, 0xff, 0xff, 0xfb,
    0x0, 0x1f, 0xe0, 0xe, 0xf3, 0xcf, 0x3a, 0xf2,
    0x1c, 0xe1, 0x2f, 0xb0, 0x1c, 0xfc, 0x9c, 0xfa,
    0xc, 0xf3, 0xaf, 0x0, 0xcd, 0x1, 0xfb, 0x1,
    0xff, 0xff, 0xff, 0x20, 0xcf, 0x3a, 0xff, 0xff,
    0xff, 0xff, 0xb0, 0x8, 0x85, 0xcf, 0x80, 0xc,
    0xf3, 0xaf, 0x98, 0xef, 0x89, 0xfb, 0x0, 0x0,
    0x3f, 0xd0, 0x0, 0xcf, 0x3a, 0xf0, 0xc, 0xd0,
    0x1f, 0xb0, 0x0, 0xd, 0xf3, 0x3, 0xc, 0xf3,
    0xaf, 0x99, 0xef, 0x99, 0xfb, 0x0, 0xa, 0xfe,
    0xcf, 0xf0, 0xdf, 0x2a, 0xff, 0xff, 0xff, 0xff,
    0xb0, 0x9, 0xff, 0xff, 0xfc, 0xf, 0xf0, 0x0,
    0x0, 0xef, 0x10, 0x0, 0x0, 0xdf, 0xfa, 0x51,
    0x0, 0xff, 0x0, 0x0, 0xe, 0xf0, 0x0, 0x0,
    0x5, 0x50, 0x0, 0x0, 0x2f, 0xd0, 0xde, 0xee,
    0xff, 0xee, 0xee, 0x10, 0x0, 0x0, 0x39, 0xb5,
    0xfa, 0xf, 0xff, 0xff, 0xff, 0xff, 0xf1, 0x0,
    0x38, 0xef, 0xfe, 0x9f, 0x70, 0x0, 0x0, 0xef,
    0x10, 0x0, 0x0, 0xef, 0xff, 0xb5, 0xd, 0xf3,
    0x0, 0x0, 0xe, 0xf0, 0x0, 0x0, 0xc, 0xd7,
    0x20, 0x4, 0xfe, 0x1d, 0xdd, 0xdd, 0xff, 0xdd,
    0xdd, 0xc0, 0x10, 0x0, 0x0, 0x9f, 0x71, 0xff,
    0xff, 0xff, 0xff, 0xff, 0xfe, 0x0, 0x0, 0x0,
    0x0, 0x91, 0x0, 0x0, 0x0, 0x0, 0x0, 0x0,
    0x0,

    /* U+7F3A "缺" */
    0x0, 0x1, 0x0, 0x0, 0x0, 0x0, 0x0, 0x2,
    0x20, 0x0, 0x0, 0x0, 0x0, 0x2f, 0xc0, 0x0,
    0x0, 0x0, 0x0, 0xe, 0xf4, 0x0, 0x0, 0x0,
    0x0, 0x6f, 0x90, 0x0, 0x0, 0x0, 0x0, 0xe,
    0xf4, 0x0, 0x0, 0x0, 0x0, 0xaf, 0xb7, 0x77,
    0x77, 0x30, 0x0, 0xe, 0xf4, 0x0, 0x0, 0x0,
    0x0, 0xef, 0xff, 0xff, 0xff, 0x60, 0x22, 0x2e,
    0xf6, 0x22, 0x20, 0x0, 0x5, 0xfd, 0x8f, 0xf9,
    0x88, 0x35, 0xff, 0xff, 0xff, 0xff, 0xf4, 0x0,
    0xc, 0xf4, 0xf, 0xf0, 0x0, 0x5, 0xff, 0xff,
    0xff, 0xff, 0xf4, 0x0, 0x2e, 0xd0, 0xf, 0xf0,
    0x0, 0x0, 0x0, 0xe, 0xf4, 0xd, 0xf4, 0x0,
    0x1, 0x20, 0xf, 0xf0, 0x0, 0x0, 0x0, 0xe,
    0xf4, 0xd, 0xf4, 0x0, 0xc, 0xcc, 0xcf, 0xfc,
    0xcc, 0xa0, 0x0, 0xe, 0xf4, 0xd, 0xf4, 0x0,
    0xf, 0xff, 0xff, 0xff, 0xff, 0xd0, 0x0, 0xf,
    0xf3, 0xd, 0xf4, 0x0, 0x3, 0x33, 0x3f, 0xf3,
    0x33, 0x26, 0x77, 0x7f, 0xf9, 0x7e, 0xfa, 0x40,
    0x0, 0x0, 0xf, 0xf0, 0x0, 0xc, 0xff, 0xff,
    0xff, 0xff, 0xff, 0x90, 0x5, 0xf6, 0xf, 0xf0,
    0x5f, 0x79, 0xcc, 0xdf, 0xff, 0xdc, 0xcc, 0x70,
    0x5, 0xf6, 0xf, 0xf0, 0x5f, 0x70, 0x0, 0x6f,
    0xff, 0x70, 0x0, 0x0, 0x5, 0xf6, 0xf, 0xf0,
    0x5f, 0x70, 0x0, 0x9f, 0xff, 0xd0, 0x0, 0x0,
    0x5, 0xf6, 0xf, 0xf0, 0x5f, 0x70, 0x0, 0xef,
    0x7e, 0xf4, 0x0, 0x0, 0x5, 0xf6, 0xf, 0xf0,
    0x5f, 0x70, 0x5, 0xff, 0x29, 0xfd, 0x0, 0x0,
    0x5, 0xf7, 0x1f, 0xf7, 0xbf, 0x70, 0xd, 0xfb,
    0x1, 0xff, 0x80, 0x0, 0x5, 0xff, 0xff, 0xff,
    0xff, 0x70, 0x9f, 0xf3, 0x0, 0x8f, 0xf5, 0x0,
    0x5, 0xfd, 0xb8, 0x64, 0x6f, 0x77, 0xff, 0x80,
    0x0, 0xd, 0xff, 0x70, 0x0, 0x0, 0x0, 0x0,
    0x15, 0x5f, 0xfb, 0x0, 0x0, 0x2, 0xef, 0xb0,
    0x0, 0x0, 0x0, 0x0, 0x0, 0x5, 0xa0, 0x0,
    0x0, 0x0, 0x2b, 0x0, 0x0, 0x0, 0x0, 0x0,
    0x0, 0x0, 0x0, 0x0, 0x0, 0x0, 0x0, 0x0,

    /* U+7F6E "置" */
    0x1, 0x88, 0x88, 0x88, 0x88, 0x88, 0x88, 0x88,
    0x88, 0x88, 0x50, 0x2, 0xff, 0xff, 0xff, 0xff,
    0xff, 0xff, 0xff, 0xff, 0xff, 0xb0, 0x2, 0xff,
    0x0, 0xa, 0xf7, 0x0, 0x3f, 0xe0, 0x0, 0xaf,
    0xb0, 0x2, 0xff, 0x0, 0xa, 0xf6, 0x0, 0x2f,
    0xe0, 0x0, 0x9f, 0xb0, 0x2, 0xff, 0xff, 0xff,
    0xff, 0xff, 0xff, 0xff, 0xff, 0xff, 0xb0, 0x1,
    0x99, 0x99, 0x99, 0x9a, 0xff, 0xa9, 0x99, 0x99,
    0x99, 0x60, 0x0, 0x0, 0x0, 0x0, 0x4, 0xff,
    0x10, 0x0, 0x0, 0x0, 0x0, 0x3f, 0xff, 0xff,
    0xff, 0xff, 0xff, 0xff, 0xff, 0xff, 0xff, 0xf4,
    0x2a, 0xaa, 0xaa, 0xaa, 0xad, 0xfd, 0xaa, 0xaa,
    0xaa, 0xaa, 0xa3, 0x0, 0x1, 0x33, 0x33, 0x3c,
    0xf9, 0x33, 0x33, 0x33, 0x20, 0x0, 0x0, 0x8,
    0xff, 0xff, 0xff, 0xff, 0xff, 0xff, 0xff, 0xb0,
    0x0, 0x0, 0x8, 0xfa, 0x11, 0x11, 0x11, 0x11,
    0x11, 0x8f, 0xb0, 0x0, 0x0, 0x8, 0xff, 0xdd,
    0xdd, 0xdd, 0xdd, 0xdd, 0xef, 0xb0, 0x0, 0x0,
    0x8, 0xfc, 0x55, 0x55, 0x55, 0x55, 0x55, 0xaf,
    0xb0, 0x0, 0x0, 0x8, 0xfb, 0x33, 0x33, 0x33,
    0x33, 0x33, 0x9f, 0xb0, 0x0, 0x0, 0x8, 0xff,
    0xff, 0xff, 0xff, 0xff, 0xff, 0xff, 0xb0, 0x0,
    0x0, 0x8, 0xf9, 0x0, 0x0, 0x0, 0x0, 0x0,
    0x7f, 0xb0, 0x0, 0x0, 0x8, 0xff, 0xff, 0xff,
    0xff, 0xff, 0xff, 0xff, 0xb0, 0x0, 0x0, 0x8,
    0xfb, 0x44, 0x44, 0x44, 0x44, 0x44, 0xaf, 0xb0,
    0x0, 0x1, 0x18, 0xfa, 0x11, 0x11, 0x11, 0x11,
    0x11, 0x8f, 0xc1, 0x11, 0x8f, 0xff, 0xff, 0xff,
    0xff, 0xff, 0xff, 0xff, 0xff, 0xff, 0xfe, 0x58,
    0x88, 0x88, 0x88, 0x88, 0x88, 0x88, 0x88, 0x88,
    0x88, 0x88,

    /* U+7FFB "翻" */
    0x0, 0x0, 0x0, 0x0, 0x0, 0x0, 0x0, 0x0,
    0x0, 0x0, 0x0, 0x0, 0x1, 0x23, 0x56, 0x9b,
    0xec, 0x1, 0x11, 0x11, 0x1, 0x11, 0x10, 0xa,
    0xff, 0xff, 0xff, 0xfd, 0xa2, 0xcf, 0xff, 0xf3,
    0xff, 0xff, 0xb0, 0x38, 0x96, 0x9f, 0x90, 0x64,
    0xa, 0xcc, 0xff, 0x3d, 0xdd, 0xfb, 0x0, 0xbe,
    0x5, 0xf9, 0xf, 0xd0, 0x0, 0xc, 0xf1, 0x0,
    0x2f, 0xb0, 0x5, 0xf6, 0x5f, 0x96, 0xf5, 0x0,
    0x0, 0xcf, 0x10, 0x2, 0xfb, 0x9, 0xbf, 0xbc,
    0xfd, 0xef, 0xa5, 0xcb, 0xc, 0xf3, 0xf6, 0x2f,
    0xb0, 0xef, 0xff, 0xff, 0xff, 0xff, 0x88, 0xf1,
    0xcf, 0x1d, 0xc2, 0xfb, 0x0, 0x0, 0x9f, 0xff,
    0xa1, 0x0, 0x2f, 0x7c, 0xf1, 0x8f, 0x4f, 0xb0,
    0x0, 0x7f, 0xff, 0xef, 0xd3, 0x0, 0xec, 0xcf,
    0x13, 0xf8, 0xfb, 0x0, 0x7f, 0xe6, 0xf9, 0x7f,
    0xf7, 0x9, 0xac, 0xf1, 0xb, 0x7f, 0xb0, 0xbf,
    0xf3, 0x5f, 0x90, 0x5f, 0x50, 0x0, 0xcf, 0x10,
    0x2, 0xfb, 0xf, 0xf4, 0x5, 0xe8, 0x0, 0x40,
    0x0, 0x3f, 0xf1, 0x0, 0x9f, 0xb0, 0x8d, 0xaa,
    0xaa, 0xaa, 0xaa, 0x30, 0x2e, 0xff, 0x10, 0x9f,
    0xfb, 0x2, 0xff, 0xff, 0xff, 0xff, 0xf4, 0x2e,
    0xff, 0xf1, 0x9f, 0xef, 0xb0, 0x2f, 0x90, 0x3f,
    0x60, 0x8f, 0x6e, 0xf6, 0xcf, 0x7f, 0xd3, 0xfb,
    0x2, 0xfc, 0x79, 0xfb, 0x7b, 0xf5, 0xd6, 0xc,
    0xf1, 0xa1, 0x2f, 0xb0, 0x2f, 0xff, 0xff, 0xff,
    0xff, 0x41, 0x0, 0xcf, 0x10, 0x2, 0xfb, 0x2,
    0xf9, 0x3, 0xf6, 0x8, 0xf4, 0x0, 0xc, 0xf1,
    0x0, 0x2f, 0xb0, 0x2f, 0x80, 0x2f, 0x60, 0x8f,
    0x40, 0x0, 0xcf, 0x10, 0x2, 0xfb, 0x2, 0xff,
    0xff, 0xff, 0xff, 0xf4, 0x0, 0xc, 0xf1, 0x0,
    0x3f, 0xb0, 0x2f, 0xdb, 0xbb, 0xbb, 0xdf, 0x40,
    0xff, 0xff, 0x9, 0xff, 0xf9, 0x2, 0xf8, 0x0,
    0x0, 0x7, 0xf4, 0xa, 0xec, 0x40, 0x3e, 0xea,
    0x10,

    /* U+8005 "者" */
    0x0, 0x0, 0x0, 0x0, 0x6, 0x72, 0x0, 0x0,
    0x0, 0x0, 0x0, 0x0, 0x0, 0x0, 0x0, 0x0,
    0xef, 0x50, 0x0, 0x0, 0x0, 0x20, 0x0, 0x0,
    0x0, 0x0, 0x0, 0xe, 0xf5, 0x0, 0x0, 0x0,
    0x2e, 0xe4, 0x0, 0x0, 0x23, 0x33, 0x33, 0xef,
    0x83, 0x33, 0x33, 0xd, 0xfc, 0x0, 0x0, 0xc,
    0xff, 0xff, 0xff, 0xff, 0xff, 0xff, 0xfb, 0xfd,
    0x10, 0x0, 0x0, 0xac, 0xcc, 0xcc, 0xff, 0xdc,
    0xcc, 0xcf, 0xfe, 0x20, 0x0, 0x0, 0x0, 0x0,
    0x0, 0xe, 0xf5, 0x0, 0x2c, 0xfd, 0x10, 0x0,
    0x0, 0x0, 0x0, 0x0, 0x0, 0xef, 0x50, 0x5f,
    0xfc, 0x10, 0x0, 0x0, 0xe, 0xff, 0xff, 0xff,
    0xff, 0xff, 0xff, 0xff, 0xff, 0xff, 0xff, 0x80,
    0xef, 0xff, 0xff, 0xff, 0xff, 0xff, 0xff, 0xff,
    0xff, 0xff, 0xf9, 0x0, 0x0, 0x0, 0x0, 0x3b,
    0xff, 0xd3, 0x0, 0x0, 0x0, 0x0, 0x0, 0x0,
    0x0, 0x1, 0x9f, 0xff, 0x80, 0x0, 0x0, 0x0,
    0x0, 0x0, 0x0, 0x0, 0x18, 0xff, 0xff, 0xda,
    0xaa, 0xaa, 0xaa, 0xa7, 0x0, 0x0, 0x4, 0xaf,
    0xff, 0xff, 0xff, 0xff, 0xff, 0xff, 0xff, 0xb0,
    0x0, 0x3e, 0xff, 0xfd, 0xff, 0x63, 0x33, 0x33,
    0x33, 0x3b, 0xfb, 0x0, 0x0, 0xcf, 0xb4, 0xf,
    0xf3, 0x0, 0x0, 0x0, 0x0, 0xaf, 0xb0, 0x0,
    0x1, 0x20, 0x0, 0xff, 0xcb, 0xbb, 0xbb, 0xbb,
    0xbe, 0xfb, 0x0, 0x0, 0x0, 0x0, 0xf, 0xff,
    0xff, 0xff, 0xff, 0xff, 0xff, 0xb0, 0x0, 0x0,
    0x0, 0x0, 0xff, 0x40, 0x0, 0x0, 0x0, 0xa,
    0xfb, 0x0, 0x0, 0x0, 0x0, 0xf, 0xf3, 0x0,
    0x0, 0x0, 0x0, 0xaf, 0xb0, 0x0, 0x0, 0x0,
    0x0, 0xff, 0xed, 0xdd, 0xdd, 0xdd, 0xdf, 0xfb,
    0x0, 0x0, 0x0, 0x0, 0xf, 0xff, 0xff, 0xff,
    0xff, 0xff, 0xff, 0xb0, 0x0, 0x0, 0x0, 0x0,
    0xff, 0x40, 0x0, 0x0, 0x0, 0x9, 0xea, 0x0,
    0x0,

    /* U+80C3 "胃" */
    0x0, 0x0, 0x0, 0x0, 0x0, 0x0, 0x0, 0x0,
    0x0, 0x0, 0xf, 0xff, 0xff, 0xff, 0xff, 0xff,
    0xff, 0xff, 0xff, 0xf0, 0xf, 0xfa, 0x99, 0x99,
    0xbf, 0xfa, 0x99, 0x99, 0xbf, 0xf0, 0xf, 0xf2,
    0x0, 0x0, 0x2f, 0xf0, 0x0, 0x0, 0x4f, 0xf0,
    0xf, 0xfa, 0x99, 0x99, 0xaf, 0xf9, 0x99, 0x99,
    0xbf, 0xf0, 0xf, 0xff, 0xff, 0xff, 0xff, 0xff,
    0xff, 0xff, 0xff, 0xf0, 0xf, 0xf2, 0x0, 0x0,
    0x2f, 0xf0, 0x0, 0x0, 0x4f, 0xf0, 0xf, 0xfa,
    0x99, 0x99, 0xaf, 0xf9, 0x99, 0x99, 0xbf, 0xf0,
    0xf, 0xff, 0xff, 0xff, 0xff, 0xff, 0xff, 0xff,
    0xff, 0xf0, 0x0, 0x0, 0x0, 0x0, 0x0, 0x0,
    0x0, 0x0, 0x0, 0x0, 0x0, 0x5b, 0xbb, 0xbb,
    0xbb, 0xbb, 0xbb, 0xbb, 0xb4, 0x0, 0x0, 0x8f,
    0xff, 0xff, 0xff, 0xff, 0xff, 0xff, 0xf6, 0x0,
    0x0, 0x8f, 0xc0, 0x0, 0x0, 0x0, 0x0, 0xe,
    0xf6, 0x0, 0x0, 0x8f, 0xe9, 0x99, 0x99, 0x99,
    0x99, 0x9f, 0xf6, 0x0, 0x0, 0x8f, 0xff, 0xff,
    0xff, 0xff, 0xff, 0xff, 0xf6, 0x0, 0x0, 0x8f,
    0xc0, 0x0, 0x0, 0x0, 0x0, 0xe, 0xf6, 0x0,
    0x0, 0x8f, 0xe9, 0x99, 0x99, 0x99, 0x99, 0x9f,
    0xf6, 0x0, 0x0, 0x8f, 0xff, 0xff, 0xff, 0xff,
    0xff, 0xff, 0xf6, 0x0, 0x0, 0x8f, 0xc0, 0x0,
    0x0, 0x0, 0x0, 0xe, 0xf6, 0x0, 0x0, 0x8f,
    0xc0, 0x0, 0x0, 0x0, 0x0, 0xf, 0xf5, 0x0,
    0x0, 0x8f, 0xc0, 0x0, 0x0, 0x6, 0xff, 0xff,
    0xf3, 0x0, 0x0, 0x8f, 0xc0, 0x0, 0x0, 0x1,
    0xee, 0xec, 0x60, 0x0,

    /* U+811A "脚" */
    0x0, 0x0, 0x0, 0x0, 0x0, 0x0, 0x0, 0x0,
    0x0, 0x0, 0x0, 0x0, 0x6, 0x66, 0x66, 0x60,
    0x0, 0xaf, 0x20, 0x0, 0x0, 0x0, 0x0, 0x0,
    0xff, 0xff, 0xfe, 0x0, 0xa, 0xf2, 0x0, 0x3f,
    0xff, 0xff, 0xc0, 0xf, 0xe9, 0x9f, 0xe0, 0x0,
    0xaf, 0x20, 0x3, 0xff, 0xff, 0xfd, 0x0, 0xfc,
    0x0, 0xee, 0x9, 0x9d, 0xfa, 0x94, 0x3f, 0xd3,
    0x4f, 0xd0, 0xf, 0xc0, 0xe, 0xe0, 0xff, 0xff,
    0xff, 0x73, 0xfc, 0x1, 0xfd, 0x0, 0xfc, 0x0,
    0xee, 0x8, 0x8d, 0xf9, 0x84, 0x3f, 0xc0, 0x1f,
    0xd0, 0xf, 0xff, 0xff, 0xe0, 0x0, 0xaf, 0x20,
    0x3, 0xfc, 0x1, 0xfd, 0x0, 0xff, 0xff, 0xfe,
    0x0, 0xa, 0xf2, 0x0, 0x3f, 0xc0, 0x1f, 0xd0,
    0xf, 0xc1, 0x1e, 0xe0, 0x11, 0xbf, 0x31, 0x13,
    0xfc, 0x1, 0xfd, 0x0, 0xfc, 0x0, 0xee, 0x8f,
    0xff, 0xff, 0xff, 0x3f, 0xc0, 0x1f, 0xd0, 0xf,
    0xc0, 0xe, 0xe8, 0xff, 0xff, 0xff, 0xf3, 0xfc,
    0x1, 0xfd, 0x0, 0xfc, 0x22, 0xee, 0x12, 0x7f,
    0xa2, 0x22, 0x3f, 0xc0, 0x1f, 0xd0, 0x1f, 0xff,
    0xff, 0xe0, 0x9, 0xf5, 0x1, 0x3, 0xfc, 0x1,
    0xfd, 0x2, 0xff, 0xff, 0xfe, 0x0, 0xcf, 0x2e,
    0x90, 0x3f, 0xc0, 0x1f, 0xd0, 0x3f, 0x90, 0xe,
    0xe0, 0x1f, 0xc0, 0xce, 0x3, 0xfc, 0x1, 0xfd,
    0x4, 0xf7, 0x0, 0xee, 0x5, 0xf6, 0x7, 0xf4,
    0x3f, 0xc1, 0x4f, 0xd0, 0x6f, 0x60, 0xe, 0xe0,
    0xbf, 0x22, 0x7f, 0x93, 0xfc, 0xdf, 0xfb, 0x8,
    0xf4, 0x0, 0xee, 0x4f, 0xff, 0xff, 0xfd, 0x3f,
    0xc7, 0xeb, 0x20, 0xaf, 0x20, 0xe, 0xe5, 0xff,
    0xeb, 0x8d, 0xf4, 0xfc, 0x0, 0x0, 0xe, 0xe0,
    0x0, 0xfe, 0x6, 0x20, 0x0, 0x78, 0x4f, 0xc0,
    0x0, 0x2, 0xfa, 0xc, 0xff, 0xc0, 0x0, 0x0,
    0x0, 0x3, 0xfc, 0x0, 0x0, 0x2b, 0x60, 0x9f,
    0xd4, 0x0, 0x0, 0x0, 0x0, 0x3f, 0xc0, 0x0,
    0x0, 0x0, 0x0, 0x0, 0x0, 0x0, 0x0, 0x0,
    0x0, 0x32, 0x0, 0x0,

    /* U+81EA "自" */
    0x0, 0x0, 0x0, 0x2, 0x20, 0x0, 0x0, 0x0,
    0x0, 0x0, 0x0, 0x0, 0xa, 0xff, 0x10, 0x0,
    0x0, 0x0, 0x0, 0x0, 0x0, 0xe, 0xfa, 0x0,
    0x0, 0x0, 0x0, 0x0, 0x0, 0x0, 0x2f, 0xf4,
    0x0, 0x0, 0x0, 0x0, 0x4f, 0xff, 0xff, 0xff,
    0xff, 0xff, 0xff, 0xff, 0xf7, 0x4f, 0xff, 0xff,
    0xff, 0xff, 0xff, 0xff, 0xff, 0xf7, 0x4f, 0xf1,
    0x11, 0x11, 0x11, 0x11, 0x11, 0x1e, 0xf7, 0x4f,
    0xf0, 0x0, 0x0, 0x0, 0x0, 0x0, 0xe, 0xf7,
    0x4f, 0xf0, 0x0, 0x0, 0x0, 0x0, 0x0, 0xe,
    0xf7, 0x4f, 0xff, 0xff, 0xff, 0xff, 0xff, 0xff,
    0xff, 0xf7, 0x4f, 0xff, 0xff, 0xff, 0xff, 0xff,
    0xff, 0xff, 0xf7, 0x4f, 0xf2, 0x22, 0x22, 0x22,
    0x22, 0x22, 0x2e, 0xf7, 0x4f, 0xf0, 0x0, 0x0,
    0x0, 0x0, 0x0, 0xe, 0xf7, 0x4f, 0xf0, 0x0,
    0x0, 0x0, 0x0, 0x0, 0xe, 0xf7, 0x4f, 0xfc,
    0xcc, 0xcc, 0xcc, 0xcc, 0xcc, 0xcf, 0xf7, 0x4f,
    0xff, 0xff, 0xff, 0xff, 0xff, 0xff, 0xff, 0xf7,
    0x4f, 0xf4, 0x44, 0x44, 0x44, 0x44, 0x44, 0x4f,
    0xf7, 0x4f, 0xf0, 0x0, 0x0, 0x0, 0x0, 0x0,
    0xe, 0xf7, 0x4f, 0xf0, 0x0, 0x0, 0x0, 0x0,
    0x0, 0xe, 0xf7, 0x4f, 0xf2, 0x22, 0x22, 0x22,
    0x22, 0x22, 0x2e, 0xf7, 0x4f, 0xff, 0xff, 0xff,
    0xff, 0xff, 0xff, 0xff, 0xf7, 0x4f, 0xff, 0xff,
    0xff, 0xff, 0xff, 0xff, 0xff, 0xf7, 0x4f, 0xf0,
    0x0, 0x0, 0x0, 0x0, 0x0, 0xd, 0xe6,

    /* U+8272 "色" */
    0x0, 0x0, 0x0, 0x0, 0x0, 0x0, 0x0, 0x0,
    0x0, 0x0, 0x0, 0x0, 0x0, 0x0, 0x0, 0x3f,
    0xb1, 0x0, 0x0, 0x0, 0x0, 0x0, 0x0, 0x0,
    0x0, 0x0, 0xd, 0xfc, 0x10, 0x0, 0x1, 0x0,
    0x0, 0x0, 0x0, 0x0, 0x0, 0xa, 0xff, 0xff,
    0xff, 0xff, 0xfb, 0x0, 0x0, 0x0, 0x0, 0x0,
    0x9, 0xff, 0xff, 0xff, 0xff, 0xff, 0xc0, 0x0,
    0x0, 0x0, 0x0, 0x9, 0xff, 0x80, 0x0, 0x0,
    0x9f, 0xd1, 0x0, 0x0, 0x0, 0x0, 0x1b, 0xff,
    0x70, 0x0, 0x0, 0x9f, 0xe2, 0x0, 0x0, 0x0,
    0x0, 0x4e, 0xff, 0xfc, 0xcc, 0xcc, 0xdf, 0xfe,
    0xcc, 0xcc, 0xc7, 0x0, 0xe, 0xff, 0xff, 0xff,
    0xff, 0xff, 0xff, 0xff, 0xff, 0xff, 0x80, 0x0,
    0x6e, 0x5f, 0xf5, 0x44, 0x44, 0xff, 0x84, 0x44,
    0x4c, 0xf8, 0x0, 0x0, 0x12, 0xff, 0x0, 0x0,
    0xe, 0xf4, 0x0, 0x0, 0xbf, 0x80, 0x0, 0x0,
    0x2f, 0xf0, 0x0, 0x0, 0xef, 0x40, 0x0, 0xb,
    0xf8, 0x0, 0x0, 0x2, 0xff, 0x0, 0x0, 0xe,
    0xf4, 0x0, 0x0, 0xbf, 0x80, 0x0, 0x0, 0x2f,
    0xff, 0xff, 0xff, 0xff, 0xff, 0xff, 0xff, 0xf8,
    0x0, 0x0, 0x2, 0xff, 0xff, 0xff, 0xff, 0xff,
    0xff, 0xff, 0xff, 0x80, 0x0, 0x0, 0x2f, 0xf3,
    0x33, 0x33, 0x33, 0x33, 0x33, 0x3c, 0xf8, 0x0,
    0x0, 0x2, 0xff, 0x0, 0x0, 0x0, 0x0, 0x0,
    0x0, 0x0, 0x0, 0x0, 0x0, 0x2f, 0xf0, 0x0,
    0x0, 0x0, 0x0, 0x0, 0x0, 0x4, 0xf9, 0x0,
    0x2, 0xff, 0x0, 0x0, 0x0, 0x0, 0x0, 0x0,
    0x0, 0x6f, 0xd0, 0x0, 0x1f, 0xf1, 0x0, 0x0,
    0x0, 0x0, 0x0, 0x0, 0xb, 0xfa, 0x0, 0x0,
    0xff, 0xa3, 0x11, 0x11, 0x11, 0x11, 0x11, 0x27,
    0xff, 0x50, 0x0, 0x8, 0xff, 0xff, 0xff, 0xff,
    0xff, 0xff, 0xff, 0xff, 0xd0, 0x0, 0x0, 0x6,
    0xce, 0xff, 0xff, 0xff, 0xff, 0xff, 0xfe, 0x91,
    0x0,

    /* U+8282 "节" */
    0x0, 0x0, 0x1, 0x33, 0x0, 0x0, 0x0, 0x33,
    0x20, 0x0, 0x0, 0x0, 0x0, 0x4, 0xff, 0x0,
    0x0, 0x0, 0xef, 0x80, 0x0, 0x0, 0x0, 0x0,
    0x4, 0xff, 0x0, 0x0, 0x0, 0xef, 0x80, 0x0,
    0x0, 0x6a, 0xaa, 0xac, 0xff, 0xba, 0xaa, 0xaa,
    0xff, 0xda, 0xaa, 0xaa, 0x9f, 0xff, 0xff, 0xff,
    0xff, 0xff, 0xff, 0xff, 0xff, 0xff, 0xfe, 0x47,
    0x77, 0x79, 0xff, 0x87, 0x77, 0x77, 0xff, 0xc7,
    0x77, 0x77, 0x0, 0x0, 0x4, 0xff, 0x0, 0x0,
    0x0, 0xef, 0x80, 0x0, 0x0, 0x0, 0x0, 0x4,
    0xff, 0x0, 0x0, 0x0, 0xef, 0x80, 0x0, 0x0,
    0x0, 0x0, 0x0, 0x0, 0x0, 0x0, 0x0, 0x0,
    0x0, 0x0, 0x0, 0xa, 0xff, 0xff, 0xff, 0xff,
    0xff, 0xff, 0xff, 0xff, 0xfb, 0x0, 0xa, 0xff,
    0xff, 0xff, 0xff, 0xff, 0xff, 0xff, 0xff, 0xfb,
    0x0, 0x2, 0x33, 0x33, 0x3b, 0xfd, 0x33, 0x33,
    0x33, 0x3b, 0xfb, 0x0, 0x0, 0x0, 0x0, 0x9,
    0xfc, 0x0, 0x0, 0x0, 0x9, 0xfb, 0x0, 0x0,
    0x0, 0x0, 0x9, 0xfc, 0x0, 0x0, 0x0, 0x9,
    0xfb, 0x0, 0x0, 0x0, 0x0, 0x9, 0xfc, 0x0,
    0x0, 0x0, 0x9, 0xfb, 0x0, 0x0, 0x0, 0x0,
    0x9, 0xfc, 0x0, 0x0, 0x0, 0x9, 0xfb, 0x0,
    0x0, 0x0, 0x0, 0x9, 0xfc, 0x0, 0x0, 0x0,
    0x9, 0xfb, 0x0, 0x0, 0x0, 0x0, 0x9, 0xfc,
    0x0, 0x6, 0x66, 0x6d, 0xfb, 0x0, 0x0, 0x0,
    0x0, 0x9, 0xfc, 0x0, 0xb, 0xff, 0xff, 0xf7,
    0x0, 0x0, 0x0, 0x0, 0x9, 0xfc, 0x0, 0x7,
    0xff, 0xeb, 0x70, 0x0, 0x0, 0x0, 0x0, 0x9,
    0xfc, 0x0, 0x0, 0x0, 0x0, 0x0, 0x0, 0x0,
    0x0, 0x0, 0x9, 0xfc, 0x0, 0x0, 0x0, 0x0,
    0x0, 0x0, 0x0, 0x0, 0x0, 0x9, 0xfc, 0x0,
    0x0, 0x0, 0x0, 0x0, 0x0,

    /* U+82E6 "苦" */
    0x0, 0x0, 0x0, 0x0, 0x0, 0x0, 0x0, 0x0,
    0x0, 0x0, 0x0, 0x0, 0x0, 0x9, 0xf9, 0x0,
    0x0, 0x2, 0xff, 0x10, 0x0, 0x0, 0x0, 0x0,
    0xa, 0xfa, 0x0, 0x0, 0x3, 0xff, 0x20, 0x0,
    0x0, 0xbf, 0xff, 0xff, 0xff, 0xff, 0xff, 0xff,
    0xff, 0xff, 0xff, 0xf4, 0xbf, 0xff, 0xff, 0xff,
    0xff, 0xff, 0xff, 0xff, 0xff, 0xff, 0xf4, 0x0,
    0x0, 0x9, 0xf9, 0x0, 0x0, 0x2, 0xff, 0x10,
    0x0, 0x0, 0x0, 0x0, 0x9, 0xf9, 0x3, 0x77,
    0x2, 0xff, 0x10, 0x0, 0x0, 0x0, 0x0, 0x6,
    0xa6, 0x6, 0xfe, 0x1, 0xaa, 0x10, 0x0, 0x0,
    0x0, 0x0, 0x0, 0x0, 0x6, 0xfe, 0x0, 0x0,
    0x0, 0x0, 0x0, 0xbf, 0xff, 0xff, 0xff, 0xff,
    0xff, 0xff, 0xff, 0xff, 0xff, 0xf5, 0xcf, 0xff,
    0xff, 0xff, 0xff, 0xff, 0xff, 0xff, 0xff, 0xff,
    0xf5, 0x12, 0x22, 0x22, 0x22, 0x28, 0xfe, 0x22,
    0x22, 0x22, 0x22, 0x20, 0x0, 0x0, 0x0, 0x0,
    0x6, 0xfe, 0x0, 0x0, 0x0, 0x0, 0x0, 0x0,
    0x0, 0x0, 0x0, 0x6, 0xfe, 0x0, 0x0, 0x0,
    0x0, 0x0, 0x0, 0x1f, 0xff, 0xff, 0xff, 0xff,
    0xff, 0xff, 0xff, 0xe0, 0x0, 0x0, 0x1f, 0xff,
    0xff, 0xff, 0xff, 0xff, 0xff, 0xff, 0xf0, 0x0,
    0x0, 0x1f, 0xf3, 0x22, 0x22, 0x22, 0x22, 0x22,
    0x7f, 0xf0, 0x0, 0x0, 0x1f, 0xf1, 0x0, 0x0,
    0x0, 0x0, 0x0, 0x6f, 0xf0, 0x0, 0x0, 0x1f,
    0xf1, 0x0, 0x0, 0x0, 0x0, 0x0, 0x6f, 0xf0,
    0x0, 0x0, 0x1f, 0xf3, 0x11, 0x11, 0x11, 0x11,
    0x11, 0x7f, 0xf0, 0x0, 0x0, 0x1f, 0xff, 0xff,
    0xff, 0xff, 0xff, 0xff, 0xff, 0xf0, 0x0, 0x0,
    0x1f, 0xff, 0xff, 0xff, 0xff, 0xff, 0xff, 0xff,
    0xf0, 0x0, 0x0, 0x1f, 0xf1, 0x0, 0x0, 0x0,
    0x0, 0x0, 0x6f, 0xf0, 0x0,

    /* U+8349 "草" */
    0x0, 0x0, 0x0, 0x77, 0x0, 0x0, 0x0, 0x67,
    0x20, 0x0, 0x0, 0x0, 0x0, 0x1, 0xff, 0x10,
    0x0, 0x0, 0xdf, 0x60, 0x0, 0x0, 0x5d, 0xdd,
    0xdd, 0xff, 0xdd, 0xdd, 0xdd, 0xff, 0xed, 0xdd,
    0xda, 0x6f, 0xff, 0xff, 0xff, 0xff, 0xff, 0xff,
    0xff, 0xff, 0xff, 0xfc, 0x12, 0x22, 0x24, 0xff,
    0x32, 0x22, 0x22, 0xdf, 0x82, 0x22, 0x22, 0x0,
    0x0, 0x1, 0xdd, 0x10, 0x0, 0x0, 0xbd, 0x50,
    0x0, 0x0, 0x0, 0xa, 0xbb, 0xbb, 0xbb, 0xbb,
    0xbb, 0xbb, 0xbb, 0xb2, 0x0, 0x0, 0xe, 0xff,
    0xff, 0xff, 0xff, 0xff, 0xff, 0xff, 0xf3, 0x0,
    0x0, 0xe, 0xf5, 0x0, 0x0, 0x0, 0x0, 0x0,
    0xf, 0xf3, 0x0, 0x0, 0xe, 0xf4, 0x0, 0x0,
    0x0, 0x0, 0x0, 0xf, 0xf3, 0x0, 0x0, 0xe,
    0xff, 0xff, 0xff, 0xff, 0xff, 0xff, 0xff, 0xf3,
    0x0, 0x0, 0xe, 0xfc, 0xaa, 0xaa, 0xaa, 0xaa,
    0xaa, 0xbf, 0xf3, 0x0, 0x0, 0xe, 0xf4, 0x0,
    0x0, 0x0, 0x0, 0x0, 0xf, 0xf3, 0x0, 0x0,
    0xe, 0xfc, 0xbb, 0xbb, 0xbb, 0xbb, 0xbb, 0xbf,
    0xf3, 0x0, 0x0, 0xe, 0xff, 0xff, 0xff, 0xff,
    0xff, 0xff, 0xff, 0xf3, 0x0, 0x0, 0x0, 0x0,
    0x0, 0x1, 0xff, 0x40, 0x0, 0x0, 0x0, 0x0,
    0x0, 0x0, 0x0, 0x0, 0x1, 0xff, 0x30, 0x0,
    0x0, 0x0, 0x0, 0x7f, 0xff, 0xff, 0xff, 0xff,
    0xff, 0xff, 0xff, 0xff, 0xff, 0xfe, 0x8f, 0xff,
    0xff, 0xff, 0xff, 0xff, 0xff, 0xff, 0xff, 0xff,
    0xfe, 0x1, 0x11, 0x11, 0x11, 0x12, 0xff, 0x41,
    0x11, 0x11, 0x11, 0x11, 0x0, 0x0, 0x0, 0x0,
    0x1, 0xff, 0x30, 0x0, 0x0, 0x0, 0x0, 0x0,
    0x0, 0x0, 0x0, 0x1, 0xff, 0x30, 0x0, 0x0,
    0x0, 0x0, 0x0, 0x0, 0x0, 0x0, 0x1, 0xff,
    0x30, 0x0, 0x0, 0x0, 0x0,

    /* U+83B7 "获" */
    0x0, 0x0, 0x0, 0x0, 0x0, 0x0, 0x0, 0x0,
    0x0, 0x0, 0x0, 0x0, 0x0, 0x0, 0xe, 0xf5,
    0x0, 0x0, 0xc, 0xf7, 0x0, 0x0, 0x0, 0x13,
    0x33, 0x33, 0xef, 0x83, 0x33, 0x33, 0xdf, 0x93,
    0x33, 0x33, 0x5, 0xff, 0xff, 0xff, 0xff, 0xff,
    0xff, 0xff, 0xff, 0xff, 0xff, 0xd0, 0x4c, 0xcc,
    0xcc, 0xff, 0xdc, 0xcc, 0xcc, 0xff, 0xec, 0xcc,
    0xca, 0x0, 0x0, 0x0, 0xe, 0xf5, 0x0, 0x0,
    0xc, 0xf7, 0x0, 0x0, 0x0, 0x0, 0x31, 0x0,
    0x99, 0x30, 0x0, 0x0, 0x78, 0x30, 0x0, 0x0,
    0x0, 0x5f, 0xd3, 0x1d, 0xb2, 0x0, 0x0, 0x4f,
    0xc3, 0xda, 0x0, 0x0, 0x0, 0x8f, 0xfe, 0xfd,
    0x10, 0x0, 0x4, 0xfc, 0x1d, 0xfd, 0x10, 0x0,
    0x0, 0xcf, 0xfc, 0x10, 0x0, 0x0, 0x4f, 0xc0,
    0xc, 0xfa, 0x0, 0x6, 0xef, 0xff, 0xb0, 0x12,
    0x22, 0x26, 0xfd, 0x22, 0x3b, 0x32, 0x9, 0xff,
    0xa4, 0xff, 0x2a, 0xff, 0xff, 0xff, 0xff, 0xff,
    0xff, 0xd0, 0xa, 0x30, 0xb, 0xf7, 0x9f, 0xff,
    0xff, 0xff, 0xff, 0xff, 0xfc, 0x0, 0x0, 0x3,
    0xff, 0xa0, 0x0, 0x0, 0xaf, 0xf3, 0x0, 0x0,
    0x0, 0x0, 0x3, 0xef, 0xfb, 0x0, 0x0, 0xd,
    0xff, 0x80, 0x0, 0x0, 0x0, 0x6, 0xff, 0xbf,
    0xc0, 0x0, 0x2, 0xff, 0xfe, 0x0, 0x0, 0x0,
    0x2b, 0xff, 0x64, 0xfd, 0x0, 0x0, 0xaf, 0xdb,
    0xf7, 0x0, 0x0, 0x9, 0xfe, 0x40, 0x4f, 0xc0,
    0x0, 0x2f, 0xf6, 0x4f, 0xe1, 0x0, 0x0, 0x8,
    0x10, 0x6, 0xfb, 0x0, 0xd, 0xfd, 0x0, 0xcf,
    0xb0, 0x0, 0x0, 0x0, 0x0, 0x8f, 0x90, 0xb,
    0xff, 0x30, 0x2, 0xff, 0xa0, 0x0, 0x0, 0x0,
    0x2e, 0xf5, 0x1c, 0xff, 0x50, 0x0, 0x6, 0xff,
    0xd3, 0x0, 0x1e, 0xff, 0xfd, 0x2e, 0xff, 0x60,
    0x0, 0x0, 0x6, 0xff, 0xd0, 0x0, 0xae, 0xea,
    0x20, 0x8e, 0x30, 0x0, 0x0, 0x0, 0x3, 0xd2,
    0x0, 0x0, 0x0, 0x0, 0x0, 0x0, 0x0, 0x0,
    0x0, 0x0, 0x0, 0x0,

    /* U+85CF "藏" */
    0x0, 0x0, 0x0, 0x0, 0x0, 0x0, 0x0, 0x0,
    0x0, 0x0, 0x0, 0x0, 0x0, 0x0, 0x0, 0xf,
    0xf2, 0x0, 0x0, 0x2f, 0xf0, 0x0, 0x0, 0x0,
    0x4, 0x77, 0x77, 0x8f, 0xf9, 0x77, 0x77, 0x9f,
    0xf8, 0x77, 0x77, 0x50, 0x9, 0xff, 0xff, 0xff,
    0xff, 0xff, 0xff, 0xff, 0xff, 0xff, 0xff, 0xb0,
    0x3, 0x66, 0x66, 0x7f, 0xf8, 0x66, 0x66, 0x8f,
    0xf7, 0x69, 0x96, 0x40, 0x0, 0x0, 0x0, 0xe,
    0xe2, 0x0, 0x0, 0x2f, 0xf7, 0x1e, 0xf6, 0x0,
    0x0, 0x0, 0x2, 0x33, 0x33, 0x33, 0x33, 0x37,
    0xfb, 0x36, 0xfe, 0x30, 0x0, 0xf9, 0xa, 0xff,
    0xff, 0xff, 0xff, 0xff, 0xff, 0xff, 0xff, 0xe0,
    0x0, 0xf9, 0xa, 0xfc, 0xbb, 0xbb, 0xbb, 0xbc,
    0xfe, 0xbb, 0xbb, 0xa0, 0x0, 0xf9, 0xa, 0xf3,
    0x23, 0x33, 0x33, 0x34, 0xfc, 0x0, 0x30, 0x0,
    0x0, 0xfc, 0x5c, 0xf3, 0xbf, 0xff, 0xff, 0xf6,
    0xfd, 0x5, 0xfc, 0x0, 0x0, 0xff, 0xff, 0xf3,
    0xbf, 0x38, 0xf5, 0x31, 0xfe, 0xa, 0xf8, 0x0,
    0x0, 0xfd, 0x8d, 0xf3, 0xbf, 0x48, 0xf6, 0x41,
    0xef, 0xe, 0xf3, 0x0, 0x0, 0x21, 0xa, 0xf3,
    0xbf, 0xff, 0xff, 0xf6, 0xcf, 0x6f, 0xf0, 0x0,
    0x1b, 0xbb, 0xbe, 0xf2, 0xbe, 0x11, 0x15, 0xf6,
    0xaf, 0xcf, 0xa0, 0x0, 0x1f, 0xff, 0xff, 0xf1,
    0xbe, 0x11, 0x15, 0xf6, 0x8f, 0xff, 0x30, 0x0,
    0x1, 0xdd, 0x1d, 0xf0, 0xbf, 0xff, 0xff, 0xf6,
    0x4f, 0xfb, 0x0, 0x0, 0x0, 0xeb, 0xe, 0xf0,
    0xbf, 0x48, 0xf6, 0x41, 0x2f, 0xf4, 0x0, 0x0,
    0x0, 0xfa, 0xf, 0xe0, 0xbe, 0x27, 0xf4, 0x21,
    0xbf, 0xf3, 0x3, 0x80, 0x1, 0xf8, 0x3f, 0xb0,
    0xbf, 0xff, 0xff, 0xfe, 0xff, 0xf9, 0x4, 0xf5,
    0x6, 0xf5, 0x9f, 0x80, 0xbf, 0x55, 0x55, 0xcf,
    0xf6, 0xff, 0x48, 0xf2, 0xe, 0xe0, 0xef, 0x20,
    0x8a, 0x0, 0x9, 0xff, 0x40, 0x7f, 0xff, 0xe0,
    0x9, 0x50, 0x6b, 0x0, 0x0, 0x0, 0x1, 0xc4,
    0x0, 0x8, 0xee, 0x50, 0x0, 0x0, 0x0, 0x0,
    0x0, 0x0, 0x0, 0x0, 0x0, 0x0, 0x0, 0x0,

    /* U+8693 "蚓" */
    0x0, 0x0, 0x8b, 0x10, 0x0, 0x1, 0x11, 0x11,
    0x11, 0x1, 0x99, 0x0, 0x0, 0xbf, 0x10, 0x0,
    0x2f, 0xff, 0xff, 0xfc, 0x2, 0xfe, 0x0, 0x0,
    0xbf, 0x10, 0x0, 0x2f, 0xff, 0xff, 0xfc, 0x2,
    0xfe, 0x0, 0x0, 0xbf, 0x10, 0x0, 0x0, 0x0,
    0x4, 0xfc, 0x2, 0xfe, 0x7, 0xcc, 0xff, 0xdc,
    0xc7, 0x0, 0x0, 0x4, 0xfc, 0x2, 0xfe, 0x8,
    0xff, 0xff, 0xff, 0xf9, 0x0, 0x0, 0x4, 0xfc,
    0x2, 0xfe, 0x8, 0xf1, 0x9e, 0x1, 0xf9, 0xa,
    0xff, 0xff, 0xfc, 0x2, 0xfe, 0x8, 0xf1, 0x9e,
    0x1, 0xf9, 0xc, 0xff, 0xff, 0xfc, 0x2, 0xfe,
    0x8, 0xf1, 0x9e, 0x1, 0xf9, 0xd, 0xf4, 0x11,
    0x11, 0x2, 0xfe, 0x8, 0xf1, 0x9e, 0x1, 0xf9,
    0xe, 0xf1, 0x0, 0x0, 0x2, 0xfe, 0x8, 0xf1,
    0x9e, 0x1, 0xf9, 0xf, 0xf0, 0x0, 0x0, 0x2,
    0xfe, 0x8, 0xff, 0xff, 0xff, 0xf9, 0x1f, 0xfc,
    0xcc, 0xcb, 0x2, 0xfe, 0x8, 0xfe, 0xff, 0xee,
    0xe8, 0x3f, 0xff, 0xff, 0xfe, 0x2, 0xfe, 0x8,
    0xf1, 0xcf, 0x10, 0x0, 0x13, 0x33, 0x35, 0xfd,
    0x2, 0xfe, 0x1, 0x10, 0xcf, 0x13, 0xa2, 0x0,
    0x0, 0x3, 0xfc, 0x2, 0xfe, 0x0, 0x0, 0xcf,
    0x15, 0xf7, 0x0, 0x0, 0x4, 0xfb, 0x2, 0xfe,
    0x0, 0x0, 0xcf, 0x10, 0xfc, 0x0, 0x0, 0x6,
    0xfa, 0x2, 0xfe, 0x0, 0x0, 0xcf, 0x78, 0xff,
    0x10, 0x0, 0x7, 0xf8, 0x2, 0xfe, 0x29, 0xce,
    0xff, 0xff, 0xff, 0x40, 0x0, 0xa, 0xf6, 0x2,
    0xfe, 0x3f, 0xff, 0xff, 0xc9, 0x9f, 0x80, 0x0,
    0xe, 0xf3, 0x2, 0xfe, 0x1a, 0x74, 0x10, 0x0,
    0x1e, 0x71, 0xee, 0xef, 0xe0, 0x2, 0xfe, 0x0,
    0x0, 0x0, 0x0, 0x0, 0x0, 0xbf, 0xfd, 0x30,
    0x2, 0xfe, 0x0, 0x0, 0x0, 0x0, 0x0, 0x0,
    0x0, 0x0, 0x0, 0x0, 0x0,

    /* U+86AF "蚯" */
    0x0, 0x0, 0x22, 0x0, 0x0, 0x0, 0x0, 0x0,
    0x0, 0x0, 0x0, 0x0, 0x0, 0xe, 0xf1, 0x0,
    0x0, 0x0, 0x0, 0x0, 0x49, 0xea, 0x0, 0x0,
    0x0, 0xef, 0x10, 0x0, 0x0, 0x25, 0x9c, 0xff,
    0xff, 0xf6, 0x0, 0x0, 0xe, 0xf1, 0x0, 0x0,
    0xf, 0xff, 0xff, 0xc8, 0x40, 0x0, 0x0, 0x0,
    0xef, 0x10, 0x0, 0x0, 0xff, 0x72, 0x0, 0x0,
    0x0, 0x1, 0xee, 0xef, 0xfe, 0xee, 0xb0, 0xf,
    0xf2, 0x0, 0x0, 0x0, 0x0, 0x1f, 0xff, 0xff,
    0xff, 0xfc, 0x0, 0xff, 0x20, 0x0, 0x0, 0x0,
    0x1, 0xfb, 0xb, 0xf0, 0xf, 0xc0, 0xf, 0xf2,
    0x0, 0x0, 0x0, 0x0, 0x1f, 0xb0, 0xbf, 0x0,
    0xfc, 0x0, 0xff, 0x20, 0x0, 0x0, 0x0, 0x1,
    0xfb, 0xb, 0xf0, 0xf, 0xc0, 0xf, 0xff, 0xff,
    0xff, 0xff, 0xf0, 0x1f, 0xb0, 0xbf, 0x0, 0xfc,
    0x0, 0xff, 0xff, 0xff, 0xff, 0xff, 0x1, 0xfb,
    0xb, 0xf0, 0xf, 0xc0, 0xf, 0xf4, 0x11, 0x5f,
    0xf1, 0x10, 0x1f, 0xfd, 0xff, 0xdd, 0xfc, 0x0,
    0xff, 0x20, 0x4, 0xfe, 0x0, 0x1, 0xff, 0xff,
    0xff, 0xff, 0xc0, 0xf, 0xf2, 0x0, 0x4f, 0xe0,
    0x0, 0x1f, 0xb0, 0xef, 0x20, 0x0, 0x0, 0xff,
    0x20, 0x4, 0xfe, 0x0, 0x0, 0x10, 0xe, 0xf1,
    0x4a, 0x20, 0xf, 0xf2, 0x0, 0x4f, 0xe0, 0x0,
    0x0, 0x0, 0xef, 0x15, 0xf8, 0x0, 0xff, 0x20,
    0x4, 0xfe, 0x0, 0x0, 0x0, 0xe, 0xf1, 0x1f,
    0xe0, 0xf, 0xf2, 0x0, 0x4f, 0xe0, 0x0, 0x0,
    0x13, 0xff, 0xbc, 0xff, 0x20, 0xff, 0x20, 0x4,
    0xfe, 0x0, 0xb, 0xff, 0xff, 0xff, 0xff, 0xf5,
    0xf, 0xf2, 0x0, 0x4f, 0xe0, 0x0, 0xaf, 0xfe,
    0xb9, 0x63, 0x9f, 0xff, 0xff, 0xff, 0xff, 0xff,
    0xff, 0x62, 0x30, 0x0, 0x0, 0x2, 0x3a, 0xff,
    0xff, 0xff, 0xff, 0xff, 0xf6, 0x0, 0x0, 0x0,
    0x0, 0x0, 0x11, 0x11, 0x11, 0x11, 0x11, 0x11,
    0x0,

    /* U+884C "行" */
    0x0, 0x0, 0x0, 0x30, 0x0, 0x0, 0x0, 0x0,
    0x0, 0x0, 0x0, 0x0, 0x0, 0x0, 0x4, 0xfe,
    0x40, 0x0, 0x0, 0x0, 0x0, 0x0, 0x0, 0x0,
    0x0, 0x0, 0x3f, 0xfc, 0x0, 0x4f, 0xff, 0xff,
    0xff, 0xff, 0xff, 0x70, 0x0, 0x3, 0xef, 0xd1,
    0x0, 0x4f, 0xff, 0xff, 0xff, 0xff, 0xff, 0x70,
    0x0, 0x6f, 0xfd, 0x10, 0x0, 0x3, 0x33, 0x33,
    0x33, 0x33, 0x33, 0x10, 0x9, 0xff, 0xc1, 0x0,
    0x0, 0x0, 0x0, 0x0, 0x0, 0x0, 0x0, 0x0,
    0x9, 0xfa, 0x0, 0x1e, 0xb3, 0x0, 0x0, 0x0,
    0x0, 0x0, 0x0, 0x0, 0x0, 0x70, 0x0, 0xbf,
    0xe1, 0x0, 0x0, 0x0, 0x0, 0x0, 0x0, 0x0,
    0x0, 0x0, 0x7, 0xff, 0x40, 0x33, 0x33, 0x33,
    0x33, 0x33, 0x33, 0x30, 0x0, 0x0, 0x5f, 0xf8,
    0x4, 0xff, 0xff, 0xff, 0xff, 0xff, 0xff, 0xf2,
    0x0, 0x4, 0xff, 0xf0, 0x4, 0xff, 0xff, 0xff,
    0xff, 0xff, 0xff, 0xf2, 0x0, 0x4f, 0xff, 0xe0,
    0x0, 0x0, 0x0, 0x0, 0xa, 0xfa, 0x0, 0x0,
    0x7, 0xff, 0xff, 0xe0, 0x0, 0x0, 0x0, 0x0,
    0xa, 0xfa, 0x0, 0x0, 0x1e, 0xfe, 0x8f, 0xe0,
    0x0, 0x0, 0x0, 0x0, 0xa, 0xfa, 0x0, 0x0,
    0x4, 0xd1, 0x5f, 0xe0, 0x0, 0x0, 0x0, 0x0,
    0xa, 0xfa, 0x0, 0x0, 0x0, 0x0, 0x5f, 0xe0,
    0x0, 0x0, 0x0, 0x0, 0xa, 0xfa, 0x0, 0x0,
    0x0, 0x0, 0x5f, 0xe0, 0x0, 0x0, 0x0, 0x0,
    0xa, 0xfa, 0x0, 0x0, 0x0, 0x0, 0x5f, 0xe0,
    0x0, 0x0, 0x0, 0x0, 0xa, 0xfa, 0x0, 0x0,
    0x0, 0x0, 0x5f, 0xe0, 0x0, 0x0, 0x0, 0x0,
    0xa, 0xfa, 0x0, 0x0, 0x0, 0x0, 0x5f, 0xe0,
    0x0, 0x0, 0x0, 0x0, 0xa, 0xfa, 0x0, 0x0,
    0x0, 0x0, 0x5f, 0xe0, 0x0, 0x0, 0x3, 0x33,
    0x3c, 0xf9, 0x0, 0x0, 0x0, 0x0, 0x5f, 0xe0,
    0x0, 0x0, 0x9, 0xff, 0xff, 0xf7, 0x0, 0x0,
    0x0, 0x0, 0x5f, 0xe0, 0x0, 0x0, 0x4, 0xff,
    0xfc, 0x80, 0x0, 0x0, 0x0, 0x0, 0x1, 0x10,
    0x0, 0x0, 0x0, 0x0, 0x0, 0x0, 0x0, 0x0,

    /* U+8868 "表" */
    0x0, 0x0, 0x0, 0x0, 0x0, 0x0, 0x0, 0x0,
    0x0, 0x0, 0x0, 0x0, 0x0, 0x0, 0x0, 0x0,
    0x0, 0x6f, 0xd0, 0x0, 0x0, 0x0, 0x0, 0x0,
    0x0, 0x11, 0x11, 0x11, 0x11, 0x7f, 0xd1, 0x11,
    0x11, 0x11, 0x10, 0x0, 0x0, 0xbf, 0xff, 0xff,
    0xff, 0xff, 0xff, 0xff, 0xff, 0xff, 0xf7, 0x0,
    0x0, 0xad, 0xdd, 0xdd, 0xdd, 0xef, 0xfd, 0xdd,
    0xdd, 0xdd, 0xd6, 0x0, 0x0, 0x0, 0x0, 0x0,
    0x0, 0x6f, 0xd0, 0x0, 0x0, 0x0, 0x0, 0x0,
    0x0, 0x6, 0xcc, 0xcc, 0xcc, 0xef, 0xfc, 0xcc,
    0xcc, 0xcc, 0x60, 0x0, 0x0, 0x8, 0xff, 0xff,
    0xff, 0xff, 0xff, 0xff, 0xff, 0xff, 0x70, 0x0,
    0x0, 0x0, 0x0, 0x0, 0x0, 0x7f, 0xd0, 0x0,
    0x0, 0x0, 0x0, 0x0, 0x0, 0x0, 0x0, 0x0,
    0x0, 0x6f, 0xd0, 0x0, 0x0, 0x0, 0x0, 0x0,
    0xb, 0xff, 0xff, 0xff, 0xff, 0xff, 0xff, 0xff,
    0xff, 0xff, 0xff, 0x40, 0xb, 0xee, 0xee, 0xee,
    0xff, 0xff, 0xff, 0xee, 0xee, 0xee, 0xee, 0x30,
    0x0, 0x0, 0x0, 0x3, 0xdf, 0xe6, 0xff, 0x10,
    0x0, 0x1, 0x0, 0x0, 0x0, 0x0, 0x0, 0x7f,
    0xfd, 0x20, 0xcf, 0x80, 0x0, 0x3e, 0xd3, 0x0,
    0x0, 0x0, 0x4d, 0xff, 0xb1, 0x0, 0x4f, 0xf2,
    0x5, 0xff, 0xe4, 0x0, 0x0, 0x5d, 0xff, 0xff,
    0x10, 0x0, 0xc, 0xfc, 0x9f, 0xfa, 0x10, 0x0,
    0x3f, 0xff, 0xfb, 0xff, 0x10, 0x0, 0x2, 0xef,
    0xfe, 0x50, 0x0, 0x0, 0x8, 0xe8, 0x14, 0xff,
    0x10, 0x0, 0x0, 0x5f, 0xfb, 0x10, 0x0, 0x0,
    0x0, 0x0, 0x4, 0xff, 0x10, 0x3, 0x78, 0x7,
    0xff, 0xe4, 0x0, 0x0, 0x0, 0x0, 0x5, 0xff,
    0x69, 0xef, 0xfd, 0x0, 0x5f, 0xff, 0xb5, 0x0,
    0x0, 0x0, 0xc, 0xff, 0xff, 0xff, 0xa5, 0x0,
    0x3, 0xdf, 0xff, 0xb0, 0x0, 0x0, 0x1e, 0xff,
    0xe9, 0x40, 0x0, 0x0, 0x0, 0x5, 0xcf, 0x20,
    0x0, 0x0, 0x8, 0x93, 0x0, 0x0, 0x0, 0x0,
    0x0, 0x0, 0x2, 0x0, 0x0, 0x0, 0x0, 0x0,
    0x0, 0x0, 0x0, 0x0, 0x0, 0x0, 0x0, 0x0,

    /* U+888B "袋" */
    0x0, 0x0, 0x0, 0x13, 0x0, 0x0, 0x66, 0x10,
    0x3, 0x0, 0x0, 0x0, 0x0, 0x0, 0x0, 0xcf,
    0xa0, 0x0, 0xdf, 0x60, 0x5f, 0xe5, 0x0, 0x0,
    0x0, 0x0, 0x8, 0xff, 0x20, 0x0, 0xaf, 0xa0,
    0x6, 0xff, 0xa0, 0x0, 0x0, 0x0, 0x6f, 0xf6,
    0x0, 0x0, 0x7f, 0xd0, 0x0, 0x3e, 0x85, 0x40,
    0x0, 0x6, 0xff, 0xd0, 0x34, 0x67, 0xbf, 0xfd,
    0xef, 0xff, 0xff, 0xc0, 0x0, 0x8f, 0xff, 0xd0,
    0xff, 0xff, 0xff, 0xff, 0xfe, 0xcb, 0x98, 0x50,
    0x1c, 0xff, 0xdf, 0xd0, 0x9a, 0x87, 0x58, 0xff,
    0x30, 0x0, 0x0, 0x0, 0xb, 0xf7, 0x5f, 0xd0,
    0x0, 0x0, 0x0, 0xdf, 0xd1, 0x0, 0xa, 0x70,
    0x0, 0x40, 0x4f, 0xd0, 0x0, 0x0, 0x0, 0x3f,
    0xfe, 0x50, 0xe, 0xf0, 0x0, 0x0, 0x4f, 0xd0,
    0x0, 0x5c, 0x40, 0x3, 0xff, 0xff, 0xef, 0xc0,
    0x0, 0x0, 0x4f, 0xd0, 0x0, 0xbf, 0xe0, 0x0,
    0x1a, 0xff, 0xff, 0x40, 0x0, 0x0, 0x13, 0x30,
    0x0, 0x2f, 0xf6, 0x0, 0x0, 0x3, 0x41, 0x0,
    0x1, 0x22, 0x22, 0x22, 0x22, 0x2c, 0x93, 0x22,
    0x22, 0x22, 0x22, 0x20, 0x9, 0xff, 0xff, 0xff,
    0xff, 0xff, 0xff, 0xff, 0xff, 0xff, 0xff, 0xe0,
    0x7, 0xcc, 0xcc, 0xcc, 0xdf, 0xff, 0xff, 0xec,
    0xcc, 0xcc, 0xcc, 0xb0, 0x0, 0x0, 0x0, 0x5,
    0xef, 0xe4, 0x8f, 0xd0, 0x0, 0x8, 0xb1, 0x0,
    0x0, 0x0, 0x17, 0xef, 0xf9, 0x10, 0xe, 0xfa,
    0x5, 0xdf, 0xf8, 0x0, 0x3, 0x8c, 0xff, 0xff,
    0xa0, 0x0, 0x5, 0xff, 0xdf, 0xfb, 0x20, 0x0,
    0xb, 0xff, 0xe8, 0x9f, 0xa0, 0x0, 0x0, 0x7f,
    0xff, 0x50, 0x0, 0x0, 0x1, 0x83, 0x0, 0x7f,
    0xa0, 0x36, 0x97, 0x7, 0xff, 0xf9, 0x20, 0x0,
    0x0, 0x0, 0x0, 0xaf, 0xff, 0xff, 0xfa, 0x0,
    0x4d, 0xff, 0xfd, 0x91, 0x0, 0x0, 0x3, 0xff,
    0xff, 0xc8, 0x40, 0x0, 0x0, 0x7d, 0xff, 0xb0,
    0x0, 0x0, 0x0, 0xb8, 0x40, 0x0, 0x0, 0x0,
    0x0, 0x0, 0x28, 0x10, 0x0, 0x0, 0x0, 0x0,
    0x0, 0x0, 0x0, 0x0, 0x0, 0x0, 0x0, 0x0,

    /* U+88AB "被" */
    0x0, 0x0, 0x10, 0x0, 0x0, 0x0, 0x0, 0x4,
    0x40, 0x0, 0x0, 0x0, 0x0, 0x7, 0xf6, 0x0,
    0x0, 0x0, 0x0, 0xe, 0xf3, 0x0, 0x0, 0x0,
    0x0, 0x5, 0xfe, 0x10, 0x0, 0x0, 0x0, 0xe,
    0xf3, 0x0, 0x0, 0x0, 0x0, 0x0, 0xbf, 0x90,
    0x0, 0x0, 0x0, 0xe, 0xf3, 0x0, 0x0, 0x0,
    0x1, 0x11, 0x5d, 0x41, 0x0, 0xcd, 0xdd, 0xdf,
    0xfe, 0xdd, 0xdd, 0x90, 0xf, 0xff, 0xff, 0xff,
    0x60, 0xef, 0xff, 0xff, 0xff, 0xff, 0xff, 0xa0,
    0xf, 0xff, 0xff, 0xff, 0x60, 0xef, 0x64, 0x4f,
    0xf6, 0x44, 0xdf, 0x50, 0x0, 0x0, 0x2, 0xfe,
    0x0, 0xef, 0x20, 0xe, 0xf3, 0x1, 0xff, 0x10,
    0x0, 0x0, 0xa, 0xf8, 0x0, 0xef, 0x20, 0xe,
    0xf3, 0x5, 0xfb, 0x0, 0x0, 0x0, 0x3f, 0xe0,
    0x30, 0xef, 0x20, 0xe, 0xf3, 0x0, 0x32, 0x0,
    0x0, 0x0, 0xdf, 0x65, 0xf6, 0xef, 0xff, 0xff,
    0xff, 0xff, 0xfa, 0x0, 0x0, 0xa, 0xff, 0x8f,
    0xe2, 0xff, 0xff, 0xff, 0xff, 0xff, 0xfa, 0x0,
    0x0, 0x7f, 0xff, 0xfe, 0x10, 0xff, 0xdf, 0x40,
    0x0, 0xc, 0xf5, 0x0, 0x7, 0xff, 0xff, 0xfe,
    0x20, 0xff, 0x6f, 0xa0, 0x0, 0x3f, 0xf0, 0x0,
    0x3f, 0xf8, 0xff, 0x7f, 0xd3, 0xfe, 0xe, 0xf2,
    0x0, 0xbf, 0xa0, 0x0, 0xd, 0x90, 0xff, 0x1b,
    0xd5, 0xfc, 0x8, 0xfc, 0x5, 0xff, 0x20, 0x0,
    0x3, 0x0, 0xff, 0x11, 0x38, 0xf9, 0x0, 0xdf,
    0x8e, 0xf7, 0x0, 0x0, 0x0, 0x0, 0xff, 0x10,
    0xd, 0xf6, 0x0, 0x4f, 0xff, 0xc0, 0x0, 0x0,
    0x0, 0x0, 0xff, 0x10, 0x2f, 0xf1, 0x0, 0x2e,
    0xff, 0x90, 0x0, 0x0, 0x0, 0x0, 0xff, 0x10,
    0xaf, 0xb0, 0x5, 0xff, 0xff, 0xfc, 0x20, 0x0,
    0x0, 0x0, 0xff, 0x13, 0xff, 0x55, 0xcf, 0xfc,
    0x27, 0xff, 0xfb, 0x40, 0x0, 0x0, 0xff, 0x18,
    0xfb, 0x4f, 0xff, 0x80, 0x0, 0x3d, 0xff, 0xc0,
    0x0, 0x0, 0xff, 0x10, 0x72, 0x9, 0x91, 0x0,
    0x0, 0x0, 0x4b, 0x20,

    /* U+8981 "要" */
    0x1, 0x11, 0x11, 0x11, 0x11, 0x11, 0x11, 0x11,
    0x11, 0x11, 0x10, 0x5f, 0xff, 0xff, 0xff, 0xff,
    0xff, 0xff, 0xff, 0xff, 0xff, 0xf7, 0x5e, 0xee,
    0xee, 0xef, 0xff, 0xee, 0xff, 0xfe, 0xee, 0xee,
    0xe6, 0x0, 0x0, 0x0, 0xe, 0xf4, 0x0, 0x5f,
    0xc0, 0x0, 0x0, 0x0, 0x2, 0xcc, 0xcc, 0xcf,
    0xfd, 0xcc, 0xdf, 0xfc, 0xcc, 0xcc, 0x70, 0x2,
    0xff, 0xff, 0xff, 0xff, 0xff, 0xff, 0xff, 0xff,
    0xff, 0x90, 0x2, 0xff, 0x0, 0xe, 0xf4, 0x0,
    0x5f, 0xc0, 0x0, 0xaf, 0x90, 0x2, 0xfe, 0x0,
    0xe, 0xf4, 0x0, 0x5f, 0xc0, 0x0, 0xaf, 0x90,
    0x2, 0xfe, 0x0, 0xe, 0xf4, 0x0, 0x5f, 0xc0,
    0x0, 0xaf, 0x90, 0x2, 0xff, 0xff, 0xff, 0xff,
    0xff, 0xff, 0xff, 0xff, 0xff, 0x90, 0x2, 0xdd,
    0xdd, 0xdd, 0xff, 0xdd, 0xdd, 0xdd, 0xdd, 0xdd,
    0x70, 0x0, 0x0, 0x0, 0x3, 0xff, 0x50, 0x0,
    0x0, 0x0, 0x0, 0x0, 0x11, 0x11, 0x11, 0x1b,
    0xfe, 0x11, 0x11, 0x11, 0x11, 0x11, 0x11, 0xbf,
    0xff, 0xff, 0xff, 0xff, 0xff, 0xff, 0xff, 0xff,
    0xff, 0xfe, 0x9d, 0xdd, 0xde, 0xff, 0xed, 0xdd,
    0xdd, 0xef, 0xfe, 0xdd, 0xdc, 0x0, 0x0, 0xc,
    0xfd, 0x0, 0x0, 0x0, 0xaf, 0xe0, 0x0, 0x0,
    0x0, 0x0, 0x9f, 0xf8, 0x10, 0x0, 0x8, 0xff,
    0x50, 0x0, 0x0, 0x0, 0x4, 0xff, 0xff, 0xfd,
    0xa6, 0xbf, 0xf7, 0x0, 0x0, 0x0, 0x0, 0x0,
    0x3, 0x7a, 0xef, 0xff, 0xff, 0xe6, 0x10, 0x0,
    0x0, 0x0, 0x0, 0x13, 0x6a, 0xdf, 0xff, 0xef,
    0xff, 0xfc, 0x82, 0x0, 0x3d, 0xef, 0xff, 0xff,
    0xfe, 0x82, 0x3, 0x8d, 0xff, 0xff, 0xd1, 0xe,
    0xff, 0xeb, 0x96, 0x20, 0x0, 0x0, 0x0, 0x27,
    0xdf, 0x40, 0x2, 0x10, 0x0, 0x0, 0x0, 0x0,
    0x0, 0x0, 0x0, 0x1, 0x0,

    /* U+8986 "覆" */
    0x2, 0x88, 0x88, 0x88, 0x88, 0x88, 0x88, 0x88,
    0x88, 0x88, 0x88, 0x50, 0x3, 0xff, 0xff, 0xff,
    0xff, 0xff, 0xff, 0xff, 0xff, 0xff, 0xff, 0xb0,
    0x0, 0x0, 0x0, 0x0, 0xbf, 0x50, 0x3, 0xff,
    0x0, 0x0, 0x0, 0x0, 0x0, 0x1f, 0xff, 0xff,
    0xff, 0xff, 0xff, 0xff, 0xff, 0xff, 0xfa, 0x0,
    0x0, 0x1f, 0xf7, 0x77, 0xdf, 0xa7, 0x79, 0xff,
    0x77, 0x7b, 0xfb, 0x0, 0x0, 0x1f, 0xf4, 0x44,
    0xcf, 0x84, 0x46, 0xff, 0x44, 0x49, 0xfb, 0x0,
    0x0, 0x1f, 0xff, 0xff, 0xff, 0xff, 0xff, 0xff,
    0xff, 0xff, 0xfb, 0x0, 0x0, 0x2, 0x28, 0x73,
    0x22, 0x8e, 0x82, 0x22, 0x22, 0x22, 0x21, 0x0,
    0x0, 0x0, 0x5f, 0xe2, 0x0, 0xef, 0xd9, 0x99,
    0x99, 0x99, 0x99, 0x30, 0x0, 0x6, 0xff, 0x30,
    0x9, 0xff, 0xff, 0xff, 0xff, 0xff, 0xff, 0x50,
    0x0, 0xaf, 0xf4, 0x10, 0x6f, 0xf6, 0x33, 0x33,
    0x33, 0x33, 0x30, 0x0, 0x9, 0xfd, 0x26, 0xfc,
    0xff, 0xff, 0xee, 0xee, 0xee, 0xef, 0xf1, 0x0,
    0x0, 0x70, 0x4f, 0xf6, 0xc6, 0xff, 0x66, 0x66,
    0x66, 0x6e, 0xf1, 0x0, 0x0, 0x5, 0xff, 0x50,
    0x0, 0xff, 0x77, 0x77, 0x77, 0x7e, 0xf1, 0x0,
    0x0, 0x9f, 0xff, 0x10, 0x0, 0xff, 0xcc, 0xcc,
    0xcc, 0xcf, 0xf1, 0x0, 0xc, 0xfe, 0xff, 0x10,
    0x0, 0x45, 0xdf, 0xd4, 0x44, 0x44, 0x40, 0x0,
    0x5, 0xe2, 0xdf, 0x10, 0x0, 0x3d, 0xff, 0x96,
    0x66, 0x66, 0x30, 0x0, 0x0, 0x10, 0xdf, 0x10,
    0x3a, 0xff, 0xfe, 0xee, 0xef, 0xff, 0xc0, 0x0,
    0x0, 0x0, 0xdf, 0x12, 0xff, 0xbd, 0xf8, 0x10,
    0x4c, 0xfc, 0x10, 0x0, 0x0, 0x0, 0xdf, 0x10,
    0x22, 0x0, 0x8f, 0xfe, 0xff, 0x80, 0x0, 0x0,
    0x0, 0x0, 0xdf, 0x13, 0x8a, 0xcf, 0xff, 0xfc,
    0xff, 0xff, 0xec, 0xa1, 0x0, 0x0, 0xdf, 0x11,
    0xfe, 0xca, 0x73, 0x0, 0x3, 0x69, 0xbd, 0x90,
    0x0, 0x0, 0x0, 0x0, 0x0, 0x0, 0x0, 0x0,
    0x0, 0x0, 0x0, 0x0,

    /* U+89C1 "见" */
    0x0, 0x0, 0x0, 0x0, 0x0, 0x0, 0x0, 0x0,
    0x0, 0x0, 0x0, 0x0, 0x0, 0xf, 0xff, 0xff,
    0xff, 0xff, 0xff, 0xff, 0xff, 0xe0, 0x0, 0x0,
    0x0, 0xff, 0xff, 0xff, 0xff, 0xff, 0xff, 0xff,
    0xfe, 0x0, 0x0, 0x0, 0xf, 0xf8, 0x44, 0x44,
    0x44, 0x44, 0x44, 0xaf, 0xe0, 0x0, 0x0, 0x0,
    0xff, 0x60, 0x0, 0x0, 0x0, 0x0, 0x8, 0xfe,
    0x0, 0x0, 0x0, 0xf, 0xf6, 0x0, 0x5, 0xbb,
    0x0, 0x0, 0x8f, 0xe0, 0x0, 0x0, 0x0, 0xff,
    0x60, 0x0, 0x7f, 0xe0, 0x0, 0x8, 0xfe, 0x0,
    0x0, 0x0, 0xf, 0xf6, 0x0, 0x7, 0xfe, 0x0,
    0x0, 0x8f, 0xe0, 0x0, 0x0, 0x0, 0xff, 0x60,
    0x0, 0x8f, 0xd0, 0x0, 0x8, 0xfe, 0x0, 0x0,
    0x0, 0xf, 0xf6, 0x0, 0x9, 0xfc, 0x0, 0x0,
    0x8f, 0xe0, 0x0, 0x0, 0x0, 0xff, 0x60, 0x0,
    0xbf, 0x90, 0x0, 0x8, 0xfe, 0x0, 0x0, 0x0,
    0xf, 0xf6, 0x0, 0xe, 0xf7, 0x0, 0x0, 0x8f,
    0xe0, 0x0, 0x0, 0x0, 0xff, 0x60, 0x1, 0xff,
    0xa7, 0x30, 0x8, 0xfe, 0x0, 0x0, 0x0, 0xf,
    0xf6, 0x0, 0x5f, 0xfe, 0xf7, 0x0, 0x8f, 0xe0,
    0x0, 0x0, 0x0, 0xcc, 0x40, 0xc, 0xfb, 0xcf,
    0x70, 0x6, 0xcb, 0x0, 0x0, 0x0, 0x0, 0x0,
    0x5, 0xff, 0x5c, 0xf7, 0x0, 0x0, 0x0, 0x10,
    0x0, 0x0, 0x0, 0x3, 0xff, 0xc0, 0xcf, 0x70,
    0x0, 0x0, 0x3f, 0x90, 0x0, 0x0, 0x5, 0xff,
    0xe1, 0xc, 0xf7, 0x0, 0x0, 0x4, 0xfc, 0x0,
    0x0, 0x4c, 0xff, 0xf3, 0x0, 0xbf, 0x90, 0x0,
    0x0, 0x9f, 0xa0, 0x49, 0xef, 0xff, 0xc2, 0x0,
    0x9, 0xff, 0xff, 0xff, 0xff, 0xf5, 0x8, 0xff,
    0xfc, 0x50, 0x0, 0x0, 0x2c, 0xff, 0xff, 0xff,
    0xfa, 0x0, 0xa, 0x72, 0x0, 0x0, 0x0, 0x0,
    0x1, 0x22, 0x22, 0x20, 0x0,

    /* U+8BA1 "计" */
    0x0, 0x0, 0x0, 0x0, 0x0, 0x0, 0x0, 0x33,
    0x0, 0x0, 0x0, 0x0, 0x1, 0xb2, 0x0, 0x0,
    0x0, 0x0, 0x2f, 0xf3, 0x0, 0x0, 0x0, 0x0,
    0xaf, 0xf4, 0x0, 0x0, 0x0, 0x2, 0xff, 0x30,
    0x0, 0x0, 0x0, 0x1, 0xcf, 0xf5, 0x0, 0x0,
    0x0, 0x2f, 0xf3, 0x0, 0x0, 0x0, 0x0, 0x0,
    0xbf, 0xf3, 0x0, 0x0, 0x2, 0xff, 0x30, 0x0,
    0x0, 0x0, 0x0, 0x0, 0xcb, 0x0, 0x0, 0x0,
    0x2f, 0xf3, 0x0, 0x0, 0x0, 0x0, 0x0, 0x1,
    0x0, 0x0, 0x0, 0x2, 0xff, 0x30, 0x0, 0x0,
    0x0, 0x0, 0x0, 0x0, 0x0, 0x0, 0x0, 0x2f,
    0xf3, 0x0, 0x0, 0x0, 0xbb, 0xbb, 0xbb, 0x0,
    0x66, 0x66, 0x68, 0xff, 0x86, 0x66, 0x66, 0xf,
    0xff, 0xff, 0xf0, 0x1f, 0xff, 0xff, 0xff, 0xff,
    0xff, 0xff, 0xf1, 0x88, 0x8a, 0xff, 0x1, 0xff,
    0xff, 0xff, 0xff, 0xff, 0xff, 0xff, 0x10, 0x0,
    0x4f, 0xf0, 0x0, 0x0, 0x0, 0x2f, 0xf3, 0x0,
    0x0, 0x0, 0x0, 0x4, 0xff, 0x0, 0x0, 0x0,
    0x2, 0xff, 0x30, 0x0, 0x0, 0x0, 0x0, 0x4f,
    0xf0, 0x0, 0x0, 0x0, 0x2f, 0xf3, 0x0, 0x0,
    0x0, 0x0, 0x4, 0xff, 0x0, 0x0, 0x0, 0x2,
    0xff, 0x30, 0x0, 0x0, 0x0, 0x0, 0x4f, 0xf0,
    0x0, 0x0, 0x0, 0x2f, 0xf3, 0x0, 0x0, 0x0,
    0x0, 0x4, 0xff, 0x0, 0x70, 0x0, 0x2, 0xff,
    0x30, 0x0, 0x0, 0x0, 0x0, 0x4f, 0xf4, 0xef,
    0x20, 0x0, 0x2f, 0xf3, 0x0, 0x0, 0x0, 0x0,
    0x5, 0xff, 0xff, 0xe2, 0x0, 0x2, 0xff, 0x30,
    0x0, 0x0, 0x0, 0x0, 0xaf, 0xff, 0xa1, 0x0,
    0x0, 0x2f, 0xf3, 0x0, 0x0, 0x0, 0x0, 0x4f,
    0xff, 0x60, 0x0, 0x0, 0x2, 0xff, 0x30, 0x0,
    0x0, 0x0, 0x1, 0xed, 0x20, 0x0, 0x0, 0x0,
    0x2f, 0xf3, 0x0, 0x0, 0x0, 0x0, 0x4, 0x0,
    0x0, 0x0, 0x0, 0x2, 0xff, 0x30, 0x0, 0x0,
    0x0,

    /* U+8BB0 "记" */
    0x0, 0x4, 0x0, 0x0, 0x0, 0x0, 0x0, 0x0,
    0x0, 0x0, 0x0, 0x0, 0xcf, 0x60, 0x0, 0x16,
    0x66, 0x66, 0x66, 0x66, 0x66, 0x20, 0x0, 0x8f,
    0xf8, 0x0, 0x3f, 0xff, 0xff, 0xff, 0xff, 0xff,
    0x50, 0x0, 0x7, 0xff, 0x70, 0x2d, 0xdd, 0xdd,
    0xdd, 0xdd, 0xff, 0x50, 0x0, 0x0, 0x7f, 0xc0,
    0x0, 0x0, 0x0, 0x0, 0x0, 0xef, 0x50, 0x0,
    0x0, 0x6, 0x0, 0x0, 0x0, 0x0, 0x0, 0x0,
    0xef, 0x50, 0x0, 0x0, 0x0, 0x0, 0x0, 0x0,
    0x0, 0x0, 0x0, 0xef, 0x50, 0xcc, 0xcc, 0xcc,
    0x0, 0x0, 0x0, 0x0, 0x0, 0x0, 0xef, 0x50,
    0xff, 0xff, 0xff, 0x0, 0x0, 0x0, 0x0, 0x0,
    0x0, 0xef, 0x50, 0x44, 0x47, 0xff, 0x0, 0x6,
    0xff, 0xff, 0xff, 0xff, 0xff, 0x50, 0x0, 0x4,
    0xff, 0x0, 0x6, 0xff, 0xff, 0xff, 0xff, 0xff,
    0x50, 0x0, 0x4, 0xff, 0x0, 0x6, 0xff, 0x33,
    0x33, 0x33, 0xef, 0x50, 0x0, 0x4, 0xff, 0x0,
    0x6, 0xfe, 0x0, 0x0, 0x0, 0xbc, 0x40, 0x0,
    0x4, 0xff, 0x0, 0x6, 0xfe, 0x0, 0x0, 0x0,
    0x0, 0x0, 0x0, 0x4, 0xff, 0x0, 0x6, 0xfe,
    0x0, 0x0, 0x0, 0x0, 0x0, 0x0, 0x4, 0xff,
    0x0, 0x6, 0xfe, 0x0, 0x0, 0x0, 0x0, 0x0,
    0x0, 0x4, 0xff, 0xa, 0x26, 0xfe, 0x0, 0x0,
    0x0, 0x3, 0xc5, 0x0, 0x4, 0xff, 0xdf, 0x86,
    0xfe, 0x0, 0x0, 0x0, 0x4, 0xfe, 0x0, 0x7,
    0xff, 0xfd, 0x26, 0xfe, 0x0, 0x0, 0x0, 0x7,
    0xfc, 0x0, 0xd, 0xff, 0xa0, 0x5, 0xff, 0x53,
    0x22, 0x22, 0x4d, 0xf9, 0x0, 0x3f, 0xf6, 0x0,
    0x1, 0xff, 0xff, 0xff, 0xff, 0xff, 0xf3, 0x0,
    0x8, 0x40, 0x0, 0x0, 0x4c, 0xef, 0xff, 0xff,
    0xfd, 0x50,

    /* U+8BBE "设" */
    0x0, 0x2, 0x50, 0x0, 0x0, 0x0, 0x33, 0x33,
    0x33, 0x32, 0x0, 0x0, 0x0, 0x1e, 0xf8, 0x0,
    0x0, 0x3, 0xff, 0xff, 0xff, 0xfc, 0x0, 0x0,
    0x0, 0x7, 0xff, 0xa0, 0x0, 0x3, 0xff, 0xee,
    0xee, 0xfc, 0x0, 0x0, 0x0, 0x0, 0x6f, 0xf9,
    0x0, 0x4, 0xfd, 0x0, 0x5, 0xfc, 0x0, 0x0,
    0x0, 0x0, 0x6, 0xf5, 0x0, 0x6, 0xfc, 0x0,
    0x5, 0xfc, 0x0, 0x0, 0x0, 0x0, 0x0, 0x20,
    0x0, 0xb, 0xf8, 0x0, 0x5, 0xfc, 0x0, 0x0,
    0x0, 0x0, 0x0, 0x0, 0x0, 0x7f, 0xf2, 0x0,
    0x5, 0xfe, 0x10, 0x10, 0xc, 0xcc, 0xcc, 0x30,
    0x19, 0xff, 0x70, 0x0, 0x2, 0xff, 0xff, 0xf0,
    0x1f, 0xff, 0xff, 0x40, 0x9f, 0xf8, 0x0, 0x0,
    0x0, 0x7c, 0xdd, 0xc0, 0x4, 0x44, 0xff, 0x40,
    0x7, 0x20, 0x0, 0x0, 0x0, 0x0, 0x0, 0x0,
    0x0, 0x0, 0xef, 0x40, 0xa, 0xff, 0xff, 0xff,
    0xff, 0xff, 0xf8, 0x0, 0x0, 0x0, 0xef, 0x40,
    0xb, 0xff, 0xff, 0xff, 0xff, 0xff, 0xf8, 0x0,
    0x0, 0x0, 0xef, 0x40, 0x2, 0xbf, 0xa2, 0x22,
    0x22, 0x5f, 0xf1, 0x0, 0x0, 0x0, 0xef, 0x40,
    0x0, 0x3f, 0xf3, 0x0, 0x0, 0xcf, 0x90, 0x0,
    0x0, 0x0, 0xef, 0x40, 0x0, 0xa, 0xfd, 0x0,
    0x6, 0xff, 0x20, 0x0, 0x0, 0x0, 0xef, 0x42,
    0xb0, 0x1, 0xef, 0xc0, 0x6f, 0xf5, 0x0, 0x0,
    0x0, 0x0, 0xef, 0x9f, 0xf7, 0x0, 0x2e, 0xfd,
    0xff, 0x70, 0x0, 0x0, 0x0, 0x0, 0xff, 0xff,
    0xc1, 0x0, 0x5, 0xff, 0xfd, 0x0, 0x0, 0x0,
    0x0, 0x5, 0xff, 0xf8, 0x0, 0x3, 0xbf, 0xff,
    0xff, 0xe6, 0x0, 0x0, 0x0, 0xe, 0xff, 0x50,
    0x59, 0xef, 0xff, 0xa3, 0x8f, 0xff, 0xfb, 0x61,
    0x0, 0x6, 0xd2, 0x0, 0xaf, 0xff, 0xa3, 0x0,
    0x2, 0xaf, 0xff, 0xd0, 0x0, 0x0, 0x10, 0x0,
    0x2a, 0x50, 0x0, 0x0, 0x0, 0x0, 0x5a, 0x30,

    /* U+8BD5 "试" */
    0x0, 0x4, 0x20, 0x0, 0x0, 0x0, 0x0, 0x3,
    0xee, 0x16, 0x50, 0x0, 0x0, 0x4f, 0xf4, 0x0,
    0x0, 0x0, 0x0, 0x2, 0xff, 0x4f, 0xf3, 0x0,
    0x0, 0xb, 0xff, 0x50, 0x0, 0x0, 0x0, 0x2,
    0xff, 0x25, 0xfe, 0x10, 0x0, 0x0, 0xaf, 0xf4,
    0x0, 0x0, 0x0, 0x2, 0xff, 0x20, 0xaf, 0x60,
    0x0, 0x0, 0xb, 0xd1, 0x33, 0x33, 0x33, 0x35,
    0xff, 0x53, 0x58, 0x30, 0x0, 0x0, 0x1, 0x10,
    0xcf, 0xff, 0xff, 0xff, 0xff, 0xff, 0xff, 0xe0,
    0x0, 0x0, 0x0, 0x0, 0xcf, 0xff, 0xff, 0xff,
    0xff, 0xff, 0xff, 0xe0, 0x9, 0x99, 0x99, 0x20,
    0x0, 0x0, 0x0, 0x0, 0xff, 0x50, 0x0, 0x0,
    0xf, 0xff, 0xff, 0x30, 0x0, 0x0, 0x0, 0x0,
    0xef, 0x60, 0x0, 0x0, 0x6, 0x66, 0xff, 0x30,
    0x1, 0x11, 0x11, 0x10, 0xdf, 0x70, 0x0, 0x0,
    0x0, 0x0, 0xef, 0x30, 0xf, 0xff, 0xff, 0xf5,
    0xcf, 0x80, 0x0, 0x0, 0x0, 0x0, 0xef, 0x30,
    0xf, 0xff, 0xff, 0xf5, 0xaf, 0x90, 0x0, 0x0,
    0x0, 0x0, 0xef, 0x30, 0x0, 0xc, 0xf4, 0x0,
    0x9f, 0xb0, 0x0, 0x0, 0x0, 0x0, 0xef, 0x30,
    0x0, 0xc, 0xf4, 0x0, 0x7f, 0xd0, 0x0, 0x0,
    0x0, 0x0, 0xef, 0x30, 0x0, 0xc, 0xf4, 0x0,
    0x5f, 0xf0, 0x0, 0x0, 0x0, 0x0, 0xef, 0x30,
    0x0, 0xc, 0xf4, 0x0, 0x2f, 0xf1, 0x3, 0x0,
    0x0, 0x0, 0xef, 0x35, 0xc0, 0xc, 0xf4, 0x26,
    0xf, 0xf5, 0xb, 0xb0, 0x0, 0x0, 0xff, 0xdf,
    0xf2, 0x1d, 0xfe, 0xff, 0x1c, 0xf9, 0xd, 0xf0,
    0x0, 0x3, 0xff, 0xff, 0xac, 0xff, 0xff, 0xfa,
    0x17, 0xff, 0x3f, 0xd0, 0x0, 0xd, 0xff, 0xb1,
    0x2f, 0xfd, 0x94, 0x0, 0x2, 0xff, 0xff, 0x90,
    0x0, 0x9, 0xf6, 0x0, 0x6, 0x20, 0x0, 0x0,
    0x0, 0x9f, 0xff, 0x30, 0x0, 0x1, 0x20, 0x0,
    0x0, 0x0, 0x0, 0x0, 0x0, 0xa, 0xf8, 0x0,
    0x0, 0x0, 0x0, 0x0, 0x0, 0x0, 0x0, 0x0,
    0x0, 0x0, 0x0, 0x0,

    /* U+8BF4 "说" */
    0x0, 0x0, 0x0, 0x0, 0x0, 0x0, 0x0, 0x0,
    0x0, 0x0, 0x0, 0x0, 0x0, 0x51, 0x0, 0x0,
    0x7, 0xd2, 0x0, 0x0, 0xd, 0x93, 0x0, 0x0,
    0x7f, 0xd1, 0x0, 0x0, 0xbf, 0xc0, 0x0, 0x6,
    0xff, 0x20, 0x0, 0x2, 0xef, 0xd1, 0x0, 0x2,
    0xff, 0x50, 0x0, 0xcf, 0xb0, 0x0, 0x0, 0x2,
    0xef, 0xd1, 0x0, 0xa, 0xfc, 0x0, 0x3f, 0xf3,
    0x0, 0x0, 0x0, 0x3, 0xff, 0x30, 0x33, 0x6f,
    0x83, 0x3b, 0xfd, 0x33, 0x0, 0x0, 0x0, 0x4,
    0x30, 0xf, 0xff, 0xff, 0xff, 0xff, 0xff, 0xf0,
    0x0, 0x0, 0x0, 0x0, 0x0, 0xff, 0xdc, 0xcc,
    0xcc, 0xcd, 0xff, 0x0, 0x1a, 0xaa, 0xaa, 0x30,
    0xf, 0xf2, 0x0, 0x0, 0x0, 0x4f, 0xf0, 0x2,
    0xff, 0xff, 0xf5, 0x0, 0xff, 0x20, 0x0, 0x0,
    0x4, 0xff, 0x0, 0x5, 0x55, 0xff, 0x50, 0xf,
    0xf2, 0x0, 0x0, 0x0, 0x4f, 0xf0, 0x0, 0x0,
    0xe, 0xf5, 0x0, 0xff, 0xdc, 0xcc, 0xcc, 0xcd,
    0xff, 0x0, 0x0, 0x0, 0xef, 0x50, 0xf, 0xff,
    0xff, 0xff, 0xff, 0xff, 0xf0, 0x0, 0x0, 0xe,
    0xf5, 0x0, 0x33, 0x6f, 0xf3, 0x3f, 0xf6, 0x33,
    0x0, 0x0, 0x0, 0xef, 0x50, 0x0, 0x5, 0xfe,
    0x0, 0xff, 0x40, 0x0, 0x0, 0x0, 0xe, 0xf5,
    0x2, 0x0, 0x7f, 0xc0, 0xf, 0xf4, 0x0, 0x0,
    0x0, 0x0, 0xef, 0x55, 0xf3, 0xb, 0xf9, 0x0,
    0xff, 0x40, 0x0, 0x0, 0x0, 0xe, 0xfd, 0xff,
    0x80, 0xff, 0x40, 0xf, 0xf4, 0x0, 0x0, 0x0,
    0x0, 0xff, 0xff, 0xb0, 0x7f, 0xf0, 0x0, 0xff,
    0x40, 0x1d, 0x60, 0x0, 0x7f, 0xff, 0x70, 0x3f,
    0xf8, 0x0, 0xf, 0xf4, 0x1, 0xfe, 0x0, 0x3f,
    0xff, 0x40, 0x4e, 0xfc, 0x0, 0x0, 0xff, 0x61,
    0x5f, 0xc0, 0x0, 0xbe, 0x20, 0xaf, 0xfe, 0x20,
    0x0, 0xd, 0xff, 0xff, 0xf7, 0x0, 0x2, 0x10,
    0x5, 0xfa, 0x10, 0x0, 0x0, 0x4e, 0xff, 0xfc,
    0x10, 0x0, 0x0, 0x0, 0x2, 0x0, 0x0, 0x0,
    0x0, 0x0, 0x0, 0x0,

    /* U+8BFB "读" */
    0x0, 0x0, 0x0, 0x0, 0x0, 0x0, 0x0, 0x23,
    0x20, 0x0, 0x0, 0x0, 0x0, 0x8, 0x10, 0x0,
    0x0, 0x0, 0x0, 0xbf, 0x80, 0x0, 0x0, 0x0,
    0x0, 0x8f, 0xe2, 0x0, 0x0, 0x0, 0x0, 0xbf,
    0x80, 0x0, 0x0, 0x0, 0x0, 0x1d, 0xff, 0x30,
    0x9, 0xff, 0xff, 0xff, 0xff, 0xff, 0xf6, 0x0,
    0x0, 0x0, 0xcf, 0xf2, 0x8, 0xdd, 0xdd, 0xff,
    0xfd, 0xdd, 0xd5, 0x0, 0x0, 0x0, 0xc, 0xc0,
    0x0, 0x0, 0x0, 0xbf, 0x80, 0x0, 0x0, 0x0,
    0x0, 0x0, 0x1, 0x0, 0x26, 0x66, 0x66, 0xdf,
    0xb6, 0x66, 0x66, 0x10, 0x0, 0x0, 0x0, 0x0,
    0x6f, 0xff, 0xff, 0xff, 0xff, 0xff, 0xff, 0x40,
    0x2f, 0xff, 0xff, 0x20, 0x37, 0x77, 0x77, 0x77,
    0x77, 0x78, 0xff, 0x0, 0x2f, 0xff, 0xff, 0x20,
    0x0, 0x7, 0x10, 0x7, 0x70, 0x5, 0xfa, 0x0,
    0x3, 0x33, 0xff, 0x20, 0x0, 0x5f, 0xf7, 0x1f,
    0xf1, 0xa, 0xf4, 0x0, 0x0, 0x0, 0xef, 0x20,
    0x8, 0x32, 0xbf, 0xaf, 0xf1, 0x3, 0x80, 0x0,
    0x0, 0x0, 0xef, 0x20, 0x2f, 0xf9, 0x6, 0x3f,
    0xf1, 0x0, 0x0, 0x0, 0x0, 0x0, 0xef, 0x20,
    0x1, 0xbf, 0xb0, 0x3f, 0xf0, 0x0, 0x0, 0x0,
    0x0, 0x0, 0xef, 0x20, 0x0, 0x1a, 0xa0, 0x5f,
    0xe0, 0x0, 0x0, 0x0, 0x0, 0x0, 0xef, 0x20,
    0xef, 0xff, 0xff, 0xff, 0xff, 0xff, 0xff, 0x90,
    0x0, 0x0, 0xef, 0x21, 0xee, 0xee, 0xef, 0xff,
    0xfe, 0xee, 0xee, 0x80, 0x0, 0x0, 0xef, 0x5e,
    0x50, 0x0, 0x9, 0xfe, 0x13, 0x0, 0x0, 0x0,
    0x0, 0x0, 0xef, 0xff, 0x90, 0x0, 0x6f, 0xf7,
    0x7f, 0xc2, 0x0, 0x0, 0x0, 0x1, 0xff, 0xfa,
    0x0, 0x8, 0xff, 0xa0, 0x1c, 0xff, 0x50, 0x0,
    0x0, 0x7, 0xff, 0x80, 0x4, 0xdf, 0xfb, 0x0,
    0x0, 0x8f, 0xf9, 0x0, 0x0, 0xc, 0xf6, 0x1,
    0xcf, 0xff, 0x70, 0x0, 0x0, 0x5, 0xff, 0xa0,
    0x0, 0x2, 0x60, 0x0, 0x9f, 0x92, 0x0, 0x0,
    0x0, 0x0, 0x4f, 0x50, 0x0, 0x0, 0x0, 0x0,
    0x1, 0x0, 0x0, 0x0, 0x0, 0x0, 0x1, 0x0,

    /* U+8C01 "谁" */
    0x0, 0x0, 0x0, 0x0, 0x0, 0x0, 0x0, 0x0,
    0x0, 0x0, 0x0, 0x0, 0x0, 0x82, 0x0, 0x0,
    0x0, 0x4f, 0xb0, 0x4c, 0x80, 0x0, 0x0, 0x0,
    0x8f, 0xe3, 0x0, 0x0, 0xa, 0xfb, 0x4, 0xff,
    0x10, 0x0, 0x0, 0x0, 0xbf, 0xf4, 0x0, 0x1,
    0xff, 0x50, 0xc, 0xf8, 0x0, 0x0, 0x0, 0x0,
    0xbf, 0xf2, 0x0, 0x8f, 0xe0, 0x0, 0x6e, 0x60,
    0x0, 0x0, 0x0, 0x0, 0xcb, 0x0, 0xe, 0xff,
    0xff, 0xff, 0xff, 0xff, 0xf5, 0x0, 0x0, 0x1,
    0x0, 0x8, 0xff, 0xff, 0xff, 0xff, 0xff, 0xff,
    0x50, 0x0, 0x0, 0x0, 0x2, 0xff, 0xf4, 0x11,
    0x1e, 0xf4, 0x11, 0x10, 0xb, 0xbb, 0xbb, 0x20,
    0xdf, 0xff, 0x30, 0x0, 0xef, 0x30, 0x0, 0x1,
    0xff, 0xff, 0xf3, 0x8f, 0xff, 0xf4, 0x11, 0x1e,
    0xf4, 0x11, 0x0, 0x8, 0x88, 0xff, 0x32, 0xe5,
    0xef, 0xff, 0xff, 0xff, 0xff, 0xfc, 0x0, 0x0,
    0xe, 0xf3, 0x2, 0xe, 0xff, 0xff, 0xff, 0xff,
    0xff, 0xb0, 0x0, 0x0, 0xef, 0x30, 0x0, 0xef,
    0x30, 0x0, 0xef, 0x30, 0x0, 0x0, 0x0, 0xe,
    0xf3, 0x0, 0xe, 0xf3, 0x0, 0xe, 0xf3, 0x0,
    0x0, 0x0, 0x0, 0xef, 0x30, 0x0, 0xef, 0xdc,
    0xcc, 0xff, 0xdc, 0xca, 0x0, 0x0, 0xe, 0xf3,
    0x0, 0xe, 0xff, 0xff, 0xff, 0xff, 0xff, 0xc0,
    0x0, 0x0, 0xef, 0x47, 0xb0, 0xef, 0x63, 0x33,
    0xff, 0x63, 0x32, 0x0, 0x0, 0xe, 0xfc, 0xff,
    0x1e, 0xf3, 0x0, 0xe, 0xf3, 0x0, 0x0, 0x0,
    0x0, 0xff, 0xff, 0x50, 0xef, 0x30, 0x0, 0xef,
    0x30, 0x0, 0x0, 0x0, 0x5f, 0xfe, 0x30, 0xe,
    0xff, 0xff, 0xff, 0xff, 0xff, 0xfe, 0x0, 0x1f,
    0xfd, 0x20, 0x0, 0xef, 0xff, 0xff, 0xff, 0xff,
    0xff, 0xf0, 0x0, 0x9c, 0x10, 0x0, 0xe, 0xf5,
    0x22, 0x22, 0x22, 0x22, 0x22, 0x0, 0x0, 0x10,
    0x0, 0x0, 0xef, 0x30, 0x0, 0x0, 0x0, 0x0,
    0x0,

    /* U+8D25 "败" */
    0x0, 0x0, 0x0, 0x0, 0x0, 0x0, 0x0, 0x0,
    0x0, 0x0, 0x0, 0x0, 0x0, 0x11, 0x11, 0x11,
    0x11, 0x10, 0x0, 0x5d, 0x80, 0x0, 0x0, 0x0,
    0x0, 0xff, 0xff, 0xff, 0xff, 0xe0, 0x0, 0x9f,
    0x80, 0x0, 0x0, 0x0, 0x0, 0xff, 0xff, 0xff,
    0xff, 0xe0, 0x0, 0xef, 0x40, 0x0, 0x0, 0x0,
    0x0, 0xfd, 0x0, 0x0, 0xf, 0xe0, 0x2, 0xff,
    0x10, 0x0, 0x0, 0x0, 0x0, 0xfd, 0x7, 0x92,
    0xf, 0xe0, 0x7, 0xff, 0xff, 0xff, 0xff, 0xc0,
    0x0, 0xfd, 0xc, 0xf3, 0xf, 0xe0, 0xc, 0xff,
    0xff, 0xff, 0xff, 0xc0, 0x0, 0xfd, 0xc, 0xf3,
    0xf, 0xe0, 0x3f, 0xf1, 0x0, 0xc, 0xf3, 0x0,
    0x0, 0xfd, 0xc, 0xf3, 0xf, 0xe0, 0xaf, 0x90,
    0x0, 0xf, 0xf0, 0x0, 0x0, 0xfd, 0xc, 0xf3,
    0xf, 0xe4, 0xff, 0xa0, 0x0, 0x1f, 0xe0, 0x0,
    0x0, 0xfd, 0xc, 0xf3, 0xf, 0xec, 0xff, 0xf0,
    0x0, 0x4f, 0xb0, 0x0, 0x0, 0xfd, 0xc, 0xf3,
    0xf, 0xe4, 0xfc, 0xf5, 0x0, 0x7f, 0x70, 0x0,
    0x0, 0xfd, 0xc, 0xf2, 0xf, 0xe0, 0x25, 0xfb,
    0x0, 0xcf, 0x30, 0x0, 0x0, 0xfd, 0xd, 0xf2,
    0xf, 0xe0, 0x0, 0xef, 0x22, 0xfe, 0x0, 0x0,
    0x0, 0xfd, 0xe, 0xf1, 0xf, 0xe0, 0x0, 0x8f,
    0xa8, 0xf9, 0x0, 0x0, 0x0, 0xfd, 0x1f, 0xe0,
    0xf, 0xe0, 0x0, 0x1e, 0xfe, 0xf3, 0x0, 0x0,
    0x0, 0x98, 0x5f, 0xa0, 0x8, 0x70, 0x0, 0x7,
    0xff, 0xc0, 0x0, 0x0, 0x0, 0x0, 0xbf, 0x64,
    0x90, 0x0, 0x0, 0x2, 0xff, 0xa0, 0x0, 0x0,
    0x0, 0x3, 0xff, 0x1d, 0xf7, 0x0, 0x0, 0x1d,
    0xff, 0xf9, 0x0, 0x0, 0x0, 0xc, 0xf8, 0x2,
    0xff, 0x30, 0x1, 0xcf, 0xd6, 0xff, 0x80, 0x0,
    0x0, 0xbf, 0xd0, 0x0, 0x7f, 0xd0, 0x4e, 0xfe,
    0x10, 0x6f, 0xfd, 0x30, 0xd, 0xfe, 0x20, 0x0,
    0xc, 0xe6, 0xff, 0xd2, 0x0, 0x5, 0xff, 0xe0,
    0x4, 0xc1, 0x0, 0x0, 0x2, 0x10, 0x78, 0x0,
    0x0, 0x0, 0x2b, 0x30, 0x0, 0x0, 0x0, 0x0,
    0x0, 0x0, 0x0, 0x0, 0x0, 0x0, 0x0, 0x0,

    /* U+8D85 "超" */
    0x0, 0x0, 0x3, 0x41, 0x0, 0x0, 0x0, 0x0,
    0x0, 0x0, 0x0, 0x0, 0x0, 0x0, 0xb, 0xf5,
    0x0, 0x1, 0x55, 0x55, 0x55, 0x55, 0x55, 0x20,
    0x0, 0x0, 0xb, 0xf5, 0x0, 0x2, 0xff, 0xff,
    0xff, 0xff, 0xff, 0x70, 0x5, 0xcc, 0xcf, 0xfd,
    0xcc, 0xc1, 0x66, 0xbf, 0xe6, 0x66, 0xdf, 0x60,
    0x6, 0xff, 0xff, 0xff, 0xff, 0xf0, 0x0, 0xbf,
    0x90, 0x0, 0xdf, 0x50, 0x1, 0x33, 0x3c, 0xf7,
    0x33, 0x30, 0x0, 0xff, 0x50, 0x0, 0xef, 0x40,
    0x0, 0x0, 0xb, 0xf5, 0x0, 0x0, 0x6, 0xfe,
    0x0, 0x0, 0xff, 0x20, 0x0, 0x0, 0xb, 0xf5,
    0x0, 0x0, 0x2f, 0xf6, 0x1, 0x16, 0xff, 0x0,
    0xe, 0xff, 0xff, 0xff, 0xff, 0xf9, 0xef, 0xb0,
    0x3f, 0xff, 0xfb, 0x0, 0xe, 0xff, 0xff, 0xff,
    0xff, 0xff, 0xfb, 0x0, 0xc, 0xcc, 0x91, 0x0,
    0x0, 0x0, 0x6, 0xfb, 0x0, 0x0, 0x61, 0x11,
    0x11, 0x11, 0x11, 0x0, 0x0, 0x65, 0x5, 0xfa,
    0x0, 0x0, 0xcf, 0xff, 0xff, 0xff, 0xfe, 0x0,
    0x0, 0xff, 0x5, 0xfa, 0x0, 0x0, 0xcf, 0xdb,
    0xbb, 0xbd, 0xfe, 0x0, 0x0, 0xff, 0x5, 0xff,
    0xee, 0xe3, 0xcf, 0x50, 0x0, 0x5, 0xfe, 0x0,
    0x1, 0xfe, 0x5, 0xff, 0xff, 0xf3, 0xcf, 0x50,
    0x0, 0x5, 0xfe, 0x0, 0x2, 0xff, 0x15, 0xfa,
    0x0, 0x0, 0xcf, 0x50, 0x0, 0x5, 0xfe, 0x0,
    0x3, 0xff, 0x75, 0xfa, 0x0, 0x0, 0xcf, 0x72,
    0x22, 0x27, 0xfe, 0x0, 0x5, 0xff, 0xe6, 0xfa,
    0x0, 0x0, 0xcf, 0xff, 0xff, 0xff, 0xfe, 0x0,
    0x8, 0xff, 0xfe, 0xfa, 0x0, 0x0, 0x8a, 0xaa,
    0xaa, 0xaa, 0xa9, 0x0, 0xb, 0xf7, 0xdf, 0xfd,
    0x52, 0x0, 0x0, 0x0, 0x0, 0x0, 0x0, 0x0,
    0x1f, 0xf2, 0x1c, 0xff, 0xff, 0xff, 0xfe, 0xee,
    0xee, 0xee, 0xef, 0xf3, 0x6f, 0xd0, 0x0, 0x4a,
    0xdf, 0xff, 0xff, 0xff, 0xff, 0xff, 0xff, 0xc0,
    0x6, 0x50, 0x0, 0x0, 0x0, 0x23, 0x34, 0x44,
    0x44, 0x44, 0x44, 0x20,

    /* U+8DB3 "足" */
    0x0, 0x0, 0x22, 0x22, 0x22, 0x22, 0x22, 0x22,
    0x22, 0x22, 0x10, 0x0, 0x0, 0x0, 0xff, 0xff,
    0xff, 0xff, 0xff, 0xff, 0xff, 0xff, 0x70, 0x0,
    0x0, 0x0, 0xff, 0xff, 0xff, 0xff, 0xff, 0xff,
    0xff, 0xff, 0x70, 0x0, 0x0, 0x0, 0xff, 0x30,
    0x0, 0x0, 0x0, 0x0, 0x0, 0xef, 0x70, 0x0,
    0x0, 0x0, 0xff, 0x20, 0x0, 0x0, 0x0, 0x0,
    0x0, 0xef, 0x70, 0x0, 0x0, 0x0, 0xff, 0x20,
    0x0, 0x0, 0x0, 0x0, 0x0, 0xef, 0x70, 0x0,
    0x0, 0x0, 0xff, 0x20, 0x0, 0x0, 0x0, 0x0,
    0x0, 0xef, 0x70, 0x0, 0x0, 0x0, 0xff, 0xff,
    0xff, 0xff, 0xff, 0xff, 0xff, 0xff, 0x70, 0x0,
    0x0, 0x0, 0xff, 0xff, 0xff, 0xff, 0xff, 0xff,
    0xff, 0xff, 0x70, 0x0, 0x0, 0x0, 0x33, 0x33,
    0x33, 0x3f, 0xf7, 0x33, 0x33, 0x33, 0x10, 0x0,
    0x0, 0x0, 0x0, 0x0, 0x0, 0xf, 0xf4, 0x0,
    0x0, 0x0, 0x0, 0x0, 0x0, 0x0, 0xe, 0xd5,
    0x0, 0xf, 0xf4, 0x0, 0x0, 0x0, 0x0, 0x0,
    0x0, 0x0, 0x1f, 0xf4, 0x0, 0xf, 0xf6, 0x22,
    0x22, 0x22, 0x20, 0x0, 0x0, 0x0, 0x3f, 0xf1,
    0x0, 0xf, 0xff, 0xff, 0xff, 0xff, 0xf5, 0x0,
    0x0, 0x0, 0x8f, 0xf1, 0x0, 0xf, 0xff, 0xff,
    0xff, 0xff, 0xf5, 0x0, 0x0, 0x0, 0xcf, 0xf8,
    0x0, 0xf, 0xf4, 0x0, 0x0, 0x0, 0x0, 0x0,
    0x0, 0x2, 0xff, 0xff, 0x30, 0xf, 0xf4, 0x0,
    0x0, 0x0, 0x0, 0x0, 0x0, 0xa, 0xfd, 0xaf,
    0xe2, 0xf, 0xf4, 0x0, 0x0, 0x0, 0x0, 0x0,
    0x0, 0x2f, 0xf5, 0xd, 0xff, 0x8f, 0xf4, 0x0,
    0x0, 0x0, 0x0, 0x0, 0x1, 0xdf, 0xd0, 0x1,
    0xcf, 0xff, 0xfa, 0x65, 0x33, 0x22, 0x33, 0x30,
    0xc, 0xfe, 0x20, 0x0, 0x5, 0xef, 0xff, 0xff,
    0xff, 0xff, 0xff, 0xe0, 0x4, 0xe3, 0x0, 0x0,
    0x0, 0x4, 0x8b, 0xde, 0xff, 0xff, 0xff, 0x80,
    0x0, 0x0, 0x0, 0x0, 0x0, 0x0, 0x0, 0x0,
    0x0, 0x0, 0x0, 0x0,

    /* U+8DD1 "跑" */
    0x0, 0x0, 0x0, 0x0, 0x0, 0x0, 0x13, 0x0,
    0x0, 0x0, 0x0, 0x0, 0x0, 0x77, 0x77, 0x77,
    0x74, 0x0, 0x8f, 0xa0, 0x0, 0x0, 0x0, 0x0,
    0x1, 0xff, 0xff, 0xff, 0xf9, 0x0, 0xef, 0x50,
    0x0, 0x0, 0x0, 0x0, 0x1, 0xff, 0x77, 0x7b,
    0xf9, 0x4, 0xff, 0xcc, 0xcc, 0xcc, 0xcb, 0x0,
    0x1, 0xfe, 0x0, 0x7, 0xf9, 0xb, 0xff, 0xff,
    0xff, 0xff, 0xfe, 0x0, 0x1, 0xfe, 0x0, 0x7,
    0xf9, 0x5f, 0xe3, 0x22, 0x22, 0x26, 0xfe, 0x0,
    0x1, 0xfe, 0x0, 0x7, 0xfa, 0xef, 0x70, 0x0,
    0x0, 0x3, 0xfe, 0x0, 0x1, 0xff, 0x77, 0x7b,
    0xff, 0xff, 0x10, 0x0, 0x0, 0x4, 0xfe, 0x0,
    0x1, 0xff, 0xff, 0xff, 0xfa, 0xdf, 0xff, 0xff,
    0xfe, 0x4, 0xfd, 0x0, 0x0, 0x88, 0x8f, 0xf9,
    0x85, 0xf, 0xfc, 0xcc, 0xfe, 0x4, 0xfd, 0x0,
    0x0, 0x0, 0xf, 0xf0, 0x0, 0xf, 0xf0, 0x0,
    0xfe, 0x4, 0xfd, 0x0, 0x0, 0x75, 0xf, 0xf0,
    0x0, 0xf, 0xf0, 0x0, 0xfe, 0x4, 0xfd, 0x0,
    0x1, 0xfb, 0xf, 0xf9, 0x84, 0xf, 0xf0, 0x0,
    0xfe, 0x5, 0xfc, 0x0, 0x1, 0xfb, 0xf, 0xff,
    0xf8, 0xf, 0xf9, 0x89, 0xfe, 0x6, 0xfb, 0x0,
    0x1, 0xfb, 0xf, 0xf6, 0x52, 0xf, 0xff, 0xff,
    0xfe, 0x9, 0xfa, 0x0, 0x1, 0xfb, 0xf, 0xf0,
    0x0, 0xf, 0xf4, 0x33, 0x8f, 0xcf, 0xf7, 0x0,
    0x1, 0xfb, 0xf, 0xf0, 0x0, 0xf, 0xf0, 0x0,
    0x2f, 0xff, 0xc1, 0x0, 0x1, 0xfb, 0xf, 0xf0,
    0x14, 0xf, 0xf0, 0x0, 0x2, 0x21, 0x0, 0x0,
    0x1, 0xfb, 0xf, 0xfc, 0xfe, 0xf, 0xf0, 0x0,
    0x0, 0x0, 0x8, 0x70, 0x2, 0xfe, 0xef, 0xff,
    0xfd, 0xf, 0xf1, 0x0, 0x0, 0x0, 0xc, 0xf2,
    0x2f, 0xff, 0xff, 0xc7, 0x20, 0xe, 0xf3, 0x0,
    0x0, 0x0, 0x1f, 0xf0, 0xe, 0xfa, 0x51, 0x0,
    0x0, 0xa, 0xff, 0xee, 0xee, 0xee, 0xff, 0xb0,
    0x2, 0x0, 0x0, 0x0, 0x0, 0x1, 0xae, 0xff,
    0xff, 0xff, 0xeb, 0x10,

    /* U+8DF3 "跳" */
    0x0, 0x0, 0x0, 0x0, 0x0, 0x0, 0x2f, 0xe0,
    0x3f, 0xe0, 0x0, 0x0, 0x0, 0xff, 0xff, 0xff,
    0xf1, 0x0, 0x2f, 0xe0, 0x3f, 0xe0, 0x0, 0x0,
    0x0, 0xff, 0xdd, 0xdf, 0xf1, 0x0, 0x2f, 0xe0,
    0x3f, 0xe0, 0x0, 0x0, 0x0, 0xfd, 0x0, 0xd,
    0xf6, 0xd3, 0x2f, 0xe0, 0x3f, 0xe0, 0x4e, 0x60,
    0x0, 0xfd, 0x0, 0xd, 0xf9, 0xfb, 0x2f, 0xe0,
    0x3f, 0xe0, 0xaf, 0xa0, 0x0, 0xfd, 0x0, 0xd,
    0xf2, 0xff, 0x5f, 0xe0, 0x3f, 0xe1, 0xff, 0x20,
    0x0, 0xfe, 0x22, 0x2d, 0xf1, 0x9f, 0xbf, 0xe0,
    0x3f, 0xe7, 0xfa, 0x0, 0x0, 0xff, 0xff, 0xff,
    0xf1, 0x4f, 0xff, 0xe0, 0x3f, 0xfe, 0xf1, 0x0,
    0x0, 0xbb, 0xcf, 0xfb, 0xb1, 0xe, 0xaf, 0xe0,
    0x3f, 0xfc, 0x80, 0x0, 0x0, 0x0, 0x1f, 0xc0,
    0x0, 0x0, 0x2f, 0xe0, 0x3f, 0xe0, 0x0, 0x0,
    0x0, 0xc7, 0x1f, 0xc0, 0x0, 0x0, 0x2f, 0xe0,
    0x3f, 0xf6, 0x0, 0x0, 0x0, 0xfa, 0x1f, 0xfe,
    0xe3, 0x0, 0x9f, 0xd0, 0x3f, 0xff, 0xa0, 0x0,
    0x0, 0xfa, 0x1f, 0xff, 0xf3, 0x5e, 0xff, 0xd0,
    0x3f, 0xfe, 0xfb, 0x0, 0x0, 0xfa, 0x1f, 0xc0,
    0x3b, 0xff, 0xef, 0xc0, 0x3f, 0xe3, 0xff, 0xc0,
    0x0, 0xfa, 0x1f, 0xc0, 0x2f, 0xf9, 0x8f, 0x90,
    0x3f, 0xe0, 0x4f, 0xd1, 0x0, 0xfa, 0x1f, 0xc0,
    0x9, 0x60, 0xbf, 0x60, 0x3f, 0xe0, 0x5, 0x20,
    0x0, 0xfa, 0x1f, 0xc0, 0x34, 0x0, 0xff, 0x30,
    0x3f, 0xe0, 0x0, 0x0, 0x0, 0xfa, 0x3f, 0xff,
    0xfa, 0x6, 0xfe, 0x0, 0x3f, 0xe0, 0x7, 0x50,
    0x16, 0xff, 0xff, 0xff, 0xe7, 0x1e, 0xf7, 0x0,
    0x3f, 0xe0, 0xa, 0xf4, 0x1f, 0xff, 0xfb, 0x72,
    0x1, 0xcf, 0xe0, 0x0, 0x2f, 0xf1, 0xc, 0xf2,
    0xb, 0x94, 0x0, 0x0, 0x2e, 0xff, 0x30, 0x0,
    0xf, 0xff, 0xff, 0xe0, 0x0, 0x0, 0x0, 0x0,
    0xa, 0xe4, 0x0, 0x0, 0x7, 0xef, 0xfe, 0x50,
    0x0, 0x0, 0x0, 0x0, 0x0, 0x10, 0x0, 0x0,
    0x0, 0x0, 0x0, 0x0,

    /* U+8EAB "身" */
    0x0, 0x0, 0x0, 0x0, 0x1, 0x31, 0x0, 0x0,
    0x0, 0x0, 0x0, 0x0, 0x0, 0x0, 0x0, 0x7,
    0xff, 0x40, 0x0, 0x0, 0x0, 0x0, 0x0, 0x0,
    0x0, 0x0, 0xd, 0xfb, 0x0, 0x0, 0x0, 0x0,
    0x0, 0x0, 0x0, 0xee, 0xee, 0xef, 0xff, 0xee,
    0xee, 0xed, 0x0, 0x0, 0x0, 0x0, 0xff, 0xff,
    0xff, 0xff, 0xff, 0xff, 0xfe, 0x0, 0x0, 0x0,
    0x0, 0xff, 0x30, 0x0, 0x0, 0x0, 0x5, 0xfe,
    0x0, 0x0, 0x0, 0x0, 0xff, 0x30, 0x0, 0x0,
    0x0, 0x5, 0xfe, 0x0, 0x0, 0x0, 0x0, 0xff,
    0xff, 0xff, 0xff, 0xff, 0xff, 0xfe, 0x0, 0x0,
    0x0, 0x0, 0xff, 0xba, 0xaa, 0xaa, 0xaa, 0xab,
    0xfe, 0x0, 0x0, 0x0, 0x0, 0xff, 0x20, 0x0,
    0x0, 0x0, 0x4, 0xfe, 0x8, 0xd5, 0x0, 0x0,
    0xff, 0xb9, 0x99, 0x99, 0x99, 0x9b, 0xfe, 0x5f,
    0xf5, 0x0, 0x0, 0xff, 0xff, 0xff, 0xff, 0xff,
    0xff, 0xff, 0xff, 0x90, 0x0, 0x0, 0xff, 0x30,
    0x0, 0x0, 0x0, 0x5, 0xff, 0xfb, 0x0, 0x0,
    0x0, 0xff, 0x20, 0x0, 0x0, 0x0, 0x5, 0xff,
    0xc0, 0x0, 0xf, 0xff, 0xff, 0xff, 0xff, 0xff,
    0xff, 0xff, 0xff, 0x0, 0x0, 0xf, 0xff, 0xff,
    0xff, 0xff, 0xff, 0xff, 0xff, 0xfe, 0x0, 0x0,
    0x0, 0x0, 0x0, 0x0, 0x0, 0x6, 0xef, 0xfa,
    0xfe, 0x0, 0x0, 0x0, 0x0, 0x0, 0x0, 0x5,
    0xdf, 0xfc, 0x24, 0xfe, 0x0, 0x0, 0x0, 0x0,
    0x0, 0x3, 0xcf, 0xff, 0x80, 0x4, 0xfe, 0x0,
    0x0, 0x0, 0x0, 0x16, 0xbf, 0xff, 0x91, 0x0,
    0x4, 0xfe, 0x0, 0x0, 0x0, 0x5b, 0xff, 0xff,
    0xa2, 0x3, 0x32, 0x38, 0xfd, 0x0, 0x0, 0x6f,
    0xff, 0xfe, 0x81, 0x0, 0xc, 0xff, 0xff, 0xfa,
    0x0, 0x0, 0x1e, 0xfa, 0x40, 0x0, 0x0, 0x6,
    0xff, 0xfd, 0x90, 0x0, 0x0, 0x2, 0x0, 0x0,
    0x0, 0x0, 0x0, 0x0, 0x0, 0x0, 0x0, 0x0,

    /* U+8F9B "辛" */
    0x0, 0x0, 0x0, 0x0, 0x0, 0x1, 0x0, 0x0,
    0x0, 0x0, 0x0, 0x0, 0x0, 0x0, 0x0, 0x8,
    0xfa, 0x0, 0x0, 0x0, 0x0, 0x0, 0x0, 0x0,
    0x0, 0x0, 0x5, 0xff, 0x20, 0x0, 0x0, 0x0,
    0x0, 0x0, 0x22, 0x22, 0x22, 0x23, 0xef, 0xa2,
    0x22, 0x22, 0x22, 0x10, 0x0, 0xff, 0xff, 0xff,
    0xff, 0xff, 0xff, 0xff, 0xff, 0xff, 0x70, 0x0,
    0xef, 0xff, 0xff, 0xff, 0xff, 0xff, 0xff, 0xff,
    0xff, 0x70, 0x0, 0x0, 0x9, 0xe5, 0x0, 0x0,
    0x0, 0xe, 0xd5, 0x0, 0x0, 0x0, 0x0, 0x9,
    0xfd, 0x0, 0x0, 0x0, 0x3f, 0xf2, 0x0, 0x0,
    0x0, 0x0, 0x2, 0xff, 0x40, 0x0, 0x0, 0xaf,
    0xa0, 0x0, 0x0, 0x12, 0x22, 0x22, 0xdf, 0x72,
    0x22, 0x23, 0xff, 0x52, 0x22, 0x22, 0x8f, 0xff,
    0xff, 0xff, 0xff, 0xff, 0xff, 0xff, 0xff, 0xff,
    0xfe, 0x8f, 0xff, 0xff, 0xff, 0xff, 0xff, 0xff,
    0xff, 0xff, 0xff, 0xfe, 0x0, 0x0, 0x0, 0x0,
    0x1, 0xff, 0x40, 0x0, 0x0, 0x0, 0x0, 0x0,
    0x0, 0x0, 0x0, 0x1, 0xff, 0x40, 0x0, 0x0,
    0x0, 0x0, 0x0, 0x0, 0x0, 0x0, 0x1, 0xff,
    0x40, 0x0, 0x0, 0x0, 0x0, 0x2, 0x55, 0x55,
    0x55, 0x56, 0xff, 0x85, 0x55, 0x55, 0x55, 0x50,
    0x6, 0xff, 0xff, 0xff, 0xff, 0xff, 0xff, 0xff,
    0xff, 0xff, 0xe0, 0x5, 0xcc, 0xcc, 0xcc, 0xcd,
    0xff, 0xdc, 0xcc, 0xcc, 0xcc, 0xc0, 0x0, 0x0,
    0x0, 0x0, 0x1, 0xff, 0x40, 0x0, 0x0, 0x0,
    0x0, 0x0, 0x0, 0x0, 0x0, 0x1, 0xff, 0x40,
    0x0, 0x0, 0x0, 0x0, 0x0, 0x0, 0x0, 0x0,
    0x1, 0xff, 0x40, 0x0, 0x0, 0x0, 0x0, 0x0,
    0x0, 0x0, 0x0, 0x1, 0xff, 0x40, 0x0, 0x0,
    0x0, 0x0, 0x0, 0x0, 0x0, 0x0, 0x1, 0xff,
    0x40, 0x0, 0x0, 0x0, 0x0,

    /* U+8FC7 "过" */
    0x0, 0x2, 0x0, 0x0, 0x0, 0x0, 0x0, 0x0,
    0xe, 0xf6, 0x0, 0x0, 0x2, 0xdf, 0x40, 0x0,
    0x0, 0x0, 0x0, 0x0, 0xe, 0xf6, 0x0, 0x0,
    0x0, 0xbf, 0xf4, 0x0, 0x0, 0x0, 0x0, 0x0,
    0xe, 0xf6, 0x0, 0x0, 0x0, 0xb, 0xff, 0x30,
    0x0, 0x0, 0x0, 0x0, 0xe, 0xf6, 0x0, 0x0,
    0x0, 0x0, 0xdf, 0xa1, 0xff, 0xff, 0xff, 0xff,
    0xff, 0xff, 0xff, 0x80, 0x0, 0x0, 0x27, 0x1,
    0xff, 0xff, 0xff, 0xff, 0xff, 0xff, 0xff, 0x80,
    0x0, 0x0, 0x0, 0x0, 0x11, 0x11, 0x11, 0x11,
    0x1e, 0xf7, 0x11, 0x10, 0x0, 0x0, 0x0, 0x0,
    0x0, 0x10, 0x0, 0x0, 0xe, 0xf6, 0x0, 0x0,
    0x2, 0x22, 0x22, 0x0, 0x9, 0xf5, 0x0, 0x0,
    0xe, 0xf6, 0x0, 0x0, 0xf, 0xff, 0xff, 0x40,
    0x9, 0xff, 0x20, 0x0, 0xe, 0xf6, 0x0, 0x0,
    0xf, 0xff, 0xff, 0x40, 0x0, 0xcf, 0xc0, 0x0,
    0xe, 0xf6, 0x0, 0x0, 0x0, 0x0, 0xef, 0x40,
    0x0, 0x2f, 0xf7, 0x0, 0xe, 0xf6, 0x0, 0x0,
    0x0, 0x0, 0xef, 0x40, 0x0, 0x8, 0xfd, 0x0,
    0xe, 0xf6, 0x0, 0x0, 0x0, 0x0, 0xef, 0x40,
    0x0, 0x0, 0x70, 0x0, 0xe, 0xf6, 0x0, 0x0,
    0x0, 0x0, 0xef, 0x40, 0x0, 0x0, 0x0, 0x0,
    0xe, 0xf6, 0x0, 0x0, 0x0, 0x0, 0xef, 0x40,
    0x0, 0x0, 0x25, 0x44, 0x5f, 0xf5, 0x0, 0x0,
    0x0, 0x0, 0xef, 0x40, 0x0, 0x0, 0x2f, 0xff,
    0xff, 0xf2, 0x0, 0x0, 0x0, 0x3c, 0xff, 0xc3,
    0x0, 0x0, 0xc, 0xfe, 0xda, 0x30, 0x0, 0x0,
    0x6, 0xff, 0xee, 0xff, 0xc7, 0x31, 0x0, 0x0,
    0x0, 0x1, 0x23, 0x40, 0x3f, 0xfd, 0x10, 0x6f,
    0xff, 0xff, 0xff, 0xff, 0xff, 0xff, 0xff, 0xe0,
    0xa, 0xe2, 0x0, 0x1, 0x6b, 0xff, 0xff, 0xff,
    0xff, 0xff, 0xff, 0x90, 0x0, 0x30, 0x0, 0x0,
    0x0, 0x2, 0x33, 0x44, 0x33, 0x32, 0x11, 0x0,

    /* U+8FD0 "运" */
    0x0, 0x0, 0x0, 0x0, 0x0, 0x0, 0x0, 0x0,
    0x0, 0x0, 0x0, 0x0, 0x0, 0xbd, 0x30, 0x0,
    0xd, 0xff, 0xff, 0xff, 0xff, 0xff, 0xf4, 0x0,
    0x3, 0xef, 0xf7, 0x0, 0xd, 0xff, 0xff, 0xff,
    0xff, 0xff, 0xf4, 0x0, 0x0, 0x1c, 0xff, 0xb0,
    0x2, 0x22, 0x22, 0x22, 0x22, 0x22, 0x20, 0x0,
    0x0, 0x0, 0x8f, 0xb0, 0x0, 0x0, 0x0, 0x0,
    0x0, 0x0, 0x0, 0x0, 0x0, 0x0, 0x4, 0x0,
    0x0, 0x0, 0x0, 0x0, 0x0, 0x0, 0x0, 0x0,
    0x0, 0x0, 0x0, 0x3, 0x77, 0x77, 0x77, 0x77,
    0x77, 0x77, 0x77, 0x70, 0x0, 0x0, 0x0, 0x7,
    0xff, 0xff, 0xff, 0xff, 0xff, 0xff, 0xff, 0xf0,
    0x1f, 0xff, 0xff, 0x44, 0xaa, 0xaa, 0xff, 0xea,
    0xaa, 0xaa, 0xaa, 0x90, 0x1f, 0xff, 0xff, 0x40,
    0x0, 0x4, 0xff, 0x60, 0x2, 0x30, 0x0, 0x0,
    0x2, 0x22, 0xef, 0x40, 0x0, 0xb, 0xfe, 0x0,
    0x5f, 0xe0, 0x0, 0x0, 0x0, 0x0, 0xef, 0x40,
    0x0, 0x3f, 0xf6, 0x0, 0xe, 0xf8, 0x0, 0x0,
    0x0, 0x0, 0xef, 0x40, 0x0, 0xbf, 0xc0, 0x0,
    0x5, 0xff, 0x20, 0x0, 0x0, 0x0, 0xef, 0x40,
    0x5, 0xff, 0x30, 0x0, 0x0, 0xbf, 0xb0, 0x0,
    0x0, 0x0, 0xef, 0x40, 0x3e, 0xfd, 0x89, 0xbc,
    0xde, 0xff, 0xf5, 0x0, 0x0, 0x0, 0xef, 0x40,
    0x8f, 0xff, 0xff, 0xff, 0xff, 0xff, 0xfd, 0x0,
    0x0, 0x0, 0xef, 0x40, 0x2f, 0xec, 0xa8, 0x75,
    0x32, 0x1, 0xff, 0x50, 0x0, 0x3, 0xff, 0x90,
    0x1, 0x0, 0x0, 0x0, 0x0, 0x0, 0x74, 0x0,
    0x0, 0x6f, 0xff, 0xfc, 0x20, 0x0, 0x0, 0x0,
    0x0, 0x0, 0x0, 0x0, 0x7, 0xff, 0xb4, 0xcf,
    0xfa, 0x64, 0x32, 0x11, 0x22, 0x35, 0x79, 0xc2,
    0x1f, 0xfc, 0x0, 0x8, 0xff, 0xff, 0xff, 0xff,
    0xff, 0xff, 0xff, 0xe0, 0x6, 0xe1, 0x0, 0x0,
    0x18, 0xcf, 0xff, 0xff, 0xff, 0xff, 0xff, 0xa0,
    0x0, 0x20, 0x0, 0x0, 0x0, 0x0, 0x1, 0x11,
    0x11, 0x0, 0x0, 0x0,

    /* U+8FD4 "返" */
    0x0, 0x0, 0x0, 0x0, 0x0, 0x0, 0x0, 0x0,
    0x0, 0x0, 0x0, 0x0, 0x0, 0x16, 0x0, 0x0,
    0x0, 0x0, 0x0, 0x12, 0x47, 0x9d, 0xf5, 0x0,
    0x2, 0xef, 0x60, 0x0, 0x9, 0xcd, 0xff, 0xff,
    0xff, 0xff, 0xff, 0x30, 0x0, 0xaf, 0xf5, 0x0,
    0xd, 0xff, 0xff, 0xfe, 0xcb, 0x86, 0x30, 0x0,
    0x0, 0xd, 0xff, 0x30, 0xd, 0xf8, 0x20, 0x0,
    0x0, 0x0, 0x0, 0x0, 0x0, 0x2, 0xff, 0x60,
    0xd, 0xf6, 0x0, 0x0, 0x0, 0x0, 0x0, 0x0,
    0x0, 0x0, 0x44, 0x0, 0xd, 0xf7, 0x11, 0x11,
    0x11, 0x11, 0x10, 0x0, 0x0, 0x0, 0x0, 0x0,
    0xd, 0xff, 0xff, 0xff, 0xff, 0xff, 0xf8, 0x0,
    0x0, 0x0, 0x0, 0x0, 0xe, 0xff, 0xff, 0xff,
    0xff, 0xff, 0xf5, 0x0, 0x3, 0x33, 0x33, 0x0,
    0xe, 0xf5, 0x0, 0x0, 0x0, 0x3f, 0xf0, 0x0,
    0xe, 0xff, 0xff, 0x30, 0xf, 0xf4, 0x49, 0x0,
    0x0, 0xbf, 0xa0, 0x0, 0xd, 0xee, 0xff, 0x30,
    0x1f, 0xf4, 0xff, 0xc1, 0x4, 0xff, 0x30, 0x0,
    0x0, 0x0, 0xff, 0x30, 0x3f, 0xf0, 0x3e, 0xfe,
    0x4e, 0xf9, 0x0, 0x0, 0x0, 0x0, 0xff, 0x30,
    0x7f, 0xd0, 0x2, 0xdf, 0xff, 0xe0, 0x0, 0x0,
    0x0, 0x0, 0xff, 0x30, 0xcf, 0x90, 0x0, 0x1f,
    0xff, 0xa0, 0x0, 0x0, 0x0, 0x0, 0xff, 0x32,
    0xff, 0x40, 0x3, 0xdf, 0xff, 0xf9, 0x0, 0x0,
    0x0, 0x0, 0xff, 0x3b, 0xfe, 0x1, 0x8f, 0xfe,
    0x48, 0xff, 0xb0, 0x0, 0x0, 0x0, 0xff, 0x6f,
    0xf6, 0x5f, 0xff, 0xc1, 0x0, 0x7f, 0xfb, 0x0,
    0x0, 0x6, 0xff, 0x62, 0x90, 0xd, 0xd5, 0x0,
    0x0, 0x7, 0xe2, 0x0, 0x3, 0xdf, 0xff, 0xfd,
    0x84, 0x11, 0x0, 0x0, 0x0, 0x0, 0x10, 0x0,
    0x2f, 0xfe, 0x56, 0xdf, 0xff, 0xff, 0xee, 0xde,
    0xee, 0xef, 0xff, 0xf0, 0xa, 0xf3, 0x0, 0x4,
    0x9d, 0xff, 0xff, 0xff, 0xff, 0xff, 0xff, 0xb0,
    0x0, 0x40, 0x0, 0x0, 0x0, 0x13, 0x44, 0x44,
    0x44, 0x33, 0x21, 0x0,

    /* U+8FD8 "还" */
    0x0, 0x1, 0x0, 0x0, 0x0, 0x0, 0x0, 0x0,
    0x0, 0x0, 0x0, 0x0, 0x0, 0x6f, 0x50, 0x0,
    0x0, 0x0, 0x0, 0x0, 0x0, 0x0, 0x0, 0x0,
    0x0, 0xbf, 0xf6, 0x1, 0xee, 0xee, 0xee, 0xee,
    0xee, 0xee, 0xee, 0x70, 0x0, 0xc, 0xff, 0x41,
    0xff, 0xff, 0xff, 0xff, 0xff, 0xff, 0xff, 0x70,
    0x0, 0x1, 0xdf, 0xf2, 0x44, 0x44, 0x44, 0x9f,
    0xf6, 0x44, 0x44, 0x20, 0x0, 0x0, 0x3f, 0x70,
    0x0, 0x0, 0x0, 0xef, 0xb0, 0x0, 0x0, 0x0,
    0x0, 0x0, 0x1, 0x0, 0x0, 0x0, 0x9, 0xff,
    0x30, 0x0, 0x0, 0x0, 0x0, 0x0, 0x0, 0x0,
    0x0, 0x0, 0x4f, 0xff, 0x0, 0x0, 0x0, 0x0,
    0x2, 0x22, 0x22, 0x0, 0x0, 0x2, 0xef, 0xff,
    0x6, 0x30, 0x0, 0x0, 0x1f, 0xff, 0xff, 0x20,
    0x0, 0x1d, 0xff, 0xff, 0x7f, 0xe3, 0x0, 0x0,
    0x1f, 0xff, 0xff, 0x20, 0x1, 0xdf, 0xfb, 0xff,
    0x1d, 0xff, 0x30, 0x0, 0x0, 0x2, 0xff, 0x20,
    0x2d, 0xff, 0x74, 0xff, 0x1, 0xdf, 0xf3, 0x0,
    0x0, 0x1, 0xff, 0x25, 0xff, 0xf7, 0x4, 0xff,
    0x0, 0x1d, 0xff, 0x30, 0x0, 0x1, 0xff, 0x4e,
    0xff, 0x50, 0x4, 0xff, 0x0, 0x2, 0xef, 0xb0,
    0x0, 0x1, 0xff, 0x22, 0xd3, 0x0, 0x4, 0xff,
    0x0, 0x0, 0x3b, 0x0, 0x0, 0x1, 0xff, 0x20,
    0x0, 0x0, 0x4, 0xff, 0x0, 0x0, 0x0, 0x0,
    0x0, 0x1, 0xff, 0x20, 0x0, 0x0, 0x4, 0xff,
    0x0, 0x0, 0x0, 0x0, 0x0, 0x1, 0xff, 0x20,
    0x0, 0x0, 0x4, 0xff, 0x0, 0x0, 0x0, 0x0,
    0x0, 0x1c, 0xff, 0xa0, 0x0, 0x0, 0x4, 0xff,
    0x0, 0x0, 0x0, 0x0, 0x2, 0xef, 0xff, 0xfc,
    0x30, 0x0, 0x0, 0x11, 0x0, 0x0, 0x0, 0x0,
    0x1d, 0xff, 0x33, 0xdf, 0xfb, 0x75, 0x43, 0x22,
    0x34, 0x45, 0x79, 0xc5, 0x5f, 0xf5, 0x0, 0x1a,
    0xff, 0xff, 0xff, 0xff, 0xff, 0xff, 0xff, 0xf1,
    0xa, 0xb0, 0x0, 0x0, 0x39, 0xdf, 0xff, 0xff,
    0xff, 0xff, 0xfe, 0xd0, 0x0, 0x10, 0x0, 0x0,
    0x0, 0x0, 0x11, 0x11, 0x11, 0x0, 0x0, 0x0,

    /* U+8FDB "进" */
    0x0, 0x37, 0x0, 0x0, 0x0, 0x7, 0xb6, 0x0,
    0xa, 0xa2, 0x0, 0x0, 0x2, 0xff, 0x90, 0x0,
    0x0, 0xa, 0xf9, 0x0, 0xf, 0xf3, 0x0, 0x0,
    0x0, 0x6f, 0xf9, 0x0, 0x0, 0xa, 0xf9, 0x0,
    0xf, 0xf3, 0x0, 0x0, 0x0, 0x6, 0xff, 0x80,
    0x0, 0xa, 0xf9, 0x0, 0xf, 0xf4, 0x0, 0x0,
    0x0, 0x0, 0x9f, 0x80, 0xef, 0xff, 0xff, 0xff,
    0xff, 0xff, 0xff, 0x30, 0x0, 0x0, 0x4, 0x0,
    0xef, 0xff, 0xff, 0xff, 0xff, 0xff, 0xff, 0x30,
    0x0, 0x0, 0x0, 0x0, 0x22, 0x2b, 0xfa, 0x22,
    0x2f, 0xf6, 0x22, 0x0, 0x0, 0x0, 0x0, 0x0,
    0x0, 0xa, 0xf9, 0x0, 0xf, 0xf3, 0x0, 0x0,
    0x9, 0x99, 0x99, 0x20, 0x0, 0xa, 0xf9, 0x0,
    0xf, 0xf3, 0x0, 0x0, 0xf, 0xff, 0xff, 0x40,
    0x0, 0xb, 0xf8, 0x0, 0xf, 0xf3, 0x0, 0x0,
    0x8, 0x88, 0xff, 0x41, 0xff, 0xff, 0xff, 0xff,
    0xff, 0xff, 0xff, 0xa0, 0x0, 0x0, 0xef, 0x41,
    0xff, 0xff, 0xff, 0xff, 0xff, 0xff, 0xff, 0xa0,
    0x0, 0x0, 0xef, 0x40, 0x33, 0x5f, 0xf6, 0x33,
    0x3f, 0xf6, 0x33, 0x20, 0x0, 0x0, 0xef, 0x40,
    0x0, 0x8f, 0xf0, 0x0, 0xf, 0xf3, 0x0, 0x0,
    0x0, 0x0, 0xef, 0x40, 0x0, 0xef, 0x90, 0x0,
    0xf, 0xf3, 0x0, 0x0, 0x0, 0x0, 0xef, 0x40,
    0x9, 0xff, 0x30, 0x0, 0xf, 0xf3, 0x0, 0x0,
    0x0, 0x0, 0xef, 0x40, 0x6f, 0xf9, 0x0, 0x0,
    0xf, 0xf3, 0x0, 0x0, 0x0, 0x1a, 0xff, 0xb1,
    0xc, 0xb0, 0x0, 0x0, 0xf, 0xf3, 0x0, 0x0,
    0x4, 0xff, 0xfe, 0xff, 0xa7, 0x20, 0x0, 0x0,
    0x0, 0x0, 0x1, 0x20, 0x2f, 0xfd, 0x10, 0x7f,
    0xff, 0xff, 0xee, 0xdd, 0xee, 0xff, 0xff, 0xe0,
    0xa, 0xe2, 0x0, 0x1, 0x6b, 0xff, 0xff, 0xff,
    0xff, 0xff, 0xff, 0xa0, 0x0, 0x30, 0x0, 0x0,
    0x0, 0x2, 0x33, 0x44, 0x33, 0x22, 0x10, 0x0,

    /* U+8FDE "连" */
    0x0, 0x0, 0x0, 0x0, 0x0, 0x0, 0x31, 0x0,
    0x0, 0x0, 0x0, 0x0, 0x0, 0x6e, 0x30, 0x0,
    0x0, 0x0, 0xdf, 0x80, 0x0, 0x0, 0x0, 0x0,
    0x0, 0xbf, 0xe2, 0x0, 0x0, 0x2, 0xff, 0x40,
    0x0, 0x0, 0x0, 0x0, 0x0, 0x1d, 0xfd, 0x1,
    0xee, 0xef, 0xff, 0xee, 0xee, 0xee, 0xee, 0x50,
    0x0, 0x3, 0xff, 0x91, 0xff, 0xff, 0xff, 0xff,
    0xff, 0xff, 0xff, 0x50, 0x0, 0x0, 0x8f, 0x80,
    0x0, 0x5f, 0xf2, 0x0, 0x0, 0x0, 0x0, 0x0,
    0x0, 0x0, 0x3, 0x0, 0x0, 0xbf, 0x90, 0x1c,
    0xc2, 0x0, 0x0, 0x0, 0x0, 0x0, 0x0, 0x0,
    0x3, 0xff, 0x20, 0x2f, 0xf2, 0x0, 0x0, 0x0,
    0x3, 0x33, 0x33, 0x0, 0xc, 0xfa, 0x11, 0x3f,
    0xf3, 0x11, 0x10, 0x0, 0xf, 0xff, 0xff, 0x20,
    0x7f, 0xff, 0xff, 0xff, 0xff, 0xff, 0xf9, 0x0,
    0xe, 0xee, 0xff, 0x20, 0x2f, 0xff, 0xff, 0xff,
    0xff, 0xff, 0xf8, 0x0, 0x0, 0x0, 0xff, 0x20,
    0x4, 0x10, 0x0, 0x2f, 0xf3, 0x0, 0x0, 0x0,
    0x0, 0x0, 0xff, 0x20, 0x0, 0x0, 0x0, 0x2f,
    0xf2, 0x0, 0x0, 0x0, 0x0, 0x0, 0xff, 0x20,
    0x22, 0x22, 0x22, 0x4f, 0xf5, 0x22, 0x22, 0x20,
    0x0, 0x0, 0xff, 0x24, 0xff, 0xff, 0xff, 0xff,
    0xff, 0xff, 0xff, 0xc0, 0x0, 0x0, 0xff, 0x24,
    0xff, 0xff, 0xff, 0xff, 0xff, 0xff, 0xff, 0xb0,
    0x0, 0x0, 0xff, 0x20, 0x0, 0x0, 0x0, 0x2f,
    0xf2, 0x0, 0x0, 0x0, 0x0, 0x0, 0xff, 0x20,
    0x0, 0x0, 0x0, 0x2f, 0xf2, 0x0, 0x0, 0x0,
    0x0, 0xa, 0xff, 0x80, 0x0, 0x0, 0x0, 0x2f,
    0xf2, 0x0, 0x0, 0x0, 0x1, 0xdf, 0xff, 0xfb,
    0x20, 0x0, 0x0, 0x2e, 0xe2, 0x0, 0x0, 0x0,
    0xc, 0xff, 0x43, 0xdf, 0xfb, 0x75, 0x43, 0x22,
    0x34, 0x45, 0x79, 0xc6, 0x3f, 0xf6, 0x0, 0xa,
    0xff, 0xff, 0xff, 0xff, 0xff, 0xff, 0xff, 0xf2,
    0x8, 0xc0, 0x0, 0x0, 0x39, 0xdf, 0xff, 0xff,
    0xff, 0xff, 0xfe, 0xd0, 0x0, 0x20, 0x0, 0x0,
    0x0, 0x0, 0x11, 0x11, 0x11, 0x0, 0x0, 0x0,

    /* U+8FF9 "迹" */
    0x0, 0x0, 0x0, 0x0, 0x0, 0x0, 0x0, 0x21,
    0x0, 0x0, 0x0, 0x0, 0x0, 0x0, 0x0, 0x0,
    0x0, 0x0, 0xa, 0xfb, 0x0, 0x0, 0x0, 0x0,
    0x0, 0x69, 0x10, 0x0, 0x0, 0x0, 0x5, 0xff,
    0x40, 0x0, 0x0, 0x0, 0x2, 0xff, 0xe4, 0x0,
    0x11, 0x11, 0x12, 0xdf, 0xb1, 0x11, 0x11, 0x10,
    0x0, 0x2d, 0xff, 0x70, 0xff, 0xff, 0xff, 0xff,
    0xff, 0xff, 0xff, 0xe0, 0x0, 0x0, 0xaf, 0xe1,
    0xff, 0xff, 0xff, 0xff, 0xff, 0xff, 0xff, 0xd0,
    0x0, 0x0, 0x7, 0x10, 0x0, 0x0, 0xaf, 0x60,
    0x9f, 0x80, 0x0, 0x0, 0x0, 0x0, 0x0, 0x0,
    0x1, 0x0, 0xaf, 0x60, 0x9f, 0x80, 0x0, 0x0,
    0x0, 0x0, 0x0, 0x0, 0xe, 0xf2, 0xaf, 0x60,
    0x9f, 0x8b, 0xf2, 0x0, 0xd, 0xff, 0xff, 0x20,
    0x4f, 0xd0, 0xbf, 0x50, 0x9f, 0x87, 0xf9, 0x0,
    0xd, 0xff, 0xff, 0x20, 0xaf, 0x70, 0xcf, 0x40,
    0x9f, 0x81, 0xff, 0x10, 0x2, 0x22, 0xff, 0x22,
    0xff, 0x20, 0xef, 0x30, 0x9f, 0x80, 0xaf, 0x70,
    0x0, 0x0, 0xff, 0x3b, 0xfb, 0x2, 0xff, 0x0,
    0x9f, 0x80, 0x4f, 0xc0, 0x0, 0x0, 0xff, 0x7f,
    0xf2, 0x6, 0xfc, 0x0, 0x9f, 0x80, 0xf, 0xf1,
    0x0, 0x0, 0xff, 0x23, 0x50, 0xe, 0xf7, 0x0,
    0x9f, 0x80, 0x9, 0x60, 0x0, 0x0, 0xff, 0x20,
    0x0, 0x6f, 0xf1, 0x0, 0x9f, 0x80, 0x0, 0x0,
    0x0, 0x0, 0xff, 0x20, 0x2, 0xff, 0x80, 0x0,
    0x9f, 0x80, 0x0, 0x0, 0x0, 0x0, 0xff, 0x20,
    0x3e, 0xfd, 0x0, 0xcc, 0xff, 0x70, 0x0, 0x0,
    0x0, 0x5, 0xff, 0xa0, 0x2d, 0xe2, 0x0, 0xcf,
    0xfd, 0x10, 0x0, 0x0, 0x0, 0x7f, 0xff, 0xfd,
    0x21, 0x10, 0x0, 0x12, 0x10, 0x0, 0x0, 0x0,
    0x6, 0xff, 0x92, 0xaf, 0xfa, 0x52, 0x10, 0x0,
    0x1, 0x23, 0x58, 0xb0, 0xf, 0xfb, 0x0, 0x7,
    0xff, 0xff, 0xff, 0xff, 0xff, 0xff, 0xff, 0xc0,
    0x6, 0xe1, 0x0, 0x0, 0x17, 0xcf, 0xff, 0xff,
    0xff, 0xff, 0xfe, 0x80, 0x0, 0x20, 0x0, 0x0,
    0x0, 0x0, 0x1, 0x11, 0x11, 0x0, 0x0, 0x0,

    /* U+9001 "送" */
    0x0, 0x0, 0x0, 0x0, 0x0, 0x1, 0x0, 0x0,
    0x0, 0x1, 0x0, 0x0, 0x0, 0x6d, 0x20, 0x0,
    0x0, 0x9f, 0x50, 0x0, 0x0, 0x7f, 0xc0, 0x0,
    0x0, 0xdf, 0xd1, 0x0, 0x0, 0x7f, 0xe0, 0x0,
    0x0, 0xef, 0x80, 0x0, 0x0, 0x2e, 0xfc, 0x0,
    0x0, 0xe, 0xf8, 0x0, 0x6, 0xfe, 0x0, 0x0,
    0x0, 0x4, 0xff, 0x80, 0x0, 0x6, 0xf8, 0x0,
    0x1e, 0xf5, 0x0, 0x0, 0x0, 0x0, 0x9f, 0xb0,
    0x5f, 0xff, 0xff, 0xff, 0xff, 0xff, 0xff, 0x20,
    0x0, 0x0, 0x4, 0x0, 0x5f, 0xff, 0xff, 0xff,
    0xff, 0xff, 0xff, 0x20, 0x0, 0x0, 0x0, 0x0,
    0x1, 0x11, 0x11, 0xff, 0x61, 0x11, 0x11, 0x0,
    0x4, 0x44, 0x44, 0x0, 0x0, 0x0, 0x0, 0xff,
    0x50, 0x0, 0x0, 0x0, 0xe, 0xff, 0xff, 0x20,
    0x0, 0x0, 0x0, 0xff, 0x50, 0x0, 0x0, 0x0,
    0xa, 0xbb, 0xff, 0x22, 0xff, 0xff, 0xff, 0xff,
    0xff, 0xff, 0xff, 0xe0, 0x0, 0x0, 0xff, 0x22,
    0xff, 0xff, 0xff, 0xff, 0xff, 0xff, 0xff, 0xe0,
    0x0, 0x0, 0xff, 0x20, 0x22, 0x22, 0x28, 0xff,
    0xd2, 0x22, 0x22, 0x20, 0x0, 0x0, 0xff, 0x20,
    0x0, 0x0, 0xd, 0xff, 0xfc, 0x0, 0x0, 0x0,
    0x0, 0x0, 0xff, 0x20, 0x0, 0x0, 0x7f, 0xf6,
    0xef, 0xc1, 0x0, 0x0, 0x0, 0x0, 0xff, 0x20,
    0x0, 0x6, 0xff, 0x90, 0x3e, 0xfd, 0x10, 0x0,
    0x0, 0x0, 0xff, 0x20, 0x1, 0x9f, 0xfb, 0x0,
    0x2, 0xef, 0xd1, 0x0, 0x0, 0x0, 0xff, 0x20,
    0x8f, 0xff, 0xa0, 0x0, 0x0, 0x3f, 0xfd, 0x0,
    0x0, 0x1c, 0xff, 0x70, 0x6f, 0xe6, 0x0, 0x0,
    0x0, 0x3, 0xf4, 0x0, 0x2, 0xef, 0xff, 0xfa,
    0x15, 0x0, 0x0, 0x0, 0x0, 0x0, 0x10, 0x0,
    0x1d, 0xfe, 0x24, 0xef, 0xf9, 0x54, 0x32, 0x12,
    0x33, 0x45, 0x79, 0xc6, 0x6f, 0xf4, 0x0, 0x1c,
    0xff, 0xff, 0xff, 0xff, 0xff, 0xff, 0xff, 0xf2,
    0xb, 0xa0, 0x0, 0x0, 0x49, 0xdf, 0xff, 0xff,
    0xff, 0xff, 0xff, 0xd0, 0x1, 0x10, 0x0, 0x0,
    0x0, 0x0, 0x11, 0x11, 0x11, 0x0, 0x0, 0x0,

    /* U+901A "通" */
    0x0, 0x41, 0x0, 0x0, 0x1a, 0xaa, 0xaa, 0xaa,
    0xaa, 0xaa, 0xa2, 0x0, 0x4, 0xfd, 0x20, 0x0,
    0x1f, 0xff, 0xff, 0xff, 0xff, 0xff, 0xfa, 0x0,
    0x2, 0xef, 0xe2, 0x0, 0x1, 0x12, 0x62, 0x11,
    0x29, 0xff, 0xa0, 0x0, 0x0, 0x2e, 0xfe, 0x30,
    0x0, 0xc, 0xfc, 0x52, 0xcf, 0xf7, 0x0, 0x0,
    0x0, 0x2, 0xff, 0xd0, 0x0, 0x5, 0xdf, 0xff,
    0xfd, 0x30, 0x0, 0x0, 0x0, 0x0, 0x4f, 0x40,
    0x0, 0x0, 0x6, 0xef, 0xfc, 0x40, 0x0, 0x0,
    0x0, 0x0, 0x1, 0x0, 0x3f, 0xff, 0xff, 0xff,
    0xff, 0xff, 0xff, 0x0, 0x0, 0x0, 0x0, 0x0,
    0x3f, 0xfa, 0xaa, 0xff, 0xaa, 0xab, 0xff, 0x0,
    0x2, 0x22, 0x22, 0x0, 0x3f, 0xe0, 0x0, 0xef,
    0x10, 0x2, 0xff, 0x0, 0x2f, 0xff, 0xff, 0x40,
    0x3f, 0xfb, 0xbb, 0xff, 0xcb, 0xbc, 0xff, 0x0,
    0x2f, 0xff, 0xff, 0x40, 0x3f, 0xfe, 0xee, 0xff,
    0xee, 0xee, 0xff, 0x0, 0x0, 0x0, 0xef, 0x40,
    0x3f, 0xe0, 0x0, 0xef, 0x10, 0x2, 0xff, 0x0,
    0x0, 0x0, 0xef, 0x40, 0x3f, 0xe1, 0x11, 0xef,
    0x31, 0x13, 0xff, 0x0, 0x0, 0x0, 0xef, 0x40,
    0x3f, 0xff, 0xff, 0xff, 0xff, 0xff, 0xff, 0x0,
    0x0, 0x0, 0xef, 0x40, 0x3f, 0xf9, 0x99, 0xff,
    0xa9, 0x9a, 0xff, 0x0, 0x0, 0x0, 0xef, 0x40,
    0x3f, 0xe0, 0x0, 0xef, 0x10, 0x2, 0xff, 0x0,
    0x0, 0x0, 0xef, 0x40, 0x3f, 0xe0, 0x0, 0xef,
    0x17, 0xbc, 0xff, 0x0, 0x0, 0x8, 0xff, 0xb1,
    0x3f, 0xe0, 0x0, 0xef, 0x16, 0xff, 0xe7, 0x0,
    0x1, 0xdf, 0xff, 0xfe, 0x82, 0x0, 0x0, 0x0,
    0x0, 0x11, 0x0, 0x0, 0x1e, 0xfe, 0x31, 0x8f,
    0xff, 0xed, 0xcb, 0xbb, 0xbb, 0xcd, 0xde, 0xf1,
    0xb, 0xe2, 0x0, 0x1, 0x6b, 0xff, 0xff, 0xff,
    0xff, 0xff, 0xff, 0xc0, 0x1, 0x30, 0x0, 0x0,
    0x0, 0x2, 0x33, 0x33, 0x33, 0x22, 0x11, 0x0,

    /* U+9053 "道" */
    0x0, 0x0, 0x0, 0x0, 0x0, 0x1, 0x0, 0x0,
    0x0, 0x0, 0x0, 0x0, 0x0, 0x0, 0x0, 0x0,
    0x4e, 0xc0, 0x0, 0x0, 0xbd, 0x60, 0x0, 0x4,
    0xe9, 0x0, 0x0, 0x1, 0xff, 0x70, 0x0, 0x3f,
    0xf2, 0x0, 0x0, 0x4f, 0xf8, 0x0, 0x0, 0x8,
    0xf9, 0x0, 0x1d, 0xf7, 0x0, 0x0, 0x0, 0x5f,
    0xf6, 0xe, 0xff, 0xff, 0xff, 0xff, 0xff, 0xff,
    0xff, 0x60, 0x0, 0x8f, 0xf1, 0xbc, 0xcc, 0xcc,
    0xff, 0xec, 0xcc, 0xcc, 0xc4, 0x0, 0x0, 0xa4,
    0x0, 0x0, 0x0, 0xf, 0xf4, 0x0, 0x0, 0x0,
    0x0, 0x0, 0x0, 0x0, 0x2, 0x99, 0x9a, 0xff,
    0x99, 0x99, 0x94, 0x0, 0x0, 0x0, 0x0, 0x0,
    0x3f, 0xff, 0xff, 0xff, 0xff, 0xff, 0x70, 0x0,
    0x99, 0x99, 0x92, 0x3, 0xfe, 0x0, 0x0, 0x0,
    0xb, 0xf7, 0x0, 0xf, 0xff, 0xff, 0x40, 0x3f,
    0xe0, 0x0, 0x0, 0x0, 0xbf, 0x70, 0x0, 0xaa,
    0xaf, 0xf4, 0x3, 0xff, 0xff, 0xff, 0xff, 0xff,
    0xf7, 0x0, 0x0, 0x0, 0xef, 0x40, 0x3f, 0xf7,
    0x77, 0x77, 0x77, 0xdf, 0x70, 0x0, 0x0, 0xe,
    0xf4, 0x3, 0xfe, 0x0, 0x0, 0x0, 0xb, 0xf7,
    0x0, 0x0, 0x0, 0xef, 0x40, 0x3f, 0xff, 0xff,
    0xff, 0xff, 0xff, 0x70, 0x0, 0x0, 0xe, 0xf4,
    0x3, 0xff, 0x77, 0x77, 0x77, 0x7d, 0xf7, 0x0,
    0x0, 0x0, 0xef, 0x40, 0x3f, 0xe0, 0x0, 0x0,
    0x0, 0xbf, 0x70, 0x0, 0x0, 0xe, 0xf4, 0x3,
    0xff, 0xbb, 0xbb, 0xbb, 0xbe, 0xf7, 0x0, 0x0,
    0x1, 0xff, 0x50, 0x3f, 0xff, 0xff, 0xff, 0xff,
    0xff, 0x70, 0x0, 0x4, 0xef, 0xff, 0x80, 0x0,
    0x0, 0x0, 0x0, 0x0, 0x0, 0x0, 0x5, 0xff,
    0x84, 0xcf, 0xe7, 0x31, 0x0, 0x0, 0x0, 0x13,
    0x58, 0x82, 0xff, 0x70, 0x0, 0x8f, 0xff, 0xff,
    0xfe, 0xff, 0xff, 0xff, 0xf6, 0x9, 0xa0, 0x0,
    0x0, 0x5, 0xbe, 0xff, 0xff, 0xff, 0xfe, 0xed,
    0x20, 0x0, 0x0, 0x0, 0x0, 0x0, 0x0, 0x0,
    0x0, 0x0, 0x0, 0x0,

    /* U+90FD "都" */
    0x0, 0x0, 0x7, 0xf9, 0x0, 0x1, 0x30, 0x0,
    0x0, 0x0, 0x0, 0x0, 0x0, 0x0, 0x7, 0xf9,
    0x0, 0x9, 0xfa, 0xcf, 0xff, 0xff, 0xff, 0x80,
    0x0, 0xcc, 0xce, 0xfe, 0xcc, 0x7f, 0xf4, 0xcf,
    0xff, 0xff, 0xff, 0xf0, 0x0, 0xff, 0xff, 0xff,
    0xff, 0xef, 0xd0, 0xcf, 0x70, 0x0, 0xdf, 0x90,
    0x0, 0x22, 0x29, 0xfb, 0x26, 0xff, 0x40, 0xcf,
    0x70, 0x3, 0xff, 0x20, 0x0, 0x0, 0x7, 0xf9,
    0xd, 0xfb, 0x0, 0xcf, 0x70, 0x9, 0xfb, 0x0,
    0x0, 0x0, 0x8, 0xfa, 0x7f, 0xf2, 0x0, 0xcf,
    0x70, 0xe, 0xf4, 0x0, 0xf, 0xff, 0xff, 0xff,
    0xff, 0xff, 0xf4, 0xcf, 0x70, 0x6f, 0xd0, 0x0,
    0xf, 0xff, 0xff, 0xff, 0xff, 0xff, 0xf4, 0xcf,
    0x70, 0xcf, 0x60, 0x0, 0x0, 0x0, 0x4, 0xef,
    0xb0, 0x0, 0x0, 0xcf, 0x71, 0xff, 0x40, 0x0,
    0x0, 0x0, 0x6f, 0xfc, 0x10, 0x0, 0x0, 0xcf,
    0x70, 0x6f, 0xe2, 0x0, 0x0, 0x1a, 0xff, 0xff,
    0xff, 0xff, 0x50, 0xcf, 0x70, 0x8, 0xfc, 0x0,
    0x7, 0xff, 0xfe, 0xdd, 0xdd, 0xff, 0x50, 0xcf,
    0x70, 0x0, 0xef, 0x50, 0x5f, 0xff, 0xf7, 0x0,
    0x0, 0xcf, 0x50, 0xcf, 0x70, 0x0, 0x8f, 0xa0,
    0xa, 0xbb, 0xf7, 0x0, 0x0, 0xdf, 0x50, 0xcf,
    0x70, 0x0, 0x5f, 0xd0, 0x0, 0x9, 0xff, 0xff,
    0xff, 0xff, 0x50, 0xcf, 0x70, 0x0, 0x6f, 0xd0,
    0x0, 0x9, 0xfd, 0xbb, 0xbb, 0xff, 0x50, 0xcf,
    0x70, 0x2, 0xcf, 0xb0, 0x0, 0x9, 0xf7, 0x0,
    0x0, 0xcf, 0x50, 0xcf, 0x7a, 0xff, 0xff, 0x60,
    0x0, 0x9, 0xf7, 0x0, 0x0, 0xdf, 0x50, 0xcf,
    0x75, 0xff, 0xf8, 0x0, 0x0, 0x9, 0xff, 0xff,
    0xff, 0xff, 0x50, 0xcf, 0x70, 0x32, 0x0, 0x0,
    0x0, 0x9, 0xfe, 0xcc, 0xcc, 0xff, 0x50, 0xcf,
    0x70, 0x0, 0x0, 0x0, 0x0, 0x9, 0xf7, 0x0,
    0x0, 0xcf, 0x50, 0xcf, 0x70, 0x0, 0x0, 0x0,
    0x0, 0x0, 0x0, 0x0, 0x0, 0x0, 0x0, 0x11,
    0x0, 0x0, 0x0, 0x0,

    /* U+9192 "醒" */
    0x0, 0x0, 0x0, 0x0, 0x0, 0x1, 0x11, 0x11,
    0x11, 0x11, 0x10, 0xe, 0xff, 0xff, 0xff, 0xff,
    0xf3, 0xdf, 0xff, 0xff, 0xff, 0xff, 0x0, 0xcd,
    0xdf, 0xee, 0xfe, 0xdd, 0x2d, 0xfb, 0xbb, 0xbb,
    0xbf, 0xf0, 0x0, 0x0, 0xf9, 0x4f, 0x50, 0x0,
    0xdf, 0x20, 0x0, 0x0, 0xff, 0x0, 0x0, 0xf,
    0x94, 0xf5, 0x0, 0xd, 0xff, 0xff, 0xff, 0xff,
    0xf0, 0x7, 0xcc, 0xfe, 0xdf, 0xdc, 0xc0, 0xdf,
    0xba, 0xaa, 0xaa, 0xff, 0x0, 0x9f, 0xff, 0xff,
    0xff, 0xff, 0xd, 0xf2, 0x0, 0x0, 0xf, 0xf0,
    0x9, 0xf2, 0xa9, 0x5f, 0xc, 0xf0, 0xdf, 0xcb,
    0xbb, 0xbc, 0xff, 0x0, 0x9f, 0x2a, 0x94, 0xf0,
    0xcf, 0xd, 0xff, 0xff, 0xff, 0xff, 0xf0, 0x9,
    0xf2, 0xb8, 0x4f, 0xc, 0xf0, 0x3, 0x0, 0x0,
    0x0, 0x0, 0x0, 0x9f, 0x2e, 0x54, 0xf0, 0xcf,
    0x4, 0xf8, 0xd, 0xe1, 0x0, 0x0, 0x9, 0xf8,
    0xf1, 0x4f, 0xae, 0xf0, 0xaf, 0xb9, 0xff, 0xa9,
    0x99, 0x40, 0x9f, 0xe8, 0x0, 0x89, 0xef, 0x3f,
    0xff, 0xff, 0xff, 0xff, 0xf6, 0x9, 0xf3, 0x0,
    0x0, 0xc, 0xfc, 0xf4, 0x22, 0xef, 0x42, 0x22,
    0x10, 0x9f, 0x86, 0x66, 0x66, 0xdf, 0xb8, 0x0,
    0xe, 0xf1, 0x0, 0x0, 0x9, 0xff, 0xff, 0xff,
    0xff, 0xf0, 0x7b, 0xbb, 0xff, 0xcb, 0xbb, 0x0,
    0x9f, 0x75, 0x55, 0x55, 0xdf, 0x9, 0xff, 0xff,
    0xff, 0xff, 0xf0, 0x9, 0xf2, 0x0, 0x0, 0xc,
    0xf0, 0x0, 0x0, 0xef, 0x20, 0x0, 0x0, 0x9f,
    0xbb, 0xbb, 0xbb, 0xef, 0x0, 0x0, 0xe, 0xf1,
    0x0, 0x0, 0x9, 0xff, 0xff, 0xff, 0xff, 0xf0,
    0x0, 0x0, 0xef, 0x10, 0x0, 0x0, 0x9f, 0x31,
    0x11, 0x11, 0xcf, 0x7f, 0xff, 0xff, 0xff, 0xff,
    0xff, 0x19, 0xf2, 0x0, 0x0, 0xc, 0xf7, 0xee,
    0xee, 0xee, 0xee, 0xee, 0xe1,

    /* U+91CC "里" */
    0x0, 0x1, 0x11, 0x11, 0x11, 0x11, 0x11, 0x11,
    0x11, 0x11, 0x0, 0x0, 0x3f, 0xff, 0xff, 0xff,
    0xff, 0xff, 0xff, 0xff, 0xfd, 0x0, 0x0, 0x3f,
    0xfe, 0xee, 0xee, 0xff, 0xee, 0xee, 0xef, 0xfd,
    0x0, 0x0, 0x3f, 0xf0, 0x0, 0x0, 0xdf, 0x50,
    0x0, 0x7, 0xfd, 0x0, 0x0, 0x3f, 0xf0, 0x0,
    0x0, 0xdf, 0x50, 0x0, 0x7, 0xfd, 0x0, 0x0,
    0x3f, 0xfd, 0xdd, 0xdd, 0xff, 0xed, 0xdd, 0xde,
    0xfd, 0x0, 0x0, 0x3f, 0xff, 0xff, 0xff, 0xff,
    0xff, 0xff, 0xff, 0xfd, 0x0, 0x0, 0x3f, 0xf0,
    0x0, 0x0, 0xdf, 0x50, 0x0, 0x7, 0xfd, 0x0,
    0x0, 0x3f, 0xf0, 0x0, 0x0, 0xdf, 0x50, 0x0,
    0x7, 0xfd, 0x0, 0x0, 0x3f, 0xf1, 0x11, 0x11,
    0xdf, 0x61, 0x11, 0x18, 0xfd, 0x0, 0x0, 0x3f,
    0xff, 0xff, 0xff, 0xff, 0xff, 0xff, 0xff, 0xfd,
    0x0, 0x0, 0x3e, 0xee, 0xee, 0xee, 0xff, 0xfe,
    0xee, 0xee, 0xed, 0x0, 0x0, 0x0, 0x0, 0x0,
    0x0, 0xff, 0x70, 0x0, 0x0, 0x0, 0x0, 0x0,
    0x0, 0x0, 0x0, 0x0, 0xff, 0x70, 0x0, 0x0,
    0x0, 0x0, 0x0, 0xff, 0xff, 0xff, 0xff, 0xff,
    0xff, 0xff, 0xff, 0xff, 0xa0, 0x0, 0xff, 0xff,
    0xff, 0xff, 0xff, 0xff, 0xff, 0xff, 0xff, 0xa0,
    0x0, 0x22, 0x22, 0x22, 0x22, 0xff, 0x82, 0x22,
    0x22, 0x22, 0x10, 0x0, 0x0, 0x0, 0x0, 0x0,
    0xff, 0x70, 0x0, 0x0, 0x0, 0x0, 0x0, 0x0,
    0x0, 0x0, 0x0, 0xff, 0x70, 0x0, 0x0, 0x0,
    0x0, 0x9f, 0xff, 0xff, 0xff, 0xff, 0xff, 0xff,
    0xff, 0xff, 0xff, 0xfe, 0x9f, 0xff, 0xff, 0xff,
    0xff, 0xff, 0xff, 0xff, 0xff, 0xff, 0xfe, 0x12,
    0x22, 0x22, 0x22, 0x22, 0x22, 0x22, 0x22, 0x22,
    0x22, 0x22,

    /* U+91CD "重" */
    0x0, 0x0, 0x0, 0x0, 0x0, 0x0, 0x0, 0x0,
    0x0, 0x0, 0x0, 0x0, 0x0, 0x0, 0x11, 0x23,
    0x45, 0x68, 0x9b, 0xdf, 0xc0, 0x0, 0x0, 0xae,
    0xff, 0xff, 0xff, 0xff, 0xff, 0xff, 0xfe, 0xc3,
    0x0, 0x0, 0x7d, 0xdc, 0xcb, 0xbb, 0xff, 0x75,
    0x42, 0x0, 0x0, 0x0, 0x0, 0x0, 0x0, 0x0,
    0x3, 0xff, 0x10, 0x0, 0x0, 0x0, 0x0, 0xaf,
    0xff, 0xff, 0xff, 0xff, 0xff, 0xff, 0xff, 0xff,
    0xff, 0xfb, 0x8c, 0xcc, 0xcc, 0xcc, 0xcd, 0xff,
    0xdc, 0xcc, 0xcc, 0xcc, 0xc9, 0x0, 0x0, 0x0,
    0x0, 0x3, 0xff, 0x10, 0x0, 0x0, 0x0, 0x0,
    0x0, 0x3f, 0xff, 0xff, 0xff, 0xff, 0xff, 0xff,
    0xff, 0xf7, 0x0, 0x0, 0x3f, 0xf9, 0x99, 0x9a,
    0xff, 0xa9, 0x99, 0x9e, 0xf7, 0x0, 0x0, 0x3f,
    0xf0, 0x0, 0x3, 0xff, 0x10, 0x0, 0xd, 0xf7,
    0x0, 0x0, 0x3f, 0xff, 0xff, 0xff, 0xff, 0xff,
    0xff, 0xff, 0xf7, 0x0, 0x0, 0x3f, 0xf7, 0x77,
    0x79, 0xff, 0x77, 0x77, 0x7e, 0xf7, 0x0, 0x0,
    0x3f, 0xf0, 0x0, 0x3, 0xff, 0x10, 0x0, 0xd,
    0xf7, 0x0, 0x0, 0x3f, 0xff, 0xff, 0xff, 0xff,
    0xff, 0xff, 0xff, 0xf7, 0x0, 0x0, 0x29, 0x99,
    0x99, 0x9a, 0xff, 0x99, 0x99, 0x99, 0x94, 0x0,
    0x0, 0x0, 0x0, 0x0, 0x3, 0xff, 0x10, 0x0,
    0x0, 0x0, 0x0, 0x0, 0xff, 0xff, 0xff, 0xff,
    0xff, 0xff, 0xff, 0xff, 0xff, 0x50, 0x0, 0xbb,
    0xbb, 0xbb, 0xbc, 0xff, 0xcb, 0xbb, 0xbb, 0xbb,
    0x40, 0x0, 0x0, 0x0, 0x0, 0x3, 0xff, 0x10,
    0x0, 0x0, 0x0, 0x0, 0x9c, 0xcc, 0xcc, 0xcc,
    0xcd, 0xff, 0xcc, 0xcc, 0xcc, 0xcc, 0xcb, 0xcf,
    0xff, 0xff, 0xff, 0xff, 0xff, 0xff, 0xff, 0xff,
    0xff, 0xfe, 0x0, 0x0, 0x0, 0x0, 0x0, 0x0,
    0x0, 0x0, 0x0, 0x0, 0x0,

    /* U+91D1 "金" */
    0x0, 0x0, 0x0, 0x0, 0x0, 0x1, 0x40, 0x0,
    0x0, 0x0, 0x0, 0x0, 0x0, 0x0, 0x0, 0x0,
    0x0, 0xb, 0xfc, 0x0, 0x0, 0x0, 0x0, 0x0,
    0x0, 0x0, 0x0, 0x0, 0x0, 0x9f, 0xfc, 0x0,
    0x0, 0x0, 0x0, 0x0, 0x0, 0x0, 0x0, 0x0,
    0x9, 0xff, 0xff, 0xc1, 0x0, 0x0, 0x0, 0x0,
    0x0, 0x0, 0x0, 0x1, 0xcf, 0xfa, 0x3e, 0xfe,
    0x40, 0x0, 0x0, 0x0, 0x0, 0x0, 0x0, 0x6e,
    0xff, 0x90, 0x1, 0xdf, 0xfa, 0x10, 0x0, 0x0,
    0x0, 0x0, 0x5d, 0xff, 0xf6, 0x0, 0x0, 0x9,
    0xff, 0xf9, 0x10, 0x0, 0x2, 0x8e, 0xff, 0xfe,
    0x42, 0x22, 0x22, 0x22, 0x6f, 0xff, 0xfa, 0x40,
    0xc, 0xff, 0xfe, 0xff, 0xff, 0xff, 0xff, 0xff,
    0xff, 0xce, 0xff, 0xf5, 0x1, 0xfb, 0x41, 0xff,
    0xff, 0xff, 0xff, 0xff, 0xff, 0x70, 0x6d, 0x80,
    0x0, 0x10, 0x0, 0x0, 0x0, 0xf, 0xf5, 0x0,
    0x0, 0x0, 0x0, 0x0, 0x0, 0x0, 0x0, 0x0,
    0x0, 0xf, 0xf5, 0x0, 0x0, 0x0, 0x0, 0x0,
    0x0, 0x1, 0x11, 0x11, 0x11, 0x2f, 0xf7, 0x11,
    0x11, 0x11, 0x10, 0x0, 0x0, 0xf, 0xff, 0xff,
    0xff, 0xff, 0xff, 0xff, 0xff, 0xff, 0xf7, 0x0,
    0x0, 0xf, 0xff, 0xff, 0xff, 0xff, 0xff, 0xff,
    0xff, 0xff, 0xf7, 0x0, 0x0, 0x0, 0x5, 0xa0,
    0x0, 0xf, 0xf5, 0x0, 0x8, 0x82, 0x0, 0x0,
    0x0, 0x0, 0xd, 0xf8, 0x0, 0xf, 0xf5, 0x0,
    0x2f, 0xf6, 0x0, 0x0, 0x0, 0x0, 0x3, 0xff,
    0x20, 0xf, 0xf5, 0x0, 0xaf, 0xb0, 0x0, 0x0,
    0x0, 0x0, 0x0, 0xbf, 0x90, 0xf, 0xf5, 0x4,
    0xfe, 0x10, 0x0, 0x0, 0x0, 0x0, 0x0, 0x4c,
    0x40, 0xf, 0xf5, 0x5, 0xd5, 0x0, 0x0, 0x0,
    0x2, 0xee, 0xee, 0xee, 0xee, 0xef, 0xff, 0xee,
    0xee, 0xee, 0xee, 0x90, 0x2, 0xff, 0xff, 0xff,
    0xff, 0xff, 0xff, 0xff, 0xff, 0xff, 0xff, 0xa0,
    0x0, 0x22, 0x22, 0x22, 0x22, 0x22, 0x22, 0x22,
    0x22, 0x22, 0x22, 0x10,

    /* U+9493 "钓" */
    0x0, 0x0, 0x0, 0x0, 0x0, 0x0, 0x0, 0x0,
    0x0, 0x0, 0x0, 0x0, 0x0, 0x1e, 0x90, 0x0,
    0x0, 0x0, 0x8e, 0x80, 0x0, 0x0, 0x0, 0x0,
    0x9, 0xfc, 0x0, 0x0, 0x0, 0xd, 0xf7, 0x0,
    0x0, 0x0, 0x0, 0x1, 0xff, 0xc8, 0x88, 0x87,
    0x2, 0xff, 0x20, 0x0, 0x0, 0x0, 0x0, 0xaf,
    0xff, 0xff, 0xff, 0xe0, 0x7f, 0xd1, 0x11, 0x11,
    0x11, 0x0, 0x6f, 0xfa, 0xaa, 0xaa, 0xa9, 0xd,
    0xff, 0xff, 0xff, 0xff, 0xf7, 0x2f, 0xfa, 0x0,
    0x0, 0x0, 0x4, 0xff, 0xff, 0xff, 0xff, 0xff,
    0x60, 0xde, 0x21, 0x11, 0x11, 0x10, 0xdf, 0x80,
    0x0, 0x0, 0xb, 0xf6, 0x5, 0x8f, 0xff, 0xff,
    0xff, 0xdf, 0xe1, 0x0, 0x0, 0x0, 0xbf, 0x60,
    0x4, 0xef, 0xff, 0xfe, 0xee, 0xf5, 0x0, 0x0,
    0x0, 0xb, 0xf5, 0x0, 0x0, 0xf, 0xf3, 0x0,
    0x5, 0x7, 0x20, 0x0, 0x0, 0xcf, 0x50, 0x0,
    0x0, 0xff, 0x30, 0x0, 0x6, 0xfe, 0x30, 0x0,
    0xc, 0xf4, 0x2, 0x33, 0x3f, 0xf6, 0x33, 0x30,
    0xa, 0xff, 0x40, 0x0, 0xdf, 0x40, 0xaf, 0xff,
    0xff, 0xff, 0xff, 0x10, 0xa, 0xff, 0x30, 0xe,
    0xf3, 0x9, 0xdd, 0xdf, 0xfd, 0xdd, 0xd1, 0x0,
    0xb, 0xfe, 0x10, 0xff, 0x20, 0x0, 0x0, 0xff,
    0x30, 0x0, 0x0, 0x0, 0xd, 0xf3, 0xf, 0xf2,
    0x0, 0x0, 0xf, 0xf3, 0x0, 0x0, 0x0, 0x0,
    0x32, 0x1, 0xff, 0x0, 0x0, 0x0, 0xff, 0x30,
    0x1, 0x0, 0x0, 0x0, 0x0, 0x2f, 0xf0, 0x0,
    0x0, 0xf, 0xf3, 0x3b, 0xc0, 0x0, 0x0, 0x0,
    0x4, 0xfe, 0x0, 0x0, 0x2, 0xff, 0xdf, 0xfd,
    0x0, 0x0, 0x0, 0x0, 0x7f, 0xc0, 0x0, 0x0,
    0x9f, 0xff, 0xe6, 0x0, 0x0, 0x2, 0x11, 0x2d,
    0xf9, 0x0, 0x0, 0x2f, 0xfe, 0x70, 0x0, 0x0,
    0x0, 0xcf, 0xff, 0xff, 0x30, 0x0, 0x0, 0x89,
    0x10, 0x0, 0x0, 0x0, 0x7, 0xff, 0xfd, 0x50,
    0x0, 0x0, 0x0, 0x0, 0x0, 0x0, 0x0, 0x0,
    0x0, 0x0, 0x0, 0x0,

    /* U+94A9 "钩" */
    0x0, 0x0, 0x40, 0x0, 0x0, 0x0, 0x5, 0x20,
    0x0, 0x0, 0x0, 0x0, 0x0, 0x4f, 0xf0, 0x0,
    0x0, 0x1, 0xff, 0x40, 0x0, 0x0, 0x0, 0x0,
    0xb, 0xfa, 0x0, 0x0, 0x0, 0x7f, 0xe0, 0x0,
    0x0, 0x0, 0x0, 0x3, 0xff, 0xfe, 0xee, 0xe0,
    0xc, 0xf9, 0x0, 0x0, 0x0, 0x0, 0x1, 0xdf,
    0xff, 0xff, 0xff, 0x2, 0xff, 0xdc, 0xcc, 0xcc,
    0xcc, 0x50, 0xbf, 0xf4, 0x33, 0x33, 0x30, 0x9f,
    0xff, 0xff, 0xff, 0xff, 0xf6, 0x2f, 0xf7, 0x0,
    0x0, 0x0, 0x2f, 0xf7, 0x44, 0x44, 0x44, 0xdf,
    0x60, 0xbd, 0x11, 0x11, 0x11, 0xb, 0xfc, 0x0,
    0x0, 0x0, 0xc, 0xf6, 0x4, 0x7f, 0xff, 0xff,
    0xfa, 0xff, 0x45, 0x83, 0x0, 0x0, 0xdf, 0x50,
    0x4, 0xef, 0xff, 0xee, 0x5c, 0xa0, 0xbf, 0xa0,
    0x0, 0xd, 0xf5, 0x0, 0x0, 0x6f, 0xb0, 0x0,
    0x1, 0xf, 0xf4, 0x0, 0x0, 0xef, 0x40, 0x0,
    0x6, 0xfb, 0x0, 0x0, 0x4, 0xfe, 0x3, 0x30,
    0xe, 0xf4, 0x2, 0x33, 0x8f, 0xc3, 0x32, 0x0,
    0xaf, 0x83, 0xfb, 0x0, 0xff, 0x30, 0xaf, 0xff,
    0xff, 0xff, 0xe0, 0x1f, 0xf1, 0xd, 0xf1, 0xf,
    0xf2, 0x8, 0xdd, 0xef, 0xfd, 0xdb, 0x8, 0xf9,
    0x0, 0x9f, 0x70, 0xff, 0x10, 0x0, 0x6, 0xfb,
    0x0, 0x2, 0xff, 0xbc, 0xff, 0xfc, 0x1f, 0xf1,
    0x0, 0x0, 0x6f, 0xb0, 0x0, 0x8f, 0xff, 0xfe,
    0xbe, 0xf3, 0xff, 0x0, 0x0, 0x6, 0xfb, 0x0,
    0x3, 0xe9, 0x52, 0x0, 0xad, 0x6f, 0xe0, 0x0,
    0x0, 0x6f, 0xb0, 0x7d, 0x0, 0x0, 0x0, 0x0,
    0x6, 0xfd, 0x0, 0x0, 0x7, 0xfe, 0xef, 0xf2,
    0x0, 0x0, 0x0, 0x0, 0x9f, 0xb0, 0x0, 0x0,
    0xcf, 0xff, 0xb3, 0x0, 0x0, 0x2, 0x33, 0x4e,
    0xf8, 0x0, 0x0, 0x2f, 0xfb, 0x30, 0x0, 0x0,
    0x0, 0x5f, 0xff, 0xff, 0x20, 0x0, 0x0, 0x84,
    0x0, 0x0, 0x0, 0x0, 0x1, 0xff, 0xfd, 0x50,
    0x0, 0x0, 0x0, 0x0, 0x0, 0x0, 0x0, 0x0,
    0x0, 0x0, 0x0, 0x0,

    /* U+94B1 "钱" */
    0x0, 0x0, 0x40, 0x0, 0x0, 0x0, 0x0, 0x88,
    0x10, 0x0, 0x0, 0x0, 0x0, 0x3, 0xff, 0x10,
    0x0, 0x0, 0x0, 0xff, 0x38, 0xe6, 0x0, 0x0,
    0x0, 0xa, 0xfb, 0x0, 0x0, 0x0, 0x0, 0xff,
    0x37, 0xff, 0xb1, 0x0, 0x0, 0x2f, 0xff, 0xff,
    0xfb, 0x0, 0x0, 0xef, 0x30, 0x2d, 0xd1, 0x0,
    0x0, 0xcf, 0xff, 0xff, 0xfb, 0x0, 0x0, 0xef,
    0x30, 0x2, 0x55, 0x0, 0x8, 0xff, 0x43, 0x33,
    0x32, 0x0, 0x2, 0xef, 0xcd, 0xff, 0xfe, 0x0,
    0x2f, 0xf8, 0x0, 0x0, 0x0, 0x3c, 0xff, 0xff,
    0xff, 0xff, 0xfd, 0x10, 0xb, 0xe2, 0x11, 0x11,
    0x10, 0x2f, 0xff, 0xff, 0xd9, 0x63, 0x0, 0x0,
    0x4, 0x9f, 0xff, 0xff, 0xf6, 0x9, 0x64, 0xbf,
    0x70, 0x0, 0x0, 0x0, 0x0, 0x5e, 0xff, 0xfe,
    0xe6, 0x0, 0x0, 0x9f, 0x80, 0x0, 0x14, 0x30,
    0x0, 0x0, 0x3f, 0xd0, 0x0, 0x0, 0x0, 0x8f,
    0xc8, 0xbe, 0xff, 0x90, 0x0, 0x0, 0x3f, 0xd0,
    0x0, 0x37, 0xac, 0xff, 0xff, 0xff, 0xeb, 0x60,
    0x1, 0x33, 0x5f, 0xe3, 0x33, 0xbf, 0xff, 0xff,
    0xf8, 0x41, 0x0, 0x0, 0x8, 0xff, 0xff, 0xff,
    0xfe, 0x69, 0x74, 0x2f, 0xf1, 0x0, 0x7e, 0x70,
    0x7, 0xdd, 0xdf, 0xfd, 0xdc, 0x0, 0x0, 0xe,
    0xf4, 0x3, 0xff, 0x40, 0x0, 0x0, 0x3f, 0xd0,
    0x0, 0x0, 0x0, 0xb, 0xf7, 0x3e, 0xf8, 0x0,
    0x0, 0x0, 0x3f, 0xd0, 0x0, 0x0, 0x0, 0x7,
    0xfd, 0xef, 0xb0, 0x0, 0x0, 0x0, 0x3f, 0xd0,
    0x5, 0x0, 0x0, 0x3, 0xff, 0xfa, 0x0, 0x0,
    0x0, 0x0, 0x3f, 0xd5, 0xdf, 0x10, 0x0, 0x3c,
    0xff, 0xb0, 0x4, 0x10, 0x0, 0x0, 0x5f, 0xff,
    0xfc, 0x10, 0x2a, 0xff, 0xff, 0xe1, 0x9, 0xe0,
    0x0, 0x0, 0xbf, 0xfe, 0x60, 0x5c, 0xff, 0xfa,
    0x2e, 0xfb, 0x3d, 0xf0, 0x0, 0x4, 0xff, 0x91,
    0x0, 0x9f, 0xfb, 0x30, 0x4, 0xff, 0xff, 0xa0,
    0x0, 0x0, 0x83, 0x0, 0x0, 0x8, 0x20, 0x0,
    0x0, 0x4d, 0xfc, 0x20,

    /* U+94DC "铜" */
    0x0, 0x0, 0x0, 0x0, 0x0, 0x0, 0x0, 0x0,
    0x0, 0x0, 0x0, 0x0, 0x0, 0x5e, 0x80, 0x0,
    0x1, 0x11, 0x11, 0x11, 0x11, 0x11, 0x10, 0x0,
    0xc, 0xf9, 0x0, 0x0, 0xdf, 0xff, 0xff, 0xff,
    0xff, 0xff, 0x10, 0x4, 0xff, 0xca, 0xaa, 0x6d,
    0xff, 0xff, 0xff, 0xff, 0xff, 0xf1, 0x0, 0xdf,
    0xff, 0xff, 0xf9, 0xdf, 0x10, 0x0, 0x0, 0x0,
    0xdf, 0x10, 0xbf, 0xe5, 0x55, 0x55, 0x3d, 0xf1,
    0x0, 0x0, 0x0, 0xd, 0xf1, 0x4f, 0xf5, 0x0,
    0x0, 0x0, 0xdf, 0x1a, 0xff, 0xff, 0xf1, 0xdf,
    0x10, 0xdd, 0x44, 0x44, 0x44, 0x1d, 0xf1, 0x8d,
    0xdd, 0xdd, 0x1d, 0xf1, 0x4, 0xaf, 0xff, 0xff,
    0xf6, 0xdf, 0x10, 0x0, 0x0, 0x0, 0xdf, 0x10,
    0x7, 0xbf, 0xfd, 0xbb, 0x4d, 0xf1, 0x0, 0x0,
    0x0, 0xd, 0xf1, 0x0, 0x0, 0xcf, 0x50, 0x0,
    0xdf, 0x15, 0xff, 0xff, 0xc0, 0xdf, 0x10, 0x0,
    0xc, 0xf5, 0x0, 0xd, 0xf1, 0x5f, 0xcb, 0xec,
    0xd, 0xf1, 0x6, 0x77, 0xef, 0xa7, 0x73, 0xdf,
    0x15, 0xf0, 0xb, 0xc0, 0xdf, 0x10, 0xef, 0xff,
    0xff, 0xff, 0x6d, 0xf1, 0x5f, 0x0, 0xbc, 0xd,
    0xf1, 0x6, 0x77, 0xef, 0xa7, 0x73, 0xdf, 0x15,
    0xf0, 0xb, 0xc0, 0xdf, 0x10, 0x0, 0xc, 0xf5,
    0x0, 0xd, 0xf1, 0x5f, 0xba, 0xec, 0xd, 0xf1,
    0x0, 0x0, 0xcf, 0x50, 0x0, 0xdf, 0x15, 0xff,
    0xff, 0xc0, 0xdf, 0x10, 0x0, 0xc, 0xf5, 0x6,
    0x1d, 0xf1, 0x5f, 0x21, 0x10, 0xd, 0xf1, 0x0,
    0x0, 0xcf, 0x8c, 0xf4, 0xdf, 0x13, 0xa0, 0x0,
    0x0, 0xdf, 0x10, 0x0, 0xe, 0xff, 0xfe, 0x4d,
    0xf1, 0x0, 0x0, 0x0, 0xd, 0xf1, 0x0, 0x5,
    0xff, 0xf9, 0x10, 0xdf, 0x10, 0x0, 0x1, 0x11,
    0xef, 0x0, 0x0, 0xcf, 0xd3, 0x0, 0xd, 0xf1,
    0x0, 0x0, 0xaf, 0xff, 0xe0, 0x0, 0x3, 0x80,
    0x0, 0x0, 0xdf, 0x10, 0x0, 0x5, 0xfe, 0xb4,
    0x0,

    /* U+9501 "锁" */
    0x0, 0x0, 0x20, 0x0, 0x0, 0x0, 0x0, 0x4,
    0x51, 0x0, 0x0, 0x0, 0x0, 0x3, 0xfc, 0x0,
    0x0, 0x4, 0x20, 0xc, 0xf4, 0x0, 0x44, 0x0,
    0x0, 0xa, 0xf8, 0x0, 0x0, 0x5f, 0xc0, 0xc,
    0xf4, 0x0, 0xef, 0x50, 0x0, 0x2f, 0xfe, 0xee,
    0xee, 0xd, 0xf6, 0xc, 0xf4, 0x6, 0xfc, 0x0,
    0x0, 0xcf, 0xff, 0xff, 0xff, 0x4, 0xfd, 0xc,
    0xf4, 0x1e, 0xf3, 0x0, 0x9, 0xfe, 0x21, 0x11,
    0x11, 0x0, 0xde, 0x1c, 0xf4, 0x7f, 0x90, 0x0,
    0x3f, 0xf6, 0x0, 0x0, 0x0, 0x0, 0x30, 0xc,
    0xf4, 0x3, 0x10, 0x0, 0xd, 0xc1, 0x11, 0x11,
    0x10, 0xe, 0xee, 0xef, 0xff, 0xee, 0xed, 0x0,
    0x4, 0x7f, 0xff, 0xff, 0xf8, 0xf, 0xff, 0xff,
    0xff, 0xff, 0xfe, 0x0, 0x0, 0x5e, 0xff, 0xfe,
    0xe7, 0xf, 0xf4, 0x44, 0x44, 0x47, 0xfe, 0x0,
    0x0, 0x0, 0x6f, 0xa0, 0x0, 0xf, 0xf0, 0x7,
    0x82, 0x3, 0xfe, 0x0, 0x0, 0x0, 0x6f, 0xa0,
    0x0, 0xf, 0xf0, 0xe, 0xf4, 0x3, 0xfe, 0x0,
    0x1, 0x33, 0x8f, 0xb3, 0x32, 0xf, 0xf0, 0xe,
    0xf4, 0x3, 0xfe, 0x0, 0x7, 0xff, 0xff, 0xff,
    0xfc, 0xf, 0xf0, 0xe, 0xf4, 0x3, 0xfe, 0x0,
    0x6, 0xdd, 0xef, 0xfd, 0xda, 0xf, 0xf0, 0xe,
    0xf4, 0x3, 0xfe, 0x0, 0x0, 0x0, 0x6f, 0xa0,
    0x0, 0xf, 0xf0, 0xf, 0xf2, 0x3, 0xfe, 0x0,
    0x0, 0x0, 0x6f, 0xa0, 0x0, 0xf, 0xf0, 0x3f,
    0xf0, 0x3, 0xfe, 0x0, 0x0, 0x0, 0x6f, 0xa0,
    0x1, 0xf, 0xf0, 0xaf, 0xc0, 0x3, 0xfe, 0x0,
    0x0, 0x0, 0x6f, 0xa4, 0xca, 0x5, 0x54, 0xff,
    0x57, 0x21, 0x44, 0x0, 0x0, 0x0, 0x9f, 0xff,
    0xfb, 0x0, 0x6f, 0xfa, 0x9f, 0xfb, 0x30, 0x0,
    0x0, 0x2, 0xff, 0xfe, 0x50, 0x4c, 0xff, 0xb0,
    0x7, 0xef, 0xfa, 0x20, 0x0, 0xb, 0xff, 0x70,
    0xd, 0xff, 0xf7, 0x0, 0x0, 0x8, 0xff, 0xf1,
    0x0, 0x1, 0xa2, 0x0, 0x3, 0xe8, 0x10, 0x0,
    0x0, 0x0, 0x2c, 0x60, 0x0, 0x0, 0x0, 0x0,
    0x0, 0x0, 0x0, 0x0, 0x0, 0x0, 0x0, 0x0,

    /* U+9508 "锈" */
    0x0, 0x0, 0xca, 0x10, 0x0, 0x0, 0x0, 0x0,
    0x24, 0x69, 0xd5, 0x0, 0x0, 0x5, 0xfe, 0x0,
    0x0, 0x9, 0xce, 0xff, 0xff, 0xff, 0xfe, 0x20,
    0x0, 0xc, 0xfb, 0x44, 0x43, 0x8, 0xfe, 0xdc,
    0xff, 0x74, 0x20, 0x0, 0x0, 0x6f, 0xff, 0xff,
    0xfc, 0x0, 0x0, 0x1, 0xfe, 0x0, 0x0, 0x0,
    0x3, 0xff, 0xed, 0xdd, 0xda, 0x27, 0x77, 0x77,
    0xff, 0x77, 0x77, 0x73, 0xd, 0xfc, 0x0, 0x0,
    0x0, 0x6f, 0xff, 0xff, 0xff, 0xff, 0xff, 0xf7,
    0x9, 0xf3, 0x11, 0x11, 0x10, 0x37, 0x78, 0xff,
    0xff, 0xfe, 0x87, 0x73, 0x2, 0x8f, 0xff, 0xff,
    0xf6, 0x0, 0xc, 0xfc, 0xfe, 0xcf, 0x90, 0x0,
    0x0, 0x3e, 0xff, 0xfe, 0xe6, 0x2, 0xcf, 0xc1,
    0xfe, 0x1e, 0xfa, 0x0, 0x0, 0x0, 0x2f, 0xe0,
    0x0, 0x8f, 0xfc, 0x11, 0xfe, 0x2, 0xef, 0xe4,
    0x0, 0x0, 0x2f, 0xe0, 0x0, 0x9f, 0x80, 0x1,
    0xfe, 0x0, 0x1b, 0xe2, 0x2, 0x66, 0x8f, 0xe6,
    0x66, 0x8, 0x66, 0x66, 0x77, 0x66, 0x10, 0x10,
    0x5, 0xff, 0xff, 0xff, 0xfe, 0xc, 0xff, 0xff,
    0xff, 0xff, 0x10, 0x0, 0x2, 0x77, 0x8f, 0xf7,
    0x76, 0x4, 0x5c, 0xfa, 0x57, 0xfe, 0x0, 0x0,
    0x0, 0x0, 0x2f, 0xe0, 0x0, 0x0, 0xc, 0xf6,
    0x5, 0xfe, 0xaa, 0xa0, 0x0, 0x0, 0x2f, 0xe0,
    0x0, 0x0, 0xe, 0xf3, 0x8, 0xff, 0xff, 0xf0,
    0x0, 0x0, 0x2f, 0xe0, 0x2, 0x0, 0x2f, 0xf1,
    0x2, 0x22, 0x3f, 0xe0, 0x0, 0x0, 0x2f, 0xe5,
    0xdb, 0x0, 0x8f, 0xb0, 0x0, 0x0, 0x1f, 0xc0,
    0x0, 0x0, 0x6f, 0xff, 0xfc, 0x2, 0xff, 0x50,
    0x0, 0x0, 0x3f, 0xa0, 0x0, 0x1, 0xdf, 0xfe,
    0x70, 0x3d, 0xfb, 0x0, 0x0, 0x0, 0x7f, 0x80,
    0x0, 0x1, 0xef, 0x91, 0x3, 0xff, 0xd1, 0x0,
    0x9, 0xcc, 0xff, 0x40, 0x0, 0x0, 0x63, 0x0,
    0x0, 0xa9, 0x0, 0x0, 0x7, 0xff, 0xf8, 0x0,
    0x0, 0x0, 0x0, 0x0, 0x0, 0x0, 0x0, 0x0,
    0x0, 0x0, 0x0, 0x0,

    /* U+9519 "错" */
    0x0, 0x0, 0x0, 0x0, 0x0, 0x0, 0x0, 0x0,
    0x0, 0x0, 0x0, 0x0, 0x0, 0x0, 0xd9, 0x0,
    0x0, 0x0, 0xd, 0xf2, 0x1, 0xff, 0x0, 0x0,
    0x0, 0x7, 0xfd, 0x0, 0x0, 0x0, 0xd, 0xf2,
    0x1, 0xff, 0x0, 0x0, 0x0, 0xe, 0xf9, 0x44,
    0x43, 0x0, 0xd, 0xf2, 0x2, 0xff, 0x0, 0x0,
    0x0, 0x7f, 0xff, 0xff, 0xfb, 0x3f, 0xff, 0xff,
    0xff, 0xff, 0xff, 0x90, 0x4, 0xff, 0xdd, 0xdd,
    0xda, 0x3e, 0xef, 0xfe, 0xee, 0xff, 0xee, 0x90,
    0xe, 0xfa, 0x0, 0x0, 0x0, 0x0, 0xd, 0xf2,
    0x1, 0xff, 0x0, 0x0, 0xb, 0xe2, 0x11, 0x11,
    0x10, 0x0, 0xd, 0xf2, 0x1, 0xff, 0x0, 0x0,
    0x3, 0x8f, 0xff, 0xff, 0xf6, 0x34, 0x4d, 0xf5,
    0x45, 0xff, 0x44, 0x40, 0x0, 0x5e, 0xff, 0xfe,
    0xe6, 0xdf, 0xff, 0xff, 0xff, 0xff, 0xff, 0xf3,
    0x0, 0x0, 0x4f, 0xc0, 0x0, 0xac, 0xcc, 0xcc,
    0xcc, 0xcc, 0xcc, 0xc2, 0x0, 0x0, 0x4f, 0xc0,
    0x0, 0x0, 0x0, 0x0, 0x0, 0x0, 0x0, 0x0,
    0x1, 0x33, 0x7f, 0xd3, 0x32, 0x1, 0x88, 0x88,
    0x88, 0x88, 0x86, 0x0, 0x7, 0xff, 0xff, 0xff,
    0xfe, 0x3, 0xff, 0xff, 0xff, 0xff, 0xfa, 0x0,
    0x6, 0xdd, 0xef, 0xfd, 0xdc, 0x3, 0xfe, 0x55,
    0x55, 0x5a, 0xfa, 0x0, 0x0, 0x0, 0x4f, 0xc0,
    0x0, 0x3, 0xfd, 0x0, 0x0, 0x7, 0xfa, 0x0,
    0x0, 0x0, 0x4f, 0xc0, 0x0, 0x3, 0xff, 0xcc,
    0xcc, 0xce, 0xfa, 0x0, 0x0, 0x0, 0x4f, 0xc0,
    0x0, 0x3, 0xff, 0xff, 0xff, 0xff, 0xfa, 0x0,
    0x0, 0x0, 0x4f, 0xc4, 0xc8, 0x3, 0xfd, 0x0,
    0x0, 0x7, 0xfa, 0x0, 0x0, 0x0, 0x7f, 0xff,
    0xfa, 0x3, 0xfd, 0x0, 0x0, 0x7, 0xfa, 0x0,
    0x0, 0x2, 0xef, 0xfe, 0x70, 0x3, 0xff, 0xcc,
    0xcc, 0xce, 0xfa, 0x0, 0x0, 0x2, 0xff, 0x81,
    0x0, 0x3, 0xff, 0xff, 0xff, 0xff, 0xfa, 0x0,
    0x0, 0x0, 0x62, 0x0, 0x0, 0x3, 0xfd, 0x0,
    0x0, 0x6, 0xe9, 0x0,

    /* U+9526 "锦" */
    0x0, 0x1, 0x0, 0x0, 0x0, 0x0, 0x0, 0x13,
    0x20, 0x0, 0x0, 0x0, 0x0, 0xde, 0x30, 0x0,
    0x0, 0x0, 0x8, 0xff, 0x10, 0x0, 0x0, 0x0,
    0x4f, 0xf0, 0x0, 0x0, 0x0, 0x0, 0xbf, 0xa0,
    0x0, 0x0, 0x0, 0xa, 0xff, 0xaa, 0xaa, 0x76,
    0xff, 0xff, 0xff, 0xff, 0xff, 0xe0, 0x3, 0xff,
    0xff, 0xff, 0xfa, 0x6f, 0xeb, 0xbb, 0xbb, 0xbc,
    0xfe, 0x0, 0xdf, 0xc7, 0x77, 0x77, 0x56, 0xfb,
    0x0, 0x0, 0x0, 0x4f, 0xe0, 0x6f, 0xf2, 0x0,
    0x0, 0x0, 0x6f, 0xe9, 0x99, 0x99, 0x9b, 0xfe,
    0x0, 0xea, 0x55, 0x55, 0x55, 0x6, 0xff, 0xff,
    0xff, 0xff, 0xff, 0xe0, 0x4, 0xcf, 0xff, 0xff,
    0xf0, 0x6f, 0xb0, 0x0, 0x0, 0x4, 0xfe, 0x0,
    0xb, 0xef, 0xff, 0xee, 0x6, 0xfb, 0x0, 0x0,
    0x0, 0x5f, 0xe0, 0x0, 0x0, 0x9f, 0x70, 0x0,
    0x6f, 0xff, 0xff, 0xff, 0xff, 0xfe, 0x0, 0x0,
    0x9, 0xf7, 0x0, 0x4, 0xaa, 0xaa, 0xff, 0xca,
    0xaa, 0x90, 0x6, 0x77, 0xcf, 0xb7, 0x73, 0x0,
    0x0, 0xe, 0xf4, 0x0, 0x0, 0x0, 0xef, 0xff,
    0xff, 0xff, 0x7c, 0xdd, 0xdd, 0xff, 0xed, 0xdd,
    0xd6, 0x5, 0x66, 0xcf, 0xa6, 0x62, 0xef, 0xff,
    0xff, 0xff, 0xff, 0xff, 0x70, 0x0, 0x9, 0xf7,
    0x0, 0xe, 0xf5, 0x11, 0xef, 0x61, 0x1b, 0xf7,
    0x0, 0x0, 0x9f, 0x70, 0x0, 0xef, 0x30, 0xe,
    0xf4, 0x0, 0xbf, 0x70, 0x0, 0x9, 0xf7, 0x4,
    0xe, 0xf3, 0x0, 0xef, 0x40, 0xb, 0xf7, 0x0,
    0x0, 0x9f, 0x8a, 0xf3, 0xef, 0x30, 0xe, 0xf4,
    0x0, 0xbf, 0x70, 0x0, 0xc, 0xff, 0xff, 0x5e,
    0xf3, 0x0, 0xef, 0x43, 0x3c, 0xf7, 0x0, 0x2,
    0xff, 0xfb, 0x20, 0xef, 0x30, 0xe, 0xf4, 0xbf,
    0xff, 0x40, 0x0, 0xbf, 0xd5, 0x0, 0xb, 0xc2,
    0x0, 0xef, 0x44, 0xba, 0x50, 0x0, 0x2, 0x90,
    0x0, 0x0, 0x0, 0x0, 0xe, 0xf4, 0x0, 0x0,
    0x0,

    /* U+952E "键" */
    0x0, 0x2, 0x10, 0x0, 0x0, 0x0, 0x0, 0x0,
    0x12, 0x0, 0x0, 0x0, 0x0, 0xc, 0xf4, 0x0,
    0x0, 0x0, 0x10, 0x0, 0x8f, 0x30, 0x0, 0x0,
    0x0, 0x3f, 0xf0, 0x0, 0x9f, 0xff, 0xf4, 0x66,
    0xbf, 0x86, 0x64, 0x0, 0x0, 0x9f, 0xfb, 0xba,
    0x9f, 0xff, 0xf3, 0xff, 0xff, 0xff, 0xfa, 0x0,
    0x2, 0xff, 0xff, 0xfe, 0x11, 0x4f, 0xb0, 0x22,
    0x9f, 0x52, 0xfa, 0x0, 0xb, 0xfb, 0x44, 0x44,
    0x0, 0x8f, 0x63, 0x33, 0xaf, 0x63, 0xfb, 0x30,
    0x5f, 0xf2, 0x0, 0x0, 0x0, 0xee, 0xd, 0xff,
    0xff, 0xff, 0xff, 0xf1, 0x1e, 0xb5, 0x55, 0x54,
    0x5, 0xf8, 0x6, 0x77, 0xcf, 0x97, 0xfd, 0x70,
    0x3, 0xff, 0xff, 0xfd, 0xd, 0xf1, 0x0, 0x0,
    0x8f, 0x30, 0xfa, 0x0, 0x0, 0x9c, 0xfd, 0x99,
    0xbf, 0xff, 0xe4, 0xdd, 0xff, 0xed, 0xfa, 0x0,
    0x0, 0x5, 0xf8, 0x0, 0xce, 0xef, 0xf3, 0xbb,
    0xef, 0xcb, 0xb7, 0x0, 0x0, 0x5, 0xf8, 0x0,
    0x10, 0xa, 0xf0, 0x0, 0x8f, 0x30, 0x0, 0x0,
    0x7, 0x8a, 0xfc, 0x88, 0x0, 0xc, 0xf2, 0xbb,
    0xef, 0xcb, 0xbb, 0x0, 0xe, 0xff, 0xff, 0xff,
    0x6e, 0x1e, 0xd3, 0xff, 0xff, 0xff, 0xff, 0x0,
    0x7, 0x8a, 0xfc, 0x88, 0x5f, 0x7f, 0x90, 0x0,
    0x8f, 0x30, 0x0, 0x0, 0x0, 0x5, 0xf8, 0x0,
    0xf, 0xef, 0x64, 0x55, 0xbf, 0x75, 0x55, 0x20,
    0x0, 0x5, 0xf8, 0x0, 0xa, 0xff, 0x2d, 0xff,
    0xff, 0xff, 0xff, 0x70, 0x0, 0x5, 0xf8, 0x5,
    0x3, 0xff, 0x5, 0x66, 0xbf, 0x86, 0x66, 0x30,
    0x0, 0x5, 0xfa, 0xcf, 0x27, 0xff, 0x90, 0x0,
    0x8f, 0x30, 0x0, 0x0, 0x0, 0x7, 0xff, 0xfc,
    0x3f, 0xfd, 0xf9, 0x0, 0x8f, 0x30, 0x0, 0x0,
    0x0, 0xd, 0xff, 0x90, 0xaf, 0x81, 0xdf, 0xe7,
    0x30, 0x0, 0x0, 0x0, 0x0, 0x5f, 0xf6, 0xb,
    0xfd, 0x0, 0x1a, 0xff, 0xff, 0xee, 0xdd, 0xd0,
    0x0, 0xb, 0x40, 0xc, 0xe2, 0x0, 0x0, 0x38,
    0xce, 0xff, 0xff, 0xa0, 0x0, 0x0, 0x0, 0x2,
    0x10, 0x0, 0x0, 0x0, 0x0, 0x0, 0x0, 0x0,

    /* U+957F "长" */
    0x0, 0x0, 0x2, 0x20, 0x0, 0x0, 0x0, 0x0,
    0x0, 0x0, 0x0, 0x0, 0x0, 0x2, 0xff, 0x20,
    0x0, 0x0, 0x0, 0x1, 0x94, 0x0, 0x0, 0x0,
    0x0, 0x2f, 0xf2, 0x0, 0x0, 0x0, 0x1, 0xdf,
    0xf5, 0x0, 0x0, 0x0, 0x2, 0xff, 0x20, 0x0,
    0x0, 0x3, 0xef, 0xf6, 0x0, 0x0, 0x0, 0x0,
    0x2f, 0xf2, 0x0, 0x0, 0x8, 0xff, 0xf5, 0x0,
    0x0, 0x0, 0x0, 0x2, 0xff, 0x20, 0x0, 0x5e,
    0xff, 0xd2, 0x0, 0x0, 0x0, 0x0, 0x0, 0x2f,
    0xf2, 0x6, 0xdf, 0xff, 0x80, 0x0, 0x0, 0x0,
    0x0, 0x0, 0x2, 0xff, 0x21, 0xdf, 0xfc, 0x20,
    0x0, 0x0, 0x0, 0x0, 0x0, 0x0, 0x2f, 0xf2,
    0x1, 0xa4, 0x0, 0x0, 0x0, 0x0, 0x0, 0x0,
    0x0, 0x3, 0xff, 0x20, 0x0, 0x0, 0x0, 0x0,
    0x0, 0x0, 0x0, 0x8f, 0xff, 0xff, 0xff, 0xff,
    0xff, 0xff, 0xff, 0xff, 0xff, 0xfe, 0x8, 0xff,
    0xff, 0xff, 0xff, 0xff, 0xff, 0xff, 0xff, 0xff,
    0xff, 0xe0, 0x13, 0x33, 0x6f, 0xf5, 0x33, 0x6f,
    0xf4, 0x33, 0x33, 0x33, 0x33, 0x0, 0x0, 0x2,
    0xff, 0x20, 0x0, 0xdf, 0x90, 0x0, 0x0, 0x0,
    0x0, 0x0, 0x0, 0x2f, 0xf2, 0x0, 0x5, 0xff,
    0x30, 0x0, 0x0, 0x0, 0x0, 0x0, 0x2, 0xff,
    0x20, 0x0, 0xc, 0xfe, 0x10, 0x0, 0x0, 0x0,
    0x0, 0x0, 0x2f, 0xf2, 0x0, 0x0, 0x2e, 0xfd,
    0x10, 0x0, 0x0, 0x0, 0x0, 0x2, 0xff, 0x20,
    0x0, 0x0, 0x4f, 0xfd, 0x30, 0x0, 0x0, 0x0,
    0x0, 0x2f, 0xf2, 0x0, 0x48, 0x60, 0x6f, 0xff,
    0x90, 0x0, 0x0, 0x0, 0x4, 0xff, 0xac, 0xff,
    0xfa, 0x0, 0x4e, 0xff, 0xf9, 0x30, 0x0, 0x0,
    0xbf, 0xff, 0xff, 0xfb, 0x60, 0x0, 0x1b, 0xff,
    0xff, 0x20, 0x0, 0xd, 0xff, 0xd8, 0x40, 0x0,
    0x0, 0x0, 0x3, 0xaf, 0x50, 0x0, 0x0, 0x67,
    0x10, 0x0, 0x0, 0x0, 0x0, 0x0, 0x0, 0x10,
    0x0,

    /* U+9664 "除" */
    0x0, 0x0, 0x0, 0x0, 0x0, 0x0, 0x0, 0x1,
    0x0, 0x0, 0x0, 0x0, 0x11, 0x11, 0x11, 0x0,
    0x0, 0x0, 0x8, 0xf8, 0x0, 0x0, 0x0, 0x1f,
    0xff, 0xff, 0xfa, 0x0, 0x0, 0x4, 0xff, 0x90,
    0x0, 0x0, 0x1, 0xff, 0xff, 0xff, 0xc0, 0x0,
    0x3, 0xff, 0xff, 0x70, 0x0, 0x0, 0x1f, 0xe0,
    0xb, 0xf6, 0x0, 0x3, 0xef, 0xb5, 0xff, 0x80,
    0x0, 0x1, 0xfe, 0x1, 0xff, 0x0, 0x6, 0xff,
    0xb0, 0x4, 0xff, 0xb2, 0x0, 0x1f, 0xe0, 0x7f,
    0xa0, 0x1a, 0xff, 0xa0, 0x0, 0x4, 0xef, 0xf7,
    0x1, 0xfe, 0xd, 0xf3, 0x4f, 0xff, 0x70, 0x0,
    0x0, 0x2, 0xdf, 0xf7, 0x1f, 0xe3, 0xfd, 0x0,
    0xbd, 0xcf, 0xff, 0xff, 0xff, 0xfe, 0x8a, 0x1,
    0xfe, 0x1d, 0xf4, 0x0, 0xa, 0xff, 0xff, 0xff,
    0xff, 0xe0, 0x0, 0x1f, 0xe0, 0x3f, 0xe0, 0x0,
    0x0, 0x0, 0xbf, 0x80, 0x0, 0x0, 0x1, 0xfe,
    0x0, 0xaf, 0x50, 0x0, 0x0, 0xb, 0xf8, 0x0,
    0x0, 0x0, 0x1f, 0xe0, 0x5, 0xf9, 0x78, 0x88,
    0x88, 0xdf, 0xc8, 0x88, 0x88, 0x11, 0xfe, 0x0,
    0x4f, 0xbd, 0xff, 0xff, 0xff, 0xff, 0xff, 0xff,
    0xf3, 0x1f, 0xe0, 0x7, 0xfa, 0x67, 0x77, 0x77,
    0xdf, 0xb7, 0x77, 0x77, 0x11, 0xfe, 0x9d, 0xff,
    0x70, 0x5, 0x30, 0xb, 0xf8, 0x4, 0x50, 0x0,
    0x1f, 0xe8, 0xff, 0xa0, 0x2, 0xff, 0x20, 0xbf,
    0x82, 0xff, 0x30, 0x1, 0xfe, 0x2, 0x0, 0x0,
    0xbf, 0xa0, 0xb, 0xf8, 0x8, 0xfd, 0x0, 0x1f,
    0xe0, 0x0, 0x0, 0x6f, 0xf1, 0x0, 0xbf, 0x80,
    0xc, 0xf8, 0x1, 0xfe, 0x0, 0x0, 0x3f, 0xf7,
    0x0, 0xb, 0xf8, 0x0, 0x3f, 0xf2, 0x1f, 0xe0,
    0x0, 0x8, 0xfb, 0x0, 0x0, 0xbf, 0x70, 0x0,
    0xaf, 0x51, 0xfe, 0x0, 0x0, 0x5, 0x10, 0xaf,
    0xff, 0xf5, 0x0, 0x1, 0x10, 0x1f, 0xe0, 0x0,
    0x0, 0x0, 0x4, 0xff, 0xe9, 0x0, 0x0, 0x0,
    0x0, 0x0, 0x0, 0x0, 0x0, 0x0, 0x0, 0x0,
    0x0, 0x0, 0x0, 0x0,

    /* U+96C6 "集" */
    0x0, 0x0, 0x0, 0x30, 0x0, 0x0, 0x21, 0x0,
    0x0, 0x0, 0x0, 0x0, 0x0, 0x0, 0x4, 0xff,
    0x30, 0xa, 0xf9, 0x0, 0x0, 0x0, 0x0, 0x0,
    0x0, 0x0, 0xd, 0xfa, 0x0, 0x4, 0xff, 0x10,
    0x0, 0x0, 0x0, 0x0, 0x0, 0x0, 0x9f, 0xfd,
    0xcc, 0xcd, 0xff, 0xec, 0xcc, 0xcc, 0xc5, 0x0,
    0x0, 0x6, 0xff, 0xff, 0xff, 0xff, 0xff, 0xff,
    0xff, 0xff, 0xf6, 0x0, 0x0, 0x5f, 0xff, 0x10,
    0x0, 0x6, 0xfc, 0x0, 0x0, 0x0, 0x0, 0x0,
    0x6, 0xff, 0xff, 0xa9, 0x99, 0x9c, 0xfe, 0x99,
    0x99, 0x99, 0x40, 0x0, 0x3f, 0xfb, 0xff, 0xff,
    0xff, 0xff, 0xff, 0xff, 0xff, 0xff, 0x60, 0x0,
    0x4, 0x62, 0xff, 0x10, 0x0, 0x6, 0xfc, 0x0,
    0x0, 0x0, 0x0, 0x0, 0x0, 0x1, 0xff, 0xff,
    0xff, 0xff, 0xff, 0xff, 0xff, 0xff, 0x70, 0x0,
    0x0, 0x1, 0xff, 0xa9, 0x99, 0x9c, 0xfe, 0x99,
    0x99, 0x99, 0x40, 0x0, 0x0, 0x1, 0xff, 0x10,
    0x0, 0x6, 0xfc, 0x0, 0x0, 0x0, 0x0, 0x0,
    0x0, 0x1, 0xff, 0xdc, 0xcc, 0xce, 0xff, 0xcc,
    0xcc, 0xcc, 0xcc, 0x10, 0x0, 0x1, 0xff, 0xff,
    0xff, 0xff, 0xff, 0xff, 0xff, 0xff, 0xff, 0x10,
    0x0, 0x1, 0x88, 0x10, 0x0, 0x3d, 0xd0, 0x0,
    0x0, 0x0, 0x0, 0x0, 0x9, 0xaa, 0xaa, 0xaa,
    0xaa, 0xbf, 0xfa, 0xaa, 0xaa, 0xaa, 0xaa, 0x60,
    0xe, 0xff, 0xff, 0xff, 0xff, 0xff, 0xff, 0xff,
    0xff, 0xff, 0xff, 0xa0, 0x2, 0x33, 0x33, 0x34,
    0xdf, 0xff, 0xff, 0xfb, 0x33, 0x33, 0x33, 0x20,
    0x0, 0x0, 0x0, 0x7e, 0xfe, 0x8f, 0xf6, 0xff,
    0xe6, 0x0, 0x0, 0x0, 0x0, 0x3, 0x8e, 0xff,
    0xb1, 0x3f, 0xf0, 0x2c, 0xff, 0xe8, 0x20, 0x0,
    0x28, 0xdf, 0xff, 0xd4, 0x0, 0x3f, 0xf0, 0x0,
    0x5e, 0xff, 0xfd, 0x80, 0x2f, 0xff, 0xd5, 0x0,
    0x0, 0x3f, 0xf0, 0x0, 0x0, 0x5c, 0xff, 0x90,
    0x5, 0x93, 0x0, 0x0, 0x0, 0x3f, 0xf0, 0x0,
    0x0, 0x0, 0x28, 0x0,

    /* U+9762 "面" */
    0x8f, 0xff, 0xff, 0xff, 0xff, 0xff, 0xff, 0xff,
    0xff, 0xff, 0xfe, 0x8f, 0xff, 0xff, 0xff, 0xff,
    0xff, 0xff, 0xff, 0xff, 0xff, 0xfe, 0x13, 0x33,
    0x33, 0x33, 0x3a, 0xff, 0x33, 0x33, 0x33, 0x33,
    0x32, 0x0, 0x0, 0x0, 0x0, 0xb, 0xfc, 0x0,
    0x0, 0x0, 0x0, 0x0, 0x0, 0x0, 0x0, 0x0,
    0xf, 0xf7, 0x0, 0x0, 0x0, 0x0, 0x0, 0x7,
    0xff, 0xff, 0xff, 0xff, 0xff, 0xff, 0xff, 0xff,
    0xff, 0xb0, 0x8, 0xff, 0xff, 0xff, 0xff, 0xff,
    0xff, 0xff, 0xff, 0xff, 0xc0, 0x8, 0xfb, 0x22,
    0x6f, 0xc2, 0x22, 0x2c, 0xf6, 0x22, 0x9f, 0xc0,
    0x8, 0xfa, 0x0, 0x4f, 0xc0, 0x0, 0xc, 0xf4,
    0x0, 0x8f, 0xc0, 0x8, 0xfa, 0x0, 0x4f, 0xfb,
    0xbb, 0xbf, 0xf4, 0x0, 0x8f, 0xc0, 0x8, 0xfa,
    0x0, 0x4f, 0xff, 0xff, 0xff, 0xf4, 0x0, 0x8f,
    0xc0, 0x8, 0xfa, 0x0, 0x4f, 0xc0, 0x0, 0xc,
    0xf4, 0x0, 0x8f, 0xc0, 0x8, 0xfa, 0x0, 0x4f,
    0xc0, 0x0, 0xc, 0xf4, 0x0, 0x8f, 0xc0, 0x8,
    0xfa, 0x0, 0x4f, 0xeb, 0xbb, 0xbe, 0xf4, 0x0,
    0x8f, 0xc0, 0x8, 0xfa, 0x0, 0x4f, 0xff, 0xff,
    0xff, 0xf4, 0x0, 0x8f, 0xc0, 0x8, 0xfa, 0x0,
    0x4f, 0xc1, 0x11, 0x1c, 0xf4, 0x0, 0x8f, 0xc0,
    0x8, 0xfa, 0x0, 0x4f, 0xc0, 0x0, 0xc, 0xf4,
    0x0, 0x8f, 0xc0, 0x8, 0xfb, 0x11, 0x6f, 0xc1,
    0x11, 0x1c, 0xf6, 0x11, 0x9f, 0xc0, 0x8, 0xff,
    0xff, 0xff, 0xff, 0xff, 0xff, 0xff, 0xff, 0xff,
    0xc0, 0x8, 0xff, 0xff, 0xff, 0xff, 0xff, 0xff,
    0xff, 0xff, 0xff, 0xc0, 0x8, 0xfa, 0x0, 0x0,
    0x0, 0x0, 0x0, 0x0, 0x0, 0x8f, 0xc0,

    /* U+9774 "靴" */
    0x0, 0x13, 0x10, 0x13, 0x10, 0x0, 0x0, 0x0,
    0x0, 0x0, 0x0, 0x0, 0x0, 0x7f, 0x40, 0x5f,
    0x70, 0x0, 0xd, 0xb2, 0x19, 0x90, 0x0, 0x0,
    0x0, 0x7f, 0x50, 0x5f, 0x80, 0x0, 0x3f, 0xf1,
    0x2f, 0xe0, 0x0, 0x0, 0x1f, 0xff, 0xff, 0xff,
    0xff, 0x60, 0x8f, 0xb0, 0x2f, 0xe0, 0x0, 0x0,
    0x1d, 0xef, 0xed, 0xef, 0xed, 0x50, 0xef, 0x50,
    0x2f, 0xe0, 0x0, 0x0, 0x0, 0x7f, 0x40, 0x5f,
    0x70, 0x3, 0xff, 0x0, 0x2f, 0xe0, 0x1b, 0x20,
    0x0, 0x7f, 0xcb, 0xcf, 0x70, 0xb, 0xff, 0x0,
    0x2f, 0xe0, 0xaf, 0xc0, 0x0, 0x7f, 0xff, 0xff,
    0x70, 0x4f, 0xff, 0x0, 0x2f, 0xe4, 0xff, 0x30,
    0x0, 0x0, 0x7f, 0x70, 0x1, 0xef, 0xff, 0x0,
    0x2f, 0xfe, 0xf8, 0x0, 0x5, 0xaa, 0xdf, 0xda,
    0xab, 0xfe, 0xff, 0x0, 0x2f, 0xff, 0xd0, 0x0,
    0x8, 0xff, 0xff, 0xff, 0xf6, 0xd5, 0xff, 0x0,
    0x2f, 0xfe, 0x20, 0x0, 0x8, 0xf2, 0x5f, 0x45,
    0xf6, 0x11, 0xff, 0x0, 0xaf, 0xf4, 0x0, 0x0,
    0x8, 0xf2, 0x4f, 0x34, 0xf6, 0x1, 0xff, 0xb,
    0xff, 0xe0, 0x0, 0x0, 0x8, 0xf3, 0x5f, 0x45,
    0xf6, 0x1, 0xff, 0xbf, 0xff, 0xe0, 0x0, 0x0,
    0x8, 0xff, 0xff, 0xff, 0xf6, 0x1, 0xff, 0x7f,
    0x8f, 0xe0, 0x0, 0x0, 0x5, 0xaa, 0xdf, 0xca,
    0xa4, 0x1, 0xff, 0x1, 0x2f, 0xe0, 0x0, 0x0,
    0x0, 0x0, 0x7f, 0x60, 0x0, 0x1, 0xff, 0x0,
    0x2f, 0xe0, 0x0, 0x0, 0x2e, 0xee, 0xff, 0xfe,
    0xee, 0x21, 0xff, 0x0, 0x2f, 0xe0, 0x6, 0x80,
    0x2f, 0xff, 0xff, 0xff, 0xff, 0x21, 0xff, 0x0,
    0x2f, 0xe0, 0x7, 0xf3, 0x0, 0x0, 0x7f, 0x60,
    0x0, 0x1, 0xff, 0x0, 0x2f, 0xe0, 0x7, 0xf3,
    0x0, 0x0, 0x7f, 0x60, 0x0, 0x1, 0xff, 0x0,
    0x2f, 0xf4, 0x3c, 0xf1, 0x0, 0x0, 0x7f, 0x60,
    0x0, 0x1, 0xff, 0x0, 0xf, 0xff, 0xff, 0xe0,
    0x0, 0x0, 0x7f, 0x60, 0x0, 0x1, 0xff, 0x0,
    0x6, 0xef, 0xfc, 0x40,

    /* U+97F3 "音" */
    0x0, 0x0, 0x0, 0x0, 0x0, 0x23, 0x0, 0x0,
    0x0, 0x0, 0x0, 0x0, 0x0, 0x0, 0x0, 0x6,
    0xff, 0x10, 0x0, 0x0, 0x0, 0x0, 0x0, 0x11,
    0x11, 0x11, 0x11, 0xff, 0x91, 0x11, 0x11, 0x11,
    0x0, 0x3, 0xff, 0xff, 0xff, 0xff, 0xff, 0xff,
    0xff, 0xff, 0xff, 0xc0, 0x3, 0xff, 0xff, 0xff,
    0xff, 0xff, 0xff, 0xff, 0xff, 0xff, 0xb0, 0x0,
    0x0, 0xa, 0xe6, 0x0, 0x0, 0x0, 0xe, 0xd7,
    0x0, 0x0, 0x0, 0x0, 0x8, 0xfe, 0x0, 0x0,
    0x0, 0x7f, 0xf3, 0x0, 0x0, 0x0, 0x0, 0x1,
    0xff, 0x50, 0x0, 0x0, 0xdf, 0xa0, 0x0, 0x0,
    0x7c, 0xcc, 0xcc, 0xff, 0xec, 0xcc, 0xcd, 0xff,
    0xdc, 0xcc, 0xcb, 0x8f, 0xff, 0xff, 0xff, 0xff,
    0xff, 0xff, 0xff, 0xff, 0xff, 0xfe, 0x13, 0x33,
    0x33, 0x33, 0x33, 0x33, 0x33, 0x33, 0x33, 0x33,
    0x33, 0x0, 0x0, 0x0, 0x0, 0x0, 0x0, 0x0,
    0x0, 0x0, 0x0, 0x0, 0x0, 0x5, 0xdd, 0xdd,
    0xdd, 0xdd, 0xdd, 0xdd, 0xdd, 0xd0, 0x0, 0x0,
    0x6, 0xff, 0xff, 0xff, 0xff, 0xff, 0xff, 0xff,
    0xf0, 0x0, 0x0, 0x6, 0xfd, 0x0, 0x0, 0x0,
    0x0, 0x0, 0x6f, 0xf0, 0x0, 0x0, 0x6, 0xfd,
    0x0, 0x0, 0x0, 0x0, 0x0, 0x5f, 0xf0, 0x0,
    0x0, 0x6, 0xff, 0xbb, 0xbb, 0xbb, 0xbb, 0xbb,
    0xdf, 0xf0, 0x0, 0x0, 0x6, 0xff, 0xff, 0xff,
    0xff, 0xff, 0xff, 0xff, 0xf0, 0x0, 0x0, 0x6,
    0xfd, 0x0, 0x0, 0x0, 0x0, 0x0, 0x6f, 0xf0,
    0x0, 0x0, 0x6, 0xfd, 0x0, 0x0, 0x0, 0x0,
    0x0, 0x5f, 0xf0, 0x0, 0x0, 0x6, 0xff, 0xdd,
    0xdd, 0xdd, 0xdd, 0xdd, 0xef, 0xf0, 0x0, 0x0,
    0x6, 0xff, 0xff, 0xff, 0xff, 0xff, 0xff, 0xff,
    0xf0, 0x0, 0x0, 0x6, 0xfd, 0x0, 0x0, 0x0,
    0x0, 0x0, 0x6f, 0xf0, 0x0,

    /* U+9875 "页" */
    0x0, 0x0, 0x0, 0x0, 0x0, 0x0, 0x0, 0x0,
    0x0, 0x0, 0x0, 0x1f, 0xff, 0xff, 0xff, 0xff,
    0xff, 0xff, 0xff, 0xff, 0xff, 0xfb, 0x1f, 0xff,
    0xff, 0xff, 0xff, 0xff, 0xff, 0xff, 0xff, 0xff,
    0xfb, 0x1, 0x11, 0x11, 0x11, 0x19, 0xff, 0x11,
    0x11, 0x11, 0x11, 0x10, 0x0, 0x0, 0x0, 0x0,
    0xe, 0xf8, 0x0, 0x0, 0x0, 0x0, 0x0, 0x0,
    0x2, 0x22, 0x22, 0x4f, 0xf4, 0x22, 0x22, 0x22,
    0x21, 0x0, 0x0, 0xe, 0xff, 0xff, 0xff, 0xff,
    0xff, 0xff, 0xff, 0xfa, 0x0, 0x0, 0xe, 0xff,
    0xff, 0xff, 0xff, 0xff, 0xff, 0xff, 0xfa, 0x0,
    0x0, 0xe, 0xf6, 0x0, 0x0, 0x0, 0x0, 0x0,
    0xc, 0xfa, 0x0, 0x0, 0xe, 0xf6, 0x0, 0x0,
    0xbc, 0x50, 0x0, 0xc, 0xfa, 0x0, 0x0, 0xe,
    0xf6, 0x0, 0x0, 0xef, 0x70, 0x0, 0xc, 0xfa,
    0x0, 0x0, 0xe, 0xf6, 0x0, 0x0, 0xef, 0x70,
    0x0, 0xc, 0xfa, 0x0, 0x0, 0xe, 0xf6, 0x0,
    0x0, 0xef, 0x70, 0x0, 0xc, 0xfa, 0x0, 0x0,
    0xe, 0xf6, 0x0, 0x0, 0xef, 0x70, 0x0, 0xc,
    0xfa, 0x0, 0x0, 0xe, 0xf6, 0x0, 0x0, 0xff,
    0x50, 0x0, 0xc, 0xfa, 0x0, 0x0, 0xe, 0xf6,
    0x0, 0x4, 0xff, 0x20, 0x0, 0xc, 0xfa, 0x0,
    0x0, 0xe, 0xf6, 0x0, 0xd, 0xfd, 0x9, 0x50,
    0xc, 0xfa, 0x0, 0x0, 0x0, 0x0, 0x2, 0xcf,
    0xf4, 0x8f, 0xfd, 0x60, 0x0, 0x0, 0x0, 0x0,
    0x1, 0x8f, 0xff, 0x60, 0x6, 0xdf, 0xfe, 0x70,
    0x0, 0x0, 0x16, 0xbf, 0xff, 0xd4, 0x0, 0x0,
    0x6, 0xdf, 0xfe, 0x50, 0x4e, 0xff, 0xff, 0xd6,
    0x0, 0x0, 0x0, 0x0, 0x7, 0xef, 0xf8, 0xc,
    0xfc, 0x82, 0x0, 0x0, 0x0, 0x0, 0x0, 0x0,
    0x1a, 0xe1, 0x1, 0x0, 0x0, 0x0, 0x0, 0x0,
    0x0, 0x0, 0x0, 0x0, 0x10,

    /* U+9891 "频" */
    0x0, 0x0, 0x0, 0x34, 0x0, 0x0, 0x0, 0x0,
    0x0, 0x0, 0x0, 0x0, 0x0, 0x0, 0x0, 0xcf,
    0x30, 0x0, 0x0, 0x0, 0x0, 0x0, 0x0, 0x0,
    0x0, 0x12, 0x0, 0xcf, 0x30, 0x0, 0x8d, 0xdd,
    0xdd, 0xdd, 0xdd, 0x90, 0x0, 0x7f, 0x50, 0xcf,
    0xca, 0xa5, 0x8e, 0xee, 0xef, 0xfe, 0xee, 0x90,
    0x0, 0x7f, 0x50, 0xcf, 0xff, 0xf8, 0x0, 0x0,
    0x4f, 0xc0, 0x0, 0x0, 0x0, 0x7f, 0x50, 0xcf,
    0x53, 0x31, 0x0, 0x0, 0xaf, 0x60, 0x0, 0x0,
    0x0, 0x7f, 0x50, 0xcf, 0x30, 0x0, 0xb, 0xbb,
    0xff, 0xcb, 0xbb, 0x0, 0x0, 0x7f, 0x50, 0xcf,
    0x30, 0x0, 0xf, 0xff, 0xff, 0xff, 0xff, 0x10,
    0x2f, 0xff, 0xff, 0xff, 0xff, 0xff, 0x1f, 0xe2,
    0x22, 0x22, 0xef, 0x10, 0x2f, 0xff, 0xff, 0xff,
    0xff, 0xff, 0x1f, 0xe0, 0x2c, 0x80, 0xef, 0x10,
    0x0, 0x0, 0x5, 0xfc, 0x0, 0x0, 0xf, 0xe0,
    0x3f, 0x90, 0xef, 0x10, 0x0, 0x17, 0x34, 0xfc,
    0x0, 0x20, 0xf, 0xe0, 0x3f, 0x90, 0xef, 0x10,
    0x0, 0x7f, 0x94, 0xfc, 0x3, 0xfd, 0xf, 0xe0,
    0x4f, 0x90, 0xef, 0x10, 0x0, 0xdf, 0x34, 0xfc,
    0x8, 0xf8, 0xf, 0xe0, 0x5f, 0x80, 0xef, 0x10,
    0x4, 0xfd, 0x4, 0xfc, 0xd, 0xf2, 0xf, 0xe0,
    0x6f, 0x70, 0xef, 0x10, 0xd, 0xf5, 0x4, 0xfc,
    0x6f, 0xd0, 0xf, 0xe0, 0x8f, 0x50, 0xef, 0x10,
    0x9, 0xc0, 0x4, 0xfd, 0xef, 0x50, 0xf, 0xe0,
    0xbf, 0x30, 0xef, 0x10, 0x0, 0x0, 0x1, 0x6e,
    0xfa, 0x0, 0xc, 0xb0, 0xff, 0x0, 0x9a, 0x0,
    0x0, 0x0, 0x1, 0xcf, 0xe1, 0x0, 0x0, 0x7,
    0xfc, 0xc7, 0x0, 0x0, 0x0, 0x0, 0x2d, 0xfe,
    0x30, 0x0, 0x0, 0x4f, 0xf6, 0xef, 0xa0, 0x0,
    0x0, 0x3a, 0xff, 0xc1, 0x0, 0x0, 0x19, 0xff,
    0x80, 0x1c, 0xfc, 0x10, 0xb, 0xff, 0xf8, 0x0,
    0x0, 0xb, 0xff, 0xf6, 0x0, 0x0, 0xbf, 0xd0,
    0x4, 0xe7, 0x0, 0x0, 0x0, 0x8, 0xd8, 0x10,
    0x0, 0x0, 0xb, 0x50, 0x0, 0x0, 0x0, 0x0,
    0x0, 0x0, 0x0, 0x0, 0x0, 0x0, 0x0, 0x0,

    /* U+98DF "食" */
    0x0, 0x0, 0x0, 0x0, 0x0, 0x3, 0x30, 0x0,
    0x0, 0x0, 0x0, 0x0, 0x0, 0x0, 0x0, 0x0,
    0x0, 0x2e, 0xf8, 0x0, 0x0, 0x0, 0x0, 0x0,
    0x0, 0x0, 0x0, 0x0, 0x1, 0xdf, 0xfc, 0x10,
    0x0, 0x0, 0x0, 0x0, 0x0, 0x0, 0x0, 0x0,
    0x3e, 0xfe, 0xdf, 0xd2, 0x0, 0x0, 0x0, 0x0,
    0x0, 0x0, 0x0, 0x7, 0xff, 0xd2, 0x1c, 0xff,
    0x80, 0x0, 0x0, 0x0, 0x0, 0x0, 0x4, 0xcf,
    0xfb, 0x8c, 0x60, 0x9f, 0xfe, 0x60, 0x0, 0x0,
    0x0, 0x3, 0xbf, 0xff, 0x60, 0x5f, 0xe1, 0x4,
    0xdf, 0xff, 0x93, 0x0, 0x7, 0xdf, 0xff, 0xfd,
    0xbb, 0xcf, 0xfd, 0xbb, 0xcf, 0xff, 0xff, 0xe3,
    0xb, 0xff, 0xbf, 0xff, 0xff, 0xff, 0xff, 0xff,
    0xff, 0xf6, 0xcf, 0xb0, 0x1, 0x92, 0xf, 0xf5,
    0x0, 0x0, 0x0, 0x0, 0x6f, 0xe0, 0x2, 0x10,
    0x0, 0x0, 0xf, 0xf5, 0x0, 0x0, 0x0, 0x0,
    0x6f, 0xe0, 0x0, 0x0, 0x0, 0x0, 0xf, 0xff,
    0xff, 0xff, 0xff, 0xff, 0xff, 0xe0, 0x0, 0x0,
    0x0, 0x0, 0xf, 0xfb, 0x99, 0x99, 0x99, 0x99,
    0xcf, 0xe0, 0x0, 0x0, 0x0, 0x0, 0xf, 0xf4,
    0x0, 0x0, 0x0, 0x0, 0x5f, 0xe0, 0x0, 0x0,
    0x0, 0x0, 0xf, 0xfd, 0xcc, 0xcc, 0xcc, 0xcc,
    0xdf, 0xe0, 0x0, 0x0, 0x0, 0x0, 0xf, 0xff,
    0xff, 0xff, 0xff, 0xff, 0xff, 0xfc, 0x40, 0x0,
    0x0, 0x0, 0xf, 0xf5, 0x0, 0x8, 0x92, 0x0,
    0x7, 0xff, 0xd1, 0x0, 0x0, 0x0, 0xf, 0xf4,
    0x0, 0x3f, 0xff, 0x94, 0xcf, 0xf8, 0x0, 0x0,
    0x0, 0x0, 0xf, 0xf4, 0x0, 0x1, 0x9f, 0xff,
    0xfc, 0x20, 0x0, 0x0, 0x0, 0x0, 0xf, 0xf4,
    0x3, 0x68, 0xb2, 0xaf, 0xff, 0x70, 0x0, 0x0,
    0x0, 0x0, 0x5f, 0xff, 0xff, 0xff, 0xf0, 0x2,
    0xcf, 0xfd, 0x30, 0x0, 0x0, 0x0, 0x8f, 0xff,
    0xfd, 0xa7, 0x40, 0x0, 0x6, 0xef, 0xf2, 0x0,
    0x0, 0x0, 0x1b, 0x73, 0x0, 0x0, 0x0, 0x0,
    0x0, 0x1b, 0x50, 0x0,

    /* U+9975 "饵" */
    0x0, 0x1, 0x0, 0x0, 0x0, 0x0, 0x0, 0x0,
    0x0, 0x0, 0x0, 0x0, 0x0, 0xdf, 0x50, 0x0,
    0x0, 0x0, 0x0, 0x0, 0x0, 0x0, 0x0, 0x0,
    0x1f, 0xf3, 0x0, 0x1, 0xff, 0xff, 0xff, 0xff,
    0xff, 0xff, 0x90, 0x4, 0xff, 0x0, 0x0, 0x1f,
    0xff, 0xff, 0xff, 0xff, 0xff, 0xf9, 0x0, 0x8f,
    0xfa, 0xaa, 0xa8, 0x3b, 0xf8, 0x11, 0x11, 0x2f,
    0xf4, 0x10, 0xc, 0xff, 0xff, 0xff, 0xf1, 0xbf,
    0x70, 0x0, 0x0, 0xff, 0x20, 0x1, 0xff, 0x75,
    0x5a, 0xfc, 0xb, 0xf7, 0x0, 0x0, 0xf, 0xf2,
    0x0, 0x7f, 0xc0, 0x0, 0xaf, 0x60, 0xbf, 0xed,
    0xdd, 0xde, 0xff, 0x20, 0xe, 0xf6, 0x0, 0x1f,
    0xf1, 0xb, 0xff, 0xff, 0xff, 0xff, 0xf2, 0x8,
    0xfe, 0xd, 0xe4, 0x98, 0x0, 0xbf, 0x70, 0x0,
    0x1, 0xff, 0x20, 0x2d, 0x70, 0xef, 0x30, 0x0,
    0xb, 0xf7, 0x0, 0x0, 0xf, 0xf2, 0x0, 0x10,
    0xe, 0xf3, 0x0, 0x0, 0xbf, 0x70, 0x0, 0x0,
    0xff, 0x20, 0x0, 0x0, 0xef, 0x30, 0x0, 0xb,
    0xfe, 0xdd, 0xdd, 0xef, 0xf2, 0x0, 0x0, 0xe,
    0xf3, 0x0, 0x0, 0xbf, 0xff, 0xff, 0xff, 0xff,
    0x20, 0x0, 0x0, 0xef, 0x30, 0x0, 0xb, 0xf7,
    0x0, 0x0, 0x1f, 0xf2, 0x0, 0x0, 0xe, 0xf3,
    0x0, 0x0, 0xbf, 0x70, 0x0, 0x0, 0xff, 0x20,
    0x0, 0x0, 0xef, 0x30, 0x1, 0xb, 0xf7, 0x0,
    0x0, 0xf, 0xf7, 0x50, 0x0, 0xe, 0xf3, 0x4d,
    0x72, 0xcf, 0xb9, 0xac, 0xef, 0xff, 0xfc, 0x0,
    0x0, 0xef, 0xbf, 0xfd, 0xff, 0xff, 0xff, 0xff,
    0xff, 0xfb, 0x70, 0x0, 0x1f, 0xff, 0xf8, 0xf,
    0xec, 0xa8, 0x64, 0x21, 0xff, 0x20, 0x0, 0x8,
    0xff, 0xd3, 0x0, 0x0, 0x0, 0x0, 0x0, 0xf,
    0xf2, 0x0, 0x0, 0xdf, 0x90, 0x0, 0x0, 0x0,
    0x0, 0x0, 0x0, 0xff, 0x20, 0x0, 0x3, 0x50,
    0x0, 0x0, 0x0, 0x0, 0x0, 0x0, 0xf, 0xf2,
    0x0,

    /* U+9999 "香" */
    0x0, 0x0, 0x0, 0x0, 0x0, 0x0, 0x0, 0x0,
    0x1, 0x40, 0x0, 0x0, 0x0, 0x0, 0x0, 0x0,
    0x0, 0x23, 0x57, 0x9b, 0xef, 0xf7, 0x0, 0x0,
    0x0, 0x4, 0xac, 0xde, 0xff, 0xff, 0xff, 0xff,
    0xff, 0xd9, 0x10, 0x0, 0x0, 0x2, 0xff, 0xff,
    0xff, 0xef, 0xfc, 0x75, 0x30, 0x0, 0x0, 0x0,
    0x0, 0x0, 0x43, 0x21, 0x0, 0xf, 0xf6, 0x0,
    0x0, 0x0, 0x0, 0x0, 0x0, 0x0, 0x0, 0x0,
    0x0, 0xf, 0xf6, 0x0, 0x0, 0x0, 0x0, 0x0,
    0x7, 0xff, 0xff, 0xff, 0xff, 0xff, 0xff, 0xff,
    0xff, 0xff, 0xff, 0xe0, 0x7, 0xff, 0xff, 0xff,
    0xff, 0xff, 0xff, 0xff, 0xff, 0xff, 0xff, 0xe0,
    0x0, 0x11, 0x11, 0x12, 0xcf, 0xdf, 0xfd, 0xff,
    0x51, 0x11, 0x11, 0x10, 0x0, 0x0, 0x0, 0x1c,
    0xfd, 0x1f, 0xf6, 0x7f, 0xf7, 0x0, 0x0, 0x0,
    0x0, 0x0, 0x5, 0xef, 0xd1, 0xf, 0xf6, 0x6,
    0xff, 0xc3, 0x0, 0x0, 0x0, 0x3, 0xcf, 0xfb,
    0x10, 0xf, 0xf6, 0x0, 0x4d, 0xff, 0xa2, 0x0,
    0x5, 0xcf, 0xff, 0x70, 0x0, 0xa, 0xa4, 0x0,
    0x0, 0x9f, 0xff, 0xc3, 0x7, 0xff, 0xbd, 0xbb,
    0xbb, 0xbb, 0xbb, 0xbb, 0xbb, 0xbc, 0xbf, 0xb0,
    0x0, 0x73, 0xf, 0xff, 0xff, 0xff, 0xff, 0xff,
    0xff, 0xfc, 0x3, 0x10, 0x0, 0x0, 0xf, 0xf5,
    0x0, 0x0, 0x0, 0x0, 0x9, 0xfc, 0x0, 0x0,
    0x0, 0x0, 0xf, 0xf4, 0x0, 0x0, 0x0, 0x0,
    0x9, 0xfc, 0x0, 0x0, 0x0, 0x0, 0xf, 0xff,
    0xff, 0xff, 0xff, 0xff, 0xff, 0xfc, 0x0, 0x0,
    0x0, 0x0, 0xf, 0xfb, 0x99, 0x99, 0x99, 0x99,
    0x9d, 0xfc, 0x0, 0x0, 0x0, 0x0, 0xf, 0xf4,
    0x0, 0x0, 0x0, 0x0, 0x9, 0xfc, 0x0, 0x0,
    0x0, 0x0, 0xf, 0xfc, 0xbb, 0xbb, 0xbb, 0xbb,
    0xbe, 0xfc, 0x0, 0x0, 0x0, 0x0, 0xf, 0xff,
    0xff, 0xff, 0xff, 0xff, 0xff, 0xfc, 0x0, 0x0,
    0x0, 0x0, 0xf, 0xf5, 0x0, 0x0, 0x0, 0x0,
    0x9, 0xfc, 0x0, 0x0,

    /* U+9A8C "验" */
    0x0, 0x0, 0x0, 0x0, 0x0, 0x0, 0x0, 0x0,
    0x10, 0x0, 0x0, 0x0, 0x0, 0x0, 0x0, 0x0,
    0x0, 0x0, 0x0, 0x7, 0xf9, 0x0, 0x0, 0x0,
    0xa, 0xff, 0xff, 0xff, 0xe0, 0x0, 0x0, 0x1f,
    0xf8, 0x0, 0x0, 0x0, 0x9, 0xee, 0xee, 0xef,
    0xd0, 0x0, 0x0, 0xbf, 0xff, 0x30, 0x0, 0x0,
    0x0, 0x0, 0x0, 0x1f, 0xc0, 0x0, 0x9, 0xfe,
    0x9f, 0xf3, 0x0, 0x0, 0x0, 0x68, 0x20, 0x2f,
    0xb0, 0x0, 0x8f, 0xf4, 0x9, 0xff, 0x40, 0x0,
    0x0, 0xbf, 0x30, 0x3f, 0xa0, 0x9, 0xff, 0x60,
    0x0, 0x9f, 0xf7, 0x0, 0x0, 0xcf, 0x20, 0x5f,
    0x92, 0xcf, 0xf8, 0x0, 0x0, 0x9, 0xff, 0xb2,
    0x0, 0xef, 0x0, 0x6f, 0x8d, 0xff, 0x7e, 0xee,
    0xee, 0xee, 0xaf, 0xf4, 0x0, 0xff, 0x0, 0x8f,
    0x64, 0xe3, 0x1f, 0xff, 0xff, 0xff, 0x25, 0xb0,
    0x0, 0xfe, 0x0, 0x9f, 0x40, 0x0, 0x0, 0x0,
    0x0, 0x0, 0x0, 0x0, 0x1, 0xfc, 0x0, 0xbf,
    0x30, 0x0, 0x0, 0x1, 0x51, 0x0, 0x0, 0x0,
    0x3, 0xff, 0xff, 0xff, 0xff, 0x16, 0xd2, 0x6,
    0xf6, 0x0, 0x6f, 0x90, 0x4, 0xcc, 0xcc, 0xcc,
    0xff, 0x6, 0xf7, 0x3, 0xfa, 0x0, 0xcf, 0x50,
    0x0, 0x0, 0x0, 0x1, 0xff, 0x2, 0xfc, 0x0,
    0xfd, 0x1, 0xff, 0x0, 0x0, 0x0, 0x0, 0x12,
    0xfe, 0x0, 0xdf, 0x10, 0xdf, 0x7, 0xf9, 0x0,
    0x0, 0x25, 0x9d, 0xf3, 0xfd, 0x0, 0xaf, 0x40,
    0xbf, 0x2c, 0xf2, 0x0, 0x3e, 0xff, 0xfe, 0xa5,
    0xfb, 0x0, 0x7f, 0x50, 0x56, 0x4f, 0xb0, 0x0,
    0x1f, 0xb7, 0x30, 0x6, 0xfa, 0x0, 0x0, 0x0,
    0x0, 0xaf, 0x40, 0x0, 0x0, 0x0, 0x0, 0x9,
    0xf7, 0x0, 0x0, 0x0, 0x2, 0xfd, 0x0, 0x0,
    0x0, 0x0, 0x0, 0xe, 0xf4, 0x6f, 0xff, 0xff,
    0xff, 0xff, 0xff, 0xe0, 0x0, 0x6, 0xdc, 0xef,
    0xe0, 0x5e, 0xee, 0xee, 0xee, 0xee, 0xee, 0xd0,
    0x0, 0x2, 0xff, 0xfd, 0x40, 0x0, 0x0, 0x0,
    0x0, 0x0, 0x0, 0x0, 0x0, 0x0, 0x0, 0x0,
    0x0, 0x0, 0x0, 0x0, 0x0, 0x0, 0x0, 0x0,

    /* U+9AD8 "高" */
    0x0, 0x0, 0x0, 0x0, 0x0, 0x22, 0x0, 0x0,
    0x0, 0x0, 0x0, 0x0, 0x0, 0x0, 0x0, 0xb,
    0xfb, 0x0, 0x0, 0x0, 0x0, 0x0, 0x0, 0x0,
    0x0, 0x0, 0x6, 0xff, 0x10, 0x0, 0x0, 0x0,
    0x0, 0xce, 0xee, 0xee, 0xee, 0xee, 0xff, 0xee,
    0xee, 0xee, 0xee, 0xe4, 0xdf, 0xff, 0xff, 0xff,
    0xff, 0xff, 0xff, 0xff, 0xff, 0xff, 0xf4, 0x0,
    0x0, 0x0, 0x0, 0x0, 0x0, 0x0, 0x0, 0x0,
    0x0, 0x0, 0x0, 0x4, 0xaa, 0xaa, 0xaa, 0xaa,
    0xaa, 0xaa, 0xaa, 0x10, 0x0, 0x0, 0x6, 0xff,
    0xff, 0xff, 0xff, 0xff, 0xff, 0xff, 0x20, 0x0,
    0x0, 0x6, 0xfd, 0x0, 0x0, 0x0, 0x0, 0x3,
    0xff, 0x20, 0x0, 0x0, 0x6, 0xfe, 0x55, 0x55,
    0x55, 0x55, 0x58, 0xff, 0x20, 0x0, 0x0, 0x6,
    0xff, 0xff, 0xff, 0xff, 0xff, 0xff, 0xff, 0x20,
    0x0, 0x0, 0x0, 0x11, 0x11, 0x11, 0x11, 0x11,
    0x11, 0x11, 0x0, 0x0, 0xc, 0xcc, 0xcc, 0xcc,
    0xcc, 0xcc, 0xcc, 0xcc, 0xcc, 0xcc, 0x80, 0xf,
    0xff, 0xff, 0xff, 0xff, 0xff, 0xff, 0xff, 0xff,
    0xff, 0xa0, 0xf, 0xf3, 0x0, 0x0, 0x0, 0x0,
    0x0, 0x0, 0x0, 0xaf, 0xa0, 0xf, 0xf2, 0x4,
    0x88, 0x88, 0x88, 0x88, 0x87, 0x0, 0xaf, 0xa0,
    0xf, 0xf2, 0x8, 0xff, 0xff, 0xff, 0xff, 0xfc,
    0x0, 0xaf, 0xa0, 0xf, 0xf2, 0x8, 0xf9, 0x0,
    0x0, 0x4, 0xfc, 0x0, 0xaf, 0xa0, 0xf, 0xf2,
    0x8, 0xf9, 0x0, 0x0, 0x4, 0xfc, 0x0, 0xaf,
    0xa0, 0xf, 0xf2, 0x8, 0xff, 0xff, 0xff, 0xff,
    0xfc, 0x0, 0xaf, 0xa0, 0xf, 0xf2, 0x8, 0xfd,
    0x88, 0x88, 0x88, 0x87, 0x0, 0xaf, 0xa0, 0xf,
    0xf2, 0x6, 0xa6, 0x0, 0x0, 0x0, 0x5, 0xdd,
    0xff, 0x70, 0xf, 0xf2, 0x0, 0x0, 0x0, 0x0,
    0x0, 0x0, 0xcc, 0xb8, 0x0,

    /* U+9C7C "鱼" */
    0x0, 0x0, 0x0, 0x1, 0x0, 0x0, 0x0, 0x0,
    0x0, 0x0, 0x0, 0x0, 0x0, 0x0, 0x5f, 0xd4,
    0x0, 0x0, 0x0, 0x0, 0x0, 0x0, 0x0, 0x0,
    0x1, 0xef, 0xe3, 0x22, 0x22, 0x30, 0x0, 0x0,
    0x0, 0x0, 0x0, 0xc, 0xff, 0xff, 0xff, 0xff,
    0xfe, 0x20, 0x0, 0x0, 0x0, 0x0, 0xbf, 0xfc,
    0xcc, 0xcc, 0xcf, 0xfd, 0x0, 0x0, 0x0, 0x0,
    0xb, 0xff, 0x70, 0x0, 0x0, 0x7f, 0xf3, 0x0,
    0x0, 0x0, 0x2, 0xdf, 0xf7, 0x0, 0x0, 0x5,
    0xff, 0x70, 0x0, 0x0, 0x0, 0x5f, 0xff, 0xff,
    0xff, 0xff, 0xff, 0xff, 0xff, 0xff, 0xfb, 0x0,
    0x1e, 0xef, 0xfe, 0xdd, 0xdd, 0xff, 0xed, 0xdd,
    0xdf, 0xfb, 0x0, 0x3, 0x1e, 0xf4, 0x0, 0x0,
    0xdf, 0x50, 0x0, 0x9, 0xfb, 0x0, 0x0, 0xe,
    0xf4, 0x0, 0x0, 0xdf, 0x50, 0x0, 0x9, 0xfb,
    0x0, 0x0, 0xe, 0xfc, 0xbb, 0xbb, 0xff, 0xcb,
    0xbb, 0xbd, 0xfb, 0x0, 0x0, 0xe, 0xff, 0xff,
    0xff, 0xff, 0xff, 0xff, 0xff, 0xfb, 0x0, 0x0,
    0xe, 0xf5, 0x11, 0x11, 0xdf, 0x61, 0x11, 0x19,
    0xfb, 0x0, 0x0, 0xe, 0xf4, 0x0, 0x0, 0xdf,
    0x50, 0x0, 0x9, 0xfb, 0x0, 0x0, 0xe, 0xf4,
    0x0, 0x0, 0xdf, 0x50, 0x0, 0x9, 0xfb, 0x0,
    0x0, 0xe, 0xff, 0xff, 0xff, 0xff, 0xff, 0xff,
    0xff, 0xfb, 0x0, 0x0, 0xd, 0xee, 0xee, 0xee,
    0xee, 0xee, 0xee, 0xee, 0xea, 0x0, 0x0, 0x0,
    0x0, 0x0, 0x0, 0x0, 0x0, 0x0, 0x0, 0x0,
    0x0, 0x1, 0x11, 0x11, 0x11, 0x11, 0x11, 0x11,
    0x11, 0x11, 0x11, 0x11, 0x6f, 0xff, 0xff, 0xff,
    0xff, 0xff, 0xff, 0xff, 0xff, 0xff, 0xfd, 0x6f,
    0xff, 0xff, 0xff, 0xff, 0xff, 0xff, 0xff, 0xff,
    0xff, 0xfd, 0x0, 0x0, 0x0, 0x0, 0x0, 0x0,
    0x0, 0x0, 0x0, 0x0, 0x0,

    /* U+9C88 "鲈" */
    0x0, 0x0, 0x21, 0x0, 0x0, 0x0, 0x0, 0x0,
    0x22, 0x0, 0x0, 0x0, 0x0, 0x1f, 0xf1, 0x0,
    0x0, 0x0, 0x0, 0x2f, 0xe0, 0x0, 0x0, 0x0,
    0x7, 0xfc, 0x0, 0x0, 0x0, 0x0, 0x2, 0xfe,
    0x0, 0x0, 0x0, 0x0, 0xdf, 0xff, 0xff, 0xe2,
    0x0, 0x0, 0x2f, 0xff, 0xff, 0xfe, 0x0, 0x5f,
    0xfb, 0xbd, 0xfe, 0x0, 0x0, 0x2, 0xff, 0xdd,
    0xdd, 0xc0, 0xe, 0xf7, 0x0, 0xbf, 0x50, 0x0,
    0x0, 0x2f, 0xe0, 0x0, 0x0, 0x9, 0xfe, 0x21,
    0x5f, 0xc1, 0x10, 0x11, 0x14, 0xfe, 0x22, 0x22,
    0x3, 0xff, 0xff, 0xff, 0xff, 0xfa, 0xf, 0xff,
    0xff, 0xff, 0xff, 0xe0, 0x7, 0xfe, 0xad, 0xfa,
    0xbf, 0xa0, 0xff, 0xff, 0xff, 0xff, 0xfe, 0x0,
    0xf, 0xb0, 0x9e, 0x2, 0xfa, 0xf, 0xf0, 0x0,
    0x0, 0x2f, 0xe0, 0x0, 0xfb, 0x9, 0xe0, 0x2f,
    0xa0, 0xff, 0x0, 0x0, 0x1, 0xfe, 0x0, 0xf,
    0xd7, 0xcf, 0x78, 0xfa, 0xf, 0xf0, 0x0, 0x0,
    0x1f, 0xe0, 0x0, 0xff, 0xff, 0xff, 0xff, 0xa0,
    0xff, 0x33, 0x33, 0x35, 0xfe, 0x0, 0xf, 0xd4,
    0xbf, 0x46, 0xfa, 0xf, 0xff, 0xff, 0xff, 0xff,
    0xe0, 0x0, 0xfb, 0x9, 0xe0, 0x2f, 0xa1, 0xff,
    0xee, 0xee, 0xee, 0xfe, 0x0, 0xf, 0xc0, 0x9f,
    0x3, 0xfa, 0x2f, 0xe0, 0x0, 0x0, 0x1c, 0xc0,
    0x0, 0xff, 0xff, 0xff, 0xff, 0xa3, 0xfd, 0x0,
    0x0, 0x0, 0x0, 0x0, 0xb, 0xbb, 0xbb, 0xbb,
    0xb7, 0x4f, 0xb0, 0x0, 0x0, 0x0, 0x0, 0x0,
    0x0, 0x0, 0x0, 0x2, 0x36, 0xf9, 0x0, 0x0,
    0x0, 0x0, 0x0, 0x1, 0x35, 0x8b, 0xdf, 0xfd,
    0xaf, 0x70, 0x0, 0x0, 0x0, 0x0, 0x8, 0xff,
    0xff, 0xff, 0xda, 0x7e, 0xf3, 0x0, 0x0, 0x0,
    0x0, 0x0, 0x5f, 0xc9, 0x63, 0x0, 0x6, 0xfe,
    0x0, 0x0, 0x0, 0x0, 0x0, 0x0, 0x0, 0x0,
    0x0, 0x0, 0x2c, 0x70, 0x0, 0x0, 0x0, 0x0,
    0x0, 0x0, 0x0, 0x0, 0x0, 0x0, 0x0, 0x0,
    0x0, 0x0, 0x0, 0x0,

    /* U+9CA4 "鲤" */
    0x0, 0x0, 0x0, 0x0, 0x0, 0x0, 0x0, 0x0,
    0x0, 0x0, 0x0, 0x0, 0x0, 0xf, 0xd1, 0x0,
    0x0, 0x0, 0x0, 0x0, 0x0, 0x0, 0x0, 0x0,
    0x6, 0xfc, 0x0, 0x0, 0x1, 0xee, 0xee, 0xee,
    0xee, 0xee, 0x20, 0x0, 0xcf, 0xff, 0xff, 0xe2,
    0x1f, 0xff, 0xff, 0xff, 0xff, 0xf2, 0x0, 0x3f,
    0xfb, 0xbd, 0xfe, 0x1, 0xfc, 0x0, 0xff, 0x0,
    0xdf, 0x20, 0xd, 0xf7, 0x0, 0xbf, 0x50, 0x1f,
    0xb0, 0xe, 0xf0, 0xd, 0xf2, 0x8, 0xfe, 0x10,
    0x4f, 0xc0, 0x1, 0xfd, 0x77, 0xff, 0x77, 0xef,
    0x22, 0xff, 0xff, 0xff, 0xff, 0xfa, 0x1f, 0xff,
    0xff, 0xff, 0xff, 0xf2, 0x8, 0xfe, 0xbe, 0xfb,
    0xcf, 0xa1, 0xfd, 0x44, 0xff, 0x44, 0xef, 0x20,
    0xf, 0xb0, 0x9e, 0x2, 0xfa, 0x1f, 0xb0, 0xe,
    0xf0, 0xd, 0xf2, 0x0, 0xfb, 0x9, 0xe0, 0x2f,
    0xa1, 0xfc, 0x22, 0xff, 0x22, 0xef, 0x20, 0xf,
    0xe9, 0xdf, 0x9a, 0xfa, 0x1f, 0xff, 0xff, 0xff,
    0xff, 0xf2, 0x0, 0xff, 0xff, 0xff, 0xff, 0xa1,
    0xcc, 0xcc, 0xff, 0xcc, 0xcc, 0x20, 0xf, 0xc0,
    0x9f, 0x3, 0xfa, 0x0, 0x0, 0x1f, 0xf1, 0x0,
    0x0, 0x0, 0xfb, 0x9, 0xe0, 0x2f, 0xa0, 0x0,
    0x1, 0xff, 0x10, 0x0, 0x0, 0xf, 0xc0, 0x9f,
    0x3, 0xfa, 0x9, 0x99, 0xaf, 0xfa, 0x99, 0x91,
    0x0, 0xff, 0xff, 0xff, 0xff, 0xa0, 0xff, 0xff,
    0xff, 0xff, 0xff, 0x10, 0xb, 0xbb, 0xbb, 0xbb,
    0xb7, 0x6, 0x66, 0x7f, 0xf7, 0x66, 0x60, 0x0,
    0x0, 0x0, 0x0, 0x0, 0x20, 0x0, 0x1, 0xff,
    0x10, 0x0, 0x0, 0x0, 0x3, 0x58, 0xbe, 0xfd,
    0x0, 0x0, 0x1f, 0xf1, 0x0, 0x0, 0x6, 0xef,
    0xff, 0xff, 0xff, 0xb0, 0x0, 0x2, 0xff, 0x20,
    0x0, 0x0, 0x6f, 0xfe, 0xc9, 0x52, 0x2, 0xff,
    0xff, 0xff, 0xff, 0xff, 0xfd, 0x2, 0x41, 0x0,
    0x0, 0x0, 0x2f, 0xff, 0xff, 0xff, 0xff, 0xff,
    0xd0,

    /* U+9CAB "鲫" */
    0x0, 0x0, 0x0, 0x0, 0x0, 0x0, 0x0, 0x0,
    0x0, 0x0, 0x0, 0x0, 0x0, 0x6f, 0x70, 0x0,
    0x0, 0x0, 0x0, 0x0, 0x0, 0x0, 0x0, 0x0,
    0xb, 0xf5, 0x1, 0x0, 0xbc, 0xcc, 0xcc, 0xc,
    0xcc, 0xcc, 0x70, 0x1, 0xff, 0xff, 0xf8, 0xe,
    0xff, 0xff, 0xf0, 0xff, 0xff, 0xf9, 0x0, 0x7f,
    0xdb, 0xef, 0x70, 0xec, 0x0, 0xbf, 0xf, 0xd2,
    0x4f, 0x90, 0x1e, 0xf2, 0xe, 0xd0, 0xe, 0xc0,
    0xb, 0xf0, 0xfd, 0x1, 0xf9, 0x9, 0xfa, 0x8,
    0xf6, 0x0, 0xee, 0x77, 0xdf, 0xf, 0xd0, 0x1f,
    0x92, 0xff, 0xff, 0xff, 0xff, 0x1e, 0xff, 0xff,
    0xf0, 0xfd, 0x1, 0xf9, 0x7, 0xfd, 0xcf, 0xcd,
    0xf1, 0xed, 0x55, 0xdf, 0xf, 0xd0, 0x1f, 0x90,
    0x1f, 0x63, 0xf3, 0x7f, 0x1e, 0xc0, 0xb, 0xf0,
    0xfd, 0x1, 0xf9, 0x1, 0xf6, 0x3f, 0x37, 0xf1,
    0xec, 0x0, 0xbf, 0xf, 0xd0, 0x1f, 0x90, 0x1f,
    0xcb, 0xfb, 0xcf, 0x1e, 0xfe, 0xef, 0xf0, 0xfd,
    0x1, 0xf9, 0x1, 0xff, 0xff, 0xff, 0xf1, 0xef,
    0xdd, 0xdc, 0xf, 0xd0, 0x1f, 0x90, 0x1f, 0x74,
    0xf4, 0x8f, 0x1e, 0xc0, 0x0, 0x0, 0xfd, 0x1,
    0xf9, 0x1, 0xf6, 0x3f, 0x37, 0xf1, 0xec, 0x3e,
    0x50, 0xf, 0xd0, 0x1f, 0x90, 0x1f, 0x74, 0xf4,
    0x8f, 0x1e, 0xc0, 0xec, 0x0, 0xfd, 0x1, 0xf9,
    0x1, 0xff, 0xff, 0xff, 0xf1, 0xec, 0x9, 0xf3,
    0xf, 0xd0, 0x2f, 0x90, 0xa, 0xaa, 0xaa, 0xaa,
    0xe, 0xc3, 0xbf, 0xa0, 0xfd, 0x9d, 0xf8, 0x0,
    0x0, 0x0, 0x0, 0x1, 0xff, 0xff, 0xfe, 0x1f,
    0xd7, 0xeb, 0x20, 0x2, 0x35, 0x79, 0xbd, 0xef,
    0xfc, 0x49, 0xf4, 0xfd, 0x0, 0x0, 0xa, 0xff,
    0xff, 0xff, 0xea, 0xd4, 0x0, 0x5f, 0x8f, 0xd0,
    0x0, 0x0, 0x7d, 0xa8, 0x63, 0x10, 0x0, 0x0,
    0x1, 0x51, 0xfd, 0x0, 0x0, 0x0, 0x0, 0x0,
    0x0, 0x0, 0x0, 0x0, 0x0, 0xf, 0xd0, 0x0,
    0x0,

    /* U+9CDC "鳜" */
    0x0, 0x0, 0x0, 0x0, 0x0, 0x0, 0x0, 0x0,
    0x0, 0x0, 0x0, 0x0, 0x0, 0xd, 0xe0, 0x0,
    0x0, 0x0, 0x0, 0x0, 0x0, 0x0, 0x0, 0x0,
    0x0, 0x2f, 0xc0, 0x0, 0x8, 0xee, 0xee, 0xee,
    0xee, 0xee, 0xee, 0xd0, 0x0, 0x6f, 0xff, 0xfc,
    0x8, 0xff, 0xff, 0xff, 0xff, 0xff, 0xff, 0xe0,
    0x0, 0xcf, 0xbc, 0xfc, 0x8, 0xf3, 0x12, 0x12,
    0x31, 0x33, 0x11, 0x10, 0x3, 0xfc, 0x5, 0xf4,
    0x8, 0xf2, 0xda, 0x6, 0xf3, 0x8f, 0x10, 0x0,
    0xb, 0xf5, 0xc, 0xd0, 0x8, 0xf2, 0x9e, 0xa,
    0xd0, 0x9f, 0x0, 0x0, 0x2f, 0xff, 0xff, 0xff,
    0x78, 0xf2, 0x5f, 0x2e, 0x80, 0xbd, 0x0, 0x0,
    0x7, 0xfb, 0xcf, 0xaf, 0x78, 0xf6, 0xbb, 0xbf,
    0xc5, 0xde, 0xbb, 0xb1, 0x3, 0xf3, 0x6e, 0xf,
    0x78, 0xf8, 0xff, 0xff, 0xf8, 0xff, 0xff, 0xf0,
    0x3, 0xf3, 0x6e, 0xf, 0x78, 0xf3, 0x31, 0xf4,
    0x25, 0xf5, 0x6, 0xe0, 0x3, 0xfb, 0xcf, 0x9f,
    0x78, 0xf6, 0xf1, 0xf3, 0xde, 0xfd, 0xc8, 0xc0,
    0x3, 0xff, 0xff, 0xff, 0x79, 0xf6, 0xf1, 0xf3,
    0xdf, 0xbd, 0xba, 0x90, 0x3, 0xf4, 0x7e, 0xf,
    0x79, 0xf5, 0xf1, 0xf3, 0xd8, 0x4e, 0xa6, 0x40,
    0x3, 0xf3, 0x6e, 0xf, 0x7a, 0xf5, 0xf1, 0xf3,
    0xd5, 0xf, 0xb0, 0x0, 0x3, 0xf4, 0x7e, 0xf,
    0x7b, 0xf4, 0xf4, 0xf6, 0xe5, 0x1f, 0xd0, 0x0,
    0x3, 0xff, 0xff, 0xff, 0x7c, 0xf4, 0xff, 0xff,
    0xf5, 0x4f, 0xf0, 0x0, 0x2, 0xbb, 0xbb, 0xbb,
    0x5d, 0xe1, 0x58, 0xfa, 0x62, 0x7f, 0xf3, 0x0,
    0x0, 0x0, 0x0, 0x0, 0xf, 0xc0, 0x6, 0xf5,
    0x0, 0xce, 0xf8, 0x0, 0x0, 0x24, 0x79, 0xce,
    0x9f, 0x90, 0xc, 0xf1, 0x2, 0xf7, 0xbd, 0x0,
    0xf, 0xff, 0xff, 0xfe, 0xcf, 0x60, 0x7f, 0xb0,
    0xb, 0xf1, 0x6f, 0x50, 0xc, 0xeb, 0x85, 0x20,
    0xaf, 0x16, 0xff, 0x20, 0x7f, 0x90, 0xe, 0xe1,
    0x0, 0x0, 0x0, 0x0, 0x4b, 0x1, 0xb3, 0x0,
    0x5c, 0x0, 0x5, 0xa0, 0x0, 0x0, 0x0, 0x0,
    0x0, 0x0, 0x0, 0x0, 0x0, 0x0, 0x0, 0x0,

    /* U+FF01 "！" */
    0x5f, 0xfc, 0x5, 0xff, 0xc0, 0x5f, 0xfc, 0x4,
    0xff, 0xb0, 0x3f, 0xfa, 0x2, 0xff, 0x90, 0x1f,
    0xf8, 0x0, 0xff, 0x70, 0xf, 0xf6, 0x0, 0xef,
    0x50, 0xd, 0xf4, 0x0, 0xcf, 0x30, 0x0, 0x0,
    0x0, 0x0, 0x0, 0x5, 0x71, 0x5, 0xff, 0xc0,
    0x8f, 0xff, 0x2, 0xef, 0x80, 0x0, 0x10, 0x0,

    /* U+FF08 "（" */
    0x0, 0x0, 0x25, 0x0, 0x0, 0x1d, 0xf8, 0x0,
    0xb, 0xfc, 0x0, 0x5, 0xfe, 0x10, 0x0, 0xef,
    0x60, 0x0, 0x7f, 0xd0, 0x0, 0xc, 0xf6, 0x0,
    0x1, 0xff, 0x10, 0x0, 0x6f, 0xc0, 0x0, 0x8,
    0xfa, 0x0, 0x0, 0x9f, 0x80, 0x0, 0xb, 0xf6,
    0x0, 0x0, 0xbf, 0x70, 0x0, 0x9, 0xf8, 0x0,
    0x0, 0x7f, 0xa0, 0x0, 0x5, 0xfd, 0x0, 0x0,
    0xf, 0xf3, 0x0, 0x0, 0xbf, 0x80, 0x0, 0x5,
    0xfe, 0x10, 0x0, 0xc, 0xf8, 0x0, 0x0, 0x3f,
    0xf3, 0x0, 0x0, 0x9f, 0xe1, 0x0, 0x0, 0xbf,
    0x70, 0x0, 0x0, 0x20,

    /* U+FF09 "）" */
    0x5, 0x20, 0x0, 0x8, 0xfd, 0x10, 0x0, 0xc,
    0xfb, 0x0, 0x0, 0x1e, 0xf5, 0x0, 0x0, 0x6f,
    0xe0, 0x0, 0x0, 0xdf, 0x70, 0x0, 0x7, 0xfc,
    0x0, 0x0, 0x1f, 0xf1, 0x0, 0x0, 0xcf, 0x60,
    0x0, 0xa, 0xf8, 0x0, 0x0, 0x8f, 0x90, 0x0,
    0x6, 0xfb, 0x0, 0x0, 0x7f, 0xb0, 0x0, 0x8,
    0xf9, 0x0, 0x0, 0xaf, 0x70, 0x0, 0xd, 0xf5,
    0x0, 0x3, 0xff, 0x0, 0x0, 0x8f, 0xb0, 0x0,
    0x1e, 0xf5, 0x0, 0x9, 0xfc, 0x0, 0x3, 0xff,
    0x30, 0x1, 0xef, 0x80, 0x0, 0x7f, 0xb0, 0x0,
    0x0, 0x20, 0x0, 0x0,

    /* U+FF0C "，" */
    0x1, 0x8a, 0x40, 0x9, 0xff, 0xf2, 0xb, 0xff,
    0xf7, 0x4, 0xdf, 0xf8, 0x0, 0x9, 0xf5, 0x0,
    0x1e, 0xf1, 0x2, 0xcf, 0x70, 0x4f, 0xf8, 0x0,
    0xa, 0x30, 0x0,

    /* U+FF1A "：" */
    0x0, 0x22, 0x0, 0x8, 0xff, 0x80, 0xf, 0xff,
    0xf0, 0xd, 0xff, 0xd0, 0x2, 0xaa, 0x20, 0x0,
    0x0, 0x0, 0x0, 0x0, 0x0, 0x0, 0x0, 0x0,
    0x0, 0x0, 0x0, 0x0, 0x0, 0x0, 0x0, 0x0,
    0x0, 0x0, 0x0, 0x0, 0x3, 0xcc, 0x30, 0xd,
    0xff, 0xd0, 0xf, 0xff, 0xf0, 0x6, 0xff, 0x60,
    0x0, 0x0, 0x0,

    /* U+FF1B "；" */
    0x0, 0x22, 0x0, 0x8, 0xff, 0x80, 0xf, 0xff,
    0xf0, 0xd, 0xff, 0xd0, 0x2, 0xaa, 0x20, 0x0,
    0x0, 0x0, 0x0, 0x0, 0x0, 0x0, 0x0, 0x0,
    0x0, 0x0, 0x0, 0x0, 0x0, 0x0, 0x0, 0x0,
    0x0, 0x5, 0xef, 0x80, 0xd, 0xff, 0xf2, 0xb,
    0xff, 0xf5, 0x1, 0x7d, 0xf5, 0x0, 0xb, 0xf3,
    0x0, 0x2f, 0xe0, 0x2, 0xdf, 0x60, 0x5f, 0xf8,
    0x0, 0x3c, 0x40, 0x0, 0x0, 0x0, 0x0,

    /* U+FF1F "？" */
    0x0, 0x0, 0x2, 0x31, 0x0, 0x0, 0x0, 0x1a,
    0xff, 0xff, 0xc3, 0x0, 0x3, 0xef, 0xff, 0xff,
    0xff, 0x30, 0xd, 0xfd, 0x51, 0x18, 0xff, 0xc0,
    0x1, 0x90, 0x0, 0x0, 0xbf, 0xf0, 0x0, 0x0,
    0x0, 0x0, 0x8f, 0xf1, 0x0, 0x0, 0x0, 0x0,
    0xcf, 0xe0, 0x0, 0x0, 0x0, 0x8, 0xff, 0x60,
    0x0, 0x0, 0x0, 0x8f, 0xf7, 0x0, 0x0, 0x0,
    0x5, 0xff, 0x90, 0x0, 0x0, 0x0, 0x2f, 0xfa,
    0x0, 0x0, 0x0, 0x0, 0x7f, 0xf1, 0x0, 0x0,
    0x0, 0x0, 0x8f, 0xe0, 0x0, 0x0, 0x0, 0x0,
    0x0, 0x0, 0x0, 0x0, 0x0, 0x0, 0x0, 0x0,
    0x0, 0x0, 0x0, 0x0, 0x17, 0x40, 0x0, 0x0,
    0x0, 0x0, 0xdf, 0xf4, 0x0, 0x0, 0x0, 0x0,
    0xff, 0xf7, 0x0, 0x0, 0x0, 0x0, 0x9f, 0xe2,
    0x0, 0x0, 0x0, 0x0, 0x1, 0x0, 0x0, 0x0
};


/*---------------------
 *  GLYPH DESCRIPTION
 *--------------------*/

static const lv_font_fmt_txt_glyph_dsc_t glyph_dsc[] = {
    {.bitmap_index = 0, .adv_w = 0, .box_w = 0, .box_h = 0, .ofs_x = 0, .ofs_y = 0} /* id = 0 reserved */,
    {.bitmap_index = 0, .adv_w = 86, .box_w = 0, .box_h = 0, .ofs_x = 0, .ofs_y = 0},
    {.bitmap_index = 0, .adv_w = 132, .box_w = 4, .box_h = 18, .ofs_x = 2, .ofs_y = 0},
    {.bitmap_index = 36, .adv_w = 199, .box_w = 9, .box_h = 8, .ofs_x = 2, .ofs_y = 12},
    {.bitmap_index = 72, .adv_w = 219, .box_w = 13, .box_h = 18, .ofs_x = 0, .ofs_y = 0},
    {.bitmap_index = 189, .adv_w = 219, .box_w = 12, .box_h = 24, .ofs_x = 1, .ofs_y = -3},
    {.bitmap_index = 333, .adv_w = 361, .box_w = 22, .box_h = 18, .ofs_x = 0, .ofs_y = 0},
    {.bitmap_index = 531, .adv_w = 271, .box_w = 17, .box_h = 18, .ofs_x = 0, .ofs_y = 0},
    {.bitmap_index = 684, .adv_w = 114, .box_w = 3, .box_h = 8, .ofs_x = 2, .ofs_y = 12},
    {.bitmap_index = 696, .adv_w = 137, .box_w = 6, .box_h = 26, .ofs_x = 2, .ofs_y = -5},
    {.bitmap_index = 774, .adv_w = 137, .box_w = 6, .box_h = 26, .ofs_x = 1, .ofs_y = -5},
    {.bitmap_index = 852, .adv_w = 186, .box_w = 10, .box_h = 9, .ofs_x = 1, .ofs_y = 11},
    {.bitmap_index = 897, .adv_w = 219, .box_w = 13, .box_h = 13, .ofs_x = 0, .ofs_y = 3},
    {.bitmap_index = 982, .adv_w = 114, .box_w = 5, .box_h = 9, .ofs_x = 1, .ofs_y = -5},
    {.bitmap_index = 1005, .adv_w = 137, .box_w = 7, .box_h = 3, .ofs_x = 1, .ofs_y = 6},
    {.bitmap_index = 1016, .adv_w = 114, .box_w = 5, .box_h = 5, .ofs_x = 1, .ofs_y = 0},
    {.bitmap_index = 1029, .adv_w = 150, .box_w = 9, .box_h = 25, .ofs_x = 0, .ofs_y = -5},
    {.bitmap_index = 1142, .adv_w = 219, .box_w = 12, .box_h = 18, .ofs_x = 1, .ofs_y = 0},
    {.bitmap_index = 1250, .adv_w = 219, .box_w = 11, .box_h = 18, .ofs_x = 2, .ofs_y = 0},
    {.bitmap_index = 1349, .adv_w = 219, .box_w = 13, .box_h = 18, .ofs_x = 0, .ofs_y = 0},
    {.bitmap_index = 1466, .adv_w = 219, .box_w = 13, .box_h = 18, .ofs_x = 0, .ofs_y = 0},
    {.bitmap_index = 1583, .adv_w = 219, .box_w = 13, .box_h = 18, .ofs_x = 0, .ofs_y = 0},
    {.bitmap_index = 1700, .adv_w = 219, .box_w = 13, .box_h = 18, .ofs_x = 0, .ofs_y = 0},
    {.bitmap_index = 1817, .adv_w = 219, .box_w = 12, .box_h = 18, .ofs_x = 1, .ofs_y = 0},
    {.bitmap_index = 1925, .adv_w = 219, .box_w = 12, .box_h = 18, .ofs_x = 1, .ofs_y = 0},
    {.bitmap_index = 2033, .adv_w = 219, .box_w = 12, .box_h = 18, .ofs_x = 1, .ofs_y = 0},
    {.bitmap_index = 2141, .adv_w = 219, .box_w = 12, .box_h = 18, .ofs_x = 1, .ofs_y = 0},
    {.bitmap_index = 2249, .adv_w = 114, .box_w = 5, .box_h = 14, .ofs_x = 1, .ofs_y = 0},
    {.bitmap_index = 2284, .adv_w = 114, .box_w = 5, .box_h = 19, .ofs_x = 1, .ofs_y = -5},
    {.bitmap_index = 2332, .adv_w = 219, .box_w = 13, .box_h = 13, .ofs_x = 0, .ofs_y = 3},
    {.bitmap_index = 2417, .adv_w = 219, .box_w = 13, .box_h = 9, .ofs_x = 0, .ofs_y = 5},
    {.bitmap_index = 2476, .adv_w = 219, .box_w = 13, .box_h = 13, .ofs_x = 0, .ofs_y = 3},
    {.bitmap_index = 2561, .adv_w = 189, .box_w = 10, .box_h = 18, .ofs_x = 1, .ofs_y = 0},
    {.bitmap_index = 2651, .adv_w = 373, .box_w = 21, .box_h = 23, .ofs_x = 1, .ofs_y = -5},
    {.bitmap_index = 2893, .adv_w = 239, .box_w = 15, .box_h = 18, .ofs_x = 0, .ofs_y = 0},
    {.bitmap_index = 3028, .adv_w = 256, .box_w = 13, .box_h = 18, .ofs_x = 2, .ofs_y = 0},
    {.bitmap_index = 3145, .adv_w = 248, .box_w = 14, .box_h = 18, .ofs_x = 1, .ofs_y = 0},
    {.bitmap_index = 3271, .adv_w = 268, .box_w = 14, .box_h = 18, .ofs_x = 2, .ofs_y = 0},
    {.bitmap_index = 3397, .adv_w = 230, .box_w = 12, .box_h = 18, .ofs_x = 2, .ofs_y = 0},
    {.bitmap_index = 3505, .adv_w = 217, .box_w = 11, .box_h = 18, .ofs_x = 2, .ofs_y = 0},
    {.bitmap_index = 3604, .adv_w = 269, .box_w = 15, .box_h = 18, .ofs_x = 1, .ofs_y = 0},
    {.bitmap_index = 3739, .adv_w = 285, .box_w = 14, .box_h = 18, .ofs_x = 2, .ofs_y = 0},
    {.bitmap_index = 3865, .adv_w = 119, .box_w = 4, .box_h = 18, .ofs_x = 2, .ofs_y = 0},
    {.bitmap_index = 3901, .adv_w = 211, .box_w = 11, .box_h = 18, .ofs_x = 0, .ofs_y = 0},
    {.bitmap_index = 4000, .adv_w = 255, .box_w = 14, .box_h = 18, .ofs_x = 2, .ofs_y = 0},
    {.bitmap_index = 4126, .adv_w = 214, .box_w = 11, .box_h = 18, .ofs_x = 2, .ofs_y = 0},
    {.bitmap_index = 4225, .adv_w = 319, .box_w = 16, .box_h = 18, .ofs_x = 2, .ofs_y = 0},
    {.bitmap_index = 4369, .adv_w = 282, .box_w = 14, .box_h = 18, .ofs_x = 2, .ofs_y = 0},
    {.bitmap_index = 4495, .adv_w = 290, .box_w = 16, .box_h = 18, .ofs_x = 1, .ofs_y = 0},
    {.bitmap_index = 4639, .adv_w = 249, .box_w = 13, .box_h = 18, .ofs_x = 2, .ofs_y = 0},
    {.bitmap_index = 4756, .adv_w = 290, .box_w = 17, .box_h = 24, .ofs_x = 1, .ofs_y = -6},
    {.bitmap_index = 4960, .adv_w = 252, .box_w = 14, .box_h = 18, .ofs_x = 2, .ofs_y = 0},
    {.bitmap_index = 5086, .adv_w = 233, .box_w = 13, .box_h = 18, .ofs_x = 1, .ofs_y = 0},
    {.bitmap_index = 5203, .adv_w = 235, .box_w = 14, .box_h = 18, .ofs_x = 0, .ofs_y = 0},
    {.bitmap_index = 5329, .adv_w = 281, .box_w = 14, .box_h = 18, .ofs_x = 2, .ofs_y = 0},
    {.bitmap_index = 5455, .adv_w = 228, .box_w = 16, .box_h = 18, .ofs_x = -1, .ofs_y = 0},
    {.bitmap_index = 5599, .adv_w = 343, .box_w = 21, .box_h = 18, .ofs_x = 0, .ofs_y = 0},
    {.bitmap_index = 5788, .adv_w = 229, .box_w = 14, .box_h = 18, .ofs_x = 0, .ofs_y = 0},
    {.bitmap_index = 5914, .adv_w = 212, .box_w = 15, .box_h = 18, .ofs_x = -1, .ofs_y = 0},
    {.bitmap_index = 6049, .adv_w = 233, .box_w = 13, .box_h = 18, .ofs_x = 1, .ofs_y = 0},
    {.bitmap_index = 6166, .adv_w = 137, .box_w = 6, .box_h = 24, .ofs_x = 2, .ofs_y = -4},
    {.bitmap_index = 6238, .adv_w = 150, .box_w = 10, .box_h = 25, .ofs_x = 0, .ofs_y = -5},
    {.bitmap_index = 6363, .adv_w = 137, .box_w = 7, .box_h = 24, .ofs_x = 0, .ofs_y = -4},
    {.bitmap_index = 6447, .adv_w = 219, .box_w = 12, .box_h = 11, .ofs_x = 1, .ofs_y = 8},
    {.bitmap_index = 6513, .adv_w = 216, .box_w = 14, .box_h = 2, .ofs_x = 0, .ofs_y = -4},
    {.bitmap_index = 6527, .adv_w = 236, .box_w = 6, .box_h = 8, .ofs_x = 3, .ofs_y = 15},
    {.bitmap_index = 6551, .adv_w = 221, .box_w = 11, .box_h = 14, .ofs_x = 1, .ofs_y = 0},
    {.bitmap_index = 6628, .adv_w = 242, .box_w = 12, .box_h = 20, .ofs_x = 2, .ofs_y = 0},
    {.bitmap_index = 6748, .adv_w = 199, .box_w = 11, .box_h = 14, .ofs_x = 1, .ofs_y = 0},
    {.bitmap_index = 6825, .adv_w = 242, .box_w = 13, .box_h = 20, .ofs_x = 1, .ofs_y = 0},
    {.bitmap_index = 6955, .adv_w = 217, .box_w = 12, .box_h = 14, .ofs_x = 1, .ofs_y = 0},
    {.bitmap_index = 7039, .adv_w = 133, .box_w = 10, .box_h = 20, .ofs_x = 0, .ofs_y = 0},
    {.bitmap_index = 7139, .adv_w = 222, .box_w = 13, .box_h = 20, .ofs_x = 1, .ofs_y = -6},
    {.bitmap_index = 7269, .adv_w = 238, .box_w = 12, .box_h = 20, .ofs_x = 2, .ofs_y = 0},
    {.bitmap_index = 7389, .adv_w = 111, .box_w = 5, .box_h = 20, .ofs_x = 1, .ofs_y = 0},
    {.bitmap_index = 7439, .adv_w = 111, .box_w = 8, .box_h = 26, .ofs_x = -2, .ofs_y = -6},
    {.bitmap_index = 7543, .adv_w = 221, .box_w = 12, .box_h = 20, .ofs_x = 2, .ofs_y = 0},
    {.bitmap_index = 7663, .adv_w = 114, .box_w = 5, .box_h = 20, .ofs_x = 2, .ofs_y = 0},
    {.bitmap_index = 7713, .adv_w = 362, .box_w = 19, .box_h = 14, .ofs_x = 2, .ofs_y = 0},
    {.bitmap_index = 7846, .adv_w = 240, .box_w = 12, .box_h = 14, .ofs_x = 2, .ofs_y = 0},
    {.bitmap_index = 7930, .adv_w = 236, .box_w = 13, .box_h = 14, .ofs_x = 1, .ofs_y = 0},
    {.bitmap_index = 8021, .adv_w = 242, .box_w = 12, .box_h = 20, .ofs_x = 2, .ofs_y = -6},
    {.bitmap_index = 8141, .adv_w = 242, .box_w = 13, .box_h = 20, .ofs_x = 1, .ofs_y = -6},
    {.bitmap_index = 8271, .adv_w = 157, .box_w = 8, .box_h = 14, .ofs_x = 2, .ofs_y = 0},
    {.bitmap_index = 8327, .adv_w = 184, .box_w = 11, .box_h = 14, .ofs_x = 0, .ofs_y = 0},
    {.bitmap_index = 8404, .adv_w = 152, .box_w = 10, .box_h = 18, .ofs_x = 0, .ofs_y = 0},
    {.bitmap_index = 8494, .adv_w = 238, .box_w = 12, .box_h = 14, .ofs_x = 1, .ofs_y = 0},
    {.bitmap_index = 8578, .adv_w = 209, .box_w = 13, .box_h = 14, .ofs_x = 0, .ofs_y = 0},
    {.bitmap_index = 8669, .adv_w = 318, .box_w = 20, .box_h = 14, .ofs_x = 0, .ofs_y = 0},
    {.bitmap_index = 8809, .adv_w = 202, .box_w = 13, .box_h = 14, .ofs_x = 0, .ofs_y = 0},
    {.bitmap_index = 8900, .adv_w = 209, .box_w = 13, .box_h = 20, .ofs_x = 0, .ofs_y = -6},
    {.bitmap_index = 9030, .adv_w = 189, .box_w = 12, .box_h = 14, .ofs_x = 0, .ofs_y = 0},
    {.bitmap_index = 9114, .adv_w = 137, .box_w = 8, .box_h = 24, .ofs_x = 0, .ofs_y = -4},
    {.bitmap_index = 9210, .adv_w = 108, .box_w = 3, .box_h = 28, .ofs_x = 2, .ofs_y = -7},
    {.bitmap_index = 9252, .adv_w = 137, .box_w = 8, .box_h = 24, .ofs_x = 0, .ofs_y = -4},
    {.bitmap_index = 9348, .adv_w = 219, .box_w = 13, .box_h = 5, .ofs_x = 0, .ofs_y = 7},
    {.bitmap_index = 9381, .adv_w = 384, .box_w = 6, .box_h = 6, .ofs_x = 9, .ofs_y = 7},
    {.bitmap_index = 9399, .adv_w = 384, .box_w = 16, .box_h = 17, .ofs_x = 4, .ofs_y = 1},
    {.bitmap_index = 9535, .adv_w = 207, .box_w = 11, .box_h = 2, .ofs_x = 1, .ofs_y = 6},
    {.bitmap_index = 9546, .adv_w = 346, .box_w = 20, .box_h = 2, .ofs_x = 1, .ofs_y = 6},
    {.bitmap_index = 9566, .adv_w = 384, .box_w = 10, .box_h = 8, .ofs_x = 14, .ofs_y = 14},
    {.bitmap_index = 9606, .adv_w = 384, .box_w = 10, .box_h = 8, .ofs_x = 0, .ofs_y = 14},
    {.bitmap_index = 9646, .adv_w = 384, .box_w = 20, .box_h = 4, .ofs_x = 2, .ofs_y = 8},
    {.bitmap_index = 9686, .adv_w = 384, .box_w = 24, .box_h = 20, .ofs_x = 0, .ofs_y = 0},
    {.bitmap_index = 9926, .adv_w = 384, .box_w = 24, .box_h = 20, .ofs_x = 0, .ofs_y = -2},
    {.bitmap_index = 10166, .adv_w = 384, .box_w = 0, .box_h = 0, .ofs_x = 0, .ofs_y = 0},
    {.bitmap_index = 10166, .adv_w = 384, .box_w = 8, .box_h = 8, .ofs_x = 1, .ofs_y = -2},
    {.bitmap_index = 10198, .adv_w = 384, .box_w = 9, .box_h = 8, .ofs_x = 0, .ofs_y = -2},
    {.bitmap_index = 10234, .adv_w = 384, .box_w = 23, .box_h = 3, .ofs_x = 1, .ofs_y = 8},
    {.bitmap_index = 10269, .adv_w = 384, .box_w = 22, .box_h = 21, .ofs_x = 1, .ofs_y = -1},
    {.bitmap_index = 10500, .adv_w = 384, .box_w = 22, .box_h = 21, .ofs_x = 1, .ofs_y = -2},
    {.bitmap_index = 10731, .adv_w = 384, .box_w = 23, .box_h = 21, .ofs_x = 1, .ofs_y = -2},
    {.bitmap_index = 10973, .adv_w = 384, .box_w = 24, .box_h = 23, .ofs_x = 0, .ofs_y = -2},
    {.bitmap_index = 11249, .adv_w = 384, .box_w = 20, .box_h = 23, .ofs_x = 2, .ofs_y = -2},
    {.bitmap_index = 11479, .adv_w = 384, .box_w = 22, .box_h = 23, .ofs_x = 1, .ofs_y = -2},
    {.bitmap_index = 11732, .adv_w = 384, .box_w = 23, .box_h = 23, .ofs_x = 0, .ofs_y = -2},
    {.bitmap_index = 11997, .adv_w = 384, .box_w = 20, .box_h = 21, .ofs_x = 2, .ofs_y = -2},
    {.bitmap_index = 12207, .adv_w = 384, .box_w = 22, .box_h = 24, .ofs_x = 1, .ofs_y = -3},
    {.bitmap_index = 12471, .adv_w = 384, .box_w = 23, .box_h = 24, .ofs_x = 0, .ofs_y = -3},
    {.bitmap_index = 12747, .adv_w = 384, .box_w = 24, .box_h = 24, .ofs_x = 0, .ofs_y = -3},
    {.bitmap_index = 13035, .adv_w = 384, .box_w = 24, .box_h = 22, .ofs_x = 0, .ofs_y = -2},
    {.bitmap_index = 13299, .adv_w = 384, .box_w = 24, .box_h = 24, .ofs_x = 0, .ofs_y = -3},
    {.bitmap_index = 13587, .adv_w = 384, .box_w = 24, .box_h = 23, .ofs_x = 0, .ofs_y = -2},
    {.bitmap_index = 13863, .adv_w = 384, .box_w = 24, .box_h = 23, .ofs_x = 0, .ofs_y = -2},
    {.bitmap_index = 14139, .adv_w = 384, .box_w = 24, .box_h = 24, .ofs_x = 0, .ofs_y = -3},
    {.bitmap_index = 14427, .adv_w = 384, .box_w = 23, .box_h = 23, .ofs_x = 0, .ofs_y = -2},
    {.bitmap_index = 14692, .adv_w = 384, .box_w = 24, .box_h = 23, .ofs_x = 0, .ofs_y = -2},
    {.bitmap_index = 14968, .adv_w = 384, .box_w = 23, .box_h = 23, .ofs_x = 0, .ofs_y = -2},
    {.bitmap_index = 15233, .adv_w = 384, .box_w = 20, .box_h = 23, .ofs_x = 2, .ofs_y = -2},
    {.bitmap_index = 15463, .adv_w = 384, .box_w = 24, .box_h = 22, .ofs_x = 0, .ofs_y = -3},
    {.bitmap_index = 15727, .adv_w = 384, .box_w = 24, .box_h = 21, .ofs_x = 0, .ofs_y = -2},
    {.bitmap_index = 15979, .adv_w = 384, .box_w = 22, .box_h = 23, .ofs_x = 1, .ofs_y = -3},
    {.bitmap_index = 16232, .adv_w = 384, .box_w = 24, .box_h = 23, .ofs_x = 0, .ofs_y = -3},
    {.bitmap_index = 16508, .adv_w = 384, .box_w = 22, .box_h = 21, .ofs_x = 1, .ofs_y = -2},
    {.bitmap_index = 16739, .adv_w = 384, .box_w = 22, .box_h = 23, .ofs_x = 1, .ofs_y = -2},
    {.bitmap_index = 16992, .adv_w = 384, .box_w = 24, .box_h = 23, .ofs_x = 0, .ofs_y = -3},
    {.bitmap_index = 17268, .adv_w = 384, .box_w = 23, .box_h = 24, .ofs_x = 0, .ofs_y = -3},
    {.bitmap_index = 17544, .adv_w = 384, .box_w = 22, .box_h = 23, .ofs_x = 1, .ofs_y = -3},
    {.bitmap_index = 17797, .adv_w = 384, .box_w = 23, .box_h = 23, .ofs_x = 0, .ofs_y = -3},
    {.bitmap_index = 18062, .adv_w = 384, .box_w = 22, .box_h = 23, .ofs_x = 1, .ofs_y = -3},
    {.bitmap_index = 18315, .adv_w = 384, .box_w = 24, .box_h = 22, .ofs_x = 0, .ofs_y = -2},
    {.bitmap_index = 18579, .adv_w = 384, .box_w = 21, .box_h = 22, .ofs_x = 2, .ofs_y = -2},
    {.bitmap_index = 18810, .adv_w = 384, .box_w = 23, .box_h = 23, .ofs_x = 0, .ofs_y = -3},
    {.bitmap_index = 19075, .adv_w = 384, .box_w = 22, .box_h = 23, .ofs_x = 1, .ofs_y = -2},
    {.bitmap_index = 19328, .adv_w = 384, .box_w = 24, .box_h = 23, .ofs_x = 0, .ofs_y = -3},
    {.bitmap_index = 19604, .adv_w = 384, .box_w = 24, .box_h = 24, .ofs_x = 0, .ofs_y = -3},
    {.bitmap_index = 19892, .adv_w = 384, .box_w = 24, .box_h = 23, .ofs_x = 0, .ofs_y = -3},
    {.bitmap_index = 20168, .adv_w = 384, .box_w = 20, .box_h = 20, .ofs_x = 2, .ofs_y = -2},
    {.bitmap_index = 20368, .adv_w = 384, .box_w = 22, .box_h = 22, .ofs_x = 1, .ofs_y = -3},
    {.bitmap_index = 20610, .adv_w = 384, .box_w = 23, .box_h = 23, .ofs_x = 1, .ofs_y = -2},
    {.bitmap_index = 20875, .adv_w = 384, .box_w = 24, .box_h = 23, .ofs_x = 0, .ofs_y = -2},
    {.bitmap_index = 21151, .adv_w = 384, .box_w = 24, .box_h = 23, .ofs_x = 0, .ofs_y = -3},
    {.bitmap_index = 21427, .adv_w = 384, .box_w = 23, .box_h = 21, .ofs_x = 1, .ofs_y = -2},
    {.bitmap_index = 21669, .adv_w = 384, .box_w = 23, .box_h = 23, .ofs_x = 1, .ofs_y = -2},
    {.bitmap_index = 21934, .adv_w = 384, .box_w = 22, .box_h = 23, .ofs_x = 0, .ofs_y = -2},
    {.bitmap_index = 22187, .adv_w = 384, .box_w = 23, .box_h = 24, .ofs_x = 1, .ofs_y = -3},
    {.bitmap_index = 22463, .adv_w = 384, .box_w = 23, .box_h = 23, .ofs_x = 1, .ofs_y = -2},
    {.bitmap_index = 22728, .adv_w = 384, .box_w = 22, .box_h = 22, .ofs_x = 1, .ofs_y = -2},
    {.bitmap_index = 22970, .adv_w = 384, .box_w = 22, .box_h = 22, .ofs_x = 1, .ofs_y = -2},
    {.bitmap_index = 23212, .adv_w = 384, .box_w = 23, .box_h = 23, .ofs_x = 0, .ofs_y = -2},
    {.bitmap_index = 23477, .adv_w = 384, .box_w = 22, .box_h = 23, .ofs_x = 1, .ofs_y = -2},
    {.bitmap_index = 23730, .adv_w = 384, .box_w = 24, .box_h = 23, .ofs_x = 0, .ofs_y = -2},
    {.bitmap_index = 24006, .adv_w = 384, .box_w = 23, .box_h = 24, .ofs_x = 0, .ofs_y = -3},
    {.bitmap_index = 24282, .adv_w = 384, .box_w = 22, .box_h = 23, .ofs_x = 1, .ofs_y = -2},
    {.bitmap_index = 24535, .adv_w = 384, .box_w = 23, .box_h = 21, .ofs_x = 1, .ofs_y = -2},
    {.bitmap_index = 24777, .adv_w = 384, .box_w = 24, .box_h = 24, .ofs_x = 0, .ofs_y = -3},
    {.bitmap_index = 25065, .adv_w = 384, .box_w = 24, .box_h = 24, .ofs_x = 0, .ofs_y = -3},
    {.bitmap_index = 25353, .adv_w = 384, .box_w = 24, .box_h = 24, .ofs_x = 0, .ofs_y = -3},
    {.bitmap_index = 25641, .adv_w = 384, .box_w = 24, .box_h = 23, .ofs_x = 0, .ofs_y = -2},
    {.bitmap_index = 25917, .adv_w = 384, .box_w = 22, .box_h = 23, .ofs_x = 1, .ofs_y = -3},
    {.bitmap_index = 26170, .adv_w = 384, .box_w = 22, .box_h = 23, .ofs_x = 1, .ofs_y = -2},
    {.bitmap_index = 26423, .adv_w = 384, .box_w = 24, .box_h = 23, .ofs_x = 0, .ofs_y = -2},
    {.bitmap_index = 26699, .adv_w = 384, .box_w = 21, .box_h = 23, .ofs_x = 1, .ofs_y = -2},
    {.bitmap_index = 26941, .adv_w = 384, .box_w = 22, .box_h = 23, .ofs_x = 1, .ofs_y = -2},
    {.bitmap_index = 27194, .adv_w = 384, .box_w = 22, .box_h = 24, .ofs_x = 1, .ofs_y = -3},
    {.bitmap_index = 27458, .adv_w = 384, .box_w = 24, .box_h = 23, .ofs_x = 0, .ofs_y = -3},
    {.bitmap_index = 27734, .adv_w = 384, .box_w = 24, .box_h = 24, .ofs_x = 0, .ofs_y = -3},
    {.bitmap_index = 28022, .adv_w = 384, .box_w = 24, .box_h = 24, .ofs_x = 0, .ofs_y = -3},
    {.bitmap_index = 28310, .adv_w = 384, .box_w = 23, .box_h = 23, .ofs_x = 0, .ofs_y = -3},
    {.bitmap_index = 28575, .adv_w = 384, .box_w = 23, .box_h = 23, .ofs_x = 0, .ofs_y = -2},
    {.bitmap_index = 28840, .adv_w = 384, .box_w = 22, .box_h = 21, .ofs_x = 2, .ofs_y = -2},
    {.bitmap_index = 29071, .adv_w = 384, .box_w = 22, .box_h = 23, .ofs_x = 1, .ofs_y = -2},
    {.bitmap_index = 29324, .adv_w = 384, .box_w = 24, .box_h = 23, .ofs_x = 0, .ofs_y = -2},
    {.bitmap_index = 29600, .adv_w = 384, .box_w = 24, .box_h = 24, .ofs_x = 0, .ofs_y = -3},
    {.bitmap_index = 29888, .adv_w = 384, .box_w = 24, .box_h = 23, .ofs_x = 0, .ofs_y = -2},
    {.bitmap_index = 30164, .adv_w = 384, .box_w = 24, .box_h = 24, .ofs_x = 0, .ofs_y = -3},
    {.bitmap_index = 30452, .adv_w = 384, .box_w = 22, .box_h = 22, .ofs_x = 1, .ofs_y = -3},
    {.bitmap_index = 30694, .adv_w = 384, .box_w = 23, .box_h = 23, .ofs_x = 1, .ofs_y = -2},
    {.bitmap_index = 30959, .adv_w = 384, .box_w = 20, .box_h = 23, .ofs_x = 1, .ofs_y = -3},
    {.bitmap_index = 31189, .adv_w = 384, .box_w = 23, .box_h = 22, .ofs_x = 1, .ofs_y = -2},
    {.bitmap_index = 31442, .adv_w = 384, .box_w = 24, .box_h = 24, .ofs_x = 0, .ofs_y = -3},
    {.bitmap_index = 31730, .adv_w = 384, .box_w = 24, .box_h = 24, .ofs_x = 0, .ofs_y = -3},
    {.bitmap_index = 32018, .adv_w = 384, .box_w = 24, .box_h = 23, .ofs_x = 0, .ofs_y = -3},
    {.bitmap_index = 32294, .adv_w = 384, .box_w = 23, .box_h = 23, .ofs_x = 0, .ofs_y = -2},
    {.bitmap_index = 32559, .adv_w = 384, .box_w = 24, .box_h = 23, .ofs_x = 0, .ofs_y = -2},
    {.bitmap_index = 32835, .adv_w = 384, .box_w = 24, .box_h = 24, .ofs_x = 0, .ofs_y = -3},
    {.bitmap_index = 33123, .adv_w = 384, .box_w = 24, .box_h = 24, .ofs_x = 0, .ofs_y = -3},
    {.bitmap_index = 33411, .adv_w = 384, .box_w = 23, .box_h = 23, .ofs_x = 1, .ofs_y = -3},
    {.bitmap_index = 33676, .adv_w = 384, .box_w = 22, .box_h = 24, .ofs_x = 1, .ofs_y = -3},
    {.bitmap_index = 33940, .adv_w = 384, .box_w = 24, .box_h = 24, .ofs_x = 0, .ofs_y = -3},
    {.bitmap_index = 34228, .adv_w = 384, .box_w = 24, .box_h = 24, .ofs_x = 0, .ofs_y = -3},
    {.bitmap_index = 34516, .adv_w = 384, .box_w = 24, .box_h = 24, .ofs_x = 0, .ofs_y = -3},
    {.bitmap_index = 34804, .adv_w = 384, .box_w = 24, .box_h = 24, .ofs_x = 0, .ofs_y = -3},
    {.bitmap_index = 35092, .adv_w = 384, .box_w = 24, .box_h = 24, .ofs_x = 0, .ofs_y = -3},
    {.bitmap_index = 35380, .adv_w = 384, .box_w = 24, .box_h = 24, .ofs_x = 0, .ofs_y = -3},
    {.bitmap_index = 35668, .adv_w = 384, .box_w = 23, .box_h = 24, .ofs_x = 0, .ofs_y = -3},
    {.bitmap_index = 35944, .adv_w = 384, .box_w = 23, .box_h = 24, .ofs_x = 0, .ofs_y = -3},
    {.bitmap_index = 36220, .adv_w = 384, .box_w = 24, .box_h = 24, .ofs_x = 0, .ofs_y = -3},
    {.bitmap_index = 36508, .adv_w = 384, .box_w = 24, .box_h = 23, .ofs_x = 0, .ofs_y = -2},
    {.bitmap_index = 36784, .adv_w = 384, .box_w = 23, .box_h = 24, .ofs_x = 0, .ofs_y = -3},
    {.bitmap_index = 37060, .adv_w = 384, .box_w = 23, .box_h = 24, .ofs_x = 1, .ofs_y = -3},
    {.bitmap_index = 37336, .adv_w = 384, .box_w = 24, .box_h = 24, .ofs_x = 0, .ofs_y = -3},
    {.bitmap_index = 37624, .adv_w = 384, .box_w = 24, .box_h = 24, .ofs_x = 0, .ofs_y = -3},
    {.bitmap_index = 37912, .adv_w = 384, .box_w = 24, .box_h = 23, .ofs_x = 0, .ofs_y = -2},
    {.bitmap_index = 38188, .adv_w = 384, .box_w = 24, .box_h = 23, .ofs_x = 0, .ofs_y = -2},
    {.bitmap_index = 38464, .adv_w = 384, .box_w = 24, .box_h = 24, .ofs_x = 0, .ofs_y = -3},
    {.bitmap_index = 38752, .adv_w = 384, .box_w = 23, .box_h = 24, .ofs_x = 1, .ofs_y = -3},
    {.bitmap_index = 39028, .adv_w = 384, .box_w = 24, .box_h = 24, .ofs_x = 0, .ofs_y = -3},
    {.bitmap_index = 39316, .adv_w = 384, .box_w = 24, .box_h = 22, .ofs_x = 0, .ofs_y = -3},
    {.bitmap_index = 39580, .adv_w = 384, .box_w = 20, .box_h = 22, .ofs_x = 2, .ofs_y = -2},
    {.bitmap_index = 39800, .adv_w = 384, .box_w = 23, .box_h = 23, .ofs_x = 1, .ofs_y = -3},
    {.bitmap_index = 40065, .adv_w = 384, .box_w = 24, .box_h = 23, .ofs_x = 0, .ofs_y = -3},
    {.bitmap_index = 40341, .adv_w = 384, .box_w = 23, .box_h = 24, .ofs_x = 1, .ofs_y = -3},
    {.bitmap_index = 40617, .adv_w = 384, .box_w = 22, .box_h = 23, .ofs_x = 1, .ofs_y = -2},
    {.bitmap_index = 40870, .adv_w = 384, .box_w = 23, .box_h = 22, .ofs_x = 1, .ofs_y = -2},
    {.bitmap_index = 41123, .adv_w = 384, .box_w = 22, .box_h = 23, .ofs_x = 1, .ofs_y = -2},
    {.bitmap_index = 41376, .adv_w = 384, .box_w = 24, .box_h = 23, .ofs_x = 0, .ofs_y = -2},
    {.bitmap_index = 41652, .adv_w = 384, .box_w = 24, .box_h = 23, .ofs_x = 0, .ofs_y = -2},
    {.bitmap_index = 41928, .adv_w = 384, .box_w = 24, .box_h = 23, .ofs_x = 0, .ofs_y = -2},
    {.bitmap_index = 42204, .adv_w = 384, .box_w = 24, .box_h = 23, .ofs_x = 0, .ofs_y = -2},
    {.bitmap_index = 42480, .adv_w = 384, .box_w = 24, .box_h = 24, .ofs_x = 0, .ofs_y = -3},
    {.bitmap_index = 42768, .adv_w = 384, .box_w = 24, .box_h = 22, .ofs_x = 0, .ofs_y = -2},
    {.bitmap_index = 43032, .adv_w = 384, .box_w = 24, .box_h = 23, .ofs_x = 0, .ofs_y = -2},
    {.bitmap_index = 43308, .adv_w = 384, .box_w = 24, .box_h = 24, .ofs_x = 0, .ofs_y = -3},
    {.bitmap_index = 43596, .adv_w = 384, .box_w = 24, .box_h = 24, .ofs_x = 0, .ofs_y = -3},
    {.bitmap_index = 43884, .adv_w = 384, .box_w = 23, .box_h = 23, .ofs_x = 0, .ofs_y = -2},
    {.bitmap_index = 44149, .adv_w = 384, .box_w = 24, .box_h = 23, .ofs_x = 0, .ofs_y = -2},
    {.bitmap_index = 44425, .adv_w = 384, .box_w = 24, .box_h = 24, .ofs_x = 0, .ofs_y = -3},
    {.bitmap_index = 44713, .adv_w = 384, .box_w = 23, .box_h = 23, .ofs_x = 0, .ofs_y = -2},
    {.bitmap_index = 44978, .adv_w = 384, .box_w = 24, .box_h = 24, .ofs_x = 0, .ofs_y = -3},
    {.bitmap_index = 45266, .adv_w = 384, .box_w = 24, .box_h = 24, .ofs_x = 0, .ofs_y = -3},
    {.bitmap_index = 45554, .adv_w = 384, .box_w = 23, .box_h = 23, .ofs_x = 0, .ofs_y = -2},
    {.bitmap_index = 45819, .adv_w = 384, .box_w = 24, .box_h = 22, .ofs_x = 0, .ofs_y = -2},
    {.bitmap_index = 46083, .adv_w = 384, .box_w = 23, .box_h = 24, .ofs_x = 0, .ofs_y = -3},
    {.bitmap_index = 46359, .adv_w = 384, .box_w = 23, .box_h = 24, .ofs_x = 1, .ofs_y = -3},
    {.bitmap_index = 46635, .adv_w = 384, .box_w = 23, .box_h = 23, .ofs_x = 0, .ofs_y = -2},
    {.bitmap_index = 46900, .adv_w = 384, .box_w = 23, .box_h = 23, .ofs_x = 0, .ofs_y = -2},
    {.bitmap_index = 47165, .adv_w = 384, .box_w = 24, .box_h = 22, .ofs_x = 0, .ofs_y = -2},
    {.bitmap_index = 47429, .adv_w = 384, .box_w = 23, .box_h = 23, .ofs_x = 0, .ofs_y = -2},
    {.bitmap_index = 47694, .adv_w = 384, .box_w = 23, .box_h = 23, .ofs_x = 0, .ofs_y = -3},
    {.bitmap_index = 47959, .adv_w = 384, .box_w = 22, .box_h = 22, .ofs_x = 1, .ofs_y = -2},
    {.bitmap_index = 48201, .adv_w = 384, .box_w = 22, .box_h = 24, .ofs_x = 0, .ofs_y = -3},
    {.bitmap_index = 48465, .adv_w = 384, .box_w = 24, .box_h = 23, .ofs_x = 0, .ofs_y = -3},
    {.bitmap_index = 48741, .adv_w = 384, .box_w = 23, .box_h = 23, .ofs_x = 0, .ofs_y = -3},
    {.bitmap_index = 49006, .adv_w = 384, .box_w = 24, .box_h = 22, .ofs_x = 0, .ofs_y = -2},
    {.bitmap_index = 49270, .adv_w = 384, .box_w = 24, .box_h = 24, .ofs_x = 0, .ofs_y = -3},
    {.bitmap_index = 49558, .adv_w = 384, .box_w = 24, .box_h = 23, .ofs_x = 0, .ofs_y = -3},
    {.bitmap_index = 49834, .adv_w = 384, .box_w = 22, .box_h = 24, .ofs_x = 1, .ofs_y = -3},
    {.bitmap_index = 50098, .adv_w = 384, .box_w = 22, .box_h = 23, .ofs_x = 1, .ofs_y = -2},
    {.bitmap_index = 50351, .adv_w = 384, .box_w = 23, .box_h = 23, .ofs_x = 1, .ofs_y = -3},
    {.bitmap_index = 50616, .adv_w = 384, .box_w = 23, .box_h = 23, .ofs_x = 0, .ofs_y = -2},
    {.bitmap_index = 50881, .adv_w = 384, .box_w = 22, .box_h = 23, .ofs_x = 0, .ofs_y = -2},
    {.bitmap_index = 51134, .adv_w = 384, .box_w = 23, .box_h = 21, .ofs_x = 0, .ofs_y = -2},
    {.bitmap_index = 51376, .adv_w = 384, .box_w = 23, .box_h = 22, .ofs_x = 0, .ofs_y = -3},
    {.bitmap_index = 51629, .adv_w = 384, .box_w = 23, .box_h = 24, .ofs_x = 0, .ofs_y = -3},
    {.bitmap_index = 51905, .adv_w = 384, .box_w = 24, .box_h = 23, .ofs_x = 0, .ofs_y = -2},
    {.bitmap_index = 52181, .adv_w = 384, .box_w = 24, .box_h = 23, .ofs_x = 0, .ofs_y = -2},
    {.bitmap_index = 52457, .adv_w = 384, .box_w = 24, .box_h = 23, .ofs_x = 0, .ofs_y = -2},
    {.bitmap_index = 52733, .adv_w = 384, .box_w = 24, .box_h = 23, .ofs_x = 0, .ofs_y = -2},
    {.bitmap_index = 53009, .adv_w = 384, .box_w = 23, .box_h = 23, .ofs_x = 0, .ofs_y = -2},
    {.bitmap_index = 53274, .adv_w = 384, .box_w = 23, .box_h = 24, .ofs_x = 0, .ofs_y = -3},
    {.bitmap_index = 53550, .adv_w = 384, .box_w = 23, .box_h = 23, .ofs_x = 1, .ofs_y = -2},
    {.bitmap_index = 53815, .adv_w = 384, .box_w = 23, .box_h = 24, .ofs_x = 0, .ofs_y = -3},
    {.bitmap_index = 54091, .adv_w = 384, .box_w = 23, .box_h = 24, .ofs_x = 0, .ofs_y = -3},
    {.bitmap_index = 54367, .adv_w = 384, .box_w = 23, .box_h = 23, .ofs_x = 0, .ofs_y = -2},
    {.bitmap_index = 54632, .adv_w = 384, .box_w = 23, .box_h = 22, .ofs_x = 0, .ofs_y = -2},
    {.bitmap_index = 54885, .adv_w = 384, .box_w = 23, .box_h = 24, .ofs_x = 1, .ofs_y = -3},
    {.bitmap_index = 55161, .adv_w = 384, .box_w = 23, .box_h = 23, .ofs_x = 1, .ofs_y = -2},
    {.bitmap_index = 55426, .adv_w = 384, .box_w = 23, .box_h = 23, .ofs_x = 0, .ofs_y = -2},
    {.bitmap_index = 55691, .adv_w = 384, .box_w = 24, .box_h = 22, .ofs_x = 0, .ofs_y = -1},
    {.bitmap_index = 55955, .adv_w = 384, .box_w = 24, .box_h = 24, .ofs_x = 0, .ofs_y = -3},
    {.bitmap_index = 56243, .adv_w = 384, .box_w = 24, .box_h = 24, .ofs_x = 0, .ofs_y = -3},
    {.bitmap_index = 56531, .adv_w = 384, .box_w = 23, .box_h = 23, .ofs_x = 0, .ofs_y = -2},
    {.bitmap_index = 56796, .adv_w = 384, .box_w = 24, .box_h = 24, .ofs_x = 0, .ofs_y = -3},
    {.bitmap_index = 57084, .adv_w = 384, .box_w = 22, .box_h = 22, .ofs_x = 1, .ofs_y = -2},
    {.bitmap_index = 57326, .adv_w = 384, .box_w = 23, .box_h = 23, .ofs_x = 0, .ofs_y = -2},
    {.bitmap_index = 57591, .adv_w = 384, .box_w = 23, .box_h = 23, .ofs_x = 0, .ofs_y = -2},
    {.bitmap_index = 57856, .adv_w = 384, .box_w = 20, .box_h = 22, .ofs_x = 2, .ofs_y = -2},
    {.bitmap_index = 58076, .adv_w = 384, .box_w = 23, .box_h = 24, .ofs_x = 0, .ofs_y = -3},
    {.bitmap_index = 58352, .adv_w = 384, .box_w = 18, .box_h = 23, .ofs_x = 3, .ofs_y = -2},
    {.bitmap_index = 58559, .adv_w = 384, .box_w = 23, .box_h = 23, .ofs_x = 0, .ofs_y = -2},
    {.bitmap_index = 58824, .adv_w = 384, .box_w = 22, .box_h = 23, .ofs_x = 1, .ofs_y = -2},
    {.bitmap_index = 59077, .adv_w = 384, .box_w = 22, .box_h = 23, .ofs_x = 1, .ofs_y = -2},
    {.bitmap_index = 59330, .adv_w = 384, .box_w = 22, .box_h = 23, .ofs_x = 1, .ofs_y = -2},
    {.bitmap_index = 59583, .adv_w = 384, .box_w = 23, .box_h = 24, .ofs_x = 1, .ofs_y = -3},
    {.bitmap_index = 59859, .adv_w = 384, .box_w = 24, .box_h = 24, .ofs_x = 0, .ofs_y = -3},
    {.bitmap_index = 60147, .adv_w = 384, .box_w = 22, .box_h = 23, .ofs_x = 0, .ofs_y = -3},
    {.bitmap_index = 60400, .adv_w = 384, .box_w = 23, .box_h = 23, .ofs_x = 1, .ofs_y = -2},
    {.bitmap_index = 60665, .adv_w = 384, .box_w = 24, .box_h = 24, .ofs_x = 0, .ofs_y = -3},
    {.bitmap_index = 60953, .adv_w = 384, .box_w = 24, .box_h = 24, .ofs_x = 0, .ofs_y = -3},
    {.bitmap_index = 61241, .adv_w = 384, .box_w = 24, .box_h = 24, .ofs_x = 0, .ofs_y = -3},
    {.bitmap_index = 61529, .adv_w = 384, .box_w = 24, .box_h = 23, .ofs_x = 0, .ofs_y = -2},
    {.bitmap_index = 61805, .adv_w = 384, .box_w = 22, .box_h = 23, .ofs_x = 1, .ofs_y = -3},
    {.bitmap_index = 62058, .adv_w = 384, .box_w = 24, .box_h = 23, .ofs_x = 0, .ofs_y = -3},
    {.bitmap_index = 62334, .adv_w = 384, .box_w = 23, .box_h = 22, .ofs_x = 0, .ofs_y = -2},
    {.bitmap_index = 62587, .adv_w = 384, .box_w = 23, .box_h = 23, .ofs_x = 1, .ofs_y = -2},
    {.bitmap_index = 62852, .adv_w = 384, .box_w = 22, .box_h = 22, .ofs_x = 1, .ofs_y = -2},
    {.bitmap_index = 63094, .adv_w = 384, .box_w = 24, .box_h = 22, .ofs_x = 0, .ofs_y = -2},
    {.bitmap_index = 63358, .adv_w = 384, .box_w = 24, .box_h = 23, .ofs_x = 0, .ofs_y = -3},
    {.bitmap_index = 63634, .adv_w = 384, .box_w = 23, .box_h = 24, .ofs_x = 0, .ofs_y = -3},
    {.bitmap_index = 63910, .adv_w = 384, .box_w = 24, .box_h = 24, .ofs_x = 0, .ofs_y = -3},
    {.bitmap_index = 64198, .adv_w = 384, .box_w = 23, .box_h = 23, .ofs_x = 0, .ofs_y = -2},
    {.bitmap_index = 64463, .adv_w = 384, .box_w = 24, .box_h = 24, .ofs_x = 0, .ofs_y = -3},
    {.bitmap_index = 64751, .adv_w = 384, .box_w = 24, .box_h = 23, .ofs_x = 0, .ofs_y = -2},
    {.bitmap_index = 65027, .adv_w = 384, .box_w = 24, .box_h = 23, .ofs_x = 0, .ofs_y = -3},
    {.bitmap_index = 65303, .adv_w = 384, .box_w = 24, .box_h = 23, .ofs_x = 0, .ofs_y = -2},
    {.bitmap_index = 65579, .adv_w = 384, .box_w = 24, .box_h = 23, .ofs_x = 0, .ofs_y = -3},
    {.bitmap_index = 65855, .adv_w = 384, .box_w = 22, .box_h = 24, .ofs_x = 1, .ofs_y = -3},
    {.bitmap_index = 66119, .adv_w = 384, .box_w = 22, .box_h = 23, .ofs_x = 1, .ofs_y = -2},
    {.bitmap_index = 66372, .adv_w = 384, .box_w = 24, .box_h = 22, .ofs_x = 0, .ofs_y = -2},
    {.bitmap_index = 66636, .adv_w = 384, .box_w = 24, .box_h = 23, .ofs_x = 0, .ofs_y = -3},
    {.bitmap_index = 66912, .adv_w = 384, .box_w = 24, .box_h = 23, .ofs_x = 0, .ofs_y = -2},
    {.bitmap_index = 67188, .adv_w = 384, .box_w = 24, .box_h = 24, .ofs_x = 0, .ofs_y = -3},
    {.bitmap_index = 67476, .adv_w = 384, .box_w = 24, .box_h = 22, .ofs_x = 0, .ofs_y = -2},
    {.bitmap_index = 67740, .adv_w = 384, .box_w = 24, .box_h = 24, .ofs_x = 0, .ofs_y = -3},
    {.bitmap_index = 68028, .adv_w = 384, .box_w = 24, .box_h = 24, .ofs_x = 0, .ofs_y = -3},
    {.bitmap_index = 68316, .adv_w = 384, .box_w = 24, .box_h = 24, .ofs_x = 0, .ofs_y = -3},
    {.bitmap_index = 68604, .adv_w = 384, .box_w = 24, .box_h = 22, .ofs_x = 0, .ofs_y = -2},
    {.bitmap_index = 68868, .adv_w = 384, .box_w = 23, .box_h = 24, .ofs_x = 0, .ofs_y = -3},
    {.bitmap_index = 69144, .adv_w = 384, .box_w = 24, .box_h = 23, .ofs_x = 0, .ofs_y = -3},
    {.bitmap_index = 69420, .adv_w = 384, .box_w = 23, .box_h = 22, .ofs_x = 1, .ofs_y = -2},
    {.bitmap_index = 69673, .adv_w = 384, .box_w = 22, .box_h = 22, .ofs_x = 1, .ofs_y = -2},
    {.bitmap_index = 69915, .adv_w = 384, .box_w = 22, .box_h = 23, .ofs_x = 1, .ofs_y = -2},
    {.bitmap_index = 70168, .adv_w = 384, .box_w = 24, .box_h = 23, .ofs_x = 0, .ofs_y = -2},
    {.bitmap_index = 70444, .adv_w = 384, .box_w = 23, .box_h = 24, .ofs_x = 0, .ofs_y = -3},
    {.bitmap_index = 70720, .adv_w = 384, .box_w = 23, .box_h = 24, .ofs_x = 0, .ofs_y = -3},
    {.bitmap_index = 70996, .adv_w = 384, .box_w = 24, .box_h = 23, .ofs_x = 0, .ofs_y = -2},
    {.bitmap_index = 71272, .adv_w = 384, .box_w = 23, .box_h = 23, .ofs_x = 0, .ofs_y = -2},
    {.bitmap_index = 71537, .adv_w = 384, .box_w = 24, .box_h = 24, .ofs_x = 0, .ofs_y = -3},
    {.bitmap_index = 71825, .adv_w = 384, .box_w = 24, .box_h = 23, .ofs_x = 0, .ofs_y = -3},
    {.bitmap_index = 72101, .adv_w = 384, .box_w = 24, .box_h = 23, .ofs_x = 0, .ofs_y = -2},
    {.bitmap_index = 72377, .adv_w = 384, .box_w = 23, .box_h = 23, .ofs_x = 0, .ofs_y = -2},
    {.bitmap_index = 72642, .adv_w = 384, .box_w = 24, .box_h = 24, .ofs_x = 0, .ofs_y = -3},
    {.bitmap_index = 72930, .adv_w = 384, .box_w = 23, .box_h = 23, .ofs_x = 1, .ofs_y = -2},
    {.bitmap_index = 73195, .adv_w = 384, .box_w = 23, .box_h = 24, .ofs_x = 1, .ofs_y = -3},
    {.bitmap_index = 73471, .adv_w = 384, .box_w = 24, .box_h = 23, .ofs_x = 0, .ofs_y = -2},
    {.bitmap_index = 73747, .adv_w = 384, .box_w = 22, .box_h = 21, .ofs_x = 1, .ofs_y = -2},
    {.bitmap_index = 73978, .adv_w = 384, .box_w = 24, .box_h = 23, .ofs_x = 0, .ofs_y = -2},
    {.bitmap_index = 74254, .adv_w = 384, .box_w = 22, .box_h = 23, .ofs_x = 1, .ofs_y = -2},
    {.bitmap_index = 74507, .adv_w = 384, .box_w = 22, .box_h = 23, .ofs_x = 1, .ofs_y = -3},
    {.bitmap_index = 74760, .adv_w = 384, .box_w = 24, .box_h = 24, .ofs_x = 0, .ofs_y = -3},
    {.bitmap_index = 75048, .adv_w = 384, .box_w = 24, .box_h = 23, .ofs_x = 0, .ofs_y = -2},
    {.bitmap_index = 75324, .adv_w = 384, .box_w = 23, .box_h = 23, .ofs_x = 0, .ofs_y = -2},
    {.bitmap_index = 75589, .adv_w = 384, .box_w = 24, .box_h = 23, .ofs_x = 0, .ofs_y = -2},
    {.bitmap_index = 75865, .adv_w = 384, .box_w = 24, .box_h = 24, .ofs_x = 0, .ofs_y = -3},
    {.bitmap_index = 76153, .adv_w = 384, .box_w = 22, .box_h = 23, .ofs_x = 1, .ofs_y = -2},
    {.bitmap_index = 76406, .adv_w = 384, .box_w = 22, .box_h = 23, .ofs_x = 1, .ofs_y = -2},
    {.bitmap_index = 76659, .adv_w = 384, .box_w = 23, .box_h = 24, .ofs_x = 0, .ofs_y = -3},
    {.bitmap_index = 76935, .adv_w = 384, .box_w = 23, .box_h = 23, .ofs_x = 0, .ofs_y = -2},
    {.bitmap_index = 77200, .adv_w = 384, .box_w = 23, .box_h = 23, .ofs_x = 0, .ofs_y = -2},
    {.bitmap_index = 77465, .adv_w = 384, .box_w = 24, .box_h = 24, .ofs_x = 0, .ofs_y = -3},
    {.bitmap_index = 77753, .adv_w = 384, .box_w = 5, .box_h = 19, .ofs_x = 4, .ofs_y = -1},
    {.bitmap_index = 77801, .adv_w = 384, .box_w = 7, .box_h = 24, .ofs_x = 16, .ofs_y = -3},
    {.bitmap_index = 77885, .adv_w = 384, .box_w = 7, .box_h = 24, .ofs_x = 1, .ofs_y = -3},
    {.bitmap_index = 77969, .adv_w = 384, .box_w = 6, .box_h = 9, .ofs_x = 3, .ofs_y = -3},
    {.bitmap_index = 77996, .adv_w = 384, .box_w = 6, .box_h = 17, .ofs_x = 3, .ofs_y = -1},
    {.bitmap_index = 78047, .adv_w = 384, .box_w = 6, .box_h = 21, .ofs_x = 3, .ofs_y = -5},
    {.bitmap_index = 78110, .adv_w = 384, .box_w = 12, .box_h = 20, .ofs_x = 0, .ofs_y = -1}
};

/*---------------------
 *  CHARACTER MAPPING
 *--------------------*/

static const uint16_t unicode_list_1[] = {
    0x0, 0x20, 0x1f5c, 0x1f5d, 0x1f65, 0x1f66, 0x1f6f, 0x24fb,
    0x2505, 0x2f49, 0x2f4a, 0x2f4b, 0x4d49, 0x4d53, 0x4d54, 0x4d56,
    0x4d73, 0x4d76, 0x4d91, 0x4da8, 0x4dcf, 0x4df7, 0x4e09, 0x4e13,
    0x4e17, 0x4e58, 0x4e5a, 0x4e63, 0x4e69, 0x4e96, 0x4f26, 0x4f98,
    0x50ce, 0x50d5, 0x50d6, 0x50e2, 0x5129, 0x513f, 0x5144, 0x514f,
    0x5166, 0x5179, 0x5180, 0x51f1, 0x525f, 0x5283, 0x52e3, 0x5304,
    0x5313, 0x531a, 0x531f, 0x532c, 0x5333, 0x534c, 0x5351, 0x5357,
    0x5370, 0x53bc, 0x53d5, 0x53f5, 0x546d, 0x5627, 0x562b, 0x5671,
    0x56cb, 0x57a1, 0x5839, 0x5863, 0x5872, 0x5873, 0x587a, 0x58c6,
    0x5914, 0x5a99, 0x5aa0, 0x5aa1, 0x5acc, 0x5ae6, 0x5ae7, 0x5b58,
    0x5b5a, 0x5b7a, 0x5b98, 0x5d37, 0x5d3b, 0x5d81, 0x5d9e, 0x5ddd,
    0x5def, 0x5e43, 0x5e49, 0x5e58, 0x5e5e, 0x5e9e, 0x5eab, 0x5ece,
    0x5ed1, 0x5ee0, 0x5f22, 0x5f34, 0x60ab, 0x615a, 0x6194, 0x619a,
    0x619c, 0x61e4, 0x6252, 0x6283, 0x62ab, 0x62d2, 0x62e9, 0x6319,
    0x63f6, 0x642f, 0x647f, 0x6487, 0x6491, 0x64bd, 0x64da, 0x64e2,
    0x64f6, 0x64f9, 0x6529, 0x6530, 0x653f, 0x6578, 0x65a3, 0x65b7,
    0x6649, 0x6652, 0x6673, 0x6675, 0x66aa, 0x66ae, 0x66e3, 0x66e5,
    0x672e, 0x676a, 0x6785, 0x67ac, 0x6809, 0x6a6a, 0x6aae, 0x6b18,
    0x6b7d, 0x6ba9, 0x6bea, 0x6c1e, 0x6c8a, 0x6d5d, 0x6e3d, 0x6e4b,
    0x7002, 0x70b0, 0x717a, 0x7190, 0x7264, 0x72f9, 0x734f, 0x743f,
    0x7495, 0x75cd, 0x761f, 0x7669, 0x7689, 0x772e, 0x773c, 0x7883,
    0x7916, 0x791b, 0x7938, 0x7949, 0x7956, 0x7a48, 0x7a6f, 0x7a75,
    0x7a92, 0x7afa, 0x7c69, 0x7c78, 0x7e01, 0x7e08, 0x7e1c, 0x7e30,
    0x7e36, 0x7e66, 0x7e69, 0x7e83, 0x7eb7, 0x7f44, 0x7f4e, 0x800c,
    0x8063, 0x8133, 0x81bb, 0x81cb, 0x822f, 0x8292, 0x8300, 0x8518,
    0x85dc, 0x85f8, 0x8795, 0x87b1, 0x87d4, 0x87f4, 0x88ca, 0x88cf,
    0x890a, 0x8aea, 0x8af9, 0x8b07, 0x8b1e, 0x8b3d, 0x8b44, 0x8b4a,
    0x8c6e, 0x8cce, 0x8cfc, 0x8d1a, 0x8d3c, 0x8df4, 0x8ee4, 0x8f10,
    0x8f19, 0x8f1d, 0x8f21, 0x8f24, 0x8f27, 0x8f42, 0x8f4a, 0x8f63,
    0x8f9c, 0x9046, 0x90db, 0x9115, 0x9116, 0x911a, 0x93dc, 0x93f2,
    0x93fa, 0x9425, 0x944a, 0x9451, 0x9462, 0x946f, 0x9477, 0x94c8,
    0x95ad, 0x960f, 0x96ab, 0x96bd, 0x973c, 0x97be, 0x97da, 0x9828,
    0x98be, 0x98e2, 0x99d5, 0x9a21, 0x9bc5, 0x9bd1, 0x9bed, 0x9bf4,
    0x9c25, 0xfe4a, 0xfe51, 0xfe52, 0xfe55, 0xfe63, 0xfe64, 0xfe68
};

/*Collect the unicode lists and glyph_id offsets*/
static const lv_font_fmt_txt_cmap_t cmaps[] =
{
    {
        .range_start = 32, .range_length = 95, .glyph_id_start = 1,
        .unicode_list = NULL, .glyph_id_ofs_list = NULL, .list_length = 0, .type = LV_FONT_FMT_TXT_CMAP_FORMAT0_TINY
    },
    {
        .range_start = 183, .range_length = 65129, .glyph_id_start = 96,
        .unicode_list = unicode_list_1, .glyph_id_ofs_list = NULL, .list_length = 272, .type = LV_FONT_FMT_TXT_CMAP_SPARSE_TINY
    }
};

/*-----------------
 *    KERNING
 *----------------*/


/*Map glyph_ids to kern left classes*/
static const uint8_t kern_left_class_mapping[] =
{
    0, 0, 0, 1, 0, 0, 0, 0,
    1, 2, 0, 0, 0, 3, 4, 3,
    5, 0, 0, 0, 0, 0, 0, 0,
    0, 0, 0, 6, 6, 0, 0, 0,
    0, 0, 7, 8, 9, 10, 11, 12,
    13, 0, 0, 14, 15, 16, 0, 0,
    10, 17, 10, 18, 19, 20, 21, 22,
    23, 24, 25, 26, 2, 27, 0, 0,
    0, 0, 28, 29, 30, 0, 31, 32,
    33, 34, 0, 0, 35, 36, 34, 34,
    29, 29, 37, 38, 39, 40, 37, 41,
    42, 43, 44, 45, 2, 0, 0, 0,
    0, 0, 4, 4, 0, 0, 0, 0,
    0, 0, 0, 0, 0, 0, 0, 0,
    0, 0, 0, 0, 0, 0, 0, 0,
    0, 0, 0, 0, 0, 0, 0, 0,
    0, 0, 0, 0, 0, 0, 0, 0,
    0, 0, 0, 0, 0, 0, 0, 0,
    0, 0, 0, 0, 0, 0, 0, 0,
    0, 0, 0, 0, 0, 0, 0, 0,
    0, 0, 0, 0, 0, 0, 0, 0,
    0, 0, 0, 0, 0, 0, 0, 0,
    0, 0, 0, 0, 0, 0, 0, 0,
    0, 0, 0, 0, 0, 0, 0, 0,
    0, 0, 0, 0, 0, 0, 0, 0,
    0, 0, 0, 0, 0, 0, 0, 0,
    0, 0, 0, 0, 0, 0, 0, 0,
    0, 0, 0, 0, 0, 0, 0, 0,
    0, 0, 0, 0, 0, 0, 0, 0,
    0, 0, 0, 0, 0, 0, 0, 0,
    0, 0, 0, 0, 0, 0, 0, 0,
    0, 0, 0, 0, 0, 0, 0, 0,
    0, 0, 0, 0, 0, 0, 0, 0,
    0, 0, 0, 0, 0, 0, 0, 0,
    0, 0, 0, 0, 0, 0, 0, 0,
    0, 0, 0, 0, 0, 0, 0, 0,
    0, 0, 0, 0, 0, 0, 0, 0,
    0, 0, 0, 0, 0, 0, 0, 0,
    0, 0, 0, 0, 0, 0, 0, 0,
    0, 0, 0, 0, 0, 0, 0, 0,
    0, 0, 0, 0, 0, 0, 0, 0,
    0, 0, 0, 0, 0, 0, 0, 0,
    0, 0, 0, 0, 0, 0, 0, 0,
    0, 0, 0, 0, 0, 0, 0, 0,
    0, 0, 0, 0, 0, 0, 0, 0,
    0, 0, 0, 0, 0, 0, 0, 0
};

/*Map glyph_ids to kern right classes*/
static const uint8_t kern_right_class_mapping[] =
{
    0, 0, 1, 2, 0, 0, 0, 0,
    2, 0, 3, 4, 0, 5, 6, 7,
    8, 0, 0, 0, 0, 0, 0, 0,
    0, 0, 0, 9, 10, 0, 0, 0,
    11, 0, 12, 0, 13, 0, 0, 0,
    13, 0, 0, 14, 0, 0, 0, 0,
    13, 0, 13, 0, 15, 16, 17, 18,
    19, 20, 21, 22, 0, 23, 3, 0,
    0, 0, 24, 0, 25, 25, 25, 26,
    27, 0, 28, 29, 0, 0, 30, 30,
    25, 30, 25, 30, 31, 32, 33, 34,
    35, 36, 37, 38, 0, 0, 3, 0,
    0, 0, 6, 6, 0, 0, 0, 0,
    0, 0, 0, 0, 0, 0, 0, 0,
    0, 0, 0, 0, 0, 0, 0, 0,
    0, 0, 0, 0, 0, 0, 0, 0,
    0, 0, 0, 0, 0, 0, 0, 0,
    0, 0, 0, 0, 0, 0, 0, 0,
    0, 0, 0, 0, 0, 0, 0, 0,
    0, 0, 0, 0, 0, 0, 0, 0,
    0, 0, 0, 0, 0, 0, 0, 0,
    0, 0, 0, 0, 0, 0, 0, 0,
    0, 0, 0, 0, 0, 0, 0, 0,
    0, 0, 0, 0, 0, 0, 0, 0,
    0, 0, 0, 0, 0, 0, 0, 0,
    0, 0, 0, 0, 0, 0, 0, 0,
    0, 0, 0, 0, 0, 0, 0, 0,
    0, 0, 0, 0, 0, 0, 0, 0,
    0, 0, 0, 0, 0, 0, 0, 0,
    0, 0, 0, 0, 0, 0, 0, 0,
    0, 0, 0, 0, 0, 0, 0, 0,
    0, 0, 0, 0, 0, 0, 0, 0,
    0, 0, 0, 0, 0, 0, 0, 0,
    0, 0, 0, 0, 0, 0, 0, 0,
    0, 0, 0, 0, 0, 0, 0, 0,
    0, 0, 0, 0, 0, 0, 0, 0,
    0, 0, 0, 0, 0, 0, 0, 0,
    0, 0, 0, 0, 0, 0, 0, 0,
    0, 0, 0, 0, 0, 0, 0, 0,
    0, 0, 0, 0, 0, 0, 0, 0,
    0, 0, 0, 0, 0, 0, 0, 0,
    0, 0, 0, 0, 0, 0, 0, 0,
    0, 0, 0, 0, 0, 0, 0, 0,
    0, 0, 0, 0, 0, 0, 0, 0,
    0, 0, 0, 0, 0, 0, 0, 0,
    0, 0, 0, 0, 0, 0, 0, 0
};

/*Kern values between classes*/
static const int8_t kern_class_values[] =
{
    0, 0, 0, 0, -52, 0, -52, 0,
    0, 0, 0, -26, 0, -43, -4, 0,
    0, 0, 0, -4, 0, 0, 0, 0,
    -11, 0, 0, 0, 0, 0, -8, 0,
    0, 0, 0, 0, 0, 0, 0, 0,
    0, 0, 0, 0, 0, 0, 0, 0,
    0, 0, 0, -8, 0, 0, 0, 0,
    0, 0, 0, 0, 0, 0, 0, 0,
    0, 0, 35, 0, 0, 0, 0, 0,
    0, 0, 0, 0, 0, -46, 0, -64,
    0, 0, 0, 0, 0, 0, 0, 0,
    0, 0, 0, -43, -10, -30, -15, 0,
    -43, 0, 0, 0, -5, 0, 0, 0,
    13, 0, 0, -22, 0, -18, -11, 0,
    -8, 0, 0, 0, 0, 0, 0, 0,
    0, 0, 0, 0, 0, 0, 0, -8,
    -9, -22, 0, -8, -4, -13, -30, -8,
    0, 0, 0, 0, 0, 0, 0, 0,
    0, -11, 0, -4, 0, -7, 0, 0,
    0, 0, 0, 0, 0, 0, 0, 0,
    0, 0, 0, -17, -4, -35, 0, 0,
    0, 0, 0, 0, 0, 0, 0, -11,
    -12, 0, -4, 8, 8, 0, 0, 2,
    -8, 0, 0, 0, 0, 0, 0, 0,
    0, -18, 0, 0, 0, 0, 0, 0,
    0, 0, 0, 0, 0, 0, 0, 0,
    0, 0, -13, 0, 0, 0, 0, 0,
    0, 0, 2, 0, 0, 0, 0, 0,
    0, 0, 0, 0, 0, -26, 0, -39,
    0, 0, 0, 0, 0, 0, -13, -2,
    -4, 0, 0, -26, -6, -7, 0, 0,
    -7, -3, -17, 9, 0, -4, 0, 0,
    0, 0, 9, -7, -2, -4, -2, -2,
    -4, 0, 0, 0, 0, -13, 0, 0,
    0, 0, 0, 0, 0, 0, 0, -7,
    -7, -11, 0, -3, -2, -2, -7, -2,
    0, 0, 0, 0, 0, 0, 0, 0,
    0, -4, 0, -7, -4, -4, -7, 0,
    0, 0, 0, 0, 0, -13, 0, 0,
    0, 0, 0, 0, -13, -4, -11, -7,
    -7, -2, -2, -2, -4, -4, 0, 0,
    0, 0, -8, 0, 0, 0, 0, -13,
    -4, -7, -4, 0, -7, 0, 0, 0,
    0, -13, 0, 0, 0, -7, 0, 0,
    0, -4, 0, -19, 0, -11, 0, -4,
    -2, -9, -8, -8, 0, 0, 0, 0,
    0, 0, 0, 0, 0, 0, 0, 0,
    0, -7, 0, -4, 0, 0, 0, 0,
    0, 0, 0, 0, 0, 0, 0, 0,
    0, 0, 0, 0, 0, 0, 0, 0,
    0, 0, 0, 0, -4, 0, 0, 0,
    0, 0, 0, -11, 0, -4, 0, -15,
    -4, 0, 0, 0, 0, 0, -34, 0,
    -34, -27, 0, 0, 0, -17, -4, -59,
    -10, 0, 0, 0, 0, -11, -2, -13,
    0, -15, -7, 0, -11, 0, 0, -8,
    -10, -4, -7, -10, -8, -13, -8, -16,
    0, 0, 0, -11, 0, 0, 0, 0,
    0, 0, 0, -2, 0, 0, 0, -8,
    0, -7, -2, 0, 0, 0, 0, 0,
    0, 0, 0, 0, 0, 0, 0, 0,
    0, 0, 0, 0, 0, 0, 0, 0,
    0, 0, -11, 0, -11, 0, 0, 0,
    0, 0, 0, -17, 0, 0, 0, 0,
    0, 0, 0, 0, 0, 0, 0, 0,
    0, 0, 0, 0, 0, 0, 0, 0,
    0, 0, 0, 0, 0, -11, 0, -17,
    0, -16, 0, 0, 0, 0, -4, -4,
    -10, 0, -5, -9, -7, -6, -4, 0,
    -8, 0, 0, 0, -4, 0, 0, 0,
    -4, 0, 0, -17, -6, -10, -8, -8,
    -10, -7, 0, -45, 0, -68, 0, -22,
    0, 0, 0, 0, -17, 0, -13, 0,
    -10, -52, -13, -33, -25, 0, -34, 0,
    -35, 0, -5, -7, -2, 0, 0, 0,
    0, -10, -4, -18, -15, 0, -18, 0,
    0, 0, 0, 0, -51, -13, -51, -29,
    0, 0, 0, -22, 0, -63, -4, -9,
    0, 0, 0, -11, -4, -30, 0, -17,
    -10, 0, -11, 0, 0, 0, -4, 0,
    0, 0, 0, -7, 0, -8, 0, 0,
    0, -4, 0, -13, 0, 0, 0, 0,
    0, -2, 0, -7, -6, -7, 0, 0,
    2, -2, -2, -4, 0, -2, -4, 0,
    -2, 0, 0, 0, 0, 0, 0, 0,
    0, -4, 0, -4, 0, 0, 0, -7,
    0, 7, 0, 0, 0, 0, 0, 0,
    0, -7, -7, -8, 0, 0, 0, 0,
    -7, 0, 0, 0, 0, 0, 0, 0,
    0, 0, 0, -11, 0, 0, 0, 0,
    0, -2, 0, 0, 0, 0, -47, -30,
    -47, -36, -8, -8, 0, -17, -11, -54,
    -15, 0, 0, 0, 0, -8, -7, -22,
    0, -30, -30, -7, -30, 0, 0, -20,
    -25, -7, -20, -13, -13, -15, -13, -31,
    0, 0, 0, 0, -8, 0, -8, -12,
    0, 0, 0, -7, 0, -22, -4, 0,
    0, -2, 0, -4, -7, 0, 0, -2,
    0, 0, -4, 0, 0, 0, -2, 0,
    0, 0, 0, -4, 0, 0, 0, 0,
    0, 0, -30, -8, -30, -18, 0, 0,
    0, -7, -4, -30, -4, 0, -4, 4,
    0, 0, 0, -8, 0, -11, -7, 0,
    -9, 0, 0, -8, -6, 0, -13, -4,
    -4, -7, -4, -10, 0, 0, 0, 0,
    -15, -4, -15, -10, 0, 0, 0, 0,
    -2, -26, -2, 0, 0, 0, 0, 0,
    0, -2, 0, -7, 0, 0, -4, 0,
    0, 0, 0, 0, 0, 0, 0, 0,
    0, -4, 0, -4, 0, -4, 0, -13,
    0, 0, 0, 0, 0, 0, -9, -2,
    -7, -8, -4, 0, 0, 0, 0, 0,
    0, -4, -4, -8, 0, 0, 0, 0,
    0, -8, -4, -8, -7, -4, -8, -7,
    0, 0, 0, 0, -42, -30, -42, -26,
    -12, -12, -4, -7, -7, -43, -7, -7,
    -4, 0, 0, 0, 0, -11, 0, -30,
    -20, 0, -26, 0, 0, -17, -20, -15,
    -15, -7, -11, -15, -7, -22, 0, 0,
    0, 0, 0, -13, 0, 0, 0, 0,
    0, -2, -8, -13, -13, 0, -4, -2,
    -2, 0, -7, -7, 0, -7, -8, -8,
    -6, 0, 0, 0, 0, -7, -9, -7,
    -7, -11, -7, 0, 0, 0, 0, 0,
    0, 0, 0, 0, 0, 0, 0, 0,
    0, 0, 0, -35, -11, -22, -11, 0,
    -30, 0, 0, 0, 0, 0, 13, 0,
    30, 0, 0, 0, 0, -8, -4, 0,
    4, 0, 0, 0, 0, -22, 0, 0,
    0, 0, 0, 0, -8, 0, 0, 0,
    0, -11, 0, -8, -2, 0, -11, 0,
    0, 0, 0, 0, 0, 0, 0, 0,
    0, -7, 0, 0, 0, 0, 0, 0,
    0, -11, 0, -8, -4, 2, -4, 0,
    0, 0, -8, 0, 0, 0, 0, -25,
    0, -8, 0, -2, -21, 0, -13, -6,
    0, -1, 0, 0, 0, 0, -1, -9,
    0, -2, -2, -9, -2, -3, 0, 0,
    0, 0, 0, -10, 0, 0, 0, 0,
    0, 0, 0, 0, 0, -8, 0, -7,
    0, 0, -11, 0, 0, -4, -10, 0,
    -4, 0, 0, 0, 0, -4, 0, 2,
    2, 2, 2, 0, 0, 0, 0, -13,
    0, 4, 0, 0, 0, 0, -4, 0,
    0, -8, -8, -11, 0, -8, -4, 0,
    -13, 0, -10, -6, 0, -1, -4, 0,
    0, 0, 0, -4, 0, 0, 0, -4,
    0, 0, 5, 17, 20, 0, -23, -7,
    -23, -5, 0, 0, 11, 0, 0, 0,
    0, 20, 0, 28, 20, 13, 24, 0,
    23, -8, -4, 0, -6, 0, -4, 0,
    -2, 0, 0, 4, 0, -2, 0, -7,
    0, 0, 5, -13, 0, 0, 0, 18,
    0, 0, -17, 0, 0, 0, 0, -13,
    0, 0, 0, 0, -7, 0, 0, -7,
    -7, 0, 0, 0, 17, 0, 0, 0,
    0, -2, -2, 0, 5, -7, 0, 0,
    0, -13, 0, 0, 0, 0, 0, 0,
    -4, 0, 0, 0, 0, -11, 0, -4,
    0, 0, -8, 0, 0, 0, 0, 0,
    0, 0, 0, 0, 0, 0, 0, 0,
    0, 0, 0, 0, 0, 0, 0, -9,
    4, -25, 4, 0, 4, 4, -8, 0,
    0, 0, 0, -17, 0, 0, 0, 0,
    -6, 0, 0, -4, -9, 0, -4, 0,
    -4, 0, 0, -11, -7, 0, 0, -4,
    0, -4, 0, 0, 0, 0, 0, 0,
    0, 0, 0, 0, 0, 0, 0, 0,
    0, 0, 0, 0, 0, 0, 0, 0,
    0, 0, 0, 0, 0, 0, 4, 0,
    0, 0, 0, 0, 0, 0, 0, 0,
    0, 0, 0, -9, 0, 0, 0, 0,
    0, 0, 0, 0, 0, 0, 0, -8,
    0, -7, 0, 0, -13, 0, 0, 0,
    0, 0, 0, 0, 0, 0, 0, 0,
    0, 0, 0, 0, 0, 0, 0, 0,
    0, 0, -29, -11, -29, -13, 8, 8,
    0, -7, 0, -26, 0, 0, 0, 0,
    0, 0, 0, -4, 4, -11, -4, 0,
    -4, 0, 0, 0, -2, 0, 0, 8,
    7, 0, 8, -2, 0, 0, 0, -18,
    0, 4, 0, 0, 0, 0, -7, 0,
    0, 0, 0, -11, 0, -4, 0, 0,
    -8, 0, 0, 0, 0, 0, 0, 0,
    0, 0, 0, -8, 0, 0, 0, 0,
    0, 0, 0, 0, 0, 0, 0, -13,
    0, 2, 5, 5, -13, 0, 0, 0,
    0, -7, 0, 0, 0, 0, -2, 0,
    0, -9, -7, 0, -4, 0, 0, 0,
    -4, -8, 0, 0, 0, -7, 0, 0,
    0, 0, 0, -5, -18, -4, -18, -8,
    0, 0, 0, -5, 0, -17, 0, -8,
    0, -4, 0, 0, -7, -4, 0, -8,
    -2, 0, 0, 0, -4, 0, 0, 0,
    0, 0, 0, 0, 0, -11, 0, 0,
    0, -5, -23, 0, -23, -3, 0, 0,
    0, -2, 0, -13, 0, -11, 0, -4,
    0, -7, -11, 0, 0, -4, -2, 0,
    0, 0, -4, 0, 0, 0, 0, 0,
    0, 0, 0, -9, -7, 0, 0, -10,
    4, -7, -4, 0, 0, 4, 0, 0,
    -4, 0, -2, -13, 0, -7, 0, -4,
    -15, 0, 0, -4, -9, 0, 0, 0,
    0, 0, 0, -11, 0, 0, 0, 0,
    -2, 0, 0, 0, 0, 0, -18, 0,
    -18, -5, 0, 0, 0, 0, 0, -17,
    0, -8, 0, -2, 0, -2, -4, 0,
    0, -8, -2, 0, 0, 0, -4, 0,
    0, 0, 0, 0, 0, -7, 0, -11,
    0, 0, 0, 0, 0, -8, 0, 0,
    0, 0, 0, 0, 0, 0, 0, -11,
    0, 0, 0, 0, -11, 0, 0, -9,
    -4, 0, -2, 0, 0, 0, 0, 0,
    -4, -2, 0, 0, -2, 0
};


/*Collect the kern class' data in one place*/
static const lv_font_fmt_txt_kern_classes_t kern_classes =
{
    .class_pair_values   = kern_class_values,
    .left_class_mapping  = kern_left_class_mapping,
    .right_class_mapping = kern_right_class_mapping,
    .left_class_cnt      = 45,
    .right_class_cnt     = 38,
};

/*--------------------
 *  ALL CUSTOM DATA
 *--------------------*/

#if LVGL_VERSION_MAJOR == 8
/*Store all the custom data of the font*/
static  lv_font_fmt_txt_glyph_cache_t cache;
#endif

#if LVGL_VERSION_MAJOR >= 8
static const lv_font_fmt_txt_dsc_t font_dsc = {
#else
static lv_font_fmt_txt_dsc_t font_dsc = {
#endif
    .glyph_bitmap = glyph_bitmap,
    .glyph_dsc = glyph_dsc,
    .cmaps = cmaps,
    .kern_dsc = &kern_classes,
    .kern_scale = 16,
    .cmap_num = 2,
    .bpp = 4,
    .kern_classes = 1,
    .bitmap_format = 0,
#if LVGL_VERSION_MAJOR == 8
    .cache = &cache
#endif
};



/*-----------------
 *  PUBLIC FONT
 *----------------*/

/*Initialize a public general font descriptor*/
#if LVGL_VERSION_MAJOR >= 8
const lv_font_t fish_font_24 = {
#else
lv_font_t fish_font_24 = {
#endif
    .get_glyph_dsc = lv_font_get_glyph_dsc_fmt_txt,    /*Function pointer to get glyph's data*/
    .get_glyph_bitmap = lv_font_get_bitmap_fmt_txt,    /*Function pointer to get glyph's bitmap*/
    .line_height = 30,          /*The maximum line height required by the font*/
    .base_line = 7,             /*Baseline measured from the bottom of the line*/
#if !(LVGL_VERSION_MAJOR == 6 && LVGL_VERSION_MINOR == 0)
    .subpx = LV_FONT_SUBPX_NONE,
#endif
#if LV_VERSION_CHECK(7, 4, 0) || LVGL_VERSION_MAJOR >= 8
    .underline_position = -3,
    .underline_thickness = 1,
#endif
    .dsc = &font_dsc,          /*The custom font data. Will be accessed by `get_glyph_bitmap/dsc` */
#if LV_VERSION_CHECK(8, 2, 0) || LVGL_VERSION_MAJOR >= 9
    .fallback = NULL,
#endif
    .user_data = NULL,
};



#endif /*#if FISH_FONT_24*/

